run_id,model_type,method,repetition,seed,asset_index,asset,group,current_weight,optimized_weight,weight_change,integer_lots,asset_lower,asset_upper
continuous__scipy_slsqp__rep000__seednone,continuous,scipy_slsqp,0,,0,Asset_000,Group_3,0.004,1.4857981665710964e-16,-0.003999999999999852,,0.0,0.2
continuous__scipy_slsqp__rep000__seednone,continuous,scipy_slsqp,0,,1,Asset_001,Group_7,0.004,1.7151558880905268e-16,-0.003999999999999828,,0.0,0.2
continuous__scipy_slsqp__rep000__seednone,continuous,scipy_slsqp,0,,2,Asset_002,Group_7,0.004,2.5555900604808315e-16,-0.003999999999999744,,0.0,0.2
continuous__scipy_slsqp__rep000__seednone,continuous,scipy_slsqp,0,,3,Asset_003,Group_2,0.004,-1.1666300473634393e-17,-0.004000000000000011,,0.0,0.2
continuous__scipy_slsqp__rep000__seednone,continuous,scipy_slsqp,0,,4,Asset_004,Group_6,0.004,7.740108432776258e-17,-0.003999999999999923,,0.0,0.2
continuous__scipy_slsqp__rep000__seednone,continuous,scipy_slsqp,0,,5,Asset_005,Group_7,0.004,-1.4529841657601018e-18,-0.004000000000000002,,0.0,0.2
continuous__scipy_slsqp__rep000__seednone,continuous,scipy_slsqp,0,,6,Asset_006,Group_3,0.004,5.0028847377198843e-17,-0.00399999999999995,,0.0,0.2
continuous__scipy_slsqp__rep000__seednone,continuous,scipy_slsqp,0,,7,Asset_007,Group_0,0.004,1.7539883984205458e-16,-0.003999999999999825,,0.0,0.2
continuous__scipy_slsqp__rep000__seednone,continuous,scipy_slsqp,0,,8,Asset_008,Group_2,0.004,5.83215223752903e-17,-0.003999999999999942,,0.0,0.2
continuous__scipy_slsqp__rep000__seednone,continuous,scipy_slsqp,0,,9,Asset_009,Group_6,0.004,7.612210145171137e-19,-0.003999999999999999,,0.0,0.2
continuous__scipy_slsqp__rep000__seednone,continuous,scipy_slsqp,0,,10,Asset_010,Group_0,0.004,7.025158990884566e-17,-0.00399999999999993,,0.0,0.2
continuous__scipy_slsqp__rep000__seednone,continuous,scipy_slsqp,0,,11,Asset_011,Group_5,0.004,1.4046689124442252e-16,-0.00399999999999986,,0.0,0.2
continuous__scipy_slsqp__rep000__seednone,continuous,scipy_slsqp,0,,12,Asset_012,Group_7,0.004,-3.303094158570673e-17,-0.004000000000000033,,0.0,0.2
continuous__scipy_slsqp__rep000__seednone,continuous,scipy_slsqp,0,,13,Asset_013,Group_2,0.004,-6.535033930560544e-17,-0.004000000000000065,,0.0,0.2
continuous__scipy_slsqp__rep000__seednone,continuous,scipy_slsqp,0,,14,Asset_014,Group_4,0.004,5.843096857365384e-17,-0.003999999999999942,,0.0,0.2
continuous__scipy_slsqp__rep000__seednone,continuous,scipy_slsqp,0,,15,Asset_015,Group_4,0.004,5.240995668566359e-17,-0.003999999999999948,,0.0,0.2
continuous__scipy_slsqp__rep000__seednone,continuous,scipy_slsqp,0,,16,Asset_016,Group_1,0.004,-4.047128023225794e-17,-0.004000000000000041,,0.0,0.2
continuous__scipy_slsqp__rep000__seednone,continuous,scipy_slsqp,0,,17,Asset_017,Group_4,0.004,-5.911682947812117e-17,-0.004000000000000059,,0.0,0.2
continuous__scipy_slsqp__rep000__seednone,continuous,scipy_slsqp,0,,18,Asset_018,Group_3,0.004,-9.340086603939754e-17,-0.004000000000000094,,0.0,0.2
continuous__scipy_slsqp__rep000__seednone,continuous,scipy_slsqp,0,,19,Asset_019,Group_2,0.004,1.7267979395148286e-17,-0.003999999999999983,,0.0,0.2
continuous__scipy_slsqp__rep000__seednone,continuous,scipy_slsqp,0,,20,Asset_020,Group_1,0.004,-1.95019787778472e-16,-0.004000000000000195,,0.0,0.2
continuous__scipy_slsqp__rep000__seednone,continuous,scipy_slsqp,0,,21,Asset_021,Group_1,0.004,-8.579321919107242e-19,-0.004000000000000001,,0.0,0.2
continuous__scipy_slsqp__rep000__seednone,continuous,scipy_slsqp,0,,22,Asset_022,Group_3,0.004,0.01600000000000011,0.012000000000000111,,0.0,0.2
continuous__scipy_slsqp__rep000__seednone,continuous,scipy_slsqp,0,,23,Asset_023,Group_6,0.004,-2.3732039423203945e-17,-0.0040000000000000235,,0.0,0.2
continuous__scipy_slsqp__rep000__seednone,continuous,scipy_slsqp,0,,24,Asset_024,Group_4,0.004,-3.7944509224651236e-17,-0.004000000000000038,,0.0,0.2
continuous__scipy_slsqp__rep000__seednone,continuous,scipy_slsqp,0,,25,Asset_025,Group_5,0.004,1.51627587991912e-16,-0.003999999999999848,,0.0,0.2
continuous__scipy_slsqp__rep000__seednone,continuous,scipy_slsqp,0,,26,Asset_026,Group_1,0.004,3.3761308782117995e-17,-0.003999999999999966,,0.0,0.2
continuous__scipy_slsqp__rep000__seednone,continuous,scipy_slsqp,0,,27,Asset_027,Group_7,0.004,-3.2472087152563773e-17,-0.004000000000000032,,0.0,0.2
continuous__scipy_slsqp__rep000__seednone,continuous,scipy_slsqp,0,,28,Asset_028,Group_1,0.004,-7.66159714779147e-17,-0.004000000000000076,,0.0,0.2
continuous__scipy_slsqp__rep000__seednone,continuous,scipy_slsqp,0,,29,Asset_029,Group_4,0.004,-2.0218588309892035e-16,-0.004000000000000202,,0.0,0.2
continuous__scipy_slsqp__rep000__seednone,continuous,scipy_slsqp,0,,30,Asset_030,Group_1,0.004,-1.5081526014843435e-16,-0.004000000000000151,,0.0,0.2
continuous__scipy_slsqp__rep000__seednone,continuous,scipy_slsqp,0,,31,Asset_031,Group_2,0.004,7.360002513638361e-17,-0.003999999999999926,,0.0,0.2
continuous__scipy_slsqp__rep000__seednone,continuous,scipy_slsqp,0,,32,Asset_032,Group_1,0.004,-2.0790566365229465e-17,-0.004000000000000021,,0.0,0.2
continuous__scipy_slsqp__rep000__seednone,continuous,scipy_slsqp,0,,33,Asset_033,Group_3,0.004,3.574974966602529e-17,-0.0039999999999999645,,0.0,0.2
continuous__scipy_slsqp__rep000__seednone,continuous,scipy_slsqp,0,,34,Asset_034,Group_4,0.004,-6.861872670299124e-17,-0.004000000000000069,,0.0,0.2
continuous__scipy_slsqp__rep000__seednone,continuous,scipy_slsqp,0,,35,Asset_035,Group_6,0.004,4.6490994560375384e-17,-0.003999999999999953,,0.0,0.2
continuous__scipy_slsqp__rep000__seednone,continuous,scipy_slsqp,0,,36,Asset_036,Group_3,0.004,8.2132697330749e-17,-0.003999999999999918,,0.0,0.2
continuous__scipy_slsqp__rep000__seednone,continuous,scipy_slsqp,0,,37,Asset_037,Group_1,0.004,3.405390282021547e-17,-0.003999999999999966,,0.0,0.2
continuous__scipy_slsqp__rep000__seednone,continuous,scipy_slsqp,0,,38,Asset_038,Group_5,0.004,-2.364437011511434e-17,-0.0040000000000000235,,0.0,0.2
continuous__scipy_slsqp__rep000__seednone,continuous,scipy_slsqp,0,,39,Asset_039,Group_7,0.004,-5.736759327703795e-17,-0.004000000000000057,,0.0,0.2
continuous__scipy_slsqp__rep000__seednone,continuous,scipy_slsqp,0,,40,Asset_040,Group_1,0.004,-1.3256131046375438e-17,-0.004000000000000013,,0.0,0.2
continuous__scipy_slsqp__rep000__seednone,continuous,scipy_slsqp,0,,41,Asset_041,Group_5,0.004,-1.4808473194496567e-17,-0.004000000000000015,,0.0,0.2
continuous__scipy_slsqp__rep000__seednone,continuous,scipy_slsqp,0,,42,Asset_042,Group_5,0.004,4.502614453491281e-17,-0.003999999999999955,,0.0,0.2
continuous__scipy_slsqp__rep000__seednone,continuous,scipy_slsqp,0,,43,Asset_043,Group_6,0.004,0.006691010568966972,0.0026910105689669723,,0.0,0.2
continuous__scipy_slsqp__rep000__seednone,continuous,scipy_slsqp,0,,44,Asset_044,Group_3,0.004,6.935388086406525e-17,-0.003999999999999931,,0.0,0.2
continuous__scipy_slsqp__rep000__seednone,continuous,scipy_slsqp,0,,45,Asset_045,Group_3,0.004,-6.537972220421e-17,-0.004000000000000065,,0.0,0.2
continuous__scipy_slsqp__rep000__seednone,continuous,scipy_slsqp,0,,46,Asset_046,Group_6,0.004,0.11191353554712097,0.10791353554712096,,0.0,0.2
continuous__scipy_slsqp__rep000__seednone,continuous,scipy_slsqp,0,,47,Asset_047,Group_7,0.004,-6.259701954852251e-16,-0.004000000000000626,,0.0,0.2
continuous__scipy_slsqp__rep000__seednone,continuous,scipy_slsqp,0,,48,Asset_048,Group_7,0.004,-5.016385473554578e-17,-0.00400000000000005,,0.0,0.2
continuous__scipy_slsqp__rep000__seednone,continuous,scipy_slsqp,0,,49,Asset_049,Group_7,0.004,3.3583131885943915e-17,-0.003999999999999966,,0.0,0.2
continuous__scipy_slsqp__rep000__seednone,continuous,scipy_slsqp,0,,50,Asset_050,Group_1,0.004,4.862371689185763e-18,-0.003999999999999995,,0.0,0.2
continuous__scipy_slsqp__rep000__seednone,continuous,scipy_slsqp,0,,51,Asset_051,Group_3,0.004,-4.7525317798491326e-17,-0.004000000000000048,,0.0,0.2
continuous__scipy_slsqp__rep000__seednone,continuous,scipy_slsqp,0,,52,Asset_052,Group_3,0.004,-2.4372020323910413e-17,-0.004000000000000024,,0.0,0.2
continuous__scipy_slsqp__rep000__seednone,continuous,scipy_slsqp,0,,53,Asset_053,Group_2,0.004,-1.0828491895572468e-16,-0.0040000000000001085,,0.0,0.2
continuous__scipy_slsqp__rep000__seednone,continuous,scipy_slsqp,0,,54,Asset_054,Group_3,0.004,6.44243266754161e-17,-0.003999999999999936,,0.0,0.2
continuous__scipy_slsqp__rep000__seednone,continuous,scipy_slsqp,0,,55,Asset_055,Group_2,0.004,-1.3591036004155518e-16,-0.004000000000000136,,0.0,0.2
continuous__scipy_slsqp__rep000__seednone,continuous,scipy_slsqp,0,,56,Asset_056,Group_4,0.004,0.08247508880393277,0.07847508880393277,,0.0,0.2
continuous__scipy_slsqp__rep000__seednone,continuous,scipy_slsqp,0,,57,Asset_057,Group_4,0.004,6.172456899531991e-17,-0.0039999999999999385,,0.0,0.2
continuous__scipy_slsqp__rep000__seednone,continuous,scipy_slsqp,0,,58,Asset_058,Group_4,0.004,-1.6596744488684972e-16,-0.004000000000000166,,0.0,0.2
continuous__scipy_slsqp__rep000__seednone,continuous,scipy_slsqp,0,,59,Asset_059,Group_0,0.004,1.1265343937412995e-16,-0.003999999999999887,,0.0,0.2
continuous__scipy_slsqp__rep000__seednone,continuous,scipy_slsqp,0,,60,Asset_060,Group_6,0.004,5.007970609806085e-17,-0.00399999999999995,,0.0,0.2
continuous__scipy_slsqp__rep000__seednone,continuous,scipy_slsqp,0,,61,Asset_061,Group_7,0.004,1.2453483625804166e-17,-0.003999999999999988,,0.0,0.2
continuous__scipy_slsqp__rep000__seednone,continuous,scipy_slsqp,0,,62,Asset_062,Group_5,0.004,-2.2012541997949837e-16,-0.00400000000000022,,0.0,0.2
continuous__scipy_slsqp__rep000__seednone,continuous,scipy_slsqp,0,,63,Asset_063,Group_1,0.004,-1.3536546762258065e-16,-0.004000000000000135,,0.0,0.2
continuous__scipy_slsqp__rep000__seednone,continuous,scipy_slsqp,0,,64,Asset_064,Group_4,0.004,-2.163963316771154e-17,-0.004000000000000022,,0.0,0.2
continuous__scipy_slsqp__rep000__seednone,continuous,scipy_slsqp,0,,65,Asset_065,Group_3,0.004,3.1509373188281776e-17,-0.003999999999999969,,0.0,0.2
continuous__scipy_slsqp__rep000__seednone,continuous,scipy_slsqp,0,,66,Asset_066,Group_0,0.004,-2.977761718449874e-17,-0.00400000000000003,,0.0,0.2
continuous__scipy_slsqp__rep000__seednone,continuous,scipy_slsqp,0,,67,Asset_067,Group_1,0.004,9.474557609444478e-17,-0.0039999999999999055,,0.0,0.2
continuous__scipy_slsqp__rep000__seednone,continuous,scipy_slsqp,0,,68,Asset_068,Group_4,0.004,-7.589936451374365e-17,-0.004000000000000076,,0.0,0.2
continuous__scipy_slsqp__rep000__seednone,continuous,scipy_slsqp,0,,69,Asset_069,Group_4,0.004,4.3017856719957794e-17,-0.003999999999999957,,0.0,0.2
continuous__scipy_slsqp__rep000__seednone,continuous,scipy_slsqp,0,,70,Asset_070,Group_6,0.004,-5.022686052894514e-18,-0.004000000000000005,,0.0,0.2
continuous__scipy_slsqp__rep000__seednone,continuous,scipy_slsqp,0,,71,Asset_071,Group_4,0.004,3.628889317359468e-18,-0.003999999999999997,,0.0,0.2
continuous__scipy_slsqp__rep000__seednone,continuous,scipy_slsqp,0,,72,Asset_072,Group_0,0.004,0.020000000000000892,0.016000000000000892,,0.0,0.2
continuous__scipy_slsqp__rep000__seednone,continuous,scipy_slsqp,0,,73,Asset_073,Group_2,0.004,3.858962144742781e-17,-0.003999999999999962,,0.0,0.2
continuous__scipy_slsqp__rep000__seednone,continuous,scipy_slsqp,0,,74,Asset_074,Group_1,0.004,4.126570452957811e-17,-0.0039999999999999584,,0.0,0.2
continuous__scipy_slsqp__rep000__seednone,continuous,scipy_slsqp,0,,75,Asset_075,Group_6,0.004,-2.1776778951247397e-16,-0.004000000000000218,,0.0,0.2
continuous__scipy_slsqp__rep000__seednone,continuous,scipy_slsqp,0,,76,Asset_076,Group_5,0.004,-1.3751902583435315e-16,-0.004000000000000138,,0.0,0.2
continuous__scipy_slsqp__rep000__seednone,continuous,scipy_slsqp,0,,77,Asset_077,Group_0,0.004,-1.8703231335048675e-16,-0.004000000000000187,,0.0,0.2
continuous__scipy_slsqp__rep000__seednone,continuous,scipy_slsqp,0,,78,Asset_078,Group_1,0.004,-5.260059719401554e-17,-0.004000000000000053,,0.0,0.2
continuous__scipy_slsqp__rep000__seednone,continuous,scipy_slsqp,0,,79,Asset_079,Group_6,0.004,-9.239731779833906e-18,-0.00400000000000001,,0.0,0.2
continuous__scipy_slsqp__rep000__seednone,continuous,scipy_slsqp,0,,80,Asset_080,Group_5,0.004,1.632851423916963e-16,-0.003999999999999837,,0.0,0.2
continuous__scipy_slsqp__rep000__seednone,continuous,scipy_slsqp,0,,81,Asset_081,Group_4,0.004,-3.0895503002355623e-16,-0.004000000000000309,,0.0,0.2
continuous__scipy_slsqp__rep000__seednone,continuous,scipy_slsqp,0,,82,Asset_082,Group_0,0.004,-5.54596993652888e-17,-0.004000000000000056,,0.0,0.2
continuous__scipy_slsqp__rep000__seednone,continuous,scipy_slsqp,0,,83,Asset_083,Group_2,0.004,-1.6668815702329236e-16,-0.004000000000000167,,0.0,0.2
continuous__scipy_slsqp__rep000__seednone,continuous,scipy_slsqp,0,,84,Asset_084,Group_0,0.004,-1.171219781647165e-16,-0.004000000000000117,,0.0,0.2
continuous__scipy_slsqp__rep000__seednone,continuous,scipy_slsqp,0,,85,Asset_085,Group_6,0.004,-1.1953622723785963e-16,-0.00400000000000012,,0.0,0.2
continuous__scipy_slsqp__rep000__seednone,continuous,scipy_slsqp,0,,86,Asset_086,Group_6,0.004,0.036159646141862595,0.03215964614186259,,0.0,0.2
continuous__scipy_slsqp__rep000__seednone,continuous,scipy_slsqp,0,,87,Asset_087,Group_5,0.004,-1.540655060370236e-16,-0.0040000000000001545,,0.0,0.2
continuous__scipy_slsqp__rep000__seednone,continuous,scipy_slsqp,0,,88,Asset_088,Group_7,0.004,0.004000000000001122,1.1214987272190058e-15,,0.0,0.2
continuous__scipy_slsqp__rep000__seednone,continuous,scipy_slsqp,0,,89,Asset_089,Group_2,0.004,2.352032327755754e-18,-0.0039999999999999975,,0.0,0.2
continuous__scipy_slsqp__rep000__seednone,continuous,scipy_slsqp,0,,90,Asset_090,Group_1,0.004,-7.816714379152365e-17,-0.004000000000000078,,0.0,0.2
continuous__scipy_slsqp__rep000__seednone,continuous,scipy_slsqp,0,,91,Asset_091,Group_3,0.004,-1.937685793183757e-16,-0.0040000000000001935,,0.0,0.2
continuous__scipy_slsqp__rep000__seednone,continuous,scipy_slsqp,0,,92,Asset_092,Group_2,0.004,1.3076045372188838e-17,-0.003999999999999987,,0.0,0.2
continuous__scipy_slsqp__rep000__seednone,continuous,scipy_slsqp,0,,93,Asset_093,Group_6,0.004,2.349230345955133e-16,-0.003999999999999765,,0.0,0.2
continuous__scipy_slsqp__rep000__seednone,continuous,scipy_slsqp,0,,94,Asset_094,Group_5,0.004,0.16672807969155276,0.16272807969155276,,0.0,0.2
continuous__scipy_slsqp__rep000__seednone,continuous,scipy_slsqp,0,,95,Asset_095,Group_7,0.004,-2.7159766084263858e-17,-0.004000000000000027,,0.0,0.2
continuous__scipy_slsqp__rep000__seednone,continuous,scipy_slsqp,0,,96,Asset_096,Group_5,0.004,-1.0063298508000445e-17,-0.0040000000000000105,,0.0,0.2
continuous__scipy_slsqp__rep000__seednone,continuous,scipy_slsqp,0,,97,Asset_097,Group_2,0.004,-8.781280120271341e-17,-0.004000000000000088,,0.0,0.2
continuous__scipy_slsqp__rep000__seednone,continuous,scipy_slsqp,0,,98,Asset_098,Group_3,0.004,-1.2742767072059087e-16,-0.004000000000000128,,0.0,0.2
continuous__scipy_slsqp__rep000__seednone,continuous,scipy_slsqp,0,,99,Asset_099,Group_7,0.004,-8.221502867729485e-17,-0.0040000000000000825,,0.0,0.2
continuous__scipy_slsqp__rep000__seednone,continuous,scipy_slsqp,0,,100,Asset_100,Group_7,0.004,-3.333914820588062e-16,-0.004000000000000333,,0.0,0.2
continuous__scipy_slsqp__rep000__seednone,continuous,scipy_slsqp,0,,101,Asset_101,Group_1,0.004,0.0734591120256686,0.0694591120256686,,0.0,0.2
continuous__scipy_slsqp__rep000__seednone,continuous,scipy_slsqp,0,,102,Asset_102,Group_3,0.004,0.0040000000000003436,3.434752482434078e-16,,0.0,0.2
continuous__scipy_slsqp__rep000__seednone,continuous,scipy_slsqp,0,,103,Asset_103,Group_6,0.004,4.872104370277339e-17,-0.0039999999999999515,,0.0,0.2
continuous__scipy_slsqp__rep000__seednone,continuous,scipy_slsqp,0,,104,Asset_104,Group_0,0.004,4.4776149541943885e-17,-0.003999999999999955,,0.0,0.2
continuous__scipy_slsqp__rep000__seednone,continuous,scipy_slsqp,0,,105,Asset_105,Group_2,0.004,-8.991718944115208e-17,-0.00400000000000009,,0.0,0.2
continuous__scipy_slsqp__rep000__seednone,continuous,scipy_slsqp,0,,106,Asset_106,Group_4,0.004,-2.0975876171464423e-17,-0.004000000000000021,,0.0,0.2
continuous__scipy_slsqp__rep000__seednone,continuous,scipy_slsqp,0,,107,Asset_107,Group_4,0.004,-6.342752978830634e-17,-0.004000000000000063,,0.0,0.2
continuous__scipy_slsqp__rep000__seednone,continuous,scipy_slsqp,0,,108,Asset_108,Group_4,0.004,5.133835604698508e-17,-0.003999999999999949,,0.0,0.2
continuous__scipy_slsqp__rep000__seednone,continuous,scipy_slsqp,0,,109,Asset_109,Group_4,0.004,-1.8637385041150407e-17,-0.004000000000000018,,0.0,0.2
continuous__scipy_slsqp__rep000__seednone,continuous,scipy_slsqp,0,,110,Asset_110,Group_3,0.004,1.2657886614175508e-16,-0.0039999999999998734,,0.0,0.2
continuous__scipy_slsqp__rep000__seednone,continuous,scipy_slsqp,0,,111,Asset_111,Group_2,0.004,1.4291562173886525e-16,-0.003999999999999857,,0.0,0.2
continuous__scipy_slsqp__rep000__seednone,continuous,scipy_slsqp,0,,112,Asset_112,Group_0,0.004,3.508180089265251e-17,-0.003999999999999965,,0.0,0.2
continuous__scipy_slsqp__rep000__seednone,continuous,scipy_slsqp,0,,113,Asset_113,Group_7,0.004,-5.896959784220356e-17,-0.004000000000000059,,0.0,0.2
continuous__scipy_slsqp__rep000__seednone,continuous,scipy_slsqp,0,,114,Asset_114,Group_7,0.004,1.1813362328478289e-16,-0.003999999999999882,,0.0,0.2
continuous__scipy_slsqp__rep000__seednone,continuous,scipy_slsqp,0,,115,Asset_115,Group_2,0.004,-1.3196347147093696e-17,-0.004000000000000013,,0.0,0.2
continuous__scipy_slsqp__rep000__seednone,continuous,scipy_slsqp,0,,116,Asset_116,Group_3,0.004,5.09380546669555e-17,-0.003999999999999949,,0.0,0.2
continuous__scipy_slsqp__rep000__seednone,continuous,scipy_slsqp,0,,117,Asset_117,Group_6,0.004,2.4137093403916924e-17,-0.003999999999999976,,0.0,0.2
continuous__scipy_slsqp__rep000__seednone,continuous,scipy_slsqp,0,,118,Asset_118,Group_3,0.004,-8.176788958676301e-17,-0.004000000000000082,,0.0,0.2
continuous__scipy_slsqp__rep000__seednone,continuous,scipy_slsqp,0,,119,Asset_119,Group_5,0.004,4.6149933092133566e-17,-0.003999999999999954,,0.0,0.2
continuous__scipy_slsqp__rep000__seednone,continuous,scipy_slsqp,0,,120,Asset_120,Group_6,0.004,9.75687411292878e-17,-0.003999999999999903,,0.0,0.2
continuous__scipy_slsqp__rep000__seednone,continuous,scipy_slsqp,0,,121,Asset_121,Group_2,0.004,-5.941921889409871e-17,-0.00400000000000006,,0.0,0.2
continuous__scipy_slsqp__rep000__seednone,continuous,scipy_slsqp,0,,122,Asset_122,Group_5,0.004,-4.491606068231151e-17,-0.004000000000000045,,0.0,0.2
continuous__scipy_slsqp__rep000__seednone,continuous,scipy_slsqp,0,,123,Asset_123,Group_7,0.004,-3.208910615819469e-18,-0.0040000000000000036,,0.0,0.2
continuous__scipy_slsqp__rep000__seednone,continuous,scipy_slsqp,0,,124,Asset_124,Group_4,0.004,-8.066745106272257e-17,-0.004000000000000081,,0.0,0.2
continuous__scipy_slsqp__rep000__seednone,continuous,scipy_slsqp,0,,125,Asset_125,Group_0,0.004,4.2607407519802987e-17,-0.003999999999999958,,0.0,0.2
continuous__scipy_slsqp__rep000__seednone,continuous,scipy_slsqp,0,,126,Asset_126,Group_4,0.004,3.8429380907005057e-17,-0.003999999999999962,,0.0,0.2
continuous__scipy_slsqp__rep000__seednone,continuous,scipy_slsqp,0,,127,Asset_127,Group_4,0.004,4.384147910194771e-17,-0.003999999999999956,,0.0,0.2
continuous__scipy_slsqp__rep000__seednone,continuous,scipy_slsqp,0,,128,Asset_128,Group_0,0.004,0.004000000000000301,3.0097452308197603e-16,,0.0,0.2
continuous__scipy_slsqp__rep000__seednone,continuous,scipy_slsqp,0,,129,Asset_129,Group_1,0.004,-1.5758898078362144e-16,-0.004000000000000158,,0.0,0.2
continuous__scipy_slsqp__rep000__seednone,continuous,scipy_slsqp,0,,130,Asset_130,Group_2,0.004,-6.040625104695432e-17,-0.004000000000000061,,0.0,0.2
continuous__scipy_slsqp__rep000__seednone,continuous,scipy_slsqp,0,,131,Asset_131,Group_6,0.004,1.6835797612535072e-16,-0.003999999999999832,,0.0,0.2
continuous__scipy_slsqp__rep000__seednone,continuous,scipy_slsqp,0,,132,Asset_132,Group_6,0.004,-4.718396607292052e-17,-0.004000000000000047,,0.0,0.2
continuous__scipy_slsqp__rep000__seednone,continuous,scipy_slsqp,0,,133,Asset_133,Group_0,0.004,0.004000000000000475,4.753142324176451e-16,,0.0,0.2
continuous__scipy_slsqp__rep000__seednone,continuous,scipy_slsqp,0,,134,Asset_134,Group_2,0.004,1.51461119456427e-16,-0.003999999999999848,,0.0,0.2
continuous__scipy_slsqp__rep000__seednone,continuous,scipy_slsqp,0,,135,Asset_135,Group_5,0.004,4.7185912647343913e-17,-0.003999999999999953,,0.0,0.2
continuous__scipy_slsqp__rep000__seednone,continuous,scipy_slsqp,0,,136,Asset_136,Group_4,0.004,-4.978114302091995e-17,-0.0040000000000000495,,0.0,0.2
continuous__scipy_slsqp__rep000__seednone,continuous,scipy_slsqp,0,,137,Asset_137,Group_7,0.004,-3.606208015816847e-17,-0.0040000000000000365,,0.0,0.2
continuous__scipy_slsqp__rep000__seednone,continuous,scipy_slsqp,0,,138,Asset_138,Group_4,0.004,-6.65043530130039e-17,-0.004000000000000067,,0.0,0.2
continuous__scipy_slsqp__rep000__seednone,continuous,scipy_slsqp,0,,139,Asset_139,Group_2,0.004,1.0166093208598582e-16,-0.003999999999999899,,0.0,0.2
continuous__scipy_slsqp__rep000__seednone,continuous,scipy_slsqp,0,,140,Asset_140,Group_6,0.004,-6.644726085505053e-17,-0.004000000000000067,,0.0,0.2
continuous__scipy_slsqp__rep000__seednone,continuous,scipy_slsqp,0,,141,Asset_141,Group_0,0.004,-4.265372319435037e-17,-0.004000000000000043,,0.0,0.2
continuous__scipy_slsqp__rep000__seednone,continuous,scipy_slsqp,0,,142,Asset_142,Group_2,0.004,-1.1079460463167907e-17,-0.004000000000000011,,0.0,0.2
continuous__scipy_slsqp__rep000__seednone,continuous,scipy_slsqp,0,,143,Asset_143,Group_3,0.004,1.0863803221538084e-17,-0.003999999999999989,,0.0,0.2
continuous__scipy_slsqp__rep000__seednone,continuous,scipy_slsqp,0,,144,Asset_144,Group_1,0.004,-6.28300858560381e-17,-0.0040000000000000625,,0.0,0.2
continuous__scipy_slsqp__rep000__seednone,continuous,scipy_slsqp,0,,145,Asset_145,Group_1,0.004,-1.5100522088115796e-17,-0.004000000000000015,,0.0,0.2
continuous__scipy_slsqp__rep000__seednone,continuous,scipy_slsqp,0,,146,Asset_146,Group_0,0.004,-5.205343724265449e-18,-0.004000000000000005,,0.0,0.2
continuous__scipy_slsqp__rep000__seednone,continuous,scipy_slsqp,0,,147,Asset_147,Group_7,0.004,-3.856152145671201e-17,-0.004000000000000038,,0.0,0.2
continuous__scipy_slsqp__rep000__seednone,continuous,scipy_slsqp,0,,148,Asset_148,Group_3,0.004,0.004000000000000118,1.1796119636642288e-16,,0.0,0.2
continuous__scipy_slsqp__rep000__seednone,continuous,scipy_slsqp,0,,149,Asset_149,Group_4,0.004,-2.287655398684521e-16,-0.004000000000000229,,0.0,0.2
continuous__scipy_slsqp__rep000__seednone,continuous,scipy_slsqp,0,,150,Asset_150,Group_0,0.004,-1.1931177276314045e-17,-0.004000000000000012,,0.0,0.2
continuous__scipy_slsqp__rep000__seednone,continuous,scipy_slsqp,0,,151,Asset_151,Group_1,0.004,-4.285256821084695e-17,-0.004000000000000043,,0.0,0.2
continuous__scipy_slsqp__rep000__seednone,continuous,scipy_slsqp,0,,152,Asset_152,Group_4,0.004,3.695379451909698e-17,-0.003999999999999963,,0.0,0.2
continuous__scipy_slsqp__rep000__seednone,continuous,scipy_slsqp,0,,153,Asset_153,Group_4,0.004,2.1534118444335255e-17,-0.003999999999999978,,0.0,0.2
continuous__scipy_slsqp__rep000__seednone,continuous,scipy_slsqp,0,,154,Asset_154,Group_6,0.004,0.0882078535634587,0.0842078535634587,,0.0,0.2
continuous__scipy_slsqp__rep000__seednone,continuous,scipy_slsqp,0,,155,Asset_155,Group_1,0.004,0.045824421746191085,0.04182442174619108,,0.0,0.2
continuous__scipy_slsqp__rep000__seednone,continuous,scipy_slsqp,0,,156,Asset_156,Group_5,0.004,-8.413712556865964e-17,-0.004000000000000084,,0.0,0.2
continuous__scipy_slsqp__rep000__seednone,continuous,scipy_slsqp,0,,157,Asset_157,Group_5,0.004,6.253361786757678e-17,-0.003999999999999938,,0.0,0.2
continuous__scipy_slsqp__rep000__seednone,continuous,scipy_slsqp,0,,158,Asset_158,Group_6,0.004,0.031027954178594084,0.027027954178594084,,0.0,0.2
continuous__scipy_slsqp__rep000__seednone,continuous,scipy_slsqp,0,,159,Asset_159,Group_0,0.004,-6.465422921252053e-17,-0.004000000000000065,,0.0,0.2
continuous__scipy_slsqp__rep000__seednone,continuous,scipy_slsqp,0,,160,Asset_160,Group_5,0.004,1.749220959230351e-18,-0.003999999999999998,,0.0,0.2
continuous__scipy_slsqp__rep000__seednone,continuous,scipy_slsqp,0,,161,Asset_161,Group_0,0.004,-4.784350094318287e-18,-0.004000000000000005,,0.0,0.2
continuous__scipy_slsqp__rep000__seednone,continuous,scipy_slsqp,0,,162,Asset_162,Group_0,0.004,-6.189100672495021e-17,-0.004000000000000062,,0.0,0.2
continuous__scipy_slsqp__rep000__seednone,continuous,scipy_slsqp,0,,163,Asset_163,Group_6,0.004,4.1536766112491464e-17,-0.0039999999999999584,,0.0,0.2
continuous__scipy_slsqp__rep000__seednone,continuous,scipy_slsqp,0,,164,Asset_164,Group_3,0.004,-4.317736808198272e-16,-0.004000000000000432,,0.0,0.2
continuous__scipy_slsqp__rep000__seednone,continuous,scipy_slsqp,0,,165,Asset_165,Group_2,0.004,-3.709530440069491e-17,-0.004000000000000037,,0.0,0.2
continuous__scipy_slsqp__rep000__seednone,continuous,scipy_slsqp,0,,166,Asset_166,Group_3,0.004,-5.551034642840203e-17,-0.004000000000000056,,0.0,0.2
continuous__scipy_slsqp__rep000__seednone,continuous,scipy_slsqp,0,,167,Asset_167,Group_6,0.004,-2.171226981986054e-17,-0.004000000000000022,,0.0,0.2
continuous__scipy_slsqp__rep000__seednone,continuous,scipy_slsqp,0,,168,Asset_168,Group_1,0.004,-3.126405506940497e-17,-0.004000000000000031,,0.0,0.2
continuous__scipy_slsqp__rep000__seednone,continuous,scipy_slsqp,0,,169,Asset_169,Group_3,0.004,-1.350736819665992e-17,-0.004000000000000014,,0.0,0.2
continuous__scipy_slsqp__rep000__seednone,continuous,scipy_slsqp,0,,170,Asset_170,Group_5,0.004,-1.495369514438413e-17,-0.004000000000000015,,0.0,0.2
continuous__scipy_slsqp__rep000__seednone,continuous,scipy_slsqp,0,,171,Asset_171,Group_3,0.004,3.287387668065105e-16,-0.003999999999999671,,0.0,0.2
continuous__scipy_slsqp__rep000__seednone,continuous,scipy_slsqp,0,,172,Asset_172,Group_4,0.004,-2.6200436491530444e-17,-0.004000000000000026,,0.0,0.2
continuous__scipy_slsqp__rep000__seednone,continuous,scipy_slsqp,0,,173,Asset_173,Group_7,0.004,-3.943623175160997e-17,-0.004000000000000039,,0.0,0.2
continuous__scipy_slsqp__rep000__seednone,continuous,scipy_slsqp,0,,174,Asset_174,Group_3,0.004,-2.0665054005362673e-16,-0.0040000000000002065,,0.0,0.2
continuous__scipy_slsqp__rep000__seednone,continuous,scipy_slsqp,0,,175,Asset_175,Group_5,0.004,-5.1147380695402575e-17,-0.004000000000000051,,0.0,0.2
continuous__scipy_slsqp__rep000__seednone,continuous,scipy_slsqp,0,,176,Asset_176,Group_4,0.004,7.398487659510464e-17,-0.003999999999999926,,0.0,0.2
continuous__scipy_slsqp__rep000__seednone,continuous,scipy_slsqp,0,,177,Asset_177,Group_1,0.004,-1.0730772352127849e-16,-0.004000000000000108,,0.0,0.2
continuous__scipy_slsqp__rep000__seednone,continuous,scipy_slsqp,0,,178,Asset_178,Group_7,0.004,-5.686122938970089e-18,-0.004000000000000006,,0.0,0.2
continuous__scipy_slsqp__rep000__seednone,continuous,scipy_slsqp,0,,179,Asset_179,Group_6,0.004,5.131767949916461e-17,-0.003999999999999949,,0.0,0.2
continuous__scipy_slsqp__rep000__seednone,continuous,scipy_slsqp,0,,180,Asset_180,Group_0,0.004,2.1297383640925576e-17,-0.003999999999999978,,0.0,0.2
continuous__scipy_slsqp__rep000__seednone,continuous,scipy_slsqp,0,,181,Asset_181,Group_7,0.004,-6.63939515558152e-17,-0.004000000000000067,,0.0,0.2
continuous__scipy_slsqp__rep000__seednone,continuous,scipy_slsqp,0,,182,Asset_182,Group_1,0.004,1.2337364253734591e-16,-0.003999999999999877,,0.0,0.2
continuous__scipy_slsqp__rep000__seednone,continuous,scipy_slsqp,0,,183,Asset_183,Group_5,0.004,-4.1530897064319954e-17,-0.004000000000000042,,0.0,0.2
continuous__scipy_slsqp__rep000__seednone,continuous,scipy_slsqp,0,,184,Asset_184,Group_0,0.004,-1.8969612098524735e-17,-0.004000000000000019,,0.0,0.2
continuous__scipy_slsqp__rep000__seednone,continuous,scipy_slsqp,0,,185,Asset_185,Group_7,0.004,-9.07195382121414e-17,-0.004000000000000091,,0.0,0.2
continuous__scipy_slsqp__rep000__seednone,continuous,scipy_slsqp,0,,186,Asset_186,Group_1,0.004,-9.731191525212935e-17,-0.004000000000000097,,0.0,0.2
continuous__scipy_slsqp__rep000__seednone,continuous,scipy_slsqp,0,,187,Asset_187,Group_4,0.004,-4.5757945765670016e-18,-0.004000000000000004,,0.0,0.2
continuous__scipy_slsqp__rep000__seednone,continuous,scipy_slsqp,0,,188,Asset_188,Group_7,0.004,-6.051411016226375e-17,-0.004000000000000061,,0.0,0.2
continuous__scipy_slsqp__rep000__seednone,continuous,scipy_slsqp,0,,189,Asset_189,Group_3,0.004,-4.008170744675556e-17,-0.00400000000000004,,0.0,0.2
continuous__scipy_slsqp__rep000__seednone,continuous,scipy_slsqp,0,,190,Asset_190,Group_7,0.004,-5.226116642426106e-17,-0.004000000000000052,,0.0,0.2
continuous__scipy_slsqp__rep000__seednone,continuous,scipy_slsqp,0,,191,Asset_191,Group_5,0.004,-1.4786556180166412e-17,-0.004000000000000015,,0.0,0.2
continuous__scipy_slsqp__rep000__seednone,continuous,scipy_slsqp,0,,192,Asset_192,Group_6,0.004,1.7002261053088194e-18,-0.003999999999999998,,0.0,0.2
continuous__scipy_slsqp__rep000__seednone,continuous,scipy_slsqp,0,,193,Asset_193,Group_5,0.004,-1.5731087748723665e-19,-0.004,,0.0,0.2
continuous__scipy_slsqp__rep000__seednone,continuous,scipy_slsqp,0,,194,Asset_194,Group_1,0.004,-2.804850748518928e-17,-0.004000000000000028,,0.0,0.2
continuous__scipy_slsqp__rep000__seednone,continuous,scipy_slsqp,0,,195,Asset_195,Group_7,0.004,0.19999999999999982,0.1959999999999998,,0.0,0.2
continuous__scipy_slsqp__rep000__seednone,continuous,scipy_slsqp,0,,196,Asset_196,Group_4,0.004,-2.105054487333276e-16,-0.004000000000000211,,0.0,0.2
continuous__scipy_slsqp__rep000__seednone,continuous,scipy_slsqp,0,,197,Asset_197,Group_5,0.004,-6.963175474913983e-17,-0.0040000000000000695,,0.0,0.2
continuous__scipy_slsqp__rep000__seednone,continuous,scipy_slsqp,0,,198,Asset_198,Group_1,0.004,-7.168973199348733e-17,-0.004000000000000072,,0.0,0.2
continuous__scipy_slsqp__rep000__seednone,continuous,scipy_slsqp,0,,199,Asset_199,Group_3,0.004,-3.6551179707022416e-17,-0.0040000000000000365,,0.0,0.2
continuous__scipy_slsqp__rep000__seednone,continuous,scipy_slsqp,0,,200,Asset_200,Group_6,0.004,-1.2952437296237328e-16,-0.004000000000000129,,0.0,0.2
continuous__scipy_slsqp__rep000__seednone,continuous,scipy_slsqp,0,,201,Asset_201,Group_0,0.004,8.875477459974358e-17,-0.003999999999999912,,0.0,0.2
continuous__scipy_slsqp__rep000__seednone,continuous,scipy_slsqp,0,,202,Asset_202,Group_6,0.004,-1.341308804341755e-16,-0.0040000000000001345,,0.0,0.2
continuous__scipy_slsqp__rep000__seednone,continuous,scipy_slsqp,0,,203,Asset_203,Group_0,0.004,1.3051885972544551e-17,-0.003999999999999987,,0.0,0.2
continuous__scipy_slsqp__rep000__seednone,continuous,scipy_slsqp,0,,204,Asset_204,Group_1,0.004,-4.174097357534178e-17,-0.004000000000000042,,0.0,0.2
continuous__scipy_slsqp__rep000__seednone,continuous,scipy_slsqp,0,,205,Asset_205,Group_2,0.004,-1.0469239177703243e-16,-0.004000000000000105,,0.0,0.2
continuous__scipy_slsqp__rep000__seednone,continuous,scipy_slsqp,0,,206,Asset_206,Group_0,0.004,-5.3735563252002436e-17,-0.004000000000000054,,0.0,0.2
continuous__scipy_slsqp__rep000__seednone,continuous,scipy_slsqp,0,,207,Asset_207,Group_3,0.004,9.226290264242265e-17,-0.003999999999999908,,0.0,0.2
continuous__scipy_slsqp__rep000__seednone,continuous,scipy_slsqp,0,,208,Asset_208,Group_0,0.004,-2.789094866334249e-16,-0.004000000000000279,,0.0,0.2
continuous__scipy_slsqp__rep000__seednone,continuous,scipy_slsqp,0,,209,Asset_209,Group_5,0.004,-1.9426329585810812e-16,-0.004000000000000194,,0.0,0.2
continuous__scipy_slsqp__rep000__seednone,continuous,scipy_slsqp,0,,210,Asset_210,Group_2,0.004,-5.228068518574747e-18,-0.004000000000000005,,0.0,0.2
continuous__scipy_slsqp__rep000__seednone,continuous,scipy_slsqp,0,,211,Asset_211,Group_5,0.004,9.154745735100152e-18,-0.0039999999999999905,,0.0,0.2
continuous__scipy_slsqp__rep000__seednone,continuous,scipy_slsqp,0,,212,Asset_212,Group_2,0.004,8.025586109645619e-17,-0.003999999999999919,,0.0,0.2
continuous__scipy_slsqp__rep000__seednone,continuous,scipy_slsqp,0,,213,Asset_213,Group_5,0.004,-3.128093218650328e-17,-0.004000000000000031,,0.0,0.2
continuous__scipy_slsqp__rep000__seednone,continuous,scipy_slsqp,0,,214,Asset_214,Group_1,0.004,8.507601568035035e-17,-0.003999999999999915,,0.0,0.2
continuous__scipy_slsqp__rep000__seednone,continuous,scipy_slsqp,0,,215,Asset_215,Group_2,0.004,-5.314684869444547e-17,-0.004000000000000053,,0.0,0.2
continuous__scipy_slsqp__rep000__seednone,continuous,scipy_slsqp,0,,216,Asset_216,Group_1,0.004,3.702826570015145e-16,-0.00399999999999963,,0.0,0.2
continuous__scipy_slsqp__rep000__seednone,continuous,scipy_slsqp,0,,217,Asset_217,Group_1,0.004,-3.0882997692848194e-16,-0.004000000000000309,,0.0,0.2
continuous__scipy_slsqp__rep000__seednone,continuous,scipy_slsqp,0,,218,Asset_218,Group_6,0.004,-1.514037076907704e-16,-0.004000000000000152,,0.0,0.2
continuous__scipy_slsqp__rep000__seednone,continuous,scipy_slsqp,0,,219,Asset_219,Group_2,0.004,-1.37977637282172e-17,-0.004000000000000014,,0.0,0.2
continuous__scipy_slsqp__rep000__seednone,continuous,scipy_slsqp,0,,220,Asset_220,Group_5,0.004,-4.415882977576241e-17,-0.004000000000000044,,0.0,0.2
continuous__scipy_slsqp__rep000__seednone,continuous,scipy_slsqp,0,,221,Asset_221,Group_1,0.004,-2.5310956256059707e-15,-0.004000000000002531,,0.0,0.2
continuous__scipy_slsqp__rep000__seednone,continuous,scipy_slsqp,0,,222,Asset_222,Group_3,0.004,-1.5661724430086036e-16,-0.004000000000000157,,0.0,0.2
continuous__scipy_slsqp__rep000__seednone,continuous,scipy_slsqp,0,,223,Asset_223,Group_0,0.004,-1.5150964070911696e-16,-0.004000000000000152,,0.0,0.2
continuous__scipy_slsqp__rep000__seednone,continuous,scipy_slsqp,0,,224,Asset_224,Group_0,0.004,3.0264791676546254e-17,-0.00399999999999997,,0.0,0.2
continuous__scipy_slsqp__rep000__seednone,continuous,scipy_slsqp,0,,225,Asset_225,Group_0,0.004,5.290740029548033e-18,-0.003999999999999995,,0.0,0.2
continuous__scipy_slsqp__rep000__seednone,continuous,scipy_slsqp,0,,226,Asset_226,Group_6,0.004,-5.462481142948677e-17,-0.004000000000000055,,0.0,0.2
continuous__scipy_slsqp__rep000__seednone,continuous,scipy_slsqp,0,,227,Asset_227,Group_7,0.004,-2.0217408529133148e-16,-0.004000000000000202,,0.0,0.2
continuous__scipy_slsqp__rep000__seednone,continuous,scipy_slsqp,0,,228,Asset_228,Group_3,0.004,-3.3787931262142954e-17,-0.004000000000000034,,0.0,0.2
continuous__scipy_slsqp__rep000__seednone,continuous,scipy_slsqp,0,,229,Asset_229,Group_6,0.004,-5.882355891778063e-17,-0.004000000000000059,,0.0,0.2
continuous__scipy_slsqp__rep000__seednone,continuous,scipy_slsqp,0,,230,Asset_230,Group_4,0.004,0.0011029594199881833,-0.002897040580011817,,0.0,0.2
continuous__scipy_slsqp__rep000__seednone,continuous,scipy_slsqp,0,,231,Asset_231,Group_5,0.004,-6.552842470457915e-17,-0.004000000000000066,,0.0,0.2
continuous__scipy_slsqp__rep000__seednone,continuous,scipy_slsqp,0,,232,Asset_232,Group_5,0.004,-3.964540458895895e-17,-0.00400000000000004,,0.0,0.2
continuous__scipy_slsqp__rep000__seednone,continuous,scipy_slsqp,0,,233,Asset_233,Group_2,0.004,0.09641033831266625,0.09241033831266625,,0.0,0.2
continuous__scipy_slsqp__rep000__seednone,continuous,scipy_slsqp,0,,234,Asset_234,Group_2,0.004,3.730192157652625e-18,-0.003999999999999997,,0.0,0.2
continuous__scipy_slsqp__rep000__seednone,continuous,scipy_slsqp,0,,235,Asset_235,Group_7,0.004,-7.662013012427431e-17,-0.004000000000000076,,0.0,0.2
continuous__scipy_slsqp__rep000__seednone,continuous,scipy_slsqp,0,,236,Asset_236,Group_2,0.004,-2.3005996330937156e-17,-0.0040000000000000235,,0.0,0.2
continuous__scipy_slsqp__rep000__seednone,continuous,scipy_slsqp,0,,237,Asset_237,Group_0,0.004,-3.8864424792315646e-18,-0.0040000000000000036,,0.0,0.2
continuous__scipy_slsqp__rep000__seednone,continuous,scipy_slsqp,0,,238,Asset_238,Group_5,0.004,-1.194043263042583e-16,-0.00400000000000012,,0.0,0.2
continuous__scipy_slsqp__rep000__seednone,continuous,scipy_slsqp,0,,239,Asset_239,Group_5,0.004,0.0040000000000036395,3.639449852599341e-15,,0.0,0.2
continuous__scipy_slsqp__rep000__seednone,continuous,scipy_slsqp,0,,240,Asset_240,Group_7,0.004,2.5920711799008516e-17,-0.003999999999999974,,0.0,0.2
continuous__scipy_slsqp__rep000__seednone,continuous,scipy_slsqp,0,,241,Asset_241,Group_6,0.004,-7.108063719463127e-16,-0.004000000000000711,,0.0,0.2
continuous__scipy_slsqp__rep000__seednone,continuous,scipy_slsqp,0,,242,Asset_242,Group_0,0.004,1.5203417681387645e-18,-0.003999999999999998,,0.0,0.2
continuous__scipy_slsqp__rep000__seednone,continuous,scipy_slsqp,0,,243,Asset_243,Group_2,0.004,-5.484370522655297e-16,-0.004000000000000548,,0.0,0.2
continuous__scipy_slsqp__rep000__seednone,continuous,scipy_slsqp,0,,244,Asset_244,Group_7,0.004,-2.3815281100711e-17,-0.0040000000000000235,,0.0,0.2
continuous__scipy_slsqp__rep000__seednone,continuous,scipy_slsqp,0,,245,Asset_245,Group_7,0.004,-1.031541241758071e-16,-0.004000000000000103,,0.0,0.2
continuous__scipy_slsqp__rep000__seednone,continuous,scipy_slsqp,0,,246,Asset_246,Group_0,0.004,2.643880687557997e-18,-0.0039999999999999975,,0.0,0.2
continuous__scipy_slsqp__rep000__seednone,continuous,scipy_slsqp,0,,247,Asset_247,Group_3,0.004,-5.564205239681033e-17,-0.004000000000000056,,0.0,0.2
continuous__scipy_slsqp__rep000__seednone,continuous,scipy_slsqp,0,,248,Asset_248,Group_2,0.004,6.942217241143247e-18,-0.003999999999999993,,0.0,0.2
continuous__scipy_slsqp__rep000__seednone,continuous,scipy_slsqp,0,,249,Asset_249,Group_0,0.004,-4.5094529602285526e-17,-0.004000000000000045,,0.0,0.2
continuous__osqp__rep000__seednone,continuous,osqp,0,,0,Asset_000,Group_3,0.004,5.358518234686142e-23,-0.004,,0.0,0.2
continuous__osqp__rep000__seednone,continuous,osqp,0,,1,Asset_001,Group_7,0.004,3.842721977531587e-22,-0.004,,0.0,0.2
continuous__osqp__rep000__seednone,continuous,osqp,0,,2,Asset_002,Group_7,0.004,2.5291835653718636e-22,-0.004,,0.0,0.2
continuous__osqp__rep000__seednone,continuous,osqp,0,,3,Asset_003,Group_2,0.004,-2.333794973085948e-22,-0.004,,0.0,0.2
continuous__osqp__rep000__seednone,continuous,osqp,0,,4,Asset_004,Group_6,0.004,-6.595341649437168e-23,-0.004,,0.0,0.2
continuous__osqp__rep000__seednone,continuous,osqp,0,,5,Asset_005,Group_7,0.004,1.3322129677216666e-21,-0.004,,0.0,0.2
continuous__osqp__rep000__seednone,continuous,osqp,0,,6,Asset_006,Group_3,0.004,5.079576090047065e-22,-0.004,,0.0,0.2
continuous__osqp__rep000__seednone,continuous,osqp,0,,7,Asset_007,Group_0,0.004,7.387232458605747e-22,-0.004,,0.0,0.2
continuous__osqp__rep000__seednone,continuous,osqp,0,,8,Asset_008,Group_2,0.004,-2.289266387036694e-22,-0.004,,0.0,0.2
continuous__osqp__rep000__seednone,continuous,osqp,0,,9,Asset_009,Group_6,0.004,7.418559846531862e-23,-0.004,,0.0,0.2
continuous__osqp__rep000__seednone,continuous,osqp,0,,10,Asset_010,Group_0,0.004,4.02665545169695e-22,-0.004,,0.0,0.2
continuous__osqp__rep000__seednone,continuous,osqp,0,,11,Asset_011,Group_5,0.004,6.765988587546464e-22,-0.004,,0.0,0.2
continuous__osqp__rep000__seednone,continuous,osqp,0,,12,Asset_012,Group_7,0.004,4.343930585957206e-22,-0.004,,0.0,0.2
continuous__osqp__rep000__seednone,continuous,osqp,0,,13,Asset_013,Group_2,0.004,3.8434037832000736e-25,-0.004,,0.0,0.2
continuous__osqp__rep000__seednone,continuous,osqp,0,,14,Asset_014,Group_4,0.004,-3.2024432686766527e-22,-0.004,,0.0,0.2
continuous__osqp__rep000__seednone,continuous,osqp,0,,15,Asset_015,Group_4,0.004,6.1718125595620835e-22,-0.004,,0.0,0.2
continuous__osqp__rep000__seednone,continuous,osqp,0,,16,Asset_016,Group_1,0.004,3.7817312531943023e-22,-0.004,,0.0,0.2
continuous__osqp__rep000__seednone,continuous,osqp,0,,17,Asset_017,Group_4,0.004,4.43780324854965e-22,-0.004,,0.0,0.2
continuous__osqp__rep000__seednone,continuous,osqp,0,,18,Asset_018,Group_3,0.004,-1.6730268950392345e-22,-0.004,,0.0,0.2
continuous__osqp__rep000__seednone,continuous,osqp,0,,19,Asset_019,Group_2,0.004,-1.4377384448485592e-22,-0.004,,0.0,0.2
continuous__osqp__rep000__seednone,continuous,osqp,0,,20,Asset_020,Group_1,0.004,-3.2195239426014738e-22,-0.004,,0.0,0.2
continuous__osqp__rep000__seednone,continuous,osqp,0,,21,Asset_021,Group_1,0.004,2.349186569867816e-22,-0.004,,0.0,0.2
continuous__osqp__rep000__seednone,continuous,osqp,0,,22,Asset_022,Group_3,0.004,0.016000000000000077,0.012000000000000077,,0.0,0.2
continuous__osqp__rep000__seednone,continuous,osqp,0,,23,Asset_023,Group_6,0.004,1.0698900676146065e-22,-0.004,,0.0,0.2
continuous__osqp__rep000__seednone,continuous,osqp,0,,24,Asset_024,Group_4,0.004,5.18915876086542e-22,-0.004,,0.0,0.2
continuous__osqp__rep000__seednone,continuous,osqp,0,,25,Asset_025,Group_5,0.004,3.5297346120238554e-22,-0.004,,0.0,0.2
continuous__osqp__rep000__seednone,continuous,osqp,0,,26,Asset_026,Group_1,0.004,-1.1370099639922968e-22,-0.004,,0.0,0.2
continuous__osqp__rep000__seednone,continuous,osqp,0,,27,Asset_027,Group_7,0.004,1.5641325347355887e-22,-0.004,,0.0,0.2
continuous__osqp__rep000__seednone,continuous,osqp,0,,28,Asset_028,Group_1,0.004,-4.471005971726164e-23,-0.004,,0.0,0.2
continuous__osqp__rep000__seednone,continuous,osqp,0,,29,Asset_029,Group_4,0.004,2.6691221031790334e-23,-0.004,,0.0,0.2
continuous__osqp__rep000__seednone,continuous,osqp,0,,30,Asset_030,Group_1,0.004,3.3287907604421147e-22,-0.004,,0.0,0.2
continuous__osqp__rep000__seednone,continuous,osqp,0,,31,Asset_031,Group_2,0.004,-6.897876430991771e-22,-0.004,,0.0,0.2
continuous__osqp__rep000__seednone,continuous,osqp,0,,32,Asset_032,Group_1,0.004,3.6855571313154804e-22,-0.004,,0.0,0.2
continuous__osqp__rep000__seednone,continuous,osqp,0,,33,Asset_033,Group_3,0.004,-2.3509294742297375e-22,-0.004,,0.0,0.2
continuous__osqp__rep000__seednone,continuous,osqp,0,,34,Asset_034,Group_4,0.004,1.639735031657362e-22,-0.004,,0.0,0.2
continuous__osqp__rep000__seednone,continuous,osqp,0,,35,Asset_035,Group_6,0.004,1.5963224224700603e-22,-0.004,,0.0,0.2
continuous__osqp__rep000__seednone,continuous,osqp,0,,36,Asset_036,Group_3,0.004,3.9735670167995087e-22,-0.004,,0.0,0.2
continuous__osqp__rep000__seednone,continuous,osqp,0,,37,Asset_037,Group_1,0.004,-1.850904983246503e-22,-0.004,,0.0,0.2
continuous__osqp__rep000__seednone,continuous,osqp,0,,38,Asset_038,Group_5,0.004,-3.305254545464964e-22,-0.004,,0.0,0.2
continuous__osqp__rep000__seednone,continuous,osqp,0,,39,Asset_039,Group_7,0.004,1.3011837880999852e-21,-0.004,,0.0,0.2
continuous__osqp__rep000__seednone,continuous,osqp,0,,40,Asset_040,Group_1,0.004,4.931811607428234e-22,-0.004,,0.0,0.2
continuous__osqp__rep000__seednone,continuous,osqp,0,,41,Asset_041,Group_5,0.004,-1.4105940436038525e-22,-0.004,,0.0,0.2
continuous__osqp__rep000__seednone,continuous,osqp,0,,42,Asset_042,Group_5,0.004,-6.772277346771071e-22,-0.004,,0.0,0.2
continuous__osqp__rep000__seednone,continuous,osqp,0,,43,Asset_043,Group_6,0.004,0.00606348321723946,0.0020634832172394596,,0.0,0.2
continuous__osqp__rep000__seednone,continuous,osqp,0,,44,Asset_044,Group_3,0.004,6.026761516159387e-22,-0.004,,0.0,0.2
continuous__osqp__rep000__seednone,continuous,osqp,0,,45,Asset_045,Group_3,0.004,-5.115397613291501e-22,-0.004,,0.0,0.2
continuous__osqp__rep000__seednone,continuous,osqp,0,,46,Asset_046,Group_6,0.004,0.11134735042700926,0.10734735042700926,,0.0,0.2
continuous__osqp__rep000__seednone,continuous,osqp,0,,47,Asset_047,Group_7,0.004,-1.196370897150554e-22,-0.004,,0.0,0.2
continuous__osqp__rep000__seednone,continuous,osqp,0,,48,Asset_048,Group_7,0.004,2.0782398075620668e-22,-0.004,,0.0,0.2
continuous__osqp__rep000__seednone,continuous,osqp,0,,49,Asset_049,Group_7,0.004,-1.5393487617126213e-22,-0.004,,0.0,0.2
continuous__osqp__rep000__seednone,continuous,osqp,0,,50,Asset_050,Group_1,0.004,-1.3039954220473014e-22,-0.004,,0.0,0.2
continuous__osqp__rep000__seednone,continuous,osqp,0,,51,Asset_051,Group_3,0.004,4.941494889358106e-22,-0.004,,0.0,0.2
continuous__osqp__rep000__seednone,continuous,osqp,0,,52,Asset_052,Group_3,0.004,-3.3655670299414275e-22,-0.004,,0.0,0.2
continuous__osqp__rep000__seednone,continuous,osqp,0,,53,Asset_053,Group_2,0.004,1.2131308783573913e-21,-0.004,,0.0,0.2
continuous__osqp__rep000__seednone,continuous,osqp,0,,54,Asset_054,Group_3,0.004,-1.0296763186973584e-22,-0.004,,0.0,0.2
continuous__osqp__rep000__seednone,continuous,osqp,0,,55,Asset_055,Group_2,0.004,3.8087133082719045e-22,-0.004,,0.0,0.2
continuous__osqp__rep000__seednone,continuous,osqp,0,,56,Asset_056,Group_4,0.004,0.08221041483256344,0.07821041483256344,,0.0,0.2
continuous__osqp__rep000__seednone,continuous,osqp,0,,57,Asset_057,Group_4,0.004,-2.894229762008215e-22,-0.004,,0.0,0.2
continuous__osqp__rep000__seednone,continuous,osqp,0,,58,Asset_058,Group_4,0.004,-3.920842790638267e-22,-0.004,,0.0,0.2
continuous__osqp__rep000__seednone,continuous,osqp,0,,59,Asset_059,Group_0,0.004,-6.716534748180937e-22,-0.004,,0.0,0.2
continuous__osqp__rep000__seednone,continuous,osqp,0,,60,Asset_060,Group_6,0.004,2.6291569508855715e-22,-0.004,,0.0,0.2
continuous__osqp__rep000__seednone,continuous,osqp,0,,61,Asset_061,Group_7,0.004,-6.138699360335544e-22,-0.004,,0.0,0.2
continuous__osqp__rep000__seednone,continuous,osqp,0,,62,Asset_062,Group_5,0.004,1.3578040573348063e-22,-0.004,,0.0,0.2
continuous__osqp__rep000__seednone,continuous,osqp,0,,63,Asset_063,Group_1,0.004,-7.321850122476009e-24,-0.004,,0.0,0.2
continuous__osqp__rep000__seednone,continuous,osqp,0,,64,Asset_064,Group_4,0.004,2.213121538611956e-22,-0.004,,0.0,0.2
continuous__osqp__rep000__seednone,continuous,osqp,0,,65,Asset_065,Group_3,0.004,-7.782502217186925e-22,-0.004,,0.0,0.2
continuous__osqp__rep000__seednone,continuous,osqp,0,,66,Asset_066,Group_0,0.004,3.836831320077398e-22,-0.004,,0.0,0.2
continuous__osqp__rep000__seednone,continuous,osqp,0,,67,Asset_067,Group_1,0.004,2.980864283628935e-23,-0.004,,0.0,0.2
continuous__osqp__rep000__seednone,continuous,osqp,0,,68,Asset_068,Group_4,0.004,-2.0489479407914315e-22,-0.004,,0.0,0.2
continuous__osqp__rep000__seednone,continuous,osqp,0,,69,Asset_069,Group_4,0.004,-2.7431751681507718e-24,-0.004,,0.0,0.2
continuous__osqp__rep000__seednone,continuous,osqp,0,,70,Asset_070,Group_6,0.004,-1.1744527050754699e-21,-0.004,,0.0,0.2
continuous__osqp__rep000__seednone,continuous,osqp,0,,71,Asset_071,Group_4,0.004,2.6961234080345486e-22,-0.004,,0.0,0.2
continuous__osqp__rep000__seednone,continuous,osqp,0,,72,Asset_072,Group_0,0.004,0.020000000000000077,0.016000000000000077,,0.0,0.2
continuous__osqp__rep000__seednone,continuous,osqp,0,,73,Asset_073,Group_2,0.004,6.706616517058457e-22,-0.004,,0.0,0.2
continuous__osqp__rep000__seednone,continuous,osqp,0,,74,Asset_074,Group_1,0.004,-3.4547290450667444e-22,-0.004,,0.0,0.2
continuous__osqp__rep000__seednone,continuous,osqp,0,,75,Asset_075,Group_6,0.004,3.348353733001821e-23,-0.004,,0.0,0.2
continuous__osqp__rep000__seednone,continuous,osqp,0,,76,Asset_076,Group_5,0.004,-1.8082895502422177e-23,-0.004,,0.0,0.2
continuous__osqp__rep000__seednone,continuous,osqp,0,,77,Asset_077,Group_0,0.004,6.122643910594635e-22,-0.004,,0.0,0.2
continuous__osqp__rep000__seednone,continuous,osqp,0,,78,Asset_078,Group_1,0.004,3.28346459180303e-23,-0.004,,0.0,0.2
continuous__osqp__rep000__seednone,continuous,osqp,0,,79,Asset_079,Group_6,0.004,-4.042774283286065e-23,-0.004,,0.0,0.2
continuous__osqp__rep000__seednone,continuous,osqp,0,,80,Asset_080,Group_5,0.004,-5.960703353329826e-24,-0.004,,0.0,0.2
continuous__osqp__rep000__seednone,continuous,osqp,0,,81,Asset_081,Group_4,0.004,4.3306365032790905e-23,-0.004,,0.0,0.2
continuous__osqp__rep000__seednone,continuous,osqp,0,,82,Asset_082,Group_0,0.004,1.9327258254818488e-22,-0.004,,0.0,0.2
continuous__osqp__rep000__seednone,continuous,osqp,0,,83,Asset_083,Group_2,0.004,1.0883547547356624e-21,-0.004,,0.0,0.2
continuous__osqp__rep000__seednone,continuous,osqp,0,,84,Asset_084,Group_0,0.004,1.7761786059834455e-21,-0.004,,0.0,0.2
continuous__osqp__rep000__seednone,continuous,osqp,0,,85,Asset_085,Group_6,0.004,9.870611660446602e-22,-0.004,,0.0,0.2
continuous__osqp__rep000__seednone,continuous,osqp,0,,86,Asset_086,Group_6,0.004,0.03677238243361313,0.032772382433613134,,0.0,0.2
continuous__osqp__rep000__seednone,continuous,osqp,0,,87,Asset_087,Group_5,0.004,5.131447989471966e-22,-0.004,,0.0,0.2
continuous__osqp__rep000__seednone,continuous,osqp,0,,88,Asset_088,Group_7,0.004,0.004,0.0,,0.0,0.2
continuous__osqp__rep000__seednone,continuous,osqp,0,,89,Asset_089,Group_2,0.004,7.605086893336167e-22,-0.004,,0.0,0.2
continuous__osqp__rep000__seednone,continuous,osqp,0,,90,Asset_090,Group_1,0.004,-1.9767655593378323e-22,-0.004,,0.0,0.2
continuous__osqp__rep000__seednone,continuous,osqp,0,,91,Asset_091,Group_3,0.004,-8.455092914692446e-22,-0.004,,0.0,0.2
continuous__osqp__rep000__seednone,continuous,osqp,0,,92,Asset_092,Group_2,0.004,2.510260357016694e-22,-0.004,,0.0,0.2
continuous__osqp__rep000__seednone,continuous,osqp,0,,93,Asset_093,Group_6,0.004,1.1483561459572252e-22,-0.004,,0.0,0.2
continuous__osqp__rep000__seednone,continuous,osqp,0,,94,Asset_094,Group_5,0.004,0.16674289005230994,0.16274289005230994,,0.0,0.2
continuous__osqp__rep000__seednone,continuous,osqp,0,,95,Asset_095,Group_7,0.004,-5.335451843210227e-22,-0.004,,0.0,0.2
continuous__osqp__rep000__seednone,continuous,osqp,0,,96,Asset_096,Group_5,0.004,4.511842419158335e-23,-0.004,,0.0,0.2
continuous__osqp__rep000__seednone,continuous,osqp,0,,97,Asset_097,Group_2,0.004,1.2275191560439323e-22,-0.004,,0.0,0.2
continuous__osqp__rep000__seednone,continuous,osqp,0,,98,Asset_098,Group_3,0.004,-2.1176864009406194e-22,-0.004,,0.0,0.2
continuous__osqp__rep000__seednone,continuous,osqp,0,,99,Asset_099,Group_7,0.004,-1.3873290903210995e-22,-0.004,,0.0,0.2
continuous__osqp__rep000__seednone,continuous,osqp,0,,100,Asset_100,Group_7,0.004,7.783695847863243e-22,-0.004,,0.0,0.2
continuous__osqp__rep000__seednone,continuous,osqp,0,,101,Asset_101,Group_1,0.004,0.07333337087357836,0.06933337087357835,,0.0,0.2
continuous__osqp__rep000__seednone,continuous,osqp,0,,102,Asset_102,Group_3,0.004,0.004,0.0,,0.0,0.2
continuous__osqp__rep000__seednone,continuous,osqp,0,,103,Asset_103,Group_6,0.004,-1.0710640354165705e-22,-0.004,,0.0,0.2
continuous__osqp__rep000__seednone,continuous,osqp,0,,104,Asset_104,Group_0,0.004,2.56095360665744e-22,-0.004,,0.0,0.2
continuous__osqp__rep000__seednone,continuous,osqp,0,,105,Asset_105,Group_2,0.004,-1.553642132712119e-22,-0.004,,0.0,0.2
continuous__osqp__rep000__seednone,continuous,osqp,0,,106,Asset_106,Group_4,0.004,5.247056809245657e-22,-0.004,,0.0,0.2
continuous__osqp__rep000__seednone,continuous,osqp,0,,107,Asset_107,Group_4,0.004,3.216244424803146e-22,-0.004,,0.0,0.2
continuous__osqp__rep000__seednone,continuous,osqp,0,,108,Asset_108,Group_4,0.004,-2.2514688293879233e-22,-0.004,,0.0,0.2
continuous__osqp__rep000__seednone,continuous,osqp,0,,109,Asset_109,Group_4,0.004,5.828636695085128e-22,-0.004,,0.0,0.2
continuous__osqp__rep000__seednone,continuous,osqp,0,,110,Asset_110,Group_3,0.004,2.0230996776356956e-23,-0.004,,0.0,0.2
continuous__osqp__rep000__seednone,continuous,osqp,0,,111,Asset_111,Group_2,0.004,-6.957905806978924e-22,-0.004,,0.0,0.2
continuous__osqp__rep000__seednone,continuous,osqp,0,,112,Asset_112,Group_0,0.004,-1.0044542185601941e-22,-0.004,,0.0,0.2
continuous__osqp__rep000__seednone,continuous,osqp,0,,113,Asset_113,Group_7,0.004,1.2552212093993594e-22,-0.004,,0.0,0.2
continuous__osqp__rep000__seednone,continuous,osqp,0,,114,Asset_114,Group_7,0.004,6.21397885924621e-22,-0.004,,0.0,0.2
continuous__osqp__rep000__seednone,continuous,osqp,0,,115,Asset_115,Group_2,0.004,1.0442903278866243e-22,-0.004,,0.0,0.2
continuous__osqp__rep000__seednone,continuous,osqp,0,,116,Asset_116,Group_3,0.004,4.1206111141305277e-22,-0.004,,0.0,0.2
continuous__osqp__rep000__seednone,continuous,osqp,0,,117,Asset_117,Group_6,0.004,3.071504734390376e-22,-0.004,,0.0,0.2
continuous__osqp__rep000__seednone,continuous,osqp,0,,118,Asset_118,Group_3,0.004,4.52006633024484e-22,-0.004,,0.0,0.2
continuous__osqp__rep000__seednone,continuous,osqp,0,,119,Asset_119,Group_5,0.004,3.809150403958425e-22,-0.004,,0.0,0.2
continuous__osqp__rep000__seednone,continuous,osqp,0,,120,Asset_120,Group_6,0.004,-3.40043325587193e-24,-0.004,,0.0,0.2
continuous__osqp__rep000__seednone,continuous,osqp,0,,121,Asset_121,Group_2,0.004,-2.4394713358957074e-22,-0.004,,0.0,0.2
continuous__osqp__rep000__seednone,continuous,osqp,0,,122,Asset_122,Group_5,0.004,3.401124511954059e-22,-0.004,,0.0,0.2
continuous__osqp__rep000__seednone,continuous,osqp,0,,123,Asset_123,Group_7,0.004,1.1429214016412865e-22,-0.004,,0.0,0.2
continuous__osqp__rep000__seednone,continuous,osqp,0,,124,Asset_124,Group_4,0.004,-1.899440362582039e-23,-0.004,,0.0,0.2
continuous__osqp__rep000__seednone,continuous,osqp,0,,125,Asset_125,Group_0,0.004,-2.145886860884446e-22,-0.004,,0.0,0.2
continuous__osqp__rep000__seednone,continuous,osqp,0,,126,Asset_126,Group_4,0.004,2.1405692119213657e-22,-0.004,,0.0,0.2
continuous__osqp__rep000__seednone,continuous,osqp,0,,127,Asset_127,Group_4,0.004,4.1196872241307197e-22,-0.004,,0.0,0.2
continuous__osqp__rep000__seednone,continuous,osqp,0,,128,Asset_128,Group_0,0.004,0.004,0.0,,0.0,0.2
continuous__osqp__rep000__seednone,continuous,osqp,0,,129,Asset_129,Group_1,0.004,5.748198521969556e-22,-0.004,,0.0,0.2
continuous__osqp__rep000__seednone,continuous,osqp,0,,130,Asset_130,Group_2,0.004,1.0854069224987574e-22,-0.004,,0.0,0.2
continuous__osqp__rep000__seednone,continuous,osqp,0,,131,Asset_131,Group_6,0.004,7.587839956485834e-22,-0.004,,0.0,0.2
continuous__osqp__rep000__seednone,continuous,osqp,0,,132,Asset_132,Group_6,0.004,-1.6437875954589453e-24,-0.004,,0.0,0.2
continuous__osqp__rep000__seednone,continuous,osqp,0,,133,Asset_133,Group_0,0.004,0.004,0.0,,0.0,0.2
continuous__osqp__rep000__seednone,continuous,osqp,0,,134,Asset_134,Group_2,0.004,-2.619665363605807e-22,-0.004,,0.0,0.2
continuous__osqp__rep000__seednone,continuous,osqp,0,,135,Asset_135,Group_5,0.004,-5.24272717186696e-22,-0.004,,0.0,0.2
continuous__osqp__rep000__seednone,continuous,osqp,0,,136,Asset_136,Group_4,0.004,7.019303944798986e-22,-0.004,,0.0,0.2
continuous__osqp__rep000__seednone,continuous,osqp,0,,137,Asset_137,Group_7,0.004,-4.7742333575001e-22,-0.004,,0.0,0.2
continuous__osqp__rep000__seednone,continuous,osqp,0,,138,Asset_138,Group_4,0.004,2.732880264745559e-22,-0.004,,0.0,0.2
continuous__osqp__rep000__seednone,continuous,osqp,0,,139,Asset_139,Group_2,0.004,-2.464798398869627e-22,-0.004,,0.0,0.2
continuous__osqp__rep000__seednone,continuous,osqp,0,,140,Asset_140,Group_6,0.004,4.822361555864521e-22,-0.004,,0.0,0.2
continuous__osqp__rep000__seednone,continuous,osqp,0,,141,Asset_141,Group_0,0.004,-1.1848227846891647e-22,-0.004,,0.0,0.2
continuous__osqp__rep000__seednone,continuous,osqp,0,,142,Asset_142,Group_2,0.004,4.438946242748001e-22,-0.004,,0.0,0.2
continuous__osqp__rep000__seednone,continuous,osqp,0,,143,Asset_143,Group_3,0.004,4.946019349326412e-22,-0.004,,0.0,0.2
continuous__osqp__rep000__seednone,continuous,osqp,0,,144,Asset_144,Group_1,0.004,8.97832174824203e-23,-0.004,,0.0,0.2
continuous__osqp__rep000__seednone,continuous,osqp,0,,145,Asset_145,Group_1,0.004,5.1380272103057795e-22,-0.004,,0.0,0.2
continuous__osqp__rep000__seednone,continuous,osqp,0,,146,Asset_146,Group_0,0.004,-2.3752949364840855e-23,-0.004,,0.0,0.2
continuous__osqp__rep000__seednone,continuous,osqp,0,,147,Asset_147,Group_7,0.004,-3.747607968026146e-23,-0.004,,0.0,0.2
continuous__osqp__rep000__seednone,continuous,osqp,0,,148,Asset_148,Group_3,0.004,0.004,0.0,,0.0,0.2
continuous__osqp__rep000__seednone,continuous,osqp,0,,149,Asset_149,Group_4,0.004,8.301129861218415e-23,-0.004,,0.0,0.2
continuous__osqp__rep000__seednone,continuous,osqp,0,,150,Asset_150,Group_0,0.004,1.3472486216908887e-23,-0.004,,0.0,0.2
continuous__osqp__rep000__seednone,continuous,osqp,0,,151,Asset_151,Group_1,0.004,4.602547426374076e-22,-0.004,,0.0,0.2
continuous__osqp__rep000__seednone,continuous,osqp,0,,152,Asset_152,Group_4,0.004,5.78115638972072e-22,-0.004,,0.0,0.2
continuous__osqp__rep000__seednone,continuous,osqp,0,,153,Asset_153,Group_4,0.004,-7.0112617898756e-23,-0.004,,0.0,0.2
continuous__osqp__rep000__seednone,continuous,osqp,0,,154,Asset_154,Group_6,0.004,0.08821218228032768,0.08421218228032767,,0.0,0.2
continuous__osqp__rep000__seednone,continuous,osqp,0,,155,Asset_155,Group_1,0.004,0.0455088449888013,0.041508844988801294,,0.0,0.2
continuous__osqp__rep000__seednone,continuous,osqp,0,,156,Asset_156,Group_5,0.004,1.849054993476301e-23,-0.004,,0.0,0.2
continuous__osqp__rep000__seednone,continuous,osqp,0,,157,Asset_157,Group_5,0.004,2.695529327869618e-22,-0.004,,0.0,0.2
continuous__osqp__rep000__seednone,continuous,osqp,0,,158,Asset_158,Group_6,0.004,0.031604601641810566,0.027604601641810566,,0.0,0.2
continuous__osqp__rep000__seednone,continuous,osqp,0,,159,Asset_159,Group_0,0.004,-1.4567806986230845e-22,-0.004,,0.0,0.2
continuous__osqp__rep000__seednone,continuous,osqp,0,,160,Asset_160,Group_5,0.004,1.6561433924247413e-22,-0.004,,0.0,0.2
continuous__osqp__rep000__seednone,continuous,osqp,0,,161,Asset_161,Group_0,0.004,4.858750382136862e-22,-0.004,,0.0,0.2
continuous__osqp__rep000__seednone,continuous,osqp,0,,162,Asset_162,Group_0,0.004,4.711333541592403e-22,-0.004,,0.0,0.2
continuous__osqp__rep000__seednone,continuous,osqp,0,,163,Asset_163,Group_6,0.004,-2.2567527596823633e-22,-0.004,,0.0,0.2
continuous__osqp__rep000__seednone,continuous,osqp,0,,164,Asset_164,Group_3,0.004,-4.63815280302453e-23,-0.004,,0.0,0.2
continuous__osqp__rep000__seednone,continuous,osqp,0,,165,Asset_165,Group_2,0.004,4.644766694769322e-22,-0.004,,0.0,0.2
continuous__osqp__rep000__seednone,continuous,osqp,0,,166,Asset_166,Group_3,0.004,2.012633308394631e-22,-0.004,,0.0,0.2
continuous__osqp__rep000__seednone,continuous,osqp,0,,167,Asset_167,Group_6,0.004,-5.628980963428111e-22,-0.004,,0.0,0.2
continuous__osqp__rep000__seednone,continuous,osqp,0,,168,Asset_168,Group_1,0.004,2.289283607304681e-23,-0.004,,0.0,0.2
continuous__osqp__rep000__seednone,continuous,osqp,0,,169,Asset_169,Group_3,0.004,6.354828923780739e-22,-0.004,,0.0,0.2
continuous__osqp__rep000__seednone,continuous,osqp,0,,170,Asset_170,Group_5,0.004,3.7083226969101555e-22,-0.004,,0.0,0.2
continuous__osqp__rep000__seednone,continuous,osqp,0,,171,Asset_171,Group_3,0.004,-3.380854280494333e-23,-0.004,,0.0,0.2
continuous__osqp__rep000__seednone,continuous,osqp,0,,172,Asset_172,Group_4,0.004,-2.1975308011030794e-22,-0.004,,0.0,0.2
continuous__osqp__rep000__seednone,continuous,osqp,0,,173,Asset_173,Group_7,0.004,2.326726270102304e-22,-0.004,,0.0,0.2
continuous__osqp__rep000__seednone,continuous,osqp,0,,174,Asset_174,Group_3,0.004,3.9973057865548514e-22,-0.004,,0.0,0.2
continuous__osqp__rep000__seednone,continuous,osqp,0,,175,Asset_175,Group_5,0.004,-6.125847102583957e-22,-0.004,,0.0,0.2
continuous__osqp__rep000__seednone,continuous,osqp,0,,176,Asset_176,Group_4,0.004,5.438082015932926e-23,-0.004,,0.0,0.2
continuous__osqp__rep000__seednone,continuous,osqp,0,,177,Asset_177,Group_1,0.004,2.1718373595794686e-23,-0.004,,0.0,0.2
continuous__osqp__rep000__seednone,continuous,osqp,0,,178,Asset_178,Group_7,0.004,-4.912568072991308e-22,-0.004,,0.0,0.2
continuous__osqp__rep000__seednone,continuous,osqp,0,,179,Asset_179,Group_6,0.004,-3.39524783121383e-22,-0.004,,0.0,0.2
continuous__osqp__rep000__seednone,continuous,osqp,0,,180,Asset_180,Group_0,0.004,2.285727583024211e-22,-0.004,,0.0,0.2
continuous__osqp__rep000__seednone,continuous,osqp,0,,181,Asset_181,Group_7,0.004,3.5326833542964356e-22,-0.004,,0.0,0.2
continuous__osqp__rep000__seednone,continuous,osqp,0,,182,Asset_182,Group_1,0.004,-6.324995967905273e-22,-0.004,,0.0,0.2
continuous__osqp__rep000__seednone,continuous,osqp,0,,183,Asset_183,Group_5,0.004,1.7973298989956453e-22,-0.004,,0.0,0.2
continuous__osqp__rep000__seednone,continuous,osqp,0,,184,Asset_184,Group_0,0.004,1.1745785237771558e-21,-0.004,,0.0,0.2
continuous__osqp__rep000__seednone,continuous,osqp,0,,185,Asset_185,Group_7,0.004,-3.7639276195913133e-22,-0.004,,0.0,0.2
continuous__osqp__rep000__seednone,continuous,osqp,0,,186,Asset_186,Group_1,0.004,-1.172260122278445e-22,-0.004,,0.0,0.2
continuous__osqp__rep000__seednone,continuous,osqp,0,,187,Asset_187,Group_4,0.004,9.25137134945563e-22,-0.004,,0.0,0.2
continuous__osqp__rep000__seednone,continuous,osqp,0,,188,Asset_188,Group_7,0.004,3.680753449331021e-22,-0.004,,0.0,0.2
continuous__osqp__rep000__seednone,continuous,osqp,0,,189,Asset_189,Group_3,0.004,2.588659103436725e-22,-0.004,,0.0,0.2
continuous__osqp__rep000__seednone,continuous,osqp,0,,190,Asset_190,Group_7,0.004,1.4260893735805444e-22,-0.004,,0.0,0.2
continuous__osqp__rep000__seednone,continuous,osqp,0,,191,Asset_191,Group_5,0.004,-1.8850974283380162e-22,-0.004,,0.0,0.2
continuous__osqp__rep000__seednone,continuous,osqp,0,,192,Asset_192,Group_6,0.004,2.075400146139179e-22,-0.004,,0.0,0.2
continuous__osqp__rep000__seednone,continuous,osqp,0,,193,Asset_193,Group_5,0.004,8.455444593196436e-23,-0.004,,0.0,0.2
continuous__osqp__rep000__seednone,continuous,osqp,0,,194,Asset_194,Group_1,0.004,6.878997189870345e-23,-0.004,,0.0,0.2
continuous__osqp__rep000__seednone,continuous,osqp,0,,195,Asset_195,Group_7,0.004,0.2,0.196,,0.0,0.2
continuous__osqp__rep000__seednone,continuous,osqp,0,,196,Asset_196,Group_4,0.004,1.441838125789181e-22,-0.004,,0.0,0.2
continuous__osqp__rep000__seednone,continuous,osqp,0,,197,Asset_197,Group_5,0.004,6.514062845925998e-22,-0.004,,0.0,0.2
continuous__osqp__rep000__seednone,continuous,osqp,0,,198,Asset_198,Group_1,0.004,4.1409601342424887e-22,-0.004,,0.0,0.2
continuous__osqp__rep000__seednone,continuous,osqp,0,,199,Asset_199,Group_3,0.004,7.0678666461615925e-22,-0.004,,0.0,0.2
continuous__osqp__rep000__seednone,continuous,osqp,0,,200,Asset_200,Group_6,0.004,2.552679864061129e-22,-0.004,,0.0,0.2
continuous__osqp__rep000__seednone,continuous,osqp,0,,201,Asset_201,Group_0,0.004,3.9592511663212156e-22,-0.004,,0.0,0.2
continuous__osqp__rep000__seednone,continuous,osqp,0,,202,Asset_202,Group_6,0.004,2.642935680112686e-22,-0.004,,0.0,0.2
continuous__osqp__rep000__seednone,continuous,osqp,0,,203,Asset_203,Group_0,0.004,-3.676207588828607e-22,-0.004,,0.0,0.2
continuous__osqp__rep000__seednone,continuous,osqp,0,,204,Asset_204,Group_1,0.004,-5.61700272659535e-23,-0.004,,0.0,0.2
continuous__osqp__rep000__seednone,continuous,osqp,0,,205,Asset_205,Group_2,0.004,5.317216306887091e-23,-0.004,,0.0,0.2
continuous__osqp__rep000__seednone,continuous,osqp,0,,206,Asset_206,Group_0,0.004,5.302853287169254e-22,-0.004,,0.0,0.2
continuous__osqp__rep000__seednone,continuous,osqp,0,,207,Asset_207,Group_3,0.004,-1.976459935535907e-22,-0.004,,0.0,0.2
continuous__osqp__rep000__seednone,continuous,osqp,0,,208,Asset_208,Group_0,0.004,-2.0666663221288905e-22,-0.004,,0.0,0.2
continuous__osqp__rep000__seednone,continuous,osqp,0,,209,Asset_209,Group_5,0.004,-2.356226420247796e-22,-0.004,,0.0,0.2
continuous__osqp__rep000__seednone,continuous,osqp,0,,210,Asset_210,Group_2,0.004,1.3621131309321533e-22,-0.004,,0.0,0.2
continuous__osqp__rep000__seednone,continuous,osqp,0,,211,Asset_211,Group_5,0.004,1.4059864839094323e-22,-0.004,,0.0,0.2
continuous__osqp__rep000__seednone,continuous,osqp,0,,212,Asset_212,Group_2,0.004,-6.084079694374689e-23,-0.004,,0.0,0.2
continuous__osqp__rep000__seednone,continuous,osqp,0,,213,Asset_213,Group_5,0.004,3.3099774574824393e-22,-0.004,,0.0,0.2
continuous__osqp__rep000__seednone,continuous,osqp,0,,214,Asset_214,Group_1,0.004,-6.182481601134493e-22,-0.004,,0.0,0.2
continuous__osqp__rep000__seednone,continuous,osqp,0,,215,Asset_215,Group_2,0.004,2.5944981150118093e-23,-0.004,,0.0,0.2
continuous__osqp__rep000__seednone,continuous,osqp,0,,216,Asset_216,Group_1,0.004,8.308549560044364e-22,-0.004,,0.0,0.2
continuous__osqp__rep000__seednone,continuous,osqp,0,,217,Asset_217,Group_1,0.004,2.023493142501042e-22,-0.004,,0.0,0.2
continuous__osqp__rep000__seednone,continuous,osqp,0,,218,Asset_218,Group_6,0.004,4.355363288815138e-22,-0.004,,0.0,0.2
continuous__osqp__rep000__seednone,continuous,osqp,0,,219,Asset_219,Group_2,0.004,3.586577685025951e-22,-0.004,,0.0,0.2
continuous__osqp__rep000__seednone,continuous,osqp,0,,220,Asset_220,Group_5,0.004,-3.518249061985212e-22,-0.004,,0.0,0.2
continuous__osqp__rep000__seednone,continuous,osqp,0,,221,Asset_221,Group_1,0.004,3.150481892918993e-22,-0.004,,0.0,0.2
continuous__osqp__rep000__seednone,continuous,osqp,0,,222,Asset_222,Group_3,0.004,-4.701993923080463e-22,-0.004,,0.0,0.2
continuous__osqp__rep000__seednone,continuous,osqp,0,,223,Asset_223,Group_0,0.004,-1.031702822923228e-22,-0.004,,0.0,0.2
continuous__osqp__rep000__seednone,continuous,osqp,0,,224,Asset_224,Group_0,0.004,1.5755949718954471e-21,-0.004,,0.0,0.2
continuous__osqp__rep000__seednone,continuous,osqp,0,,225,Asset_225,Group_0,0.004,-1.1751592444135817e-22,-0.004,,0.0,0.2
continuous__osqp__rep000__seednone,continuous,osqp,0,,226,Asset_226,Group_6,0.004,6.250211361289084e-22,-0.004,,0.0,0.2
continuous__osqp__rep000__seednone,continuous,osqp,0,,227,Asset_227,Group_7,0.004,-9.295877794898308e-23,-0.004,,0.0,0.2
continuous__osqp__rep000__seednone,continuous,osqp,0,,228,Asset_228,Group_3,0.004,-5.065441513773152e-23,-0.004,,0.0,0.2
continuous__osqp__rep000__seednone,continuous,osqp,0,,229,Asset_229,Group_6,0.004,-4.804598417570584e-22,-0.004,,0.0,0.2
continuous__osqp__rep000__seednone,continuous,osqp,0,,230,Asset_230,Group_4,0.004,0.0009467098243560259,-0.0030532901756439744,,0.0,0.2
continuous__osqp__rep000__seednone,continuous,osqp,0,,231,Asset_231,Group_5,0.004,3.928066178287571e-22,-0.004,,0.0,0.2
continuous__osqp__rep000__seednone,continuous,osqp,0,,232,Asset_232,Group_5,0.004,4.57830819848838e-22,-0.004,,0.0,0.2
continuous__osqp__rep000__seednone,continuous,osqp,0,,233,Asset_233,Group_2,0.004,0.09725776942839304,0.09325776942839303,,0.0,0.2
continuous__osqp__rep000__seednone,continuous,osqp,0,,234,Asset_234,Group_2,0.004,1.1470745043831101e-22,-0.004,,0.0,0.2
continuous__osqp__rep000__seednone,continuous,osqp,0,,235,Asset_235,Group_7,0.004,-4.76256466448049e-22,-0.004,,0.0,0.2
continuous__osqp__rep000__seednone,continuous,osqp,0,,236,Asset_236,Group_2,0.004,-4.566393344400499e-22,-0.004,,0.0,0.2
continuous__osqp__rep000__seednone,continuous,osqp,0,,237,Asset_237,Group_0,0.004,6.873514377155794e-22,-0.004,,0.0,0.2
continuous__osqp__rep000__seednone,continuous,osqp,0,,238,Asset_238,Group_5,0.004,5.618935545698988e-22,-0.004,,0.0,0.2
continuous__osqp__rep000__seednone,continuous,osqp,0,,239,Asset_239,Group_5,0.004,0.004,0.0,,0.0,0.2
continuous__osqp__rep000__seednone,continuous,osqp,0,,240,Asset_240,Group_7,0.004,7.354800700169155e-22,-0.004,,0.0,0.2
continuous__osqp__rep000__seednone,continuous,osqp,0,,241,Asset_241,Group_6,0.004,-2.2484398946022105e-22,-0.004,,0.0,0.2
continuous__osqp__rep000__seednone,continuous,osqp,0,,242,Asset_242,Group_0,0.004,2.74561050730609e-22,-0.004,,0.0,0.2
continuous__osqp__rep000__seednone,continuous,osqp,0,,243,Asset_243,Group_2,0.004,-3.457279844537752e-22,-0.004,,0.0,0.2
continuous__osqp__rep000__seednone,continuous,osqp,0,,244,Asset_244,Group_7,0.004,4.974676422828578e-22,-0.004,,0.0,0.2
continuous__osqp__rep000__seednone,continuous,osqp,0,,245,Asset_245,Group_7,0.004,5.211541491580034e-23,-0.004,,0.0,0.2
continuous__osqp__rep000__seednone,continuous,osqp,0,,246,Asset_246,Group_0,0.004,5.095158201079537e-22,-0.004,,0.0,0.2
continuous__osqp__rep000__seednone,continuous,osqp,0,,247,Asset_247,Group_3,0.004,5.6266482595308815e-22,-0.004,,0.0,0.2
continuous__osqp__rep000__seednone,continuous,osqp,0,,248,Asset_248,Group_2,0.004,4.993775770380901e-22,-0.004,,0.0,0.2
continuous__osqp__rep000__seednone,continuous,osqp,0,,249,Asset_249,Group_0,0.004,8.082401033375459e-22,-0.004,,0.0,0.2
continuous__osqp__rep001__seednone,continuous,osqp,1,,0,Asset_000,Group_3,0.004,5.358518234686142e-23,-0.004,,0.0,0.2
continuous__osqp__rep001__seednone,continuous,osqp,1,,1,Asset_001,Group_7,0.004,3.842721977531587e-22,-0.004,,0.0,0.2
continuous__osqp__rep001__seednone,continuous,osqp,1,,2,Asset_002,Group_7,0.004,2.5291835653718636e-22,-0.004,,0.0,0.2
continuous__osqp__rep001__seednone,continuous,osqp,1,,3,Asset_003,Group_2,0.004,-2.333794973085948e-22,-0.004,,0.0,0.2
continuous__osqp__rep001__seednone,continuous,osqp,1,,4,Asset_004,Group_6,0.004,-6.595341649437168e-23,-0.004,,0.0,0.2
continuous__osqp__rep001__seednone,continuous,osqp,1,,5,Asset_005,Group_7,0.004,1.3322129677216666e-21,-0.004,,0.0,0.2
continuous__osqp__rep001__seednone,continuous,osqp,1,,6,Asset_006,Group_3,0.004,5.079576090047065e-22,-0.004,,0.0,0.2
continuous__osqp__rep001__seednone,continuous,osqp,1,,7,Asset_007,Group_0,0.004,7.387232458605747e-22,-0.004,,0.0,0.2
continuous__osqp__rep001__seednone,continuous,osqp,1,,8,Asset_008,Group_2,0.004,-2.289266387036694e-22,-0.004,,0.0,0.2
continuous__osqp__rep001__seednone,continuous,osqp,1,,9,Asset_009,Group_6,0.004,7.418559846531862e-23,-0.004,,0.0,0.2
continuous__osqp__rep001__seednone,continuous,osqp,1,,10,Asset_010,Group_0,0.004,4.02665545169695e-22,-0.004,,0.0,0.2
continuous__osqp__rep001__seednone,continuous,osqp,1,,11,Asset_011,Group_5,0.004,6.765988587546464e-22,-0.004,,0.0,0.2
continuous__osqp__rep001__seednone,continuous,osqp,1,,12,Asset_012,Group_7,0.004,4.343930585957206e-22,-0.004,,0.0,0.2
continuous__osqp__rep001__seednone,continuous,osqp,1,,13,Asset_013,Group_2,0.004,3.8434037832000736e-25,-0.004,,0.0,0.2
continuous__osqp__rep001__seednone,continuous,osqp,1,,14,Asset_014,Group_4,0.004,-3.2024432686766527e-22,-0.004,,0.0,0.2
continuous__osqp__rep001__seednone,continuous,osqp,1,,15,Asset_015,Group_4,0.004,6.1718125595620835e-22,-0.004,,0.0,0.2
continuous__osqp__rep001__seednone,continuous,osqp,1,,16,Asset_016,Group_1,0.004,3.7817312531943023e-22,-0.004,,0.0,0.2
continuous__osqp__rep001__seednone,continuous,osqp,1,,17,Asset_017,Group_4,0.004,4.43780324854965e-22,-0.004,,0.0,0.2
continuous__osqp__rep001__seednone,continuous,osqp,1,,18,Asset_018,Group_3,0.004,-1.6730268950392345e-22,-0.004,,0.0,0.2
continuous__osqp__rep001__seednone,continuous,osqp,1,,19,Asset_019,Group_2,0.004,-1.4377384448485592e-22,-0.004,,0.0,0.2
continuous__osqp__rep001__seednone,continuous,osqp,1,,20,Asset_020,Group_1,0.004,-3.2195239426014738e-22,-0.004,,0.0,0.2
continuous__osqp__rep001__seednone,continuous,osqp,1,,21,Asset_021,Group_1,0.004,2.349186569867816e-22,-0.004,,0.0,0.2
continuous__osqp__rep001__seednone,continuous,osqp,1,,22,Asset_022,Group_3,0.004,0.016000000000000077,0.012000000000000077,,0.0,0.2
continuous__osqp__rep001__seednone,continuous,osqp,1,,23,Asset_023,Group_6,0.004,1.0698900676146065e-22,-0.004,,0.0,0.2
continuous__osqp__rep001__seednone,continuous,osqp,1,,24,Asset_024,Group_4,0.004,5.18915876086542e-22,-0.004,,0.0,0.2
continuous__osqp__rep001__seednone,continuous,osqp,1,,25,Asset_025,Group_5,0.004,3.5297346120238554e-22,-0.004,,0.0,0.2
continuous__osqp__rep001__seednone,continuous,osqp,1,,26,Asset_026,Group_1,0.004,-1.1370099639922968e-22,-0.004,,0.0,0.2
continuous__osqp__rep001__seednone,continuous,osqp,1,,27,Asset_027,Group_7,0.004,1.5641325347355887e-22,-0.004,,0.0,0.2
continuous__osqp__rep001__seednone,continuous,osqp,1,,28,Asset_028,Group_1,0.004,-4.471005971726164e-23,-0.004,,0.0,0.2
continuous__osqp__rep001__seednone,continuous,osqp,1,,29,Asset_029,Group_4,0.004,2.6691221031790334e-23,-0.004,,0.0,0.2
continuous__osqp__rep001__seednone,continuous,osqp,1,,30,Asset_030,Group_1,0.004,3.3287907604421147e-22,-0.004,,0.0,0.2
continuous__osqp__rep001__seednone,continuous,osqp,1,,31,Asset_031,Group_2,0.004,-6.897876430991771e-22,-0.004,,0.0,0.2
continuous__osqp__rep001__seednone,continuous,osqp,1,,32,Asset_032,Group_1,0.004,3.6855571313154804e-22,-0.004,,0.0,0.2
continuous__osqp__rep001__seednone,continuous,osqp,1,,33,Asset_033,Group_3,0.004,-2.3509294742297375e-22,-0.004,,0.0,0.2
continuous__osqp__rep001__seednone,continuous,osqp,1,,34,Asset_034,Group_4,0.004,1.639735031657362e-22,-0.004,,0.0,0.2
continuous__osqp__rep001__seednone,continuous,osqp,1,,35,Asset_035,Group_6,0.004,1.5963224224700603e-22,-0.004,,0.0,0.2
continuous__osqp__rep001__seednone,continuous,osqp,1,,36,Asset_036,Group_3,0.004,3.9735670167995087e-22,-0.004,,0.0,0.2
continuous__osqp__rep001__seednone,continuous,osqp,1,,37,Asset_037,Group_1,0.004,-1.850904983246503e-22,-0.004,,0.0,0.2
continuous__osqp__rep001__seednone,continuous,osqp,1,,38,Asset_038,Group_5,0.004,-3.305254545464964e-22,-0.004,,0.0,0.2
continuous__osqp__rep001__seednone,continuous,osqp,1,,39,Asset_039,Group_7,0.004,1.3011837880999852e-21,-0.004,,0.0,0.2
continuous__osqp__rep001__seednone,continuous,osqp,1,,40,Asset_040,Group_1,0.004,4.931811607428234e-22,-0.004,,0.0,0.2
continuous__osqp__rep001__seednone,continuous,osqp,1,,41,Asset_041,Group_5,0.004,-1.4105940436038525e-22,-0.004,,0.0,0.2
continuous__osqp__rep001__seednone,continuous,osqp,1,,42,Asset_042,Group_5,0.004,-6.772277346771071e-22,-0.004,,0.0,0.2
continuous__osqp__rep001__seednone,continuous,osqp,1,,43,Asset_043,Group_6,0.004,0.00606348321723946,0.0020634832172394596,,0.0,0.2
continuous__osqp__rep001__seednone,continuous,osqp,1,,44,Asset_044,Group_3,0.004,6.026761516159387e-22,-0.004,,0.0,0.2
continuous__osqp__rep001__seednone,continuous,osqp,1,,45,Asset_045,Group_3,0.004,-5.115397613291501e-22,-0.004,,0.0,0.2
continuous__osqp__rep001__seednone,continuous,osqp,1,,46,Asset_046,Group_6,0.004,0.11134735042700926,0.10734735042700926,,0.0,0.2
continuous__osqp__rep001__seednone,continuous,osqp,1,,47,Asset_047,Group_7,0.004,-1.196370897150554e-22,-0.004,,0.0,0.2
continuous__osqp__rep001__seednone,continuous,osqp,1,,48,Asset_048,Group_7,0.004,2.0782398075620668e-22,-0.004,,0.0,0.2
continuous__osqp__rep001__seednone,continuous,osqp,1,,49,Asset_049,Group_7,0.004,-1.5393487617126213e-22,-0.004,,0.0,0.2
continuous__osqp__rep001__seednone,continuous,osqp,1,,50,Asset_050,Group_1,0.004,-1.3039954220473014e-22,-0.004,,0.0,0.2
continuous__osqp__rep001__seednone,continuous,osqp,1,,51,Asset_051,Group_3,0.004,4.941494889358106e-22,-0.004,,0.0,0.2
continuous__osqp__rep001__seednone,continuous,osqp,1,,52,Asset_052,Group_3,0.004,-3.3655670299414275e-22,-0.004,,0.0,0.2
continuous__osqp__rep001__seednone,continuous,osqp,1,,53,Asset_053,Group_2,0.004,1.2131308783573913e-21,-0.004,,0.0,0.2
continuous__osqp__rep001__seednone,continuous,osqp,1,,54,Asset_054,Group_3,0.004,-1.0296763186973584e-22,-0.004,,0.0,0.2
continuous__osqp__rep001__seednone,continuous,osqp,1,,55,Asset_055,Group_2,0.004,3.8087133082719045e-22,-0.004,,0.0,0.2
continuous__osqp__rep001__seednone,continuous,osqp,1,,56,Asset_056,Group_4,0.004,0.08221041483256344,0.07821041483256344,,0.0,0.2
continuous__osqp__rep001__seednone,continuous,osqp,1,,57,Asset_057,Group_4,0.004,-2.894229762008215e-22,-0.004,,0.0,0.2
continuous__osqp__rep001__seednone,continuous,osqp,1,,58,Asset_058,Group_4,0.004,-3.920842790638267e-22,-0.004,,0.0,0.2
continuous__osqp__rep001__seednone,continuous,osqp,1,,59,Asset_059,Group_0,0.004,-6.716534748180937e-22,-0.004,,0.0,0.2
continuous__osqp__rep001__seednone,continuous,osqp,1,,60,Asset_060,Group_6,0.004,2.6291569508855715e-22,-0.004,,0.0,0.2
continuous__osqp__rep001__seednone,continuous,osqp,1,,61,Asset_061,Group_7,0.004,-6.138699360335544e-22,-0.004,,0.0,0.2
continuous__osqp__rep001__seednone,continuous,osqp,1,,62,Asset_062,Group_5,0.004,1.3578040573348063e-22,-0.004,,0.0,0.2
continuous__osqp__rep001__seednone,continuous,osqp,1,,63,Asset_063,Group_1,0.004,-7.321850122476009e-24,-0.004,,0.0,0.2
continuous__osqp__rep001__seednone,continuous,osqp,1,,64,Asset_064,Group_4,0.004,2.213121538611956e-22,-0.004,,0.0,0.2
continuous__osqp__rep001__seednone,continuous,osqp,1,,65,Asset_065,Group_3,0.004,-7.782502217186925e-22,-0.004,,0.0,0.2
continuous__osqp__rep001__seednone,continuous,osqp,1,,66,Asset_066,Group_0,0.004,3.836831320077398e-22,-0.004,,0.0,0.2
continuous__osqp__rep001__seednone,continuous,osqp,1,,67,Asset_067,Group_1,0.004,2.980864283628935e-23,-0.004,,0.0,0.2
continuous__osqp__rep001__seednone,continuous,osqp,1,,68,Asset_068,Group_4,0.004,-2.0489479407914315e-22,-0.004,,0.0,0.2
continuous__osqp__rep001__seednone,continuous,osqp,1,,69,Asset_069,Group_4,0.004,-2.7431751681507718e-24,-0.004,,0.0,0.2
continuous__osqp__rep001__seednone,continuous,osqp,1,,70,Asset_070,Group_6,0.004,-1.1744527050754699e-21,-0.004,,0.0,0.2
continuous__osqp__rep001__seednone,continuous,osqp,1,,71,Asset_071,Group_4,0.004,2.6961234080345486e-22,-0.004,,0.0,0.2
continuous__osqp__rep001__seednone,continuous,osqp,1,,72,Asset_072,Group_0,0.004,0.020000000000000077,0.016000000000000077,,0.0,0.2
continuous__osqp__rep001__seednone,continuous,osqp,1,,73,Asset_073,Group_2,0.004,6.706616517058457e-22,-0.004,,0.0,0.2
continuous__osqp__rep001__seednone,continuous,osqp,1,,74,Asset_074,Group_1,0.004,-3.4547290450667444e-22,-0.004,,0.0,0.2
continuous__osqp__rep001__seednone,continuous,osqp,1,,75,Asset_075,Group_6,0.004,3.348353733001821e-23,-0.004,,0.0,0.2
continuous__osqp__rep001__seednone,continuous,osqp,1,,76,Asset_076,Group_5,0.004,-1.8082895502422177e-23,-0.004,,0.0,0.2
continuous__osqp__rep001__seednone,continuous,osqp,1,,77,Asset_077,Group_0,0.004,6.122643910594635e-22,-0.004,,0.0,0.2
continuous__osqp__rep001__seednone,continuous,osqp,1,,78,Asset_078,Group_1,0.004,3.28346459180303e-23,-0.004,,0.0,0.2
continuous__osqp__rep001__seednone,continuous,osqp,1,,79,Asset_079,Group_6,0.004,-4.042774283286065e-23,-0.004,,0.0,0.2
continuous__osqp__rep001__seednone,continuous,osqp,1,,80,Asset_080,Group_5,0.004,-5.960703353329826e-24,-0.004,,0.0,0.2
continuous__osqp__rep001__seednone,continuous,osqp,1,,81,Asset_081,Group_4,0.004,4.3306365032790905e-23,-0.004,,0.0,0.2
continuous__osqp__rep001__seednone,continuous,osqp,1,,82,Asset_082,Group_0,0.004,1.9327258254818488e-22,-0.004,,0.0,0.2
continuous__osqp__rep001__seednone,continuous,osqp,1,,83,Asset_083,Group_2,0.004,1.0883547547356624e-21,-0.004,,0.0,0.2
continuous__osqp__rep001__seednone,continuous,osqp,1,,84,Asset_084,Group_0,0.004,1.7761786059834455e-21,-0.004,,0.0,0.2
continuous__osqp__rep001__seednone,continuous,osqp,1,,85,Asset_085,Group_6,0.004,9.870611660446602e-22,-0.004,,0.0,0.2
continuous__osqp__rep001__seednone,continuous,osqp,1,,86,Asset_086,Group_6,0.004,0.03677238243361313,0.032772382433613134,,0.0,0.2
continuous__osqp__rep001__seednone,continuous,osqp,1,,87,Asset_087,Group_5,0.004,5.131447989471966e-22,-0.004,,0.0,0.2
continuous__osqp__rep001__seednone,continuous,osqp,1,,88,Asset_088,Group_7,0.004,0.004,0.0,,0.0,0.2
continuous__osqp__rep001__seednone,continuous,osqp,1,,89,Asset_089,Group_2,0.004,7.605086893336167e-22,-0.004,,0.0,0.2
continuous__osqp__rep001__seednone,continuous,osqp,1,,90,Asset_090,Group_1,0.004,-1.9767655593378323e-22,-0.004,,0.0,0.2
continuous__osqp__rep001__seednone,continuous,osqp,1,,91,Asset_091,Group_3,0.004,-8.455092914692446e-22,-0.004,,0.0,0.2
continuous__osqp__rep001__seednone,continuous,osqp,1,,92,Asset_092,Group_2,0.004,2.510260357016694e-22,-0.004,,0.0,0.2
continuous__osqp__rep001__seednone,continuous,osqp,1,,93,Asset_093,Group_6,0.004,1.1483561459572252e-22,-0.004,,0.0,0.2
continuous__osqp__rep001__seednone,continuous,osqp,1,,94,Asset_094,Group_5,0.004,0.16674289005230994,0.16274289005230994,,0.0,0.2
continuous__osqp__rep001__seednone,continuous,osqp,1,,95,Asset_095,Group_7,0.004,-5.335451843210227e-22,-0.004,,0.0,0.2
continuous__osqp__rep001__seednone,continuous,osqp,1,,96,Asset_096,Group_5,0.004,4.511842419158335e-23,-0.004,,0.0,0.2
continuous__osqp__rep001__seednone,continuous,osqp,1,,97,Asset_097,Group_2,0.004,1.2275191560439323e-22,-0.004,,0.0,0.2
continuous__osqp__rep001__seednone,continuous,osqp,1,,98,Asset_098,Group_3,0.004,-2.1176864009406194e-22,-0.004,,0.0,0.2
continuous__osqp__rep001__seednone,continuous,osqp,1,,99,Asset_099,Group_7,0.004,-1.3873290903210995e-22,-0.004,,0.0,0.2
continuous__osqp__rep001__seednone,continuous,osqp,1,,100,Asset_100,Group_7,0.004,7.783695847863243e-22,-0.004,,0.0,0.2
continuous__osqp__rep001__seednone,continuous,osqp,1,,101,Asset_101,Group_1,0.004,0.07333337087357836,0.06933337087357835,,0.0,0.2
continuous__osqp__rep001__seednone,continuous,osqp,1,,102,Asset_102,Group_3,0.004,0.004,0.0,,0.0,0.2
continuous__osqp__rep001__seednone,continuous,osqp,1,,103,Asset_103,Group_6,0.004,-1.0710640354165705e-22,-0.004,,0.0,0.2
continuous__osqp__rep001__seednone,continuous,osqp,1,,104,Asset_104,Group_0,0.004,2.56095360665744e-22,-0.004,,0.0,0.2
continuous__osqp__rep001__seednone,continuous,osqp,1,,105,Asset_105,Group_2,0.004,-1.553642132712119e-22,-0.004,,0.0,0.2
continuous__osqp__rep001__seednone,continuous,osqp,1,,106,Asset_106,Group_4,0.004,5.247056809245657e-22,-0.004,,0.0,0.2
continuous__osqp__rep001__seednone,continuous,osqp,1,,107,Asset_107,Group_4,0.004,3.216244424803146e-22,-0.004,,0.0,0.2
continuous__osqp__rep001__seednone,continuous,osqp,1,,108,Asset_108,Group_4,0.004,-2.2514688293879233e-22,-0.004,,0.0,0.2
continuous__osqp__rep001__seednone,continuous,osqp,1,,109,Asset_109,Group_4,0.004,5.828636695085128e-22,-0.004,,0.0,0.2
continuous__osqp__rep001__seednone,continuous,osqp,1,,110,Asset_110,Group_3,0.004,2.0230996776356956e-23,-0.004,,0.0,0.2
continuous__osqp__rep001__seednone,continuous,osqp,1,,111,Asset_111,Group_2,0.004,-6.957905806978924e-22,-0.004,,0.0,0.2
continuous__osqp__rep001__seednone,continuous,osqp,1,,112,Asset_112,Group_0,0.004,-1.0044542185601941e-22,-0.004,,0.0,0.2
continuous__osqp__rep001__seednone,continuous,osqp,1,,113,Asset_113,Group_7,0.004,1.2552212093993594e-22,-0.004,,0.0,0.2
continuous__osqp__rep001__seednone,continuous,osqp,1,,114,Asset_114,Group_7,0.004,6.21397885924621e-22,-0.004,,0.0,0.2
continuous__osqp__rep001__seednone,continuous,osqp,1,,115,Asset_115,Group_2,0.004,1.0442903278866243e-22,-0.004,,0.0,0.2
continuous__osqp__rep001__seednone,continuous,osqp,1,,116,Asset_116,Group_3,0.004,4.1206111141305277e-22,-0.004,,0.0,0.2
continuous__osqp__rep001__seednone,continuous,osqp,1,,117,Asset_117,Group_6,0.004,3.071504734390376e-22,-0.004,,0.0,0.2
continuous__osqp__rep001__seednone,continuous,osqp,1,,118,Asset_118,Group_3,0.004,4.52006633024484e-22,-0.004,,0.0,0.2
continuous__osqp__rep001__seednone,continuous,osqp,1,,119,Asset_119,Group_5,0.004,3.809150403958425e-22,-0.004,,0.0,0.2
continuous__osqp__rep001__seednone,continuous,osqp,1,,120,Asset_120,Group_6,0.004,-3.40043325587193e-24,-0.004,,0.0,0.2
continuous__osqp__rep001__seednone,continuous,osqp,1,,121,Asset_121,Group_2,0.004,-2.4394713358957074e-22,-0.004,,0.0,0.2
continuous__osqp__rep001__seednone,continuous,osqp,1,,122,Asset_122,Group_5,0.004,3.401124511954059e-22,-0.004,,0.0,0.2
continuous__osqp__rep001__seednone,continuous,osqp,1,,123,Asset_123,Group_7,0.004,1.1429214016412865e-22,-0.004,,0.0,0.2
continuous__osqp__rep001__seednone,continuous,osqp,1,,124,Asset_124,Group_4,0.004,-1.899440362582039e-23,-0.004,,0.0,0.2
continuous__osqp__rep001__seednone,continuous,osqp,1,,125,Asset_125,Group_0,0.004,-2.145886860884446e-22,-0.004,,0.0,0.2
continuous__osqp__rep001__seednone,continuous,osqp,1,,126,Asset_126,Group_4,0.004,2.1405692119213657e-22,-0.004,,0.0,0.2
continuous__osqp__rep001__seednone,continuous,osqp,1,,127,Asset_127,Group_4,0.004,4.1196872241307197e-22,-0.004,,0.0,0.2
continuous__osqp__rep001__seednone,continuous,osqp,1,,128,Asset_128,Group_0,0.004,0.004,0.0,,0.0,0.2
continuous__osqp__rep001__seednone,continuous,osqp,1,,129,Asset_129,Group_1,0.004,5.748198521969556e-22,-0.004,,0.0,0.2
continuous__osqp__rep001__seednone,continuous,osqp,1,,130,Asset_130,Group_2,0.004,1.0854069224987574e-22,-0.004,,0.0,0.2
continuous__osqp__rep001__seednone,continuous,osqp,1,,131,Asset_131,Group_6,0.004,7.587839956485834e-22,-0.004,,0.0,0.2
continuous__osqp__rep001__seednone,continuous,osqp,1,,132,Asset_132,Group_6,0.004,-1.6437875954589453e-24,-0.004,,0.0,0.2
continuous__osqp__rep001__seednone,continuous,osqp,1,,133,Asset_133,Group_0,0.004,0.004,0.0,,0.0,0.2
continuous__osqp__rep001__seednone,continuous,osqp,1,,134,Asset_134,Group_2,0.004,-2.619665363605807e-22,-0.004,,0.0,0.2
continuous__osqp__rep001__seednone,continuous,osqp,1,,135,Asset_135,Group_5,0.004,-5.24272717186696e-22,-0.004,,0.0,0.2
continuous__osqp__rep001__seednone,continuous,osqp,1,,136,Asset_136,Group_4,0.004,7.019303944798986e-22,-0.004,,0.0,0.2
continuous__osqp__rep001__seednone,continuous,osqp,1,,137,Asset_137,Group_7,0.004,-4.7742333575001e-22,-0.004,,0.0,0.2
continuous__osqp__rep001__seednone,continuous,osqp,1,,138,Asset_138,Group_4,0.004,2.732880264745559e-22,-0.004,,0.0,0.2
continuous__osqp__rep001__seednone,continuous,osqp,1,,139,Asset_139,Group_2,0.004,-2.464798398869627e-22,-0.004,,0.0,0.2
continuous__osqp__rep001__seednone,continuous,osqp,1,,140,Asset_140,Group_6,0.004,4.822361555864521e-22,-0.004,,0.0,0.2
continuous__osqp__rep001__seednone,continuous,osqp,1,,141,Asset_141,Group_0,0.004,-1.1848227846891647e-22,-0.004,,0.0,0.2
continuous__osqp__rep001__seednone,continuous,osqp,1,,142,Asset_142,Group_2,0.004,4.438946242748001e-22,-0.004,,0.0,0.2
continuous__osqp__rep001__seednone,continuous,osqp,1,,143,Asset_143,Group_3,0.004,4.946019349326412e-22,-0.004,,0.0,0.2
continuous__osqp__rep001__seednone,continuous,osqp,1,,144,Asset_144,Group_1,0.004,8.97832174824203e-23,-0.004,,0.0,0.2
continuous__osqp__rep001__seednone,continuous,osqp,1,,145,Asset_145,Group_1,0.004,5.1380272103057795e-22,-0.004,,0.0,0.2
continuous__osqp__rep001__seednone,continuous,osqp,1,,146,Asset_146,Group_0,0.004,-2.3752949364840855e-23,-0.004,,0.0,0.2
continuous__osqp__rep001__seednone,continuous,osqp,1,,147,Asset_147,Group_7,0.004,-3.747607968026146e-23,-0.004,,0.0,0.2
continuous__osqp__rep001__seednone,continuous,osqp,1,,148,Asset_148,Group_3,0.004,0.004,0.0,,0.0,0.2
continuous__osqp__rep001__seednone,continuous,osqp,1,,149,Asset_149,Group_4,0.004,8.301129861218415e-23,-0.004,,0.0,0.2
continuous__osqp__rep001__seednone,continuous,osqp,1,,150,Asset_150,Group_0,0.004,1.3472486216908887e-23,-0.004,,0.0,0.2
continuous__osqp__rep001__seednone,continuous,osqp,1,,151,Asset_151,Group_1,0.004,4.602547426374076e-22,-0.004,,0.0,0.2
continuous__osqp__rep001__seednone,continuous,osqp,1,,152,Asset_152,Group_4,0.004,5.78115638972072e-22,-0.004,,0.0,0.2
continuous__osqp__rep001__seednone,continuous,osqp,1,,153,Asset_153,Group_4,0.004,-7.0112617898756e-23,-0.004,,0.0,0.2
continuous__osqp__rep001__seednone,continuous,osqp,1,,154,Asset_154,Group_6,0.004,0.08821218228032768,0.08421218228032767,,0.0,0.2
continuous__osqp__rep001__seednone,continuous,osqp,1,,155,Asset_155,Group_1,0.004,0.0455088449888013,0.041508844988801294,,0.0,0.2
continuous__osqp__rep001__seednone,continuous,osqp,1,,156,Asset_156,Group_5,0.004,1.849054993476301e-23,-0.004,,0.0,0.2
continuous__osqp__rep001__seednone,continuous,osqp,1,,157,Asset_157,Group_5,0.004,2.695529327869618e-22,-0.004,,0.0,0.2
continuous__osqp__rep001__seednone,continuous,osqp,1,,158,Asset_158,Group_6,0.004,0.031604601641810566,0.027604601641810566,,0.0,0.2
continuous__osqp__rep001__seednone,continuous,osqp,1,,159,Asset_159,Group_0,0.004,-1.4567806986230845e-22,-0.004,,0.0,0.2
continuous__osqp__rep001__seednone,continuous,osqp,1,,160,Asset_160,Group_5,0.004,1.6561433924247413e-22,-0.004,,0.0,0.2
continuous__osqp__rep001__seednone,continuous,osqp,1,,161,Asset_161,Group_0,0.004,4.858750382136862e-22,-0.004,,0.0,0.2
continuous__osqp__rep001__seednone,continuous,osqp,1,,162,Asset_162,Group_0,0.004,4.711333541592403e-22,-0.004,,0.0,0.2
continuous__osqp__rep001__seednone,continuous,osqp,1,,163,Asset_163,Group_6,0.004,-2.2567527596823633e-22,-0.004,,0.0,0.2
continuous__osqp__rep001__seednone,continuous,osqp,1,,164,Asset_164,Group_3,0.004,-4.63815280302453e-23,-0.004,,0.0,0.2
continuous__osqp__rep001__seednone,continuous,osqp,1,,165,Asset_165,Group_2,0.004,4.644766694769322e-22,-0.004,,0.0,0.2
continuous__osqp__rep001__seednone,continuous,osqp,1,,166,Asset_166,Group_3,0.004,2.012633308394631e-22,-0.004,,0.0,0.2
continuous__osqp__rep001__seednone,continuous,osqp,1,,167,Asset_167,Group_6,0.004,-5.628980963428111e-22,-0.004,,0.0,0.2
continuous__osqp__rep001__seednone,continuous,osqp,1,,168,Asset_168,Group_1,0.004,2.289283607304681e-23,-0.004,,0.0,0.2
continuous__osqp__rep001__seednone,continuous,osqp,1,,169,Asset_169,Group_3,0.004,6.354828923780739e-22,-0.004,,0.0,0.2
continuous__osqp__rep001__seednone,continuous,osqp,1,,170,Asset_170,Group_5,0.004,3.7083226969101555e-22,-0.004,,0.0,0.2
continuous__osqp__rep001__seednone,continuous,osqp,1,,171,Asset_171,Group_3,0.004,-3.380854280494333e-23,-0.004,,0.0,0.2
continuous__osqp__rep001__seednone,continuous,osqp,1,,172,Asset_172,Group_4,0.004,-2.1975308011030794e-22,-0.004,,0.0,0.2
continuous__osqp__rep001__seednone,continuous,osqp,1,,173,Asset_173,Group_7,0.004,2.326726270102304e-22,-0.004,,0.0,0.2
continuous__osqp__rep001__seednone,continuous,osqp,1,,174,Asset_174,Group_3,0.004,3.9973057865548514e-22,-0.004,,0.0,0.2
continuous__osqp__rep001__seednone,continuous,osqp,1,,175,Asset_175,Group_5,0.004,-6.125847102583957e-22,-0.004,,0.0,0.2
continuous__osqp__rep001__seednone,continuous,osqp,1,,176,Asset_176,Group_4,0.004,5.438082015932926e-23,-0.004,,0.0,0.2
continuous__osqp__rep001__seednone,continuous,osqp,1,,177,Asset_177,Group_1,0.004,2.1718373595794686e-23,-0.004,,0.0,0.2
continuous__osqp__rep001__seednone,continuous,osqp,1,,178,Asset_178,Group_7,0.004,-4.912568072991308e-22,-0.004,,0.0,0.2
continuous__osqp__rep001__seednone,continuous,osqp,1,,179,Asset_179,Group_6,0.004,-3.39524783121383e-22,-0.004,,0.0,0.2
continuous__osqp__rep001__seednone,continuous,osqp,1,,180,Asset_180,Group_0,0.004,2.285727583024211e-22,-0.004,,0.0,0.2
continuous__osqp__rep001__seednone,continuous,osqp,1,,181,Asset_181,Group_7,0.004,3.5326833542964356e-22,-0.004,,0.0,0.2
continuous__osqp__rep001__seednone,continuous,osqp,1,,182,Asset_182,Group_1,0.004,-6.324995967905273e-22,-0.004,,0.0,0.2
continuous__osqp__rep001__seednone,continuous,osqp,1,,183,Asset_183,Group_5,0.004,1.7973298989956453e-22,-0.004,,0.0,0.2
continuous__osqp__rep001__seednone,continuous,osqp,1,,184,Asset_184,Group_0,0.004,1.1745785237771558e-21,-0.004,,0.0,0.2
continuous__osqp__rep001__seednone,continuous,osqp,1,,185,Asset_185,Group_7,0.004,-3.7639276195913133e-22,-0.004,,0.0,0.2
continuous__osqp__rep001__seednone,continuous,osqp,1,,186,Asset_186,Group_1,0.004,-1.172260122278445e-22,-0.004,,0.0,0.2
continuous__osqp__rep001__seednone,continuous,osqp,1,,187,Asset_187,Group_4,0.004,9.25137134945563e-22,-0.004,,0.0,0.2
continuous__osqp__rep001__seednone,continuous,osqp,1,,188,Asset_188,Group_7,0.004,3.680753449331021e-22,-0.004,,0.0,0.2
continuous__osqp__rep001__seednone,continuous,osqp,1,,189,Asset_189,Group_3,0.004,2.588659103436725e-22,-0.004,,0.0,0.2
continuous__osqp__rep001__seednone,continuous,osqp,1,,190,Asset_190,Group_7,0.004,1.4260893735805444e-22,-0.004,,0.0,0.2
continuous__osqp__rep001__seednone,continuous,osqp,1,,191,Asset_191,Group_5,0.004,-1.8850974283380162e-22,-0.004,,0.0,0.2
continuous__osqp__rep001__seednone,continuous,osqp,1,,192,Asset_192,Group_6,0.004,2.075400146139179e-22,-0.004,,0.0,0.2
continuous__osqp__rep001__seednone,continuous,osqp,1,,193,Asset_193,Group_5,0.004,8.455444593196436e-23,-0.004,,0.0,0.2
continuous__osqp__rep001__seednone,continuous,osqp,1,,194,Asset_194,Group_1,0.004,6.878997189870345e-23,-0.004,,0.0,0.2
continuous__osqp__rep001__seednone,continuous,osqp,1,,195,Asset_195,Group_7,0.004,0.2,0.196,,0.0,0.2
continuous__osqp__rep001__seednone,continuous,osqp,1,,196,Asset_196,Group_4,0.004,1.441838125789181e-22,-0.004,,0.0,0.2
continuous__osqp__rep001__seednone,continuous,osqp,1,,197,Asset_197,Group_5,0.004,6.514062845925998e-22,-0.004,,0.0,0.2
continuous__osqp__rep001__seednone,continuous,osqp,1,,198,Asset_198,Group_1,0.004,4.1409601342424887e-22,-0.004,,0.0,0.2
continuous__osqp__rep001__seednone,continuous,osqp,1,,199,Asset_199,Group_3,0.004,7.0678666461615925e-22,-0.004,,0.0,0.2
continuous__osqp__rep001__seednone,continuous,osqp,1,,200,Asset_200,Group_6,0.004,2.552679864061129e-22,-0.004,,0.0,0.2
continuous__osqp__rep001__seednone,continuous,osqp,1,,201,Asset_201,Group_0,0.004,3.9592511663212156e-22,-0.004,,0.0,0.2
continuous__osqp__rep001__seednone,continuous,osqp,1,,202,Asset_202,Group_6,0.004,2.642935680112686e-22,-0.004,,0.0,0.2
continuous__osqp__rep001__seednone,continuous,osqp,1,,203,Asset_203,Group_0,0.004,-3.676207588828607e-22,-0.004,,0.0,0.2
continuous__osqp__rep001__seednone,continuous,osqp,1,,204,Asset_204,Group_1,0.004,-5.61700272659535e-23,-0.004,,0.0,0.2
continuous__osqp__rep001__seednone,continuous,osqp,1,,205,Asset_205,Group_2,0.004,5.317216306887091e-23,-0.004,,0.0,0.2
continuous__osqp__rep001__seednone,continuous,osqp,1,,206,Asset_206,Group_0,0.004,5.302853287169254e-22,-0.004,,0.0,0.2
continuous__osqp__rep001__seednone,continuous,osqp,1,,207,Asset_207,Group_3,0.004,-1.976459935535907e-22,-0.004,,0.0,0.2
continuous__osqp__rep001__seednone,continuous,osqp,1,,208,Asset_208,Group_0,0.004,-2.0666663221288905e-22,-0.004,,0.0,0.2
continuous__osqp__rep001__seednone,continuous,osqp,1,,209,Asset_209,Group_5,0.004,-2.356226420247796e-22,-0.004,,0.0,0.2
continuous__osqp__rep001__seednone,continuous,osqp,1,,210,Asset_210,Group_2,0.004,1.3621131309321533e-22,-0.004,,0.0,0.2
continuous__osqp__rep001__seednone,continuous,osqp,1,,211,Asset_211,Group_5,0.004,1.4059864839094323e-22,-0.004,,0.0,0.2
continuous__osqp__rep001__seednone,continuous,osqp,1,,212,Asset_212,Group_2,0.004,-6.084079694374689e-23,-0.004,,0.0,0.2
continuous__osqp__rep001__seednone,continuous,osqp,1,,213,Asset_213,Group_5,0.004,3.3099774574824393e-22,-0.004,,0.0,0.2
continuous__osqp__rep001__seednone,continuous,osqp,1,,214,Asset_214,Group_1,0.004,-6.182481601134493e-22,-0.004,,0.0,0.2
continuous__osqp__rep001__seednone,continuous,osqp,1,,215,Asset_215,Group_2,0.004,2.5944981150118093e-23,-0.004,,0.0,0.2
continuous__osqp__rep001__seednone,continuous,osqp,1,,216,Asset_216,Group_1,0.004,8.308549560044364e-22,-0.004,,0.0,0.2
continuous__osqp__rep001__seednone,continuous,osqp,1,,217,Asset_217,Group_1,0.004,2.023493142501042e-22,-0.004,,0.0,0.2
continuous__osqp__rep001__seednone,continuous,osqp,1,,218,Asset_218,Group_6,0.004,4.355363288815138e-22,-0.004,,0.0,0.2
continuous__osqp__rep001__seednone,continuous,osqp,1,,219,Asset_219,Group_2,0.004,3.586577685025951e-22,-0.004,,0.0,0.2
continuous__osqp__rep001__seednone,continuous,osqp,1,,220,Asset_220,Group_5,0.004,-3.518249061985212e-22,-0.004,,0.0,0.2
continuous__osqp__rep001__seednone,continuous,osqp,1,,221,Asset_221,Group_1,0.004,3.150481892918993e-22,-0.004,,0.0,0.2
continuous__osqp__rep001__seednone,continuous,osqp,1,,222,Asset_222,Group_3,0.004,-4.701993923080463e-22,-0.004,,0.0,0.2
continuous__osqp__rep001__seednone,continuous,osqp,1,,223,Asset_223,Group_0,0.004,-1.031702822923228e-22,-0.004,,0.0,0.2
continuous__osqp__rep001__seednone,continuous,osqp,1,,224,Asset_224,Group_0,0.004,1.5755949718954471e-21,-0.004,,0.0,0.2
continuous__osqp__rep001__seednone,continuous,osqp,1,,225,Asset_225,Group_0,0.004,-1.1751592444135817e-22,-0.004,,0.0,0.2
continuous__osqp__rep001__seednone,continuous,osqp,1,,226,Asset_226,Group_6,0.004,6.250211361289084e-22,-0.004,,0.0,0.2
continuous__osqp__rep001__seednone,continuous,osqp,1,,227,Asset_227,Group_7,0.004,-9.295877794898308e-23,-0.004,,0.0,0.2
continuous__osqp__rep001__seednone,continuous,osqp,1,,228,Asset_228,Group_3,0.004,-5.065441513773152e-23,-0.004,,0.0,0.2
continuous__osqp__rep001__seednone,continuous,osqp,1,,229,Asset_229,Group_6,0.004,-4.804598417570584e-22,-0.004,,0.0,0.2
continuous__osqp__rep001__seednone,continuous,osqp,1,,230,Asset_230,Group_4,0.004,0.0009467098243560259,-0.0030532901756439744,,0.0,0.2
continuous__osqp__rep001__seednone,continuous,osqp,1,,231,Asset_231,Group_5,0.004,3.928066178287571e-22,-0.004,,0.0,0.2
continuous__osqp__rep001__seednone,continuous,osqp,1,,232,Asset_232,Group_5,0.004,4.57830819848838e-22,-0.004,,0.0,0.2
continuous__osqp__rep001__seednone,continuous,osqp,1,,233,Asset_233,Group_2,0.004,0.09725776942839304,0.09325776942839303,,0.0,0.2
continuous__osqp__rep001__seednone,continuous,osqp,1,,234,Asset_234,Group_2,0.004,1.1470745043831101e-22,-0.004,,0.0,0.2
continuous__osqp__rep001__seednone,continuous,osqp,1,,235,Asset_235,Group_7,0.004,-4.76256466448049e-22,-0.004,,0.0,0.2
continuous__osqp__rep001__seednone,continuous,osqp,1,,236,Asset_236,Group_2,0.004,-4.566393344400499e-22,-0.004,,0.0,0.2
continuous__osqp__rep001__seednone,continuous,osqp,1,,237,Asset_237,Group_0,0.004,6.873514377155794e-22,-0.004,,0.0,0.2
continuous__osqp__rep001__seednone,continuous,osqp,1,,238,Asset_238,Group_5,0.004,5.618935545698988e-22,-0.004,,0.0,0.2
continuous__osqp__rep001__seednone,continuous,osqp,1,,239,Asset_239,Group_5,0.004,0.004,0.0,,0.0,0.2
continuous__osqp__rep001__seednone,continuous,osqp,1,,240,Asset_240,Group_7,0.004,7.354800700169155e-22,-0.004,,0.0,0.2
continuous__osqp__rep001__seednone,continuous,osqp,1,,241,Asset_241,Group_6,0.004,-2.2484398946022105e-22,-0.004,,0.0,0.2
continuous__osqp__rep001__seednone,continuous,osqp,1,,242,Asset_242,Group_0,0.004,2.74561050730609e-22,-0.004,,0.0,0.2
continuous__osqp__rep001__seednone,continuous,osqp,1,,243,Asset_243,Group_2,0.004,-3.457279844537752e-22,-0.004,,0.0,0.2
continuous__osqp__rep001__seednone,continuous,osqp,1,,244,Asset_244,Group_7,0.004,4.974676422828578e-22,-0.004,,0.0,0.2
continuous__osqp__rep001__seednone,continuous,osqp,1,,245,Asset_245,Group_7,0.004,5.211541491580034e-23,-0.004,,0.0,0.2
continuous__osqp__rep001__seednone,continuous,osqp,1,,246,Asset_246,Group_0,0.004,5.095158201079537e-22,-0.004,,0.0,0.2
continuous__osqp__rep001__seednone,continuous,osqp,1,,247,Asset_247,Group_3,0.004,5.6266482595308815e-22,-0.004,,0.0,0.2
continuous__osqp__rep001__seednone,continuous,osqp,1,,248,Asset_248,Group_2,0.004,4.993775770380901e-22,-0.004,,0.0,0.2
continuous__osqp__rep001__seednone,continuous,osqp,1,,249,Asset_249,Group_0,0.004,8.082401033375459e-22,-0.004,,0.0,0.2
continuous__osqp__rep002__seednone,continuous,osqp,2,,0,Asset_000,Group_3,0.004,5.358518234686142e-23,-0.004,,0.0,0.2
continuous__osqp__rep002__seednone,continuous,osqp,2,,1,Asset_001,Group_7,0.004,3.842721977531587e-22,-0.004,,0.0,0.2
continuous__osqp__rep002__seednone,continuous,osqp,2,,2,Asset_002,Group_7,0.004,2.5291835653718636e-22,-0.004,,0.0,0.2
continuous__osqp__rep002__seednone,continuous,osqp,2,,3,Asset_003,Group_2,0.004,-2.333794973085948e-22,-0.004,,0.0,0.2
continuous__osqp__rep002__seednone,continuous,osqp,2,,4,Asset_004,Group_6,0.004,-6.595341649437168e-23,-0.004,,0.0,0.2
continuous__osqp__rep002__seednone,continuous,osqp,2,,5,Asset_005,Group_7,0.004,1.3322129677216666e-21,-0.004,,0.0,0.2
continuous__osqp__rep002__seednone,continuous,osqp,2,,6,Asset_006,Group_3,0.004,5.079576090047065e-22,-0.004,,0.0,0.2
continuous__osqp__rep002__seednone,continuous,osqp,2,,7,Asset_007,Group_0,0.004,7.387232458605747e-22,-0.004,,0.0,0.2
continuous__osqp__rep002__seednone,continuous,osqp,2,,8,Asset_008,Group_2,0.004,-2.289266387036694e-22,-0.004,,0.0,0.2
continuous__osqp__rep002__seednone,continuous,osqp,2,,9,Asset_009,Group_6,0.004,7.418559846531862e-23,-0.004,,0.0,0.2
continuous__osqp__rep002__seednone,continuous,osqp,2,,10,Asset_010,Group_0,0.004,4.02665545169695e-22,-0.004,,0.0,0.2
continuous__osqp__rep002__seednone,continuous,osqp,2,,11,Asset_011,Group_5,0.004,6.765988587546464e-22,-0.004,,0.0,0.2
continuous__osqp__rep002__seednone,continuous,osqp,2,,12,Asset_012,Group_7,0.004,4.343930585957206e-22,-0.004,,0.0,0.2
continuous__osqp__rep002__seednone,continuous,osqp,2,,13,Asset_013,Group_2,0.004,3.8434037832000736e-25,-0.004,,0.0,0.2
continuous__osqp__rep002__seednone,continuous,osqp,2,,14,Asset_014,Group_4,0.004,-3.2024432686766527e-22,-0.004,,0.0,0.2
continuous__osqp__rep002__seednone,continuous,osqp,2,,15,Asset_015,Group_4,0.004,6.1718125595620835e-22,-0.004,,0.0,0.2
continuous__osqp__rep002__seednone,continuous,osqp,2,,16,Asset_016,Group_1,0.004,3.7817312531943023e-22,-0.004,,0.0,0.2
continuous__osqp__rep002__seednone,continuous,osqp,2,,17,Asset_017,Group_4,0.004,4.43780324854965e-22,-0.004,,0.0,0.2
continuous__osqp__rep002__seednone,continuous,osqp,2,,18,Asset_018,Group_3,0.004,-1.6730268950392345e-22,-0.004,,0.0,0.2
continuous__osqp__rep002__seednone,continuous,osqp,2,,19,Asset_019,Group_2,0.004,-1.4377384448485592e-22,-0.004,,0.0,0.2
continuous__osqp__rep002__seednone,continuous,osqp,2,,20,Asset_020,Group_1,0.004,-3.2195239426014738e-22,-0.004,,0.0,0.2
continuous__osqp__rep002__seednone,continuous,osqp,2,,21,Asset_021,Group_1,0.004,2.349186569867816e-22,-0.004,,0.0,0.2
continuous__osqp__rep002__seednone,continuous,osqp,2,,22,Asset_022,Group_3,0.004,0.016000000000000077,0.012000000000000077,,0.0,0.2
continuous__osqp__rep002__seednone,continuous,osqp,2,,23,Asset_023,Group_6,0.004,1.0698900676146065e-22,-0.004,,0.0,0.2
continuous__osqp__rep002__seednone,continuous,osqp,2,,24,Asset_024,Group_4,0.004,5.18915876086542e-22,-0.004,,0.0,0.2
continuous__osqp__rep002__seednone,continuous,osqp,2,,25,Asset_025,Group_5,0.004,3.5297346120238554e-22,-0.004,,0.0,0.2
continuous__osqp__rep002__seednone,continuous,osqp,2,,26,Asset_026,Group_1,0.004,-1.1370099639922968e-22,-0.004,,0.0,0.2
continuous__osqp__rep002__seednone,continuous,osqp,2,,27,Asset_027,Group_7,0.004,1.5641325347355887e-22,-0.004,,0.0,0.2
continuous__osqp__rep002__seednone,continuous,osqp,2,,28,Asset_028,Group_1,0.004,-4.471005971726164e-23,-0.004,,0.0,0.2
continuous__osqp__rep002__seednone,continuous,osqp,2,,29,Asset_029,Group_4,0.004,2.6691221031790334e-23,-0.004,,0.0,0.2
continuous__osqp__rep002__seednone,continuous,osqp,2,,30,Asset_030,Group_1,0.004,3.3287907604421147e-22,-0.004,,0.0,0.2
continuous__osqp__rep002__seednone,continuous,osqp,2,,31,Asset_031,Group_2,0.004,-6.897876430991771e-22,-0.004,,0.0,0.2
continuous__osqp__rep002__seednone,continuous,osqp,2,,32,Asset_032,Group_1,0.004,3.6855571313154804e-22,-0.004,,0.0,0.2
continuous__osqp__rep002__seednone,continuous,osqp,2,,33,Asset_033,Group_3,0.004,-2.3509294742297375e-22,-0.004,,0.0,0.2
continuous__osqp__rep002__seednone,continuous,osqp,2,,34,Asset_034,Group_4,0.004,1.639735031657362e-22,-0.004,,0.0,0.2
continuous__osqp__rep002__seednone,continuous,osqp,2,,35,Asset_035,Group_6,0.004,1.5963224224700603e-22,-0.004,,0.0,0.2
continuous__osqp__rep002__seednone,continuous,osqp,2,,36,Asset_036,Group_3,0.004,3.9735670167995087e-22,-0.004,,0.0,0.2
continuous__osqp__rep002__seednone,continuous,osqp,2,,37,Asset_037,Group_1,0.004,-1.850904983246503e-22,-0.004,,0.0,0.2
continuous__osqp__rep002__seednone,continuous,osqp,2,,38,Asset_038,Group_5,0.004,-3.305254545464964e-22,-0.004,,0.0,0.2
continuous__osqp__rep002__seednone,continuous,osqp,2,,39,Asset_039,Group_7,0.004,1.3011837880999852e-21,-0.004,,0.0,0.2
continuous__osqp__rep002__seednone,continuous,osqp,2,,40,Asset_040,Group_1,0.004,4.931811607428234e-22,-0.004,,0.0,0.2
continuous__osqp__rep002__seednone,continuous,osqp,2,,41,Asset_041,Group_5,0.004,-1.4105940436038525e-22,-0.004,,0.0,0.2
continuous__osqp__rep002__seednone,continuous,osqp,2,,42,Asset_042,Group_5,0.004,-6.772277346771071e-22,-0.004,,0.0,0.2
continuous__osqp__rep002__seednone,continuous,osqp,2,,43,Asset_043,Group_6,0.004,0.00606348321723946,0.0020634832172394596,,0.0,0.2
continuous__osqp__rep002__seednone,continuous,osqp,2,,44,Asset_044,Group_3,0.004,6.026761516159387e-22,-0.004,,0.0,0.2
continuous__osqp__rep002__seednone,continuous,osqp,2,,45,Asset_045,Group_3,0.004,-5.115397613291501e-22,-0.004,,0.0,0.2
continuous__osqp__rep002__seednone,continuous,osqp,2,,46,Asset_046,Group_6,0.004,0.11134735042700926,0.10734735042700926,,0.0,0.2
continuous__osqp__rep002__seednone,continuous,osqp,2,,47,Asset_047,Group_7,0.004,-1.196370897150554e-22,-0.004,,0.0,0.2
continuous__osqp__rep002__seednone,continuous,osqp,2,,48,Asset_048,Group_7,0.004,2.0782398075620668e-22,-0.004,,0.0,0.2
continuous__osqp__rep002__seednone,continuous,osqp,2,,49,Asset_049,Group_7,0.004,-1.5393487617126213e-22,-0.004,,0.0,0.2
continuous__osqp__rep002__seednone,continuous,osqp,2,,50,Asset_050,Group_1,0.004,-1.3039954220473014e-22,-0.004,,0.0,0.2
continuous__osqp__rep002__seednone,continuous,osqp,2,,51,Asset_051,Group_3,0.004,4.941494889358106e-22,-0.004,,0.0,0.2
continuous__osqp__rep002__seednone,continuous,osqp,2,,52,Asset_052,Group_3,0.004,-3.3655670299414275e-22,-0.004,,0.0,0.2
continuous__osqp__rep002__seednone,continuous,osqp,2,,53,Asset_053,Group_2,0.004,1.2131308783573913e-21,-0.004,,0.0,0.2
continuous__osqp__rep002__seednone,continuous,osqp,2,,54,Asset_054,Group_3,0.004,-1.0296763186973584e-22,-0.004,,0.0,0.2
continuous__osqp__rep002__seednone,continuous,osqp,2,,55,Asset_055,Group_2,0.004,3.8087133082719045e-22,-0.004,,0.0,0.2
continuous__osqp__rep002__seednone,continuous,osqp,2,,56,Asset_056,Group_4,0.004,0.08221041483256344,0.07821041483256344,,0.0,0.2
continuous__osqp__rep002__seednone,continuous,osqp,2,,57,Asset_057,Group_4,0.004,-2.894229762008215e-22,-0.004,,0.0,0.2
continuous__osqp__rep002__seednone,continuous,osqp,2,,58,Asset_058,Group_4,0.004,-3.920842790638267e-22,-0.004,,0.0,0.2
continuous__osqp__rep002__seednone,continuous,osqp,2,,59,Asset_059,Group_0,0.004,-6.716534748180937e-22,-0.004,,0.0,0.2
continuous__osqp__rep002__seednone,continuous,osqp,2,,60,Asset_060,Group_6,0.004,2.6291569508855715e-22,-0.004,,0.0,0.2
continuous__osqp__rep002__seednone,continuous,osqp,2,,61,Asset_061,Group_7,0.004,-6.138699360335544e-22,-0.004,,0.0,0.2
continuous__osqp__rep002__seednone,continuous,osqp,2,,62,Asset_062,Group_5,0.004,1.3578040573348063e-22,-0.004,,0.0,0.2
continuous__osqp__rep002__seednone,continuous,osqp,2,,63,Asset_063,Group_1,0.004,-7.321850122476009e-24,-0.004,,0.0,0.2
continuous__osqp__rep002__seednone,continuous,osqp,2,,64,Asset_064,Group_4,0.004,2.213121538611956e-22,-0.004,,0.0,0.2
continuous__osqp__rep002__seednone,continuous,osqp,2,,65,Asset_065,Group_3,0.004,-7.782502217186925e-22,-0.004,,0.0,0.2
continuous__osqp__rep002__seednone,continuous,osqp,2,,66,Asset_066,Group_0,0.004,3.836831320077398e-22,-0.004,,0.0,0.2
continuous__osqp__rep002__seednone,continuous,osqp,2,,67,Asset_067,Group_1,0.004,2.980864283628935e-23,-0.004,,0.0,0.2
continuous__osqp__rep002__seednone,continuous,osqp,2,,68,Asset_068,Group_4,0.004,-2.0489479407914315e-22,-0.004,,0.0,0.2
continuous__osqp__rep002__seednone,continuous,osqp,2,,69,Asset_069,Group_4,0.004,-2.7431751681507718e-24,-0.004,,0.0,0.2
continuous__osqp__rep002__seednone,continuous,osqp,2,,70,Asset_070,Group_6,0.004,-1.1744527050754699e-21,-0.004,,0.0,0.2
continuous__osqp__rep002__seednone,continuous,osqp,2,,71,Asset_071,Group_4,0.004,2.6961234080345486e-22,-0.004,,0.0,0.2
continuous__osqp__rep002__seednone,continuous,osqp,2,,72,Asset_072,Group_0,0.004,0.020000000000000077,0.016000000000000077,,0.0,0.2
continuous__osqp__rep002__seednone,continuous,osqp,2,,73,Asset_073,Group_2,0.004,6.706616517058457e-22,-0.004,,0.0,0.2
continuous__osqp__rep002__seednone,continuous,osqp,2,,74,Asset_074,Group_1,0.004,-3.4547290450667444e-22,-0.004,,0.0,0.2
continuous__osqp__rep002__seednone,continuous,osqp,2,,75,Asset_075,Group_6,0.004,3.348353733001821e-23,-0.004,,0.0,0.2
continuous__osqp__rep002__seednone,continuous,osqp,2,,76,Asset_076,Group_5,0.004,-1.8082895502422177e-23,-0.004,,0.0,0.2
continuous__osqp__rep002__seednone,continuous,osqp,2,,77,Asset_077,Group_0,0.004,6.122643910594635e-22,-0.004,,0.0,0.2
continuous__osqp__rep002__seednone,continuous,osqp,2,,78,Asset_078,Group_1,0.004,3.28346459180303e-23,-0.004,,0.0,0.2
continuous__osqp__rep002__seednone,continuous,osqp,2,,79,Asset_079,Group_6,0.004,-4.042774283286065e-23,-0.004,,0.0,0.2
continuous__osqp__rep002__seednone,continuous,osqp,2,,80,Asset_080,Group_5,0.004,-5.960703353329826e-24,-0.004,,0.0,0.2
continuous__osqp__rep002__seednone,continuous,osqp,2,,81,Asset_081,Group_4,0.004,4.3306365032790905e-23,-0.004,,0.0,0.2
continuous__osqp__rep002__seednone,continuous,osqp,2,,82,Asset_082,Group_0,0.004,1.9327258254818488e-22,-0.004,,0.0,0.2
continuous__osqp__rep002__seednone,continuous,osqp,2,,83,Asset_083,Group_2,0.004,1.0883547547356624e-21,-0.004,,0.0,0.2
continuous__osqp__rep002__seednone,continuous,osqp,2,,84,Asset_084,Group_0,0.004,1.7761786059834455e-21,-0.004,,0.0,0.2
continuous__osqp__rep002__seednone,continuous,osqp,2,,85,Asset_085,Group_6,0.004,9.870611660446602e-22,-0.004,,0.0,0.2
continuous__osqp__rep002__seednone,continuous,osqp,2,,86,Asset_086,Group_6,0.004,0.03677238243361313,0.032772382433613134,,0.0,0.2
continuous__osqp__rep002__seednone,continuous,osqp,2,,87,Asset_087,Group_5,0.004,5.131447989471966e-22,-0.004,,0.0,0.2
continuous__osqp__rep002__seednone,continuous,osqp,2,,88,Asset_088,Group_7,0.004,0.004,0.0,,0.0,0.2
continuous__osqp__rep002__seednone,continuous,osqp,2,,89,Asset_089,Group_2,0.004,7.605086893336167e-22,-0.004,,0.0,0.2
continuous__osqp__rep002__seednone,continuous,osqp,2,,90,Asset_090,Group_1,0.004,-1.9767655593378323e-22,-0.004,,0.0,0.2
continuous__osqp__rep002__seednone,continuous,osqp,2,,91,Asset_091,Group_3,0.004,-8.455092914692446e-22,-0.004,,0.0,0.2
continuous__osqp__rep002__seednone,continuous,osqp,2,,92,Asset_092,Group_2,0.004,2.510260357016694e-22,-0.004,,0.0,0.2
continuous__osqp__rep002__seednone,continuous,osqp,2,,93,Asset_093,Group_6,0.004,1.1483561459572252e-22,-0.004,,0.0,0.2
continuous__osqp__rep002__seednone,continuous,osqp,2,,94,Asset_094,Group_5,0.004,0.16674289005230994,0.16274289005230994,,0.0,0.2
continuous__osqp__rep002__seednone,continuous,osqp,2,,95,Asset_095,Group_7,0.004,-5.335451843210227e-22,-0.004,,0.0,0.2
continuous__osqp__rep002__seednone,continuous,osqp,2,,96,Asset_096,Group_5,0.004,4.511842419158335e-23,-0.004,,0.0,0.2
continuous__osqp__rep002__seednone,continuous,osqp,2,,97,Asset_097,Group_2,0.004,1.2275191560439323e-22,-0.004,,0.0,0.2
continuous__osqp__rep002__seednone,continuous,osqp,2,,98,Asset_098,Group_3,0.004,-2.1176864009406194e-22,-0.004,,0.0,0.2
continuous__osqp__rep002__seednone,continuous,osqp,2,,99,Asset_099,Group_7,0.004,-1.3873290903210995e-22,-0.004,,0.0,0.2
continuous__osqp__rep002__seednone,continuous,osqp,2,,100,Asset_100,Group_7,0.004,7.783695847863243e-22,-0.004,,0.0,0.2
continuous__osqp__rep002__seednone,continuous,osqp,2,,101,Asset_101,Group_1,0.004,0.07333337087357836,0.06933337087357835,,0.0,0.2
continuous__osqp__rep002__seednone,continuous,osqp,2,,102,Asset_102,Group_3,0.004,0.004,0.0,,0.0,0.2
continuous__osqp__rep002__seednone,continuous,osqp,2,,103,Asset_103,Group_6,0.004,-1.0710640354165705e-22,-0.004,,0.0,0.2
continuous__osqp__rep002__seednone,continuous,osqp,2,,104,Asset_104,Group_0,0.004,2.56095360665744e-22,-0.004,,0.0,0.2
continuous__osqp__rep002__seednone,continuous,osqp,2,,105,Asset_105,Group_2,0.004,-1.553642132712119e-22,-0.004,,0.0,0.2
continuous__osqp__rep002__seednone,continuous,osqp,2,,106,Asset_106,Group_4,0.004,5.247056809245657e-22,-0.004,,0.0,0.2
continuous__osqp__rep002__seednone,continuous,osqp,2,,107,Asset_107,Group_4,0.004,3.216244424803146e-22,-0.004,,0.0,0.2
continuous__osqp__rep002__seednone,continuous,osqp,2,,108,Asset_108,Group_4,0.004,-2.2514688293879233e-22,-0.004,,0.0,0.2
continuous__osqp__rep002__seednone,continuous,osqp,2,,109,Asset_109,Group_4,0.004,5.828636695085128e-22,-0.004,,0.0,0.2
continuous__osqp__rep002__seednone,continuous,osqp,2,,110,Asset_110,Group_3,0.004,2.0230996776356956e-23,-0.004,,0.0,0.2
continuous__osqp__rep002__seednone,continuous,osqp,2,,111,Asset_111,Group_2,0.004,-6.957905806978924e-22,-0.004,,0.0,0.2
continuous__osqp__rep002__seednone,continuous,osqp,2,,112,Asset_112,Group_0,0.004,-1.0044542185601941e-22,-0.004,,0.0,0.2
continuous__osqp__rep002__seednone,continuous,osqp,2,,113,Asset_113,Group_7,0.004,1.2552212093993594e-22,-0.004,,0.0,0.2
continuous__osqp__rep002__seednone,continuous,osqp,2,,114,Asset_114,Group_7,0.004,6.21397885924621e-22,-0.004,,0.0,0.2
continuous__osqp__rep002__seednone,continuous,osqp,2,,115,Asset_115,Group_2,0.004,1.0442903278866243e-22,-0.004,,0.0,0.2
continuous__osqp__rep002__seednone,continuous,osqp,2,,116,Asset_116,Group_3,0.004,4.1206111141305277e-22,-0.004,,0.0,0.2
continuous__osqp__rep002__seednone,continuous,osqp,2,,117,Asset_117,Group_6,0.004,3.071504734390376e-22,-0.004,,0.0,0.2
continuous__osqp__rep002__seednone,continuous,osqp,2,,118,Asset_118,Group_3,0.004,4.52006633024484e-22,-0.004,,0.0,0.2
continuous__osqp__rep002__seednone,continuous,osqp,2,,119,Asset_119,Group_5,0.004,3.809150403958425e-22,-0.004,,0.0,0.2
continuous__osqp__rep002__seednone,continuous,osqp,2,,120,Asset_120,Group_6,0.004,-3.40043325587193e-24,-0.004,,0.0,0.2
continuous__osqp__rep002__seednone,continuous,osqp,2,,121,Asset_121,Group_2,0.004,-2.4394713358957074e-22,-0.004,,0.0,0.2
continuous__osqp__rep002__seednone,continuous,osqp,2,,122,Asset_122,Group_5,0.004,3.401124511954059e-22,-0.004,,0.0,0.2
continuous__osqp__rep002__seednone,continuous,osqp,2,,123,Asset_123,Group_7,0.004,1.1429214016412865e-22,-0.004,,0.0,0.2
continuous__osqp__rep002__seednone,continuous,osqp,2,,124,Asset_124,Group_4,0.004,-1.899440362582039e-23,-0.004,,0.0,0.2
continuous__osqp__rep002__seednone,continuous,osqp,2,,125,Asset_125,Group_0,0.004,-2.145886860884446e-22,-0.004,,0.0,0.2
continuous__osqp__rep002__seednone,continuous,osqp,2,,126,Asset_126,Group_4,0.004,2.1405692119213657e-22,-0.004,,0.0,0.2
continuous__osqp__rep002__seednone,continuous,osqp,2,,127,Asset_127,Group_4,0.004,4.1196872241307197e-22,-0.004,,0.0,0.2
continuous__osqp__rep002__seednone,continuous,osqp,2,,128,Asset_128,Group_0,0.004,0.004,0.0,,0.0,0.2
continuous__osqp__rep002__seednone,continuous,osqp,2,,129,Asset_129,Group_1,0.004,5.748198521969556e-22,-0.004,,0.0,0.2
continuous__osqp__rep002__seednone,continuous,osqp,2,,130,Asset_130,Group_2,0.004,1.0854069224987574e-22,-0.004,,0.0,0.2
continuous__osqp__rep002__seednone,continuous,osqp,2,,131,Asset_131,Group_6,0.004,7.587839956485834e-22,-0.004,,0.0,0.2
continuous__osqp__rep002__seednone,continuous,osqp,2,,132,Asset_132,Group_6,0.004,-1.6437875954589453e-24,-0.004,,0.0,0.2
continuous__osqp__rep002__seednone,continuous,osqp,2,,133,Asset_133,Group_0,0.004,0.004,0.0,,0.0,0.2
continuous__osqp__rep002__seednone,continuous,osqp,2,,134,Asset_134,Group_2,0.004,-2.619665363605807e-22,-0.004,,0.0,0.2
continuous__osqp__rep002__seednone,continuous,osqp,2,,135,Asset_135,Group_5,0.004,-5.24272717186696e-22,-0.004,,0.0,0.2
continuous__osqp__rep002__seednone,continuous,osqp,2,,136,Asset_136,Group_4,0.004,7.019303944798986e-22,-0.004,,0.0,0.2
continuous__osqp__rep002__seednone,continuous,osqp,2,,137,Asset_137,Group_7,0.004,-4.7742333575001e-22,-0.004,,0.0,0.2
continuous__osqp__rep002__seednone,continuous,osqp,2,,138,Asset_138,Group_4,0.004,2.732880264745559e-22,-0.004,,0.0,0.2
continuous__osqp__rep002__seednone,continuous,osqp,2,,139,Asset_139,Group_2,0.004,-2.464798398869627e-22,-0.004,,0.0,0.2
continuous__osqp__rep002__seednone,continuous,osqp,2,,140,Asset_140,Group_6,0.004,4.822361555864521e-22,-0.004,,0.0,0.2
continuous__osqp__rep002__seednone,continuous,osqp,2,,141,Asset_141,Group_0,0.004,-1.1848227846891647e-22,-0.004,,0.0,0.2
continuous__osqp__rep002__seednone,continuous,osqp,2,,142,Asset_142,Group_2,0.004,4.438946242748001e-22,-0.004,,0.0,0.2
continuous__osqp__rep002__seednone,continuous,osqp,2,,143,Asset_143,Group_3,0.004,4.946019349326412e-22,-0.004,,0.0,0.2
continuous__osqp__rep002__seednone,continuous,osqp,2,,144,Asset_144,Group_1,0.004,8.97832174824203e-23,-0.004,,0.0,0.2
continuous__osqp__rep002__seednone,continuous,osqp,2,,145,Asset_145,Group_1,0.004,5.1380272103057795e-22,-0.004,,0.0,0.2
continuous__osqp__rep002__seednone,continuous,osqp,2,,146,Asset_146,Group_0,0.004,-2.3752949364840855e-23,-0.004,,0.0,0.2
continuous__osqp__rep002__seednone,continuous,osqp,2,,147,Asset_147,Group_7,0.004,-3.747607968026146e-23,-0.004,,0.0,0.2
continuous__osqp__rep002__seednone,continuous,osqp,2,,148,Asset_148,Group_3,0.004,0.004,0.0,,0.0,0.2
continuous__osqp__rep002__seednone,continuous,osqp,2,,149,Asset_149,Group_4,0.004,8.301129861218415e-23,-0.004,,0.0,0.2
continuous__osqp__rep002__seednone,continuous,osqp,2,,150,Asset_150,Group_0,0.004,1.3472486216908887e-23,-0.004,,0.0,0.2
continuous__osqp__rep002__seednone,continuous,osqp,2,,151,Asset_151,Group_1,0.004,4.602547426374076e-22,-0.004,,0.0,0.2
continuous__osqp__rep002__seednone,continuous,osqp,2,,152,Asset_152,Group_4,0.004,5.78115638972072e-22,-0.004,,0.0,0.2
continuous__osqp__rep002__seednone,continuous,osqp,2,,153,Asset_153,Group_4,0.004,-7.0112617898756e-23,-0.004,,0.0,0.2
continuous__osqp__rep002__seednone,continuous,osqp,2,,154,Asset_154,Group_6,0.004,0.08821218228032768,0.08421218228032767,,0.0,0.2
continuous__osqp__rep002__seednone,continuous,osqp,2,,155,Asset_155,Group_1,0.004,0.0455088449888013,0.041508844988801294,,0.0,0.2
continuous__osqp__rep002__seednone,continuous,osqp,2,,156,Asset_156,Group_5,0.004,1.849054993476301e-23,-0.004,,0.0,0.2
continuous__osqp__rep002__seednone,continuous,osqp,2,,157,Asset_157,Group_5,0.004,2.695529327869618e-22,-0.004,,0.0,0.2
continuous__osqp__rep002__seednone,continuous,osqp,2,,158,Asset_158,Group_6,0.004,0.031604601641810566,0.027604601641810566,,0.0,0.2
continuous__osqp__rep002__seednone,continuous,osqp,2,,159,Asset_159,Group_0,0.004,-1.4567806986230845e-22,-0.004,,0.0,0.2
continuous__osqp__rep002__seednone,continuous,osqp,2,,160,Asset_160,Group_5,0.004,1.6561433924247413e-22,-0.004,,0.0,0.2
continuous__osqp__rep002__seednone,continuous,osqp,2,,161,Asset_161,Group_0,0.004,4.858750382136862e-22,-0.004,,0.0,0.2
continuous__osqp__rep002__seednone,continuous,osqp,2,,162,Asset_162,Group_0,0.004,4.711333541592403e-22,-0.004,,0.0,0.2
continuous__osqp__rep002__seednone,continuous,osqp,2,,163,Asset_163,Group_6,0.004,-2.2567527596823633e-22,-0.004,,0.0,0.2
continuous__osqp__rep002__seednone,continuous,osqp,2,,164,Asset_164,Group_3,0.004,-4.63815280302453e-23,-0.004,,0.0,0.2
continuous__osqp__rep002__seednone,continuous,osqp,2,,165,Asset_165,Group_2,0.004,4.644766694769322e-22,-0.004,,0.0,0.2
continuous__osqp__rep002__seednone,continuous,osqp,2,,166,Asset_166,Group_3,0.004,2.012633308394631e-22,-0.004,,0.0,0.2
continuous__osqp__rep002__seednone,continuous,osqp,2,,167,Asset_167,Group_6,0.004,-5.628980963428111e-22,-0.004,,0.0,0.2
continuous__osqp__rep002__seednone,continuous,osqp,2,,168,Asset_168,Group_1,0.004,2.289283607304681e-23,-0.004,,0.0,0.2
continuous__osqp__rep002__seednone,continuous,osqp,2,,169,Asset_169,Group_3,0.004,6.354828923780739e-22,-0.004,,0.0,0.2
continuous__osqp__rep002__seednone,continuous,osqp,2,,170,Asset_170,Group_5,0.004,3.7083226969101555e-22,-0.004,,0.0,0.2
continuous__osqp__rep002__seednone,continuous,osqp,2,,171,Asset_171,Group_3,0.004,-3.380854280494333e-23,-0.004,,0.0,0.2
continuous__osqp__rep002__seednone,continuous,osqp,2,,172,Asset_172,Group_4,0.004,-2.1975308011030794e-22,-0.004,,0.0,0.2
continuous__osqp__rep002__seednone,continuous,osqp,2,,173,Asset_173,Group_7,0.004,2.326726270102304e-22,-0.004,,0.0,0.2
continuous__osqp__rep002__seednone,continuous,osqp,2,,174,Asset_174,Group_3,0.004,3.9973057865548514e-22,-0.004,,0.0,0.2
continuous__osqp__rep002__seednone,continuous,osqp,2,,175,Asset_175,Group_5,0.004,-6.125847102583957e-22,-0.004,,0.0,0.2
continuous__osqp__rep002__seednone,continuous,osqp,2,,176,Asset_176,Group_4,0.004,5.438082015932926e-23,-0.004,,0.0,0.2
continuous__osqp__rep002__seednone,continuous,osqp,2,,177,Asset_177,Group_1,0.004,2.1718373595794686e-23,-0.004,,0.0,0.2
continuous__osqp__rep002__seednone,continuous,osqp,2,,178,Asset_178,Group_7,0.004,-4.912568072991308e-22,-0.004,,0.0,0.2
continuous__osqp__rep002__seednone,continuous,osqp,2,,179,Asset_179,Group_6,0.004,-3.39524783121383e-22,-0.004,,0.0,0.2
continuous__osqp__rep002__seednone,continuous,osqp,2,,180,Asset_180,Group_0,0.004,2.285727583024211e-22,-0.004,,0.0,0.2
continuous__osqp__rep002__seednone,continuous,osqp,2,,181,Asset_181,Group_7,0.004,3.5326833542964356e-22,-0.004,,0.0,0.2
continuous__osqp__rep002__seednone,continuous,osqp,2,,182,Asset_182,Group_1,0.004,-6.324995967905273e-22,-0.004,,0.0,0.2
continuous__osqp__rep002__seednone,continuous,osqp,2,,183,Asset_183,Group_5,0.004,1.7973298989956453e-22,-0.004,,0.0,0.2
continuous__osqp__rep002__seednone,continuous,osqp,2,,184,Asset_184,Group_0,0.004,1.1745785237771558e-21,-0.004,,0.0,0.2
continuous__osqp__rep002__seednone,continuous,osqp,2,,185,Asset_185,Group_7,0.004,-3.7639276195913133e-22,-0.004,,0.0,0.2
continuous__osqp__rep002__seednone,continuous,osqp,2,,186,Asset_186,Group_1,0.004,-1.172260122278445e-22,-0.004,,0.0,0.2
continuous__osqp__rep002__seednone,continuous,osqp,2,,187,Asset_187,Group_4,0.004,9.25137134945563e-22,-0.004,,0.0,0.2
continuous__osqp__rep002__seednone,continuous,osqp,2,,188,Asset_188,Group_7,0.004,3.680753449331021e-22,-0.004,,0.0,0.2
continuous__osqp__rep002__seednone,continuous,osqp,2,,189,Asset_189,Group_3,0.004,2.588659103436725e-22,-0.004,,0.0,0.2
continuous__osqp__rep002__seednone,continuous,osqp,2,,190,Asset_190,Group_7,0.004,1.4260893735805444e-22,-0.004,,0.0,0.2
continuous__osqp__rep002__seednone,continuous,osqp,2,,191,Asset_191,Group_5,0.004,-1.8850974283380162e-22,-0.004,,0.0,0.2
continuous__osqp__rep002__seednone,continuous,osqp,2,,192,Asset_192,Group_6,0.004,2.075400146139179e-22,-0.004,,0.0,0.2
continuous__osqp__rep002__seednone,continuous,osqp,2,,193,Asset_193,Group_5,0.004,8.455444593196436e-23,-0.004,,0.0,0.2
continuous__osqp__rep002__seednone,continuous,osqp,2,,194,Asset_194,Group_1,0.004,6.878997189870345e-23,-0.004,,0.0,0.2
continuous__osqp__rep002__seednone,continuous,osqp,2,,195,Asset_195,Group_7,0.004,0.2,0.196,,0.0,0.2
continuous__osqp__rep002__seednone,continuous,osqp,2,,196,Asset_196,Group_4,0.004,1.441838125789181e-22,-0.004,,0.0,0.2
continuous__osqp__rep002__seednone,continuous,osqp,2,,197,Asset_197,Group_5,0.004,6.514062845925998e-22,-0.004,,0.0,0.2
continuous__osqp__rep002__seednone,continuous,osqp,2,,198,Asset_198,Group_1,0.004,4.1409601342424887e-22,-0.004,,0.0,0.2
continuous__osqp__rep002__seednone,continuous,osqp,2,,199,Asset_199,Group_3,0.004,7.0678666461615925e-22,-0.004,,0.0,0.2
continuous__osqp__rep002__seednone,continuous,osqp,2,,200,Asset_200,Group_6,0.004,2.552679864061129e-22,-0.004,,0.0,0.2
continuous__osqp__rep002__seednone,continuous,osqp,2,,201,Asset_201,Group_0,0.004,3.9592511663212156e-22,-0.004,,0.0,0.2
continuous__osqp__rep002__seednone,continuous,osqp,2,,202,Asset_202,Group_6,0.004,2.642935680112686e-22,-0.004,,0.0,0.2
continuous__osqp__rep002__seednone,continuous,osqp,2,,203,Asset_203,Group_0,0.004,-3.676207588828607e-22,-0.004,,0.0,0.2
continuous__osqp__rep002__seednone,continuous,osqp,2,,204,Asset_204,Group_1,0.004,-5.61700272659535e-23,-0.004,,0.0,0.2
continuous__osqp__rep002__seednone,continuous,osqp,2,,205,Asset_205,Group_2,0.004,5.317216306887091e-23,-0.004,,0.0,0.2
continuous__osqp__rep002__seednone,continuous,osqp,2,,206,Asset_206,Group_0,0.004,5.302853287169254e-22,-0.004,,0.0,0.2
continuous__osqp__rep002__seednone,continuous,osqp,2,,207,Asset_207,Group_3,0.004,-1.976459935535907e-22,-0.004,,0.0,0.2
continuous__osqp__rep002__seednone,continuous,osqp,2,,208,Asset_208,Group_0,0.004,-2.0666663221288905e-22,-0.004,,0.0,0.2
continuous__osqp__rep002__seednone,continuous,osqp,2,,209,Asset_209,Group_5,0.004,-2.356226420247796e-22,-0.004,,0.0,0.2
continuous__osqp__rep002__seednone,continuous,osqp,2,,210,Asset_210,Group_2,0.004,1.3621131309321533e-22,-0.004,,0.0,0.2
continuous__osqp__rep002__seednone,continuous,osqp,2,,211,Asset_211,Group_5,0.004,1.4059864839094323e-22,-0.004,,0.0,0.2
continuous__osqp__rep002__seednone,continuous,osqp,2,,212,Asset_212,Group_2,0.004,-6.084079694374689e-23,-0.004,,0.0,0.2
continuous__osqp__rep002__seednone,continuous,osqp,2,,213,Asset_213,Group_5,0.004,3.3099774574824393e-22,-0.004,,0.0,0.2
continuous__osqp__rep002__seednone,continuous,osqp,2,,214,Asset_214,Group_1,0.004,-6.182481601134493e-22,-0.004,,0.0,0.2
continuous__osqp__rep002__seednone,continuous,osqp,2,,215,Asset_215,Group_2,0.004,2.5944981150118093e-23,-0.004,,0.0,0.2
continuous__osqp__rep002__seednone,continuous,osqp,2,,216,Asset_216,Group_1,0.004,8.308549560044364e-22,-0.004,,0.0,0.2
continuous__osqp__rep002__seednone,continuous,osqp,2,,217,Asset_217,Group_1,0.004,2.023493142501042e-22,-0.004,,0.0,0.2
continuous__osqp__rep002__seednone,continuous,osqp,2,,218,Asset_218,Group_6,0.004,4.355363288815138e-22,-0.004,,0.0,0.2
continuous__osqp__rep002__seednone,continuous,osqp,2,,219,Asset_219,Group_2,0.004,3.586577685025951e-22,-0.004,,0.0,0.2
continuous__osqp__rep002__seednone,continuous,osqp,2,,220,Asset_220,Group_5,0.004,-3.518249061985212e-22,-0.004,,0.0,0.2
continuous__osqp__rep002__seednone,continuous,osqp,2,,221,Asset_221,Group_1,0.004,3.150481892918993e-22,-0.004,,0.0,0.2
continuous__osqp__rep002__seednone,continuous,osqp,2,,222,Asset_222,Group_3,0.004,-4.701993923080463e-22,-0.004,,0.0,0.2
continuous__osqp__rep002__seednone,continuous,osqp,2,,223,Asset_223,Group_0,0.004,-1.031702822923228e-22,-0.004,,0.0,0.2
continuous__osqp__rep002__seednone,continuous,osqp,2,,224,Asset_224,Group_0,0.004,1.5755949718954471e-21,-0.004,,0.0,0.2
continuous__osqp__rep002__seednone,continuous,osqp,2,,225,Asset_225,Group_0,0.004,-1.1751592444135817e-22,-0.004,,0.0,0.2
continuous__osqp__rep002__seednone,continuous,osqp,2,,226,Asset_226,Group_6,0.004,6.250211361289084e-22,-0.004,,0.0,0.2
continuous__osqp__rep002__seednone,continuous,osqp,2,,227,Asset_227,Group_7,0.004,-9.295877794898308e-23,-0.004,,0.0,0.2
continuous__osqp__rep002__seednone,continuous,osqp,2,,228,Asset_228,Group_3,0.004,-5.065441513773152e-23,-0.004,,0.0,0.2
continuous__osqp__rep002__seednone,continuous,osqp,2,,229,Asset_229,Group_6,0.004,-4.804598417570584e-22,-0.004,,0.0,0.2
continuous__osqp__rep002__seednone,continuous,osqp,2,,230,Asset_230,Group_4,0.004,0.0009467098243560259,-0.0030532901756439744,,0.0,0.2
continuous__osqp__rep002__seednone,continuous,osqp,2,,231,Asset_231,Group_5,0.004,3.928066178287571e-22,-0.004,,0.0,0.2
continuous__osqp__rep002__seednone,continuous,osqp,2,,232,Asset_232,Group_5,0.004,4.57830819848838e-22,-0.004,,0.0,0.2
continuous__osqp__rep002__seednone,continuous,osqp,2,,233,Asset_233,Group_2,0.004,0.09725776942839304,0.09325776942839303,,0.0,0.2
continuous__osqp__rep002__seednone,continuous,osqp,2,,234,Asset_234,Group_2,0.004,1.1470745043831101e-22,-0.004,,0.0,0.2
continuous__osqp__rep002__seednone,continuous,osqp,2,,235,Asset_235,Group_7,0.004,-4.76256466448049e-22,-0.004,,0.0,0.2
continuous__osqp__rep002__seednone,continuous,osqp,2,,236,Asset_236,Group_2,0.004,-4.566393344400499e-22,-0.004,,0.0,0.2
continuous__osqp__rep002__seednone,continuous,osqp,2,,237,Asset_237,Group_0,0.004,6.873514377155794e-22,-0.004,,0.0,0.2
continuous__osqp__rep002__seednone,continuous,osqp,2,,238,Asset_238,Group_5,0.004,5.618935545698988e-22,-0.004,,0.0,0.2
continuous__osqp__rep002__seednone,continuous,osqp,2,,239,Asset_239,Group_5,0.004,0.004,0.0,,0.0,0.2
continuous__osqp__rep002__seednone,continuous,osqp,2,,240,Asset_240,Group_7,0.004,7.354800700169155e-22,-0.004,,0.0,0.2
continuous__osqp__rep002__seednone,continuous,osqp,2,,241,Asset_241,Group_6,0.004,-2.2484398946022105e-22,-0.004,,0.0,0.2
continuous__osqp__rep002__seednone,continuous,osqp,2,,242,Asset_242,Group_0,0.004,2.74561050730609e-22,-0.004,,0.0,0.2
continuous__osqp__rep002__seednone,continuous,osqp,2,,243,Asset_243,Group_2,0.004,-3.457279844537752e-22,-0.004,,0.0,0.2
continuous__osqp__rep002__seednone,continuous,osqp,2,,244,Asset_244,Group_7,0.004,4.974676422828578e-22,-0.004,,0.0,0.2
continuous__osqp__rep002__seednone,continuous,osqp,2,,245,Asset_245,Group_7,0.004,5.211541491580034e-23,-0.004,,0.0,0.2
continuous__osqp__rep002__seednone,continuous,osqp,2,,246,Asset_246,Group_0,0.004,5.095158201079537e-22,-0.004,,0.0,0.2
continuous__osqp__rep002__seednone,continuous,osqp,2,,247,Asset_247,Group_3,0.004,5.6266482595308815e-22,-0.004,,0.0,0.2
continuous__osqp__rep002__seednone,continuous,osqp,2,,248,Asset_248,Group_2,0.004,4.993775770380901e-22,-0.004,,0.0,0.2
continuous__osqp__rep002__seednone,continuous,osqp,2,,249,Asset_249,Group_0,0.004,8.082401033375459e-22,-0.004,,0.0,0.2
continuous__cvxpy_clarabel__rep000__seednone,continuous,cvxpy_clarabel,0,,0,Asset_000,Group_3,0.004,-1.0713365875912989e-10,-0.004000000107133659,,0.0,0.2
continuous__cvxpy_clarabel__rep000__seednone,continuous,cvxpy_clarabel,0,,1,Asset_001,Group_7,0.004,-1.7643259686958389e-10,-0.004000000176432597,,0.0,0.2
continuous__cvxpy_clarabel__rep000__seednone,continuous,cvxpy_clarabel,0,,2,Asset_002,Group_7,0.004,-8.297195089657115e-11,-0.004000000082971951,,0.0,0.2
continuous__cvxpy_clarabel__rep000__seednone,continuous,cvxpy_clarabel,0,,3,Asset_003,Group_2,0.004,-7.569541065302927e-11,-0.004000000075695411,,0.0,0.2
continuous__cvxpy_clarabel__rep000__seednone,continuous,cvxpy_clarabel,0,,4,Asset_004,Group_6,0.004,-1.2091770329528428e-10,-0.004000000120917703,,0.0,0.2
continuous__cvxpy_clarabel__rep000__seednone,continuous,cvxpy_clarabel,0,,5,Asset_005,Group_7,0.004,-1.4622968580739498e-10,-0.0040000001462296856,,0.0,0.2
continuous__cvxpy_clarabel__rep000__seednone,continuous,cvxpy_clarabel,0,,6,Asset_006,Group_3,0.004,-1.8381039512785734e-10,-0.004000000183810395,,0.0,0.2
continuous__cvxpy_clarabel__rep000__seednone,continuous,cvxpy_clarabel,0,,7,Asset_007,Group_0,0.004,-1.257149801579929e-10,-0.00400000012571498,,0.0,0.2
continuous__cvxpy_clarabel__rep000__seednone,continuous,cvxpy_clarabel,0,,8,Asset_008,Group_2,0.004,-1.4896755464118634e-10,-0.0040000001489675545,,0.0,0.2
continuous__cvxpy_clarabel__rep000__seednone,continuous,cvxpy_clarabel,0,,9,Asset_009,Group_6,0.004,-1.7614455390508783e-10,-0.004000000176144554,,0.0,0.2
continuous__cvxpy_clarabel__rep000__seednone,continuous,cvxpy_clarabel,0,,10,Asset_010,Group_0,0.004,-1.5070610624500503e-10,-0.0040000001507061065,,0.0,0.2
continuous__cvxpy_clarabel__rep000__seednone,continuous,cvxpy_clarabel,0,,11,Asset_011,Group_5,0.004,2.3128363408726843e-12,-0.0039999999976871635,,0.0,0.2
continuous__cvxpy_clarabel__rep000__seednone,continuous,cvxpy_clarabel,0,,12,Asset_012,Group_7,0.004,-1.8158405784028498e-10,-0.004000000181584058,,0.0,0.2
continuous__cvxpy_clarabel__rep000__seednone,continuous,cvxpy_clarabel,0,,13,Asset_013,Group_2,0.004,-8.846278478395994e-11,-0.004000000088462785,,0.0,0.2
continuous__cvxpy_clarabel__rep000__seednone,continuous,cvxpy_clarabel,0,,14,Asset_014,Group_4,0.004,-6.549452535085793e-11,-0.004000000065494526,,0.0,0.2
continuous__cvxpy_clarabel__rep000__seednone,continuous,cvxpy_clarabel,0,,15,Asset_015,Group_4,0.004,-7.40987938561626e-11,-0.004000000074098794,,0.0,0.2
continuous__cvxpy_clarabel__rep000__seednone,continuous,cvxpy_clarabel,0,,16,Asset_016,Group_1,0.004,-1.1600542676218703e-10,-0.004000000116005427,,0.0,0.2
continuous__cvxpy_clarabel__rep000__seednone,continuous,cvxpy_clarabel,0,,17,Asset_017,Group_4,0.004,-1.5974062052045093e-10,-0.004000000159740621,,0.0,0.2
continuous__cvxpy_clarabel__rep000__seednone,continuous,cvxpy_clarabel,0,,18,Asset_018,Group_3,0.004,-4.9679150066913474e-11,-0.00400000004967915,,0.0,0.2
continuous__cvxpy_clarabel__rep000__seednone,continuous,cvxpy_clarabel,0,,19,Asset_019,Group_2,0.004,-1.097353989568794e-10,-0.004000000109735399,,0.0,0.2
continuous__cvxpy_clarabel__rep000__seednone,continuous,cvxpy_clarabel,0,,20,Asset_020,Group_1,0.004,1.8245020712193233e-09,-0.003999998175497929,,0.0,0.2
continuous__cvxpy_clarabel__rep000__seednone,continuous,cvxpy_clarabel,0,,21,Asset_021,Group_1,0.004,1.1894894389323412e-10,-0.0039999998810510565,,0.0,0.2
continuous__cvxpy_clarabel__rep000__seednone,continuous,cvxpy_clarabel,0,,22,Asset_022,Group_3,0.004,0.01599999552462232,0.01199999552462232,,0.0,0.2
continuous__cvxpy_clarabel__rep000__seednone,continuous,cvxpy_clarabel,0,,23,Asset_023,Group_6,0.004,-1.1450579061238315e-10,-0.00400000011450579,,0.0,0.2
continuous__cvxpy_clarabel__rep000__seednone,continuous,cvxpy_clarabel,0,,24,Asset_024,Group_4,0.004,-1.690282366632328e-10,-0.004000000169028237,,0.0,0.2
continuous__cvxpy_clarabel__rep000__seednone,continuous,cvxpy_clarabel,0,,25,Asset_025,Group_5,0.004,3.5995387990277275e-12,-0.003999999996400461,,0.0,0.2
continuous__cvxpy_clarabel__rep000__seednone,continuous,cvxpy_clarabel,0,,26,Asset_026,Group_1,0.004,-1.4333200795090498e-10,-0.004000000143332008,,0.0,0.2
continuous__cvxpy_clarabel__rep000__seednone,continuous,cvxpy_clarabel,0,,27,Asset_027,Group_7,0.004,-2.003551576849116e-11,-0.004000000020035516,,0.0,0.2
continuous__cvxpy_clarabel__rep000__seednone,continuous,cvxpy_clarabel,0,,28,Asset_028,Group_1,0.004,-1.5125984094642256e-10,-0.004000000151259841,,0.0,0.2
continuous__cvxpy_clarabel__rep000__seednone,continuous,cvxpy_clarabel,0,,29,Asset_029,Group_4,0.004,-5.876207468239704e-11,-0.004000000058762075,,0.0,0.2
continuous__cvxpy_clarabel__rep000__seednone,continuous,cvxpy_clarabel,0,,30,Asset_030,Group_1,0.004,-1.6241553827528764e-10,-0.004000000162415539,,0.0,0.2
continuous__cvxpy_clarabel__rep000__seednone,continuous,cvxpy_clarabel,0,,31,Asset_031,Group_2,0.004,-5.598435157677899e-11,-0.004000000055984352,,0.0,0.2
continuous__cvxpy_clarabel__rep000__seednone,continuous,cvxpy_clarabel,0,,32,Asset_032,Group_1,0.004,-1.7665273809317644e-10,-0.0040000001766527385,,0.0,0.2
continuous__cvxpy_clarabel__rep000__seednone,continuous,cvxpy_clarabel,0,,33,Asset_033,Group_3,0.004,-1.8058743730187412e-10,-0.0040000001805874374,,0.0,0.2
continuous__cvxpy_clarabel__rep000__seednone,continuous,cvxpy_clarabel,0,,34,Asset_034,Group_4,0.004,-7.956424592309228e-11,-0.004000000079564246,,0.0,0.2
continuous__cvxpy_clarabel__rep000__seednone,continuous,cvxpy_clarabel,0,,35,Asset_035,Group_6,0.004,-1.909787168215586e-10,-0.004000000190978717,,0.0,0.2
continuous__cvxpy_clarabel__rep000__seednone,continuous,cvxpy_clarabel,0,,36,Asset_036,Group_3,0.004,-6.728302980511845e-11,-0.00400000006728303,,0.0,0.2
continuous__cvxpy_clarabel__rep000__seednone,continuous,cvxpy_clarabel,0,,37,Asset_037,Group_1,0.004,8.075926567654799e-12,-0.003999999991924074,,0.0,0.2
continuous__cvxpy_clarabel__rep000__seednone,continuous,cvxpy_clarabel,0,,38,Asset_038,Group_5,0.004,-1.035187985580611e-10,-0.004000000103518799,,0.0,0.2
continuous__cvxpy_clarabel__rep000__seednone,continuous,cvxpy_clarabel,0,,39,Asset_039,Group_7,0.004,-1.189122580332171e-10,-0.004000000118912258,,0.0,0.2
continuous__cvxpy_clarabel__rep000__seednone,continuous,cvxpy_clarabel,0,,40,Asset_040,Group_1,0.004,-1.7981840339660986e-10,-0.004000000179818403,,0.0,0.2
continuous__cvxpy_clarabel__rep000__seednone,continuous,cvxpy_clarabel,0,,41,Asset_041,Group_5,0.004,-4.906145863115884e-11,-0.004000000049061459,,0.0,0.2
continuous__cvxpy_clarabel__rep000__seednone,continuous,cvxpy_clarabel,0,,42,Asset_042,Group_5,0.004,-1.0890144829679595e-10,-0.004000000108901449,,0.0,0.2
continuous__cvxpy_clarabel__rep000__seednone,continuous,cvxpy_clarabel,0,,43,Asset_043,Group_6,0.004,0.006064060453249609,0.0020640604532496092,,0.0,0.2
continuous__cvxpy_clarabel__rep000__seednone,continuous,cvxpy_clarabel,0,,44,Asset_044,Group_3,0.004,-8.394083739069635e-11,-0.004000000083940838,,0.0,0.2
continuous__cvxpy_clarabel__rep000__seednone,continuous,cvxpy_clarabel,0,,45,Asset_045,Group_3,0.004,-7.300524234985539e-11,-0.0040000000730052426,,0.0,0.2
continuous__cvxpy_clarabel__rep000__seednone,continuous,cvxpy_clarabel,0,,46,Asset_046,Group_6,0.004,0.11134731930043794,0.10734731930043794,,0.0,0.2
continuous__cvxpy_clarabel__rep000__seednone,continuous,cvxpy_clarabel,0,,47,Asset_047,Group_7,0.004,5.7258593696913243e-11,-0.003999999942741406,,0.0,0.2
continuous__cvxpy_clarabel__rep000__seednone,continuous,cvxpy_clarabel,0,,48,Asset_048,Group_7,0.004,-2.4495690597062032e-11,-0.00400000002449569,,0.0,0.2
continuous__cvxpy_clarabel__rep000__seednone,continuous,cvxpy_clarabel,0,,49,Asset_049,Group_7,0.004,-9.74096309048387e-11,-0.004000000097409631,,0.0,0.2
continuous__cvxpy_clarabel__rep000__seednone,continuous,cvxpy_clarabel,0,,50,Asset_050,Group_1,0.004,-1.7402171644733415e-10,-0.004000000174021716,,0.0,0.2
continuous__cvxpy_clarabel__rep000__seednone,continuous,cvxpy_clarabel,0,,51,Asset_051,Group_3,0.004,-1.600655692037716e-10,-0.004000000160065569,,0.0,0.2
continuous__cvxpy_clarabel__rep000__seednone,continuous,cvxpy_clarabel,0,,52,Asset_052,Group_3,0.004,-1.5061069192010608e-10,-0.004000000150610692,,0.0,0.2
continuous__cvxpy_clarabel__rep000__seednone,continuous,cvxpy_clarabel,0,,53,Asset_053,Group_2,0.004,3.2279281993396243e-10,-0.00399999967720718,,0.0,0.2
continuous__cvxpy_clarabel__rep000__seednone,continuous,cvxpy_clarabel,0,,54,Asset_054,Group_3,0.004,-1.7910143025739717e-10,-0.00400000017910143,,0.0,0.2
continuous__cvxpy_clarabel__rep000__seednone,continuous,cvxpy_clarabel,0,,55,Asset_055,Group_2,0.004,-1.8197457228451303e-10,-0.004000000181974573,,0.0,0.2
continuous__cvxpy_clarabel__rep000__seednone,continuous,cvxpy_clarabel,0,,56,Asset_056,Group_4,0.004,0.08221054406710708,0.07821054406710708,,0.0,0.2
continuous__cvxpy_clarabel__rep000__seednone,continuous,cvxpy_clarabel,0,,57,Asset_057,Group_4,0.004,3.096209463612717e-10,-0.003999999690379054,,0.0,0.2
continuous__cvxpy_clarabel__rep000__seednone,continuous,cvxpy_clarabel,0,,58,Asset_058,Group_4,0.004,-1.9068902890634324e-10,-0.004000000190689029,,0.0,0.2
continuous__cvxpy_clarabel__rep000__seednone,continuous,cvxpy_clarabel,0,,59,Asset_059,Group_0,0.004,-3.018800549425093e-11,-0.004000000030188006,,0.0,0.2
continuous__cvxpy_clarabel__rep000__seednone,continuous,cvxpy_clarabel,0,,60,Asset_060,Group_6,0.004,-6.106079475486684e-11,-0.0040000000610607945,,0.0,0.2
continuous__cvxpy_clarabel__rep000__seednone,continuous,cvxpy_clarabel,0,,61,Asset_061,Group_7,0.004,-1.8564912725772662e-10,-0.004000000185649127,,0.0,0.2
continuous__cvxpy_clarabel__rep000__seednone,continuous,cvxpy_clarabel,0,,62,Asset_062,Group_5,0.004,1.2575518256522028e-10,-0.003999999874244818,,0.0,0.2
continuous__cvxpy_clarabel__rep000__seednone,continuous,cvxpy_clarabel,0,,63,Asset_063,Group_1,0.004,-1.0685684909532361e-10,-0.004000000106856849,,0.0,0.2
continuous__cvxpy_clarabel__rep000__seednone,continuous,cvxpy_clarabel,0,,64,Asset_064,Group_4,0.004,-1.4994550348550956e-10,-0.004000000149945503,,0.0,0.2
continuous__cvxpy_clarabel__rep000__seednone,continuous,cvxpy_clarabel,0,,65,Asset_065,Group_3,0.004,-1.3690784475180563e-10,-0.0040000001369078445,,0.0,0.2
continuous__cvxpy_clarabel__rep000__seednone,continuous,cvxpy_clarabel,0,,66,Asset_066,Group_0,0.004,-1.398834488573651e-10,-0.004000000139883449,,0.0,0.2
continuous__cvxpy_clarabel__rep000__seednone,continuous,cvxpy_clarabel,0,,67,Asset_067,Group_1,0.004,-7.012676513205434e-11,-0.004000000070126766,,0.0,0.2
continuous__cvxpy_clarabel__rep000__seednone,continuous,cvxpy_clarabel,0,,68,Asset_068,Group_4,0.004,-5.015826650181603e-11,-0.0040000000501582665,,0.0,0.2
continuous__cvxpy_clarabel__rep000__seednone,continuous,cvxpy_clarabel,0,,69,Asset_069,Group_4,0.004,-1.456236355676029e-10,-0.004000000145623636,,0.0,0.2
continuous__cvxpy_clarabel__rep000__seednone,continuous,cvxpy_clarabel,0,,70,Asset_070,Group_6,0.004,-1.465978008778083e-10,-0.004000000146597801,,0.0,0.2
continuous__cvxpy_clarabel__rep000__seednone,continuous,cvxpy_clarabel,0,,71,Asset_071,Group_4,0.004,-1.8053788800280089e-10,-0.004000000180537888,,0.0,0.2
continuous__cvxpy_clarabel__rep000__seednone,continuous,cvxpy_clarabel,0,,72,Asset_072,Group_0,0.004,0.020000012848479267,0.016000012848479267,,0.0,0.2
continuous__cvxpy_clarabel__rep000__seednone,continuous,cvxpy_clarabel,0,,73,Asset_073,Group_2,0.004,-6.177640424176858e-11,-0.004000000061776404,,0.0,0.2
continuous__cvxpy_clarabel__rep000__seednone,continuous,cvxpy_clarabel,0,,74,Asset_074,Group_1,0.004,9.29457973428295e-11,-0.003999999907054202,,0.0,0.2
continuous__cvxpy_clarabel__rep000__seednone,continuous,cvxpy_clarabel,0,,75,Asset_075,Group_6,0.004,9.747932790380781e-10,-0.003999999025206721,,0.0,0.2
continuous__cvxpy_clarabel__rep000__seednone,continuous,cvxpy_clarabel,0,,76,Asset_076,Group_5,0.004,-6.54052586303103e-11,-0.0040000000654052585,,0.0,0.2
continuous__cvxpy_clarabel__rep000__seednone,continuous,cvxpy_clarabel,0,,77,Asset_077,Group_0,0.004,6.319496085695752e-10,-0.003999999368050391,,0.0,0.2
continuous__cvxpy_clarabel__rep000__seednone,continuous,cvxpy_clarabel,0,,78,Asset_078,Group_1,0.004,-5.376458952300298e-11,-0.004000000053764589,,0.0,0.2
continuous__cvxpy_clarabel__rep000__seednone,continuous,cvxpy_clarabel,0,,79,Asset_079,Group_6,0.004,2.0844846787693042e-10,-0.003999999791551532,,0.0,0.2
continuous__cvxpy_clarabel__rep000__seednone,continuous,cvxpy_clarabel,0,,80,Asset_080,Group_5,0.004,-1.7989892803722186e-10,-0.004000000179898928,,0.0,0.2
continuous__cvxpy_clarabel__rep000__seednone,continuous,cvxpy_clarabel,0,,81,Asset_081,Group_4,0.004,6.104602534962024e-10,-0.0039999993895397466,,0.0,0.2
continuous__cvxpy_clarabel__rep000__seednone,continuous,cvxpy_clarabel,0,,82,Asset_082,Group_0,0.004,-2.9707646496840126e-12,-0.004000000002970764,,0.0,0.2
continuous__cvxpy_clarabel__rep000__seednone,continuous,cvxpy_clarabel,0,,83,Asset_083,Group_2,0.004,-1.235319279913485e-10,-0.004000000123531928,,0.0,0.2
continuous__cvxpy_clarabel__rep000__seednone,continuous,cvxpy_clarabel,0,,84,Asset_084,Group_0,0.004,-7.488411365462015e-11,-0.004000000074884114,,0.0,0.2
continuous__cvxpy_clarabel__rep000__seednone,continuous,cvxpy_clarabel,0,,85,Asset_085,Group_6,0.004,1.114689972085594e-09,-0.003999998885310028,,0.0,0.2
continuous__cvxpy_clarabel__rep000__seednone,continuous,cvxpy_clarabel,0,,86,Asset_086,Group_6,0.004,0.03677182030633408,0.032771820306334076,,0.0,0.2
continuous__cvxpy_clarabel__rep000__seednone,continuous,cvxpy_clarabel,0,,87,Asset_087,Group_5,0.004,1.0013880305489683e-10,-0.0039999998998611975,,0.0,0.2
continuous__cvxpy_clarabel__rep000__seednone,continuous,cvxpy_clarabel,0,,88,Asset_088,Group_7,0.004,0.004000001618068949,1.6180689487929611e-09,,0.0,0.2
continuous__cvxpy_clarabel__rep000__seednone,continuous,cvxpy_clarabel,0,,89,Asset_089,Group_2,0.004,-1.480294805264731e-10,-0.00400000014802948,,0.0,0.2
continuous__cvxpy_clarabel__rep000__seednone,continuous,cvxpy_clarabel,0,,90,Asset_090,Group_1,0.004,-1.2528331596050583e-10,-0.004000000125283316,,0.0,0.2
continuous__cvxpy_clarabel__rep000__seednone,continuous,cvxpy_clarabel,0,,91,Asset_091,Group_3,0.004,2.466195702433926e-10,-0.00399999975338043,,0.0,0.2
continuous__cvxpy_clarabel__rep000__seednone,continuous,cvxpy_clarabel,0,,92,Asset_092,Group_2,0.004,-1.27966876643832e-10,-0.004000000127966877,,0.0,0.2
continuous__cvxpy_clarabel__rep000__seednone,continuous,cvxpy_clarabel,0,,93,Asset_093,Group_6,0.004,2.494334609936732e-10,-0.003999999750566539,,0.0,0.2
continuous__cvxpy_clarabel__rep000__seednone,continuous,cvxpy_clarabel,0,,94,Asset_094,Group_5,0.004,0.16674265519748252,0.16274265519748252,,0.0,0.2
continuous__cvxpy_clarabel__rep000__seednone,continuous,cvxpy_clarabel,0,,95,Asset_095,Group_7,0.004,-7.130984487551312e-11,-0.004000000071309845,,0.0,0.2
continuous__cvxpy_clarabel__rep000__seednone,continuous,cvxpy_clarabel,0,,96,Asset_096,Group_5,0.004,-1.1520209873711341e-10,-0.004000000115202099,,0.0,0.2
continuous__cvxpy_clarabel__rep000__seednone,continuous,cvxpy_clarabel,0,,97,Asset_097,Group_2,0.004,-6.720216931798508e-11,-0.004000000067202169,,0.0,0.2
continuous__cvxpy_clarabel__rep000__seednone,continuous,cvxpy_clarabel,0,,98,Asset_098,Group_3,0.004,8.311067367039435e-12,-0.003999999991688933,,0.0,0.2
continuous__cvxpy_clarabel__rep000__seednone,continuous,cvxpy_clarabel,0,,99,Asset_099,Group_7,0.004,6.711892854829278e-11,-0.003999999932881072,,0.0,0.2
continuous__cvxpy_clarabel__rep000__seednone,continuous,cvxpy_clarabel,0,,100,Asset_100,Group_7,0.004,1.6465719879910936e-10,-0.003999999835342802,,0.0,0.2
continuous__cvxpy_clarabel__rep000__seednone,continuous,cvxpy_clarabel,0,,101,Asset_101,Group_1,0.004,0.073333585121049,0.069333585121049,,0.0,0.2
continuous__cvxpy_clarabel__rep000__seednone,continuous,cvxpy_clarabel,0,,102,Asset_102,Group_3,0.004,0.004000002392517951,2.3925179511163908e-09,,0.0,0.2
continuous__cvxpy_clarabel__rep000__seednone,continuous,cvxpy_clarabel,0,,103,Asset_103,Group_6,0.004,-9.424237164845953e-12,-0.0040000000094242375,,0.0,0.2
continuous__cvxpy_clarabel__rep000__seednone,continuous,cvxpy_clarabel,0,,104,Asset_104,Group_0,0.004,-4.948878232547431e-12,-0.004000000004948878,,0.0,0.2
continuous__cvxpy_clarabel__rep000__seednone,continuous,cvxpy_clarabel,0,,105,Asset_105,Group_2,0.004,1.7621166642824432e-10,-0.003999999823788333,,0.0,0.2
continuous__cvxpy_clarabel__rep000__seednone,continuous,cvxpy_clarabel,0,,106,Asset_106,Group_4,0.004,-1.35029049531107e-10,-0.00400000013502905,,0.0,0.2
continuous__cvxpy_clarabel__rep000__seednone,continuous,cvxpy_clarabel,0,,107,Asset_107,Group_4,0.004,-8.910333249802457e-11,-0.0040000000891033324,,0.0,0.2
continuous__cvxpy_clarabel__rep000__seednone,continuous,cvxpy_clarabel,0,,108,Asset_108,Group_4,0.004,-1.6113111421186363e-10,-0.004000000161131115,,0.0,0.2
continuous__cvxpy_clarabel__rep000__seednone,continuous,cvxpy_clarabel,0,,109,Asset_109,Group_4,0.004,-1.8346773811399e-10,-0.0040000001834677385,,0.0,0.2
continuous__cvxpy_clarabel__rep000__seednone,continuous,cvxpy_clarabel,0,,110,Asset_110,Group_3,0.004,8.184154620075289e-10,-0.003999999181584538,,0.0,0.2
continuous__cvxpy_clarabel__rep000__seednone,continuous,cvxpy_clarabel,0,,111,Asset_111,Group_2,0.004,2.43565422228141e-10,-0.003999999756434578,,0.0,0.2
continuous__cvxpy_clarabel__rep000__seednone,continuous,cvxpy_clarabel,0,,112,Asset_112,Group_0,0.004,-4.779044439233172e-11,-0.004000000047790444,,0.0,0.2
continuous__cvxpy_clarabel__rep000__seednone,continuous,cvxpy_clarabel,0,,113,Asset_113,Group_7,0.004,-5.4212326762538527e-11,-0.0040000000542123266,,0.0,0.2
continuous__cvxpy_clarabel__rep000__seednone,continuous,cvxpy_clarabel,0,,114,Asset_114,Group_7,0.004,-3.335087515135013e-11,-0.004000000033350875,,0.0,0.2
continuous__cvxpy_clarabel__rep000__seednone,continuous,cvxpy_clarabel,0,,115,Asset_115,Group_2,0.004,-1.34750048738365e-10,-0.004000000134750049,,0.0,0.2
continuous__cvxpy_clarabel__rep000__seednone,continuous,cvxpy_clarabel,0,,116,Asset_116,Group_3,0.004,-6.71786681124855e-11,-0.004000000067178668,,0.0,0.2
continuous__cvxpy_clarabel__rep000__seednone,continuous,cvxpy_clarabel,0,,117,Asset_117,Group_6,0.004,2.673262192012855e-10,-0.003999999732673781,,0.0,0.2
continuous__cvxpy_clarabel__rep000__seednone,continuous,cvxpy_clarabel,0,,118,Asset_118,Group_3,0.004,-1.5995481804406218e-10,-0.004000000159954818,,0.0,0.2
continuous__cvxpy_clarabel__rep000__seednone,continuous,cvxpy_clarabel,0,,119,Asset_119,Group_5,0.004,-1.796900760964793e-10,-0.004000000179690076,,0.0,0.2
continuous__cvxpy_clarabel__rep000__seednone,continuous,cvxpy_clarabel,0,,120,Asset_120,Group_6,0.004,-4.2830842615097084e-11,-0.004000000042830843,,0.0,0.2
continuous__cvxpy_clarabel__rep000__seednone,continuous,cvxpy_clarabel,0,,121,Asset_121,Group_2,0.004,-1.1329711477808915e-10,-0.004000000113297115,,0.0,0.2
continuous__cvxpy_clarabel__rep000__seednone,continuous,cvxpy_clarabel,0,,122,Asset_122,Group_5,0.004,-1.394530136104301e-10,-0.0040000001394530135,,0.0,0.2
continuous__cvxpy_clarabel__rep000__seednone,continuous,cvxpy_clarabel,0,,123,Asset_123,Group_7,0.004,-1.6029771449382263e-10,-0.004000000160297714,,0.0,0.2
continuous__cvxpy_clarabel__rep000__seednone,continuous,cvxpy_clarabel,0,,124,Asset_124,Group_4,0.004,-1.5982885982002185e-10,-0.00400000015982886,,0.0,0.2
continuous__cvxpy_clarabel__rep000__seednone,continuous,cvxpy_clarabel,0,,125,Asset_125,Group_0,0.004,-1.0348294764140388e-10,-0.004000000103482948,,0.0,0.2
continuous__cvxpy_clarabel__rep000__seednone,continuous,cvxpy_clarabel,0,,126,Asset_126,Group_4,0.004,-6.915180413100272e-11,-0.004000000069151804,,0.0,0.2
continuous__cvxpy_clarabel__rep000__seednone,continuous,cvxpy_clarabel,0,,127,Asset_127,Group_4,0.004,-1.9476794960314142e-10,-0.00400000019476795,,0.0,0.2
continuous__cvxpy_clarabel__rep000__seednone,continuous,cvxpy_clarabel,0,,128,Asset_128,Group_0,0.004,0.003999996809395767,-3.1906042330734352e-09,,0.0,0.2
continuous__cvxpy_clarabel__rep000__seednone,continuous,cvxpy_clarabel,0,,129,Asset_129,Group_1,0.004,-1.9469522399908222e-11,-0.004000000019469522,,0.0,0.2
continuous__cvxpy_clarabel__rep000__seednone,continuous,cvxpy_clarabel,0,,130,Asset_130,Group_2,0.004,1.0019137721833905e-09,-0.003999998998086228,,0.0,0.2
continuous__cvxpy_clarabel__rep000__seednone,continuous,cvxpy_clarabel,0,,131,Asset_131,Group_6,0.004,-1.0132496750941911e-10,-0.004000000101324968,,0.0,0.2
continuous__cvxpy_clarabel__rep000__seednone,continuous,cvxpy_clarabel,0,,132,Asset_132,Group_6,0.004,-1.8689535791212262e-10,-0.004000000186895358,,0.0,0.2
continuous__cvxpy_clarabel__rep000__seednone,continuous,cvxpy_clarabel,0,,133,Asset_133,Group_0,0.004,0.0039999951168930336,-4.88310696652311e-09,,0.0,0.2
continuous__cvxpy_clarabel__rep000__seednone,continuous,cvxpy_clarabel,0,,134,Asset_134,Group_2,0.004,1.7675867388967307e-11,-0.003999999982324132,,0.0,0.2
continuous__cvxpy_clarabel__rep000__seednone,continuous,cvxpy_clarabel,0,,135,Asset_135,Group_5,0.004,-1.284091284138404e-10,-0.004000000128409129,,0.0,0.2
continuous__cvxpy_clarabel__rep000__seednone,continuous,cvxpy_clarabel,0,,136,Asset_136,Group_4,0.004,-6.739159998008475e-11,-0.0040000000673916,,0.0,0.2
continuous__cvxpy_clarabel__rep000__seednone,continuous,cvxpy_clarabel,0,,137,Asset_137,Group_7,0.004,-5.68474691610804e-11,-0.0040000000568474695,,0.0,0.2
continuous__cvxpy_clarabel__rep000__seednone,continuous,cvxpy_clarabel,0,,138,Asset_138,Group_4,0.004,3.958367997865318e-10,-0.0039999996041632,,0.0,0.2
continuous__cvxpy_clarabel__rep000__seednone,continuous,cvxpy_clarabel,0,,139,Asset_139,Group_2,0.004,-1.5828699995984624e-11,-0.0040000000158287,,0.0,0.2
continuous__cvxpy_clarabel__rep000__seednone,continuous,cvxpy_clarabel,0,,140,Asset_140,Group_6,0.004,-9.459934693477905e-11,-0.004000000094599347,,0.0,0.2
continuous__cvxpy_clarabel__rep000__seednone,continuous,cvxpy_clarabel,0,,141,Asset_141,Group_0,0.004,-1.7172484930907692e-10,-0.00400000017172485,,0.0,0.2
continuous__cvxpy_clarabel__rep000__seednone,continuous,cvxpy_clarabel,0,,142,Asset_142,Group_2,0.004,7.214184626143001e-10,-0.003999999278581538,,0.0,0.2
continuous__cvxpy_clarabel__rep000__seednone,continuous,cvxpy_clarabel,0,,143,Asset_143,Group_3,0.004,-1.867340446051636e-10,-0.004000000186734045,,0.0,0.2
continuous__cvxpy_clarabel__rep000__seednone,continuous,cvxpy_clarabel,0,,144,Asset_144,Group_1,0.004,-4.947274671166275e-11,-0.004000000049472747,,0.0,0.2
continuous__cvxpy_clarabel__rep000__seednone,continuous,cvxpy_clarabel,0,,145,Asset_145,Group_1,0.004,-1.5021590893780445e-10,-0.004000000150215909,,0.0,0.2
continuous__cvxpy_clarabel__rep000__seednone,continuous,cvxpy_clarabel,0,,146,Asset_146,Group_0,0.004,-1.886995240168229e-10,-0.004000000188699524,,0.0,0.2
continuous__cvxpy_clarabel__rep000__seednone,continuous,cvxpy_clarabel,0,,147,Asset_147,Group_7,0.004,-9.313670710381978e-11,-0.004000000093136707,,0.0,0.2
continuous__cvxpy_clarabel__rep000__seednone,continuous,cvxpy_clarabel,0,,148,Asset_148,Group_3,0.004,0.004000002913314006,2.9133140058354434e-09,,0.0,0.2
continuous__cvxpy_clarabel__rep000__seednone,continuous,cvxpy_clarabel,0,,149,Asset_149,Group_4,0.004,-7.404419586074147e-11,-0.004000000074044196,,0.0,0.2
continuous__cvxpy_clarabel__rep000__seednone,continuous,cvxpy_clarabel,0,,150,Asset_150,Group_0,0.004,-8.770182357718565e-11,-0.004000000087701823,,0.0,0.2
continuous__cvxpy_clarabel__rep000__seednone,continuous,cvxpy_clarabel,0,,151,Asset_151,Group_1,0.004,-1.0871993121000617e-11,-0.0040000000108719935,,0.0,0.2
continuous__cvxpy_clarabel__rep000__seednone,continuous,cvxpy_clarabel,0,,152,Asset_152,Group_4,0.004,-1.0017537331852472e-10,-0.004000000100175373,,0.0,0.2
continuous__cvxpy_clarabel__rep000__seednone,continuous,cvxpy_clarabel,0,,153,Asset_153,Group_4,0.004,-1.8003985862801177e-10,-0.004000000180039859,,0.0,0.2
continuous__cvxpy_clarabel__rep000__seednone,continuous,cvxpy_clarabel,0,,154,Asset_154,Group_6,0.004,0.08821214535254235,0.08421214535254234,,0.0,0.2
continuous__cvxpy_clarabel__rep000__seednone,continuous,cvxpy_clarabel,0,,155,Asset_155,Group_1,0.004,0.045509123488007897,0.04150912348800789,,0.0,0.2
continuous__cvxpy_clarabel__rep000__seednone,continuous,cvxpy_clarabel,0,,156,Asset_156,Group_5,0.004,-1.0105812490615871e-10,-0.004000000101058125,,0.0,0.2
continuous__cvxpy_clarabel__rep000__seednone,continuous,cvxpy_clarabel,0,,157,Asset_157,Group_5,0.004,-6.337642032576913e-11,-0.0040000000633764205,,0.0,0.2
continuous__cvxpy_clarabel__rep000__seednone,continuous,cvxpy_clarabel,0,,158,Asset_158,Group_6,0.004,0.03160465044208595,0.02760465044208595,,0.0,0.2
continuous__cvxpy_clarabel__rep000__seednone,continuous,cvxpy_clarabel,0,,159,Asset_159,Group_0,0.004,-4.430013466039946e-11,-0.004000000044300135,,0.0,0.2
continuous__cvxpy_clarabel__rep000__seednone,continuous,cvxpy_clarabel,0,,160,Asset_160,Group_5,0.004,-1.402516820393275e-10,-0.004000000140251682,,0.0,0.2
continuous__cvxpy_clarabel__rep000__seednone,continuous,cvxpy_clarabel,0,,161,Asset_161,Group_0,0.004,-1.3563370804372481e-10,-0.004000000135633708,,0.0,0.2
continuous__cvxpy_clarabel__rep000__seednone,continuous,cvxpy_clarabel,0,,162,Asset_162,Group_0,0.004,-1.7828544968601267e-10,-0.00400000017828545,,0.0,0.2
continuous__cvxpy_clarabel__rep000__seednone,continuous,cvxpy_clarabel,0,,163,Asset_163,Group_6,0.004,-8.958751476303587e-11,-0.004000000089587515,,0.0,0.2
continuous__cvxpy_clarabel__rep000__seednone,continuous,cvxpy_clarabel,0,,164,Asset_164,Group_3,0.004,4.6294821931259344e-10,-0.00399999953705178,,0.0,0.2
continuous__cvxpy_clarabel__rep000__seednone,continuous,cvxpy_clarabel,0,,165,Asset_165,Group_2,0.004,-5.345983478673384e-11,-0.004000000053459835,,0.0,0.2
continuous__cvxpy_clarabel__rep000__seednone,continuous,cvxpy_clarabel,0,,166,Asset_166,Group_3,0.004,-1.6916298309779858e-10,-0.004000000169162983,,0.0,0.2
continuous__cvxpy_clarabel__rep000__seednone,continuous,cvxpy_clarabel,0,,167,Asset_167,Group_6,0.004,-1.0409950041811998e-10,-0.004000000104099501,,0.0,0.2
continuous__cvxpy_clarabel__rep000__seednone,continuous,cvxpy_clarabel,0,,168,Asset_168,Group_1,0.004,-9.98832691656289e-11,-0.004000000099883269,,0.0,0.2
continuous__cvxpy_clarabel__rep000__seednone,continuous,cvxpy_clarabel,0,,169,Asset_169,Group_3,0.004,-9.882428789384656e-11,-0.004000000098824288,,0.0,0.2
continuous__cvxpy_clarabel__rep000__seednone,continuous,cvxpy_clarabel,0,,170,Asset_170,Group_5,0.004,-1.5005121682435775e-10,-0.004000000150051217,,0.0,0.2
continuous__cvxpy_clarabel__rep000__seednone,continuous,cvxpy_clarabel,0,,171,Asset_171,Group_3,0.004,-9.277525959030886e-11,-0.00400000009277526,,0.0,0.2
continuous__cvxpy_clarabel__rep000__seednone,continuous,cvxpy_clarabel,0,,172,Asset_172,Group_4,0.004,-1.452291758800329e-10,-0.004000000145229176,,0.0,0.2
continuous__cvxpy_clarabel__rep000__seednone,continuous,cvxpy_clarabel,0,,173,Asset_173,Group_7,0.004,-1.1035134611537011e-10,-0.004000000110351346,,0.0,0.2
continuous__cvxpy_clarabel__rep000__seednone,continuous,cvxpy_clarabel,0,,174,Asset_174,Group_3,0.004,2.1277219279358338e-11,-0.0039999999787227805,,0.0,0.2
continuous__cvxpy_clarabel__rep000__seednone,continuous,cvxpy_clarabel,0,,175,Asset_175,Group_5,0.004,-9.474371991547873e-11,-0.00400000009474372,,0.0,0.2
continuous__cvxpy_clarabel__rep000__seednone,continuous,cvxpy_clarabel,0,,176,Asset_176,Group_4,0.004,-1.6465092675108222e-10,-0.004000000164650927,,0.0,0.2
continuous__cvxpy_clarabel__rep000__seednone,continuous,cvxpy_clarabel,0,,177,Asset_177,Group_1,0.004,2.1741316023951575e-10,-0.00399999978258684,,0.0,0.2
continuous__cvxpy_clarabel__rep000__seednone,continuous,cvxpy_clarabel,0,,178,Asset_178,Group_7,0.004,-7.115782705381771e-11,-0.004000000071157827,,0.0,0.2
continuous__cvxpy_clarabel__rep000__seednone,continuous,cvxpy_clarabel,0,,179,Asset_179,Group_6,0.004,-3.0569551901700826e-11,-0.004000000030569552,,0.0,0.2
continuous__cvxpy_clarabel__rep000__seednone,continuous,cvxpy_clarabel,0,,180,Asset_180,Group_0,0.004,-1.5990339435681074e-10,-0.004000000159903394,,0.0,0.2
continuous__cvxpy_clarabel__rep000__seednone,continuous,cvxpy_clarabel,0,,181,Asset_181,Group_7,0.004,-1.8279093786386737e-11,-0.004000000018279094,,0.0,0.2
continuous__cvxpy_clarabel__rep000__seednone,continuous,cvxpy_clarabel,0,,182,Asset_182,Group_1,0.004,-1.4891274670236958e-10,-0.004000000148912747,,0.0,0.2
continuous__cvxpy_clarabel__rep000__seednone,continuous,cvxpy_clarabel,0,,183,Asset_183,Group_5,0.004,-9.438884672459775e-11,-0.004000000094388847,,0.0,0.2
continuous__cvxpy_clarabel__rep000__seednone,continuous,cvxpy_clarabel,0,,184,Asset_184,Group_0,0.004,-5.2706357718454457e-11,-0.004000000052706358,,0.0,0.2
continuous__cvxpy_clarabel__rep000__seednone,continuous,cvxpy_clarabel,0,,185,Asset_185,Group_7,0.004,-1.8153516624896406e-10,-0.004000000181535166,,0.0,0.2
continuous__cvxpy_clarabel__rep000__seednone,continuous,cvxpy_clarabel,0,,186,Asset_186,Group_1,0.004,7.614364461394089e-11,-0.003999999923856356,,0.0,0.2
continuous__cvxpy_clarabel__rep000__seednone,continuous,cvxpy_clarabel,0,,187,Asset_187,Group_4,0.004,-1.294777240340657e-10,-0.004000000129477724,,0.0,0.2
continuous__cvxpy_clarabel__rep000__seednone,continuous,cvxpy_clarabel,0,,188,Asset_188,Group_7,0.004,-1.4080035603907414e-10,-0.004000000140800356,,0.0,0.2
continuous__cvxpy_clarabel__rep000__seednone,continuous,cvxpy_clarabel,0,,189,Asset_189,Group_3,0.004,-7.412173398100964e-11,-0.004000000074121734,,0.0,0.2
continuous__cvxpy_clarabel__rep000__seednone,continuous,cvxpy_clarabel,0,,190,Asset_190,Group_7,0.004,-1.7070250470136457e-10,-0.004000000170702505,,0.0,0.2
continuous__cvxpy_clarabel__rep000__seednone,continuous,cvxpy_clarabel,0,,191,Asset_191,Group_5,0.004,-1.2106032372950085e-10,-0.004000000121060324,,0.0,0.2
continuous__cvxpy_clarabel__rep000__seednone,continuous,cvxpy_clarabel,0,,192,Asset_192,Group_6,0.004,-7.326964069718121e-11,-0.0040000000732696404,,0.0,0.2
continuous__cvxpy_clarabel__rep000__seednone,continuous,cvxpy_clarabel,0,,193,Asset_193,Group_5,0.004,-1.5301611055627942e-10,-0.00400000015301611,,0.0,0.2
continuous__cvxpy_clarabel__rep000__seednone,continuous,cvxpy_clarabel,0,,194,Asset_194,Group_1,0.004,-6.518791362178519e-11,-0.004000000065187913,,0.0,0.2
continuous__cvxpy_clarabel__rep000__seednone,continuous,cvxpy_clarabel,0,,195,Asset_195,Group_7,0.004,0.19999999936276353,0.19599999936276352,,0.0,0.2
continuous__cvxpy_clarabel__rep000__seednone,continuous,cvxpy_clarabel,0,,196,Asset_196,Group_4,0.004,-8.090311195311953e-11,-0.004000000080903112,,0.0,0.2
continuous__cvxpy_clarabel__rep000__seednone,continuous,cvxpy_clarabel,0,,197,Asset_197,Group_5,0.004,-1.8936506286802056e-10,-0.004000000189365063,,0.0,0.2
continuous__cvxpy_clarabel__rep000__seednone,continuous,cvxpy_clarabel,0,,198,Asset_198,Group_1,0.004,-1.1633821299134638e-11,-0.004000000011633822,,0.0,0.2
continuous__cvxpy_clarabel__rep000__seednone,continuous,cvxpy_clarabel,0,,199,Asset_199,Group_3,0.004,-1.154482229347962e-10,-0.004000000115448223,,0.0,0.2
continuous__cvxpy_clarabel__rep000__seednone,continuous,cvxpy_clarabel,0,,200,Asset_200,Group_6,0.004,-1.0819788192707796e-10,-0.004000000108197882,,0.0,0.2
continuous__cvxpy_clarabel__rep000__seednone,continuous,cvxpy_clarabel,0,,201,Asset_201,Group_0,0.004,1.2452215139084165e-11,-0.003999999987547785,,0.0,0.2
continuous__cvxpy_clarabel__rep000__seednone,continuous,cvxpy_clarabel,0,,202,Asset_202,Group_6,0.004,-1.4781136586691866e-10,-0.004000000147811366,,0.0,0.2
continuous__cvxpy_clarabel__rep000__seednone,continuous,cvxpy_clarabel,0,,203,Asset_203,Group_0,0.004,-1.1418513205989508e-10,-0.004000000114185132,,0.0,0.2
continuous__cvxpy_clarabel__rep000__seednone,continuous,cvxpy_clarabel,0,,204,Asset_204,Group_1,0.004,-1.1722162076670998e-10,-0.0040000001172216205,,0.0,0.2
continuous__cvxpy_clarabel__rep000__seednone,continuous,cvxpy_clarabel,0,,205,Asset_205,Group_2,0.004,-1.812323615540653e-10,-0.004000000181232362,,0.0,0.2
continuous__cvxpy_clarabel__rep000__seednone,continuous,cvxpy_clarabel,0,,206,Asset_206,Group_0,0.004,-1.9689527308371106e-10,-0.004000000196895273,,0.0,0.2
continuous__cvxpy_clarabel__rep000__seednone,continuous,cvxpy_clarabel,0,,207,Asset_207,Group_3,0.004,2.2165753765444204e-10,-0.003999999778342462,,0.0,0.2
continuous__cvxpy_clarabel__rep000__seednone,continuous,cvxpy_clarabel,0,,208,Asset_208,Group_0,0.004,2.2873935524281946e-10,-0.0039999997712606445,,0.0,0.2
continuous__cvxpy_clarabel__rep000__seednone,continuous,cvxpy_clarabel,0,,209,Asset_209,Group_5,0.004,-2.7517831344357057e-11,-0.004000000027517832,,0.0,0.2
continuous__cvxpy_clarabel__rep000__seednone,continuous,cvxpy_clarabel,0,,210,Asset_210,Group_2,0.004,-1.0492801584968832e-10,-0.004000000104928016,,0.0,0.2
continuous__cvxpy_clarabel__rep000__seednone,continuous,cvxpy_clarabel,0,,211,Asset_211,Group_5,0.004,-1.1755326031529285e-11,-0.004000000011755326,,0.0,0.2
continuous__cvxpy_clarabel__rep000__seednone,continuous,cvxpy_clarabel,0,,212,Asset_212,Group_2,0.004,-1.1002998214018519e-10,-0.004000000110029983,,0.0,0.2
continuous__cvxpy_clarabel__rep000__seednone,continuous,cvxpy_clarabel,0,,213,Asset_213,Group_5,0.004,-1.307764996354537e-10,-0.0040000001307765,,0.0,0.2
continuous__cvxpy_clarabel__rep000__seednone,continuous,cvxpy_clarabel,0,,214,Asset_214,Group_1,0.004,-9.252730399776676e-11,-0.0040000000925273045,,0.0,0.2
continuous__cvxpy_clarabel__rep000__seednone,continuous,cvxpy_clarabel,0,,215,Asset_215,Group_2,0.004,-6.066578502222033e-11,-0.004000000060665785,,0.0,0.2
continuous__cvxpy_clarabel__rep000__seednone,continuous,cvxpy_clarabel,0,,216,Asset_216,Group_1,0.004,8.298736467916136e-10,-0.003999999170126354,,0.0,0.2
continuous__cvxpy_clarabel__rep000__seednone,continuous,cvxpy_clarabel,0,,217,Asset_217,Group_1,0.004,-7.377432410830882e-11,-0.004000000073774324,,0.0,0.2
continuous__cvxpy_clarabel__rep000__seednone,continuous,cvxpy_clarabel,0,,218,Asset_218,Group_6,0.004,-2.937198974749393e-11,-0.00400000002937199,,0.0,0.2
continuous__cvxpy_clarabel__rep000__seednone,continuous,cvxpy_clarabel,0,,219,Asset_219,Group_2,0.004,7.393878128525292e-11,-0.003999999926061219,,0.0,0.2
continuous__cvxpy_clarabel__rep000__seednone,continuous,cvxpy_clarabel,0,,220,Asset_220,Group_5,0.004,-1.8640546406241137e-10,-0.004000000186405464,,0.0,0.2
continuous__cvxpy_clarabel__rep000__seednone,continuous,cvxpy_clarabel,0,,221,Asset_221,Group_1,0.004,-1.578269718139015e-12,-0.00400000000157827,,0.0,0.2
continuous__cvxpy_clarabel__rep000__seednone,continuous,cvxpy_clarabel,0,,222,Asset_222,Group_3,0.004,-8.37577242284048e-11,-0.004000000083757724,,0.0,0.2
continuous__cvxpy_clarabel__rep000__seednone,continuous,cvxpy_clarabel,0,,223,Asset_223,Group_0,0.004,1.4689757981234969e-10,-0.00399999985310242,,0.0,0.2
continuous__cvxpy_clarabel__rep000__seednone,continuous,cvxpy_clarabel,0,,224,Asset_224,Group_0,0.004,-4.5822232413168766e-11,-0.004000000045822232,,0.0,0.2
continuous__cvxpy_clarabel__rep000__seednone,continuous,cvxpy_clarabel,0,,225,Asset_225,Group_0,0.004,-6.306130648473438e-11,-0.004000000063061306,,0.0,0.2
continuous__cvxpy_clarabel__rep000__seednone,continuous,cvxpy_clarabel,0,,226,Asset_226,Group_6,0.004,2.670611352002583e-10,-0.003999999732938865,,0.0,0.2
continuous__cvxpy_clarabel__rep000__seednone,continuous,cvxpy_clarabel,0,,227,Asset_227,Group_7,0.004,-7.105719877909347e-12,-0.00400000000710572,,0.0,0.2
continuous__cvxpy_clarabel__rep000__seednone,continuous,cvxpy_clarabel,0,,228,Asset_228,Group_3,0.004,-1.2590581854702509e-11,-0.004000000012590582,,0.0,0.2
continuous__cvxpy_clarabel__rep000__seednone,continuous,cvxpy_clarabel,0,,229,Asset_229,Group_6,0.004,-2.069107951596612e-11,-0.00400000002069108,,0.0,0.2
continuous__cvxpy_clarabel__rep000__seednone,continuous,cvxpy_clarabel,0,,230,Asset_230,Group_4,0.004,0.0009469464613343491,-0.003053053538665651,,0.0,0.2
continuous__cvxpy_clarabel__rep000__seednone,continuous,cvxpy_clarabel,0,,231,Asset_231,Group_5,0.004,-6.821610278165109e-11,-0.004000000068216103,,0.0,0.2
continuous__cvxpy_clarabel__rep000__seednone,continuous,cvxpy_clarabel,0,,232,Asset_232,Group_5,0.004,-6.490857751221509e-11,-0.004000000064908578,,0.0,0.2
continuous__cvxpy_clarabel__rep000__seednone,continuous,cvxpy_clarabel,0,,233,Asset_233,Group_2,0.004,0.09725715462545079,0.09325715462545078,,0.0,0.2
continuous__cvxpy_clarabel__rep000__seednone,continuous,cvxpy_clarabel,0,,234,Asset_234,Group_2,0.004,-1.6994092536791106e-10,-0.004000000169940925,,0.0,0.2
continuous__cvxpy_clarabel__rep000__seednone,continuous,cvxpy_clarabel,0,,235,Asset_235,Group_7,0.004,-1.1262770025757896e-10,-0.004000000112627701,,0.0,0.2
continuous__cvxpy_clarabel__rep000__seednone,continuous,cvxpy_clarabel,0,,236,Asset_236,Group_2,0.004,-1.6386564353823404e-10,-0.004000000163865643,,0.0,0.2
continuous__cvxpy_clarabel__rep000__seednone,continuous,cvxpy_clarabel,0,,237,Asset_237,Group_0,0.004,-1.898736216208421e-10,-0.004000000189873622,,0.0,0.2
continuous__cvxpy_clarabel__rep000__seednone,continuous,cvxpy_clarabel,0,,238,Asset_238,Group_5,0.004,-1.037442702185999e-10,-0.00400000010374427,,0.0,0.2
continuous__cvxpy_clarabel__rep000__seednone,continuous,cvxpy_clarabel,0,,239,Asset_239,Group_5,0.004,0.003999995053039162,-4.9469608383659325e-09,,0.0,0.2
continuous__cvxpy_clarabel__rep000__seednone,continuous,cvxpy_clarabel,0,,240,Asset_240,Group_7,0.004,-1.8654198390811276e-10,-0.004000000186541984,,0.0,0.2
continuous__cvxpy_clarabel__rep000__seednone,continuous,cvxpy_clarabel,0,,241,Asset_241,Group_6,0.004,7.409293749010525e-11,-0.003999999925907063,,0.0,0.2
continuous__cvxpy_clarabel__rep000__seednone,continuous,cvxpy_clarabel,0,,242,Asset_242,Group_0,0.004,-7.463362528026986e-11,-0.004000000074633626,,0.0,0.2
continuous__cvxpy_clarabel__rep000__seednone,continuous,cvxpy_clarabel,0,,243,Asset_243,Group_2,0.004,3.300437182667351e-10,-0.003999999669956282,,0.0,0.2
continuous__cvxpy_clarabel__rep000__seednone,continuous,cvxpy_clarabel,0,,244,Asset_244,Group_7,0.004,-1.7201491846860828e-10,-0.004000000172014919,,0.0,0.2
continuous__cvxpy_clarabel__rep000__seednone,continuous,cvxpy_clarabel,0,,245,Asset_245,Group_7,0.004,-1.2402058113224136e-10,-0.004000000124020581,,0.0,0.2
continuous__cvxpy_clarabel__rep000__seednone,continuous,cvxpy_clarabel,0,,246,Asset_246,Group_0,0.004,5.664974270579211e-11,-0.003999999943350257,,0.0,0.2
continuous__cvxpy_clarabel__rep000__seednone,continuous,cvxpy_clarabel,0,,247,Asset_247,Group_3,0.004,-1.2915449361672101e-10,-0.004000000129154494,,0.0,0.2
continuous__cvxpy_clarabel__rep000__seednone,continuous,cvxpy_clarabel,0,,248,Asset_248,Group_2,0.004,-1.9725822570945505e-11,-0.004000000019725823,,0.0,0.2
continuous__cvxpy_clarabel__rep000__seednone,continuous,cvxpy_clarabel,0,,249,Asset_249,Group_0,0.004,-1.1989848620562858e-10,-0.004000000119898486,,0.0,0.2
continuous__cvxpy_clarabel__rep001__seednone,continuous,cvxpy_clarabel,1,,0,Asset_000,Group_3,0.004,-1.0713365875912989e-10,-0.004000000107133659,,0.0,0.2
continuous__cvxpy_clarabel__rep001__seednone,continuous,cvxpy_clarabel,1,,1,Asset_001,Group_7,0.004,-1.7643259686958389e-10,-0.004000000176432597,,0.0,0.2
continuous__cvxpy_clarabel__rep001__seednone,continuous,cvxpy_clarabel,1,,2,Asset_002,Group_7,0.004,-8.297195089657115e-11,-0.004000000082971951,,0.0,0.2
continuous__cvxpy_clarabel__rep001__seednone,continuous,cvxpy_clarabel,1,,3,Asset_003,Group_2,0.004,-7.569541065302927e-11,-0.004000000075695411,,0.0,0.2
continuous__cvxpy_clarabel__rep001__seednone,continuous,cvxpy_clarabel,1,,4,Asset_004,Group_6,0.004,-1.2091770329528428e-10,-0.004000000120917703,,0.0,0.2
continuous__cvxpy_clarabel__rep001__seednone,continuous,cvxpy_clarabel,1,,5,Asset_005,Group_7,0.004,-1.4622968580739498e-10,-0.0040000001462296856,,0.0,0.2
continuous__cvxpy_clarabel__rep001__seednone,continuous,cvxpy_clarabel,1,,6,Asset_006,Group_3,0.004,-1.8381039512785734e-10,-0.004000000183810395,,0.0,0.2
continuous__cvxpy_clarabel__rep001__seednone,continuous,cvxpy_clarabel,1,,7,Asset_007,Group_0,0.004,-1.257149801579929e-10,-0.00400000012571498,,0.0,0.2
continuous__cvxpy_clarabel__rep001__seednone,continuous,cvxpy_clarabel,1,,8,Asset_008,Group_2,0.004,-1.4896755464118634e-10,-0.0040000001489675545,,0.0,0.2
continuous__cvxpy_clarabel__rep001__seednone,continuous,cvxpy_clarabel,1,,9,Asset_009,Group_6,0.004,-1.7614455390508783e-10,-0.004000000176144554,,0.0,0.2
continuous__cvxpy_clarabel__rep001__seednone,continuous,cvxpy_clarabel,1,,10,Asset_010,Group_0,0.004,-1.5070610624500503e-10,-0.0040000001507061065,,0.0,0.2
continuous__cvxpy_clarabel__rep001__seednone,continuous,cvxpy_clarabel,1,,11,Asset_011,Group_5,0.004,2.3128363408726843e-12,-0.0039999999976871635,,0.0,0.2
continuous__cvxpy_clarabel__rep001__seednone,continuous,cvxpy_clarabel,1,,12,Asset_012,Group_7,0.004,-1.8158405784028498e-10,-0.004000000181584058,,0.0,0.2
continuous__cvxpy_clarabel__rep001__seednone,continuous,cvxpy_clarabel,1,,13,Asset_013,Group_2,0.004,-8.846278478395994e-11,-0.004000000088462785,,0.0,0.2
continuous__cvxpy_clarabel__rep001__seednone,continuous,cvxpy_clarabel,1,,14,Asset_014,Group_4,0.004,-6.549452535085793e-11,-0.004000000065494526,,0.0,0.2
continuous__cvxpy_clarabel__rep001__seednone,continuous,cvxpy_clarabel,1,,15,Asset_015,Group_4,0.004,-7.40987938561626e-11,-0.004000000074098794,,0.0,0.2
continuous__cvxpy_clarabel__rep001__seednone,continuous,cvxpy_clarabel,1,,16,Asset_016,Group_1,0.004,-1.1600542676218703e-10,-0.004000000116005427,,0.0,0.2
continuous__cvxpy_clarabel__rep001__seednone,continuous,cvxpy_clarabel,1,,17,Asset_017,Group_4,0.004,-1.5974062052045093e-10,-0.004000000159740621,,0.0,0.2
continuous__cvxpy_clarabel__rep001__seednone,continuous,cvxpy_clarabel,1,,18,Asset_018,Group_3,0.004,-4.9679150066913474e-11,-0.00400000004967915,,0.0,0.2
continuous__cvxpy_clarabel__rep001__seednone,continuous,cvxpy_clarabel,1,,19,Asset_019,Group_2,0.004,-1.097353989568794e-10,-0.004000000109735399,,0.0,0.2
continuous__cvxpy_clarabel__rep001__seednone,continuous,cvxpy_clarabel,1,,20,Asset_020,Group_1,0.004,1.8245020712193233e-09,-0.003999998175497929,,0.0,0.2
continuous__cvxpy_clarabel__rep001__seednone,continuous,cvxpy_clarabel,1,,21,Asset_021,Group_1,0.004,1.1894894389323412e-10,-0.0039999998810510565,,0.0,0.2
continuous__cvxpy_clarabel__rep001__seednone,continuous,cvxpy_clarabel,1,,22,Asset_022,Group_3,0.004,0.01599999552462232,0.01199999552462232,,0.0,0.2
continuous__cvxpy_clarabel__rep001__seednone,continuous,cvxpy_clarabel,1,,23,Asset_023,Group_6,0.004,-1.1450579061238315e-10,-0.00400000011450579,,0.0,0.2
continuous__cvxpy_clarabel__rep001__seednone,continuous,cvxpy_clarabel,1,,24,Asset_024,Group_4,0.004,-1.690282366632328e-10,-0.004000000169028237,,0.0,0.2
continuous__cvxpy_clarabel__rep001__seednone,continuous,cvxpy_clarabel,1,,25,Asset_025,Group_5,0.004,3.5995387990277275e-12,-0.003999999996400461,,0.0,0.2
continuous__cvxpy_clarabel__rep001__seednone,continuous,cvxpy_clarabel,1,,26,Asset_026,Group_1,0.004,-1.4333200795090498e-10,-0.004000000143332008,,0.0,0.2
continuous__cvxpy_clarabel__rep001__seednone,continuous,cvxpy_clarabel,1,,27,Asset_027,Group_7,0.004,-2.003551576849116e-11,-0.004000000020035516,,0.0,0.2
continuous__cvxpy_clarabel__rep001__seednone,continuous,cvxpy_clarabel,1,,28,Asset_028,Group_1,0.004,-1.5125984094642256e-10,-0.004000000151259841,,0.0,0.2
continuous__cvxpy_clarabel__rep001__seednone,continuous,cvxpy_clarabel,1,,29,Asset_029,Group_4,0.004,-5.876207468239704e-11,-0.004000000058762075,,0.0,0.2
continuous__cvxpy_clarabel__rep001__seednone,continuous,cvxpy_clarabel,1,,30,Asset_030,Group_1,0.004,-1.6241553827528764e-10,-0.004000000162415539,,0.0,0.2
continuous__cvxpy_clarabel__rep001__seednone,continuous,cvxpy_clarabel,1,,31,Asset_031,Group_2,0.004,-5.598435157677899e-11,-0.004000000055984352,,0.0,0.2
continuous__cvxpy_clarabel__rep001__seednone,continuous,cvxpy_clarabel,1,,32,Asset_032,Group_1,0.004,-1.7665273809317644e-10,-0.0040000001766527385,,0.0,0.2
continuous__cvxpy_clarabel__rep001__seednone,continuous,cvxpy_clarabel,1,,33,Asset_033,Group_3,0.004,-1.8058743730187412e-10,-0.0040000001805874374,,0.0,0.2
continuous__cvxpy_clarabel__rep001__seednone,continuous,cvxpy_clarabel,1,,34,Asset_034,Group_4,0.004,-7.956424592309228e-11,-0.004000000079564246,,0.0,0.2
continuous__cvxpy_clarabel__rep001__seednone,continuous,cvxpy_clarabel,1,,35,Asset_035,Group_6,0.004,-1.909787168215586e-10,-0.004000000190978717,,0.0,0.2
continuous__cvxpy_clarabel__rep001__seednone,continuous,cvxpy_clarabel,1,,36,Asset_036,Group_3,0.004,-6.728302980511845e-11,-0.00400000006728303,,0.0,0.2
continuous__cvxpy_clarabel__rep001__seednone,continuous,cvxpy_clarabel,1,,37,Asset_037,Group_1,0.004,8.075926567654799e-12,-0.003999999991924074,,0.0,0.2
continuous__cvxpy_clarabel__rep001__seednone,continuous,cvxpy_clarabel,1,,38,Asset_038,Group_5,0.004,-1.035187985580611e-10,-0.004000000103518799,,0.0,0.2
continuous__cvxpy_clarabel__rep001__seednone,continuous,cvxpy_clarabel,1,,39,Asset_039,Group_7,0.004,-1.189122580332171e-10,-0.004000000118912258,,0.0,0.2
continuous__cvxpy_clarabel__rep001__seednone,continuous,cvxpy_clarabel,1,,40,Asset_040,Group_1,0.004,-1.7981840339660986e-10,-0.004000000179818403,,0.0,0.2
continuous__cvxpy_clarabel__rep001__seednone,continuous,cvxpy_clarabel,1,,41,Asset_041,Group_5,0.004,-4.906145863115884e-11,-0.004000000049061459,,0.0,0.2
continuous__cvxpy_clarabel__rep001__seednone,continuous,cvxpy_clarabel,1,,42,Asset_042,Group_5,0.004,-1.0890144829679595e-10,-0.004000000108901449,,0.0,0.2
continuous__cvxpy_clarabel__rep001__seednone,continuous,cvxpy_clarabel,1,,43,Asset_043,Group_6,0.004,0.006064060453249609,0.0020640604532496092,,0.0,0.2
continuous__cvxpy_clarabel__rep001__seednone,continuous,cvxpy_clarabel,1,,44,Asset_044,Group_3,0.004,-8.394083739069635e-11,-0.004000000083940838,,0.0,0.2
continuous__cvxpy_clarabel__rep001__seednone,continuous,cvxpy_clarabel,1,,45,Asset_045,Group_3,0.004,-7.300524234985539e-11,-0.0040000000730052426,,0.0,0.2
continuous__cvxpy_clarabel__rep001__seednone,continuous,cvxpy_clarabel,1,,46,Asset_046,Group_6,0.004,0.11134731930043794,0.10734731930043794,,0.0,0.2
continuous__cvxpy_clarabel__rep001__seednone,continuous,cvxpy_clarabel,1,,47,Asset_047,Group_7,0.004,5.7258593696913243e-11,-0.003999999942741406,,0.0,0.2
continuous__cvxpy_clarabel__rep001__seednone,continuous,cvxpy_clarabel,1,,48,Asset_048,Group_7,0.004,-2.4495690597062032e-11,-0.00400000002449569,,0.0,0.2
continuous__cvxpy_clarabel__rep001__seednone,continuous,cvxpy_clarabel,1,,49,Asset_049,Group_7,0.004,-9.74096309048387e-11,-0.004000000097409631,,0.0,0.2
continuous__cvxpy_clarabel__rep001__seednone,continuous,cvxpy_clarabel,1,,50,Asset_050,Group_1,0.004,-1.7402171644733415e-10,-0.004000000174021716,,0.0,0.2
continuous__cvxpy_clarabel__rep001__seednone,continuous,cvxpy_clarabel,1,,51,Asset_051,Group_3,0.004,-1.600655692037716e-10,-0.004000000160065569,,0.0,0.2
continuous__cvxpy_clarabel__rep001__seednone,continuous,cvxpy_clarabel,1,,52,Asset_052,Group_3,0.004,-1.5061069192010608e-10,-0.004000000150610692,,0.0,0.2
continuous__cvxpy_clarabel__rep001__seednone,continuous,cvxpy_clarabel,1,,53,Asset_053,Group_2,0.004,3.2279281993396243e-10,-0.00399999967720718,,0.0,0.2
continuous__cvxpy_clarabel__rep001__seednone,continuous,cvxpy_clarabel,1,,54,Asset_054,Group_3,0.004,-1.7910143025739717e-10,-0.00400000017910143,,0.0,0.2
continuous__cvxpy_clarabel__rep001__seednone,continuous,cvxpy_clarabel,1,,55,Asset_055,Group_2,0.004,-1.8197457228451303e-10,-0.004000000181974573,,0.0,0.2
continuous__cvxpy_clarabel__rep001__seednone,continuous,cvxpy_clarabel,1,,56,Asset_056,Group_4,0.004,0.08221054406710708,0.07821054406710708,,0.0,0.2
continuous__cvxpy_clarabel__rep001__seednone,continuous,cvxpy_clarabel,1,,57,Asset_057,Group_4,0.004,3.096209463612717e-10,-0.003999999690379054,,0.0,0.2
continuous__cvxpy_clarabel__rep001__seednone,continuous,cvxpy_clarabel,1,,58,Asset_058,Group_4,0.004,-1.9068902890634324e-10,-0.004000000190689029,,0.0,0.2
continuous__cvxpy_clarabel__rep001__seednone,continuous,cvxpy_clarabel,1,,59,Asset_059,Group_0,0.004,-3.018800549425093e-11,-0.004000000030188006,,0.0,0.2
continuous__cvxpy_clarabel__rep001__seednone,continuous,cvxpy_clarabel,1,,60,Asset_060,Group_6,0.004,-6.106079475486684e-11,-0.0040000000610607945,,0.0,0.2
continuous__cvxpy_clarabel__rep001__seednone,continuous,cvxpy_clarabel,1,,61,Asset_061,Group_7,0.004,-1.8564912725772662e-10,-0.004000000185649127,,0.0,0.2
continuous__cvxpy_clarabel__rep001__seednone,continuous,cvxpy_clarabel,1,,62,Asset_062,Group_5,0.004,1.2575518256522028e-10,-0.003999999874244818,,0.0,0.2
continuous__cvxpy_clarabel__rep001__seednone,continuous,cvxpy_clarabel,1,,63,Asset_063,Group_1,0.004,-1.0685684909532361e-10,-0.004000000106856849,,0.0,0.2
continuous__cvxpy_clarabel__rep001__seednone,continuous,cvxpy_clarabel,1,,64,Asset_064,Group_4,0.004,-1.4994550348550956e-10,-0.004000000149945503,,0.0,0.2
continuous__cvxpy_clarabel__rep001__seednone,continuous,cvxpy_clarabel,1,,65,Asset_065,Group_3,0.004,-1.3690784475180563e-10,-0.0040000001369078445,,0.0,0.2
continuous__cvxpy_clarabel__rep001__seednone,continuous,cvxpy_clarabel,1,,66,Asset_066,Group_0,0.004,-1.398834488573651e-10,-0.004000000139883449,,0.0,0.2
continuous__cvxpy_clarabel__rep001__seednone,continuous,cvxpy_clarabel,1,,67,Asset_067,Group_1,0.004,-7.012676513205434e-11,-0.004000000070126766,,0.0,0.2
continuous__cvxpy_clarabel__rep001__seednone,continuous,cvxpy_clarabel,1,,68,Asset_068,Group_4,0.004,-5.015826650181603e-11,-0.0040000000501582665,,0.0,0.2
continuous__cvxpy_clarabel__rep001__seednone,continuous,cvxpy_clarabel,1,,69,Asset_069,Group_4,0.004,-1.456236355676029e-10,-0.004000000145623636,,0.0,0.2
continuous__cvxpy_clarabel__rep001__seednone,continuous,cvxpy_clarabel,1,,70,Asset_070,Group_6,0.004,-1.465978008778083e-10,-0.004000000146597801,,0.0,0.2
continuous__cvxpy_clarabel__rep001__seednone,continuous,cvxpy_clarabel,1,,71,Asset_071,Group_4,0.004,-1.8053788800280089e-10,-0.004000000180537888,,0.0,0.2
continuous__cvxpy_clarabel__rep001__seednone,continuous,cvxpy_clarabel,1,,72,Asset_072,Group_0,0.004,0.020000012848479267,0.016000012848479267,,0.0,0.2
continuous__cvxpy_clarabel__rep001__seednone,continuous,cvxpy_clarabel,1,,73,Asset_073,Group_2,0.004,-6.177640424176858e-11,-0.004000000061776404,,0.0,0.2
continuous__cvxpy_clarabel__rep001__seednone,continuous,cvxpy_clarabel,1,,74,Asset_074,Group_1,0.004,9.29457973428295e-11,-0.003999999907054202,,0.0,0.2
continuous__cvxpy_clarabel__rep001__seednone,continuous,cvxpy_clarabel,1,,75,Asset_075,Group_6,0.004,9.747932790380781e-10,-0.003999999025206721,,0.0,0.2
continuous__cvxpy_clarabel__rep001__seednone,continuous,cvxpy_clarabel,1,,76,Asset_076,Group_5,0.004,-6.54052586303103e-11,-0.0040000000654052585,,0.0,0.2
continuous__cvxpy_clarabel__rep001__seednone,continuous,cvxpy_clarabel,1,,77,Asset_077,Group_0,0.004,6.319496085695752e-10,-0.003999999368050391,,0.0,0.2
continuous__cvxpy_clarabel__rep001__seednone,continuous,cvxpy_clarabel,1,,78,Asset_078,Group_1,0.004,-5.376458952300298e-11,-0.004000000053764589,,0.0,0.2
continuous__cvxpy_clarabel__rep001__seednone,continuous,cvxpy_clarabel,1,,79,Asset_079,Group_6,0.004,2.0844846787693042e-10,-0.003999999791551532,,0.0,0.2
continuous__cvxpy_clarabel__rep001__seednone,continuous,cvxpy_clarabel,1,,80,Asset_080,Group_5,0.004,-1.7989892803722186e-10,-0.004000000179898928,,0.0,0.2
continuous__cvxpy_clarabel__rep001__seednone,continuous,cvxpy_clarabel,1,,81,Asset_081,Group_4,0.004,6.104602534962024e-10,-0.0039999993895397466,,0.0,0.2
continuous__cvxpy_clarabel__rep001__seednone,continuous,cvxpy_clarabel,1,,82,Asset_082,Group_0,0.004,-2.9707646496840126e-12,-0.004000000002970764,,0.0,0.2
continuous__cvxpy_clarabel__rep001__seednone,continuous,cvxpy_clarabel,1,,83,Asset_083,Group_2,0.004,-1.235319279913485e-10,-0.004000000123531928,,0.0,0.2
continuous__cvxpy_clarabel__rep001__seednone,continuous,cvxpy_clarabel,1,,84,Asset_084,Group_0,0.004,-7.488411365462015e-11,-0.004000000074884114,,0.0,0.2
continuous__cvxpy_clarabel__rep001__seednone,continuous,cvxpy_clarabel,1,,85,Asset_085,Group_6,0.004,1.114689972085594e-09,-0.003999998885310028,,0.0,0.2
continuous__cvxpy_clarabel__rep001__seednone,continuous,cvxpy_clarabel,1,,86,Asset_086,Group_6,0.004,0.03677182030633408,0.032771820306334076,,0.0,0.2
continuous__cvxpy_clarabel__rep001__seednone,continuous,cvxpy_clarabel,1,,87,Asset_087,Group_5,0.004,1.0013880305489683e-10,-0.0039999998998611975,,0.0,0.2
continuous__cvxpy_clarabel__rep001__seednone,continuous,cvxpy_clarabel,1,,88,Asset_088,Group_7,0.004,0.004000001618068949,1.6180689487929611e-09,,0.0,0.2
continuous__cvxpy_clarabel__rep001__seednone,continuous,cvxpy_clarabel,1,,89,Asset_089,Group_2,0.004,-1.480294805264731e-10,-0.00400000014802948,,0.0,0.2
continuous__cvxpy_clarabel__rep001__seednone,continuous,cvxpy_clarabel,1,,90,Asset_090,Group_1,0.004,-1.2528331596050583e-10,-0.004000000125283316,,0.0,0.2
continuous__cvxpy_clarabel__rep001__seednone,continuous,cvxpy_clarabel,1,,91,Asset_091,Group_3,0.004,2.466195702433926e-10,-0.00399999975338043,,0.0,0.2
continuous__cvxpy_clarabel__rep001__seednone,continuous,cvxpy_clarabel,1,,92,Asset_092,Group_2,0.004,-1.27966876643832e-10,-0.004000000127966877,,0.0,0.2
continuous__cvxpy_clarabel__rep001__seednone,continuous,cvxpy_clarabel,1,,93,Asset_093,Group_6,0.004,2.494334609936732e-10,-0.003999999750566539,,0.0,0.2
continuous__cvxpy_clarabel__rep001__seednone,continuous,cvxpy_clarabel,1,,94,Asset_094,Group_5,0.004,0.16674265519748252,0.16274265519748252,,0.0,0.2
continuous__cvxpy_clarabel__rep001__seednone,continuous,cvxpy_clarabel,1,,95,Asset_095,Group_7,0.004,-7.130984487551312e-11,-0.004000000071309845,,0.0,0.2
continuous__cvxpy_clarabel__rep001__seednone,continuous,cvxpy_clarabel,1,,96,Asset_096,Group_5,0.004,-1.1520209873711341e-10,-0.004000000115202099,,0.0,0.2
continuous__cvxpy_clarabel__rep001__seednone,continuous,cvxpy_clarabel,1,,97,Asset_097,Group_2,0.004,-6.720216931798508e-11,-0.004000000067202169,,0.0,0.2
continuous__cvxpy_clarabel__rep001__seednone,continuous,cvxpy_clarabel,1,,98,Asset_098,Group_3,0.004,8.311067367039435e-12,-0.003999999991688933,,0.0,0.2
continuous__cvxpy_clarabel__rep001__seednone,continuous,cvxpy_clarabel,1,,99,Asset_099,Group_7,0.004,6.711892854829278e-11,-0.003999999932881072,,0.0,0.2
continuous__cvxpy_clarabel__rep001__seednone,continuous,cvxpy_clarabel,1,,100,Asset_100,Group_7,0.004,1.6465719879910936e-10,-0.003999999835342802,,0.0,0.2
continuous__cvxpy_clarabel__rep001__seednone,continuous,cvxpy_clarabel,1,,101,Asset_101,Group_1,0.004,0.073333585121049,0.069333585121049,,0.0,0.2
continuous__cvxpy_clarabel__rep001__seednone,continuous,cvxpy_clarabel,1,,102,Asset_102,Group_3,0.004,0.004000002392517951,2.3925179511163908e-09,,0.0,0.2
continuous__cvxpy_clarabel__rep001__seednone,continuous,cvxpy_clarabel,1,,103,Asset_103,Group_6,0.004,-9.424237164845953e-12,-0.0040000000094242375,,0.0,0.2
continuous__cvxpy_clarabel__rep001__seednone,continuous,cvxpy_clarabel,1,,104,Asset_104,Group_0,0.004,-4.948878232547431e-12,-0.004000000004948878,,0.0,0.2
continuous__cvxpy_clarabel__rep001__seednone,continuous,cvxpy_clarabel,1,,105,Asset_105,Group_2,0.004,1.7621166642824432e-10,-0.003999999823788333,,0.0,0.2
continuous__cvxpy_clarabel__rep001__seednone,continuous,cvxpy_clarabel,1,,106,Asset_106,Group_4,0.004,-1.35029049531107e-10,-0.00400000013502905,,0.0,0.2
continuous__cvxpy_clarabel__rep001__seednone,continuous,cvxpy_clarabel,1,,107,Asset_107,Group_4,0.004,-8.910333249802457e-11,-0.0040000000891033324,,0.0,0.2
continuous__cvxpy_clarabel__rep001__seednone,continuous,cvxpy_clarabel,1,,108,Asset_108,Group_4,0.004,-1.6113111421186363e-10,-0.004000000161131115,,0.0,0.2
continuous__cvxpy_clarabel__rep001__seednone,continuous,cvxpy_clarabel,1,,109,Asset_109,Group_4,0.004,-1.8346773811399e-10,-0.0040000001834677385,,0.0,0.2
continuous__cvxpy_clarabel__rep001__seednone,continuous,cvxpy_clarabel,1,,110,Asset_110,Group_3,0.004,8.184154620075289e-10,-0.003999999181584538,,0.0,0.2
continuous__cvxpy_clarabel__rep001__seednone,continuous,cvxpy_clarabel,1,,111,Asset_111,Group_2,0.004,2.43565422228141e-10,-0.003999999756434578,,0.0,0.2
continuous__cvxpy_clarabel__rep001__seednone,continuous,cvxpy_clarabel,1,,112,Asset_112,Group_0,0.004,-4.779044439233172e-11,-0.004000000047790444,,0.0,0.2
continuous__cvxpy_clarabel__rep001__seednone,continuous,cvxpy_clarabel,1,,113,Asset_113,Group_7,0.004,-5.4212326762538527e-11,-0.0040000000542123266,,0.0,0.2
continuous__cvxpy_clarabel__rep001__seednone,continuous,cvxpy_clarabel,1,,114,Asset_114,Group_7,0.004,-3.335087515135013e-11,-0.004000000033350875,,0.0,0.2
continuous__cvxpy_clarabel__rep001__seednone,continuous,cvxpy_clarabel,1,,115,Asset_115,Group_2,0.004,-1.34750048738365e-10,-0.004000000134750049,,0.0,0.2
continuous__cvxpy_clarabel__rep001__seednone,continuous,cvxpy_clarabel,1,,116,Asset_116,Group_3,0.004,-6.71786681124855e-11,-0.004000000067178668,,0.0,0.2
continuous__cvxpy_clarabel__rep001__seednone,continuous,cvxpy_clarabel,1,,117,Asset_117,Group_6,0.004,2.673262192012855e-10,-0.003999999732673781,,0.0,0.2
continuous__cvxpy_clarabel__rep001__seednone,continuous,cvxpy_clarabel,1,,118,Asset_118,Group_3,0.004,-1.5995481804406218e-10,-0.004000000159954818,,0.0,0.2
continuous__cvxpy_clarabel__rep001__seednone,continuous,cvxpy_clarabel,1,,119,Asset_119,Group_5,0.004,-1.796900760964793e-10,-0.004000000179690076,,0.0,0.2
continuous__cvxpy_clarabel__rep001__seednone,continuous,cvxpy_clarabel,1,,120,Asset_120,Group_6,0.004,-4.2830842615097084e-11,-0.004000000042830843,,0.0,0.2
continuous__cvxpy_clarabel__rep001__seednone,continuous,cvxpy_clarabel,1,,121,Asset_121,Group_2,0.004,-1.1329711477808915e-10,-0.004000000113297115,,0.0,0.2
continuous__cvxpy_clarabel__rep001__seednone,continuous,cvxpy_clarabel,1,,122,Asset_122,Group_5,0.004,-1.394530136104301e-10,-0.0040000001394530135,,0.0,0.2
continuous__cvxpy_clarabel__rep001__seednone,continuous,cvxpy_clarabel,1,,123,Asset_123,Group_7,0.004,-1.6029771449382263e-10,-0.004000000160297714,,0.0,0.2
continuous__cvxpy_clarabel__rep001__seednone,continuous,cvxpy_clarabel,1,,124,Asset_124,Group_4,0.004,-1.5982885982002185e-10,-0.00400000015982886,,0.0,0.2
continuous__cvxpy_clarabel__rep001__seednone,continuous,cvxpy_clarabel,1,,125,Asset_125,Group_0,0.004,-1.0348294764140388e-10,-0.004000000103482948,,0.0,0.2
continuous__cvxpy_clarabel__rep001__seednone,continuous,cvxpy_clarabel,1,,126,Asset_126,Group_4,0.004,-6.915180413100272e-11,-0.004000000069151804,,0.0,0.2
continuous__cvxpy_clarabel__rep001__seednone,continuous,cvxpy_clarabel,1,,127,Asset_127,Group_4,0.004,-1.9476794960314142e-10,-0.00400000019476795,,0.0,0.2
continuous__cvxpy_clarabel__rep001__seednone,continuous,cvxpy_clarabel,1,,128,Asset_128,Group_0,0.004,0.003999996809395767,-3.1906042330734352e-09,,0.0,0.2
continuous__cvxpy_clarabel__rep001__seednone,continuous,cvxpy_clarabel,1,,129,Asset_129,Group_1,0.004,-1.9469522399908222e-11,-0.004000000019469522,,0.0,0.2
continuous__cvxpy_clarabel__rep001__seednone,continuous,cvxpy_clarabel,1,,130,Asset_130,Group_2,0.004,1.0019137721833905e-09,-0.003999998998086228,,0.0,0.2
continuous__cvxpy_clarabel__rep001__seednone,continuous,cvxpy_clarabel,1,,131,Asset_131,Group_6,0.004,-1.0132496750941911e-10,-0.004000000101324968,,0.0,0.2
continuous__cvxpy_clarabel__rep001__seednone,continuous,cvxpy_clarabel,1,,132,Asset_132,Group_6,0.004,-1.8689535791212262e-10,-0.004000000186895358,,0.0,0.2
continuous__cvxpy_clarabel__rep001__seednone,continuous,cvxpy_clarabel,1,,133,Asset_133,Group_0,0.004,0.0039999951168930336,-4.88310696652311e-09,,0.0,0.2
continuous__cvxpy_clarabel__rep001__seednone,continuous,cvxpy_clarabel,1,,134,Asset_134,Group_2,0.004,1.7675867388967307e-11,-0.003999999982324132,,0.0,0.2
continuous__cvxpy_clarabel__rep001__seednone,continuous,cvxpy_clarabel,1,,135,Asset_135,Group_5,0.004,-1.284091284138404e-10,-0.004000000128409129,,0.0,0.2
continuous__cvxpy_clarabel__rep001__seednone,continuous,cvxpy_clarabel,1,,136,Asset_136,Group_4,0.004,-6.739159998008475e-11,-0.0040000000673916,,0.0,0.2
continuous__cvxpy_clarabel__rep001__seednone,continuous,cvxpy_clarabel,1,,137,Asset_137,Group_7,0.004,-5.68474691610804e-11,-0.0040000000568474695,,0.0,0.2
continuous__cvxpy_clarabel__rep001__seednone,continuous,cvxpy_clarabel,1,,138,Asset_138,Group_4,0.004,3.958367997865318e-10,-0.0039999996041632,,0.0,0.2
continuous__cvxpy_clarabel__rep001__seednone,continuous,cvxpy_clarabel,1,,139,Asset_139,Group_2,0.004,-1.5828699995984624e-11,-0.0040000000158287,,0.0,0.2
continuous__cvxpy_clarabel__rep001__seednone,continuous,cvxpy_clarabel,1,,140,Asset_140,Group_6,0.004,-9.459934693477905e-11,-0.004000000094599347,,0.0,0.2
continuous__cvxpy_clarabel__rep001__seednone,continuous,cvxpy_clarabel,1,,141,Asset_141,Group_0,0.004,-1.7172484930907692e-10,-0.00400000017172485,,0.0,0.2
continuous__cvxpy_clarabel__rep001__seednone,continuous,cvxpy_clarabel,1,,142,Asset_142,Group_2,0.004,7.214184626143001e-10,-0.003999999278581538,,0.0,0.2
continuous__cvxpy_clarabel__rep001__seednone,continuous,cvxpy_clarabel,1,,143,Asset_143,Group_3,0.004,-1.867340446051636e-10,-0.004000000186734045,,0.0,0.2
continuous__cvxpy_clarabel__rep001__seednone,continuous,cvxpy_clarabel,1,,144,Asset_144,Group_1,0.004,-4.947274671166275e-11,-0.004000000049472747,,0.0,0.2
continuous__cvxpy_clarabel__rep001__seednone,continuous,cvxpy_clarabel,1,,145,Asset_145,Group_1,0.004,-1.5021590893780445e-10,-0.004000000150215909,,0.0,0.2
continuous__cvxpy_clarabel__rep001__seednone,continuous,cvxpy_clarabel,1,,146,Asset_146,Group_0,0.004,-1.886995240168229e-10,-0.004000000188699524,,0.0,0.2
continuous__cvxpy_clarabel__rep001__seednone,continuous,cvxpy_clarabel,1,,147,Asset_147,Group_7,0.004,-9.313670710381978e-11,-0.004000000093136707,,0.0,0.2
continuous__cvxpy_clarabel__rep001__seednone,continuous,cvxpy_clarabel,1,,148,Asset_148,Group_3,0.004,0.004000002913314006,2.9133140058354434e-09,,0.0,0.2
continuous__cvxpy_clarabel__rep001__seednone,continuous,cvxpy_clarabel,1,,149,Asset_149,Group_4,0.004,-7.404419586074147e-11,-0.004000000074044196,,0.0,0.2
continuous__cvxpy_clarabel__rep001__seednone,continuous,cvxpy_clarabel,1,,150,Asset_150,Group_0,0.004,-8.770182357718565e-11,-0.004000000087701823,,0.0,0.2
continuous__cvxpy_clarabel__rep001__seednone,continuous,cvxpy_clarabel,1,,151,Asset_151,Group_1,0.004,-1.0871993121000617e-11,-0.0040000000108719935,,0.0,0.2
continuous__cvxpy_clarabel__rep001__seednone,continuous,cvxpy_clarabel,1,,152,Asset_152,Group_4,0.004,-1.0017537331852472e-10,-0.004000000100175373,,0.0,0.2
continuous__cvxpy_clarabel__rep001__seednone,continuous,cvxpy_clarabel,1,,153,Asset_153,Group_4,0.004,-1.8003985862801177e-10,-0.004000000180039859,,0.0,0.2
continuous__cvxpy_clarabel__rep001__seednone,continuous,cvxpy_clarabel,1,,154,Asset_154,Group_6,0.004,0.08821214535254235,0.08421214535254234,,0.0,0.2
continuous__cvxpy_clarabel__rep001__seednone,continuous,cvxpy_clarabel,1,,155,Asset_155,Group_1,0.004,0.045509123488007897,0.04150912348800789,,0.0,0.2
continuous__cvxpy_clarabel__rep001__seednone,continuous,cvxpy_clarabel,1,,156,Asset_156,Group_5,0.004,-1.0105812490615871e-10,-0.004000000101058125,,0.0,0.2
continuous__cvxpy_clarabel__rep001__seednone,continuous,cvxpy_clarabel,1,,157,Asset_157,Group_5,0.004,-6.337642032576913e-11,-0.0040000000633764205,,0.0,0.2
continuous__cvxpy_clarabel__rep001__seednone,continuous,cvxpy_clarabel,1,,158,Asset_158,Group_6,0.004,0.03160465044208595,0.02760465044208595,,0.0,0.2
continuous__cvxpy_clarabel__rep001__seednone,continuous,cvxpy_clarabel,1,,159,Asset_159,Group_0,0.004,-4.430013466039946e-11,-0.004000000044300135,,0.0,0.2
continuous__cvxpy_clarabel__rep001__seednone,continuous,cvxpy_clarabel,1,,160,Asset_160,Group_5,0.004,-1.402516820393275e-10,-0.004000000140251682,,0.0,0.2
continuous__cvxpy_clarabel__rep001__seednone,continuous,cvxpy_clarabel,1,,161,Asset_161,Group_0,0.004,-1.3563370804372481e-10,-0.004000000135633708,,0.0,0.2
continuous__cvxpy_clarabel__rep001__seednone,continuous,cvxpy_clarabel,1,,162,Asset_162,Group_0,0.004,-1.7828544968601267e-10,-0.00400000017828545,,0.0,0.2
continuous__cvxpy_clarabel__rep001__seednone,continuous,cvxpy_clarabel,1,,163,Asset_163,Group_6,0.004,-8.958751476303587e-11,-0.004000000089587515,,0.0,0.2
continuous__cvxpy_clarabel__rep001__seednone,continuous,cvxpy_clarabel,1,,164,Asset_164,Group_3,0.004,4.6294821931259344e-10,-0.00399999953705178,,0.0,0.2
continuous__cvxpy_clarabel__rep001__seednone,continuous,cvxpy_clarabel,1,,165,Asset_165,Group_2,0.004,-5.345983478673384e-11,-0.004000000053459835,,0.0,0.2
continuous__cvxpy_clarabel__rep001__seednone,continuous,cvxpy_clarabel,1,,166,Asset_166,Group_3,0.004,-1.6916298309779858e-10,-0.004000000169162983,,0.0,0.2
continuous__cvxpy_clarabel__rep001__seednone,continuous,cvxpy_clarabel,1,,167,Asset_167,Group_6,0.004,-1.0409950041811998e-10,-0.004000000104099501,,0.0,0.2
continuous__cvxpy_clarabel__rep001__seednone,continuous,cvxpy_clarabel,1,,168,Asset_168,Group_1,0.004,-9.98832691656289e-11,-0.004000000099883269,,0.0,0.2
continuous__cvxpy_clarabel__rep001__seednone,continuous,cvxpy_clarabel,1,,169,Asset_169,Group_3,0.004,-9.882428789384656e-11,-0.004000000098824288,,0.0,0.2
continuous__cvxpy_clarabel__rep001__seednone,continuous,cvxpy_clarabel,1,,170,Asset_170,Group_5,0.004,-1.5005121682435775e-10,-0.004000000150051217,,0.0,0.2
continuous__cvxpy_clarabel__rep001__seednone,continuous,cvxpy_clarabel,1,,171,Asset_171,Group_3,0.004,-9.277525959030886e-11,-0.00400000009277526,,0.0,0.2
continuous__cvxpy_clarabel__rep001__seednone,continuous,cvxpy_clarabel,1,,172,Asset_172,Group_4,0.004,-1.452291758800329e-10,-0.004000000145229176,,0.0,0.2
continuous__cvxpy_clarabel__rep001__seednone,continuous,cvxpy_clarabel,1,,173,Asset_173,Group_7,0.004,-1.1035134611537011e-10,-0.004000000110351346,,0.0,0.2
continuous__cvxpy_clarabel__rep001__seednone,continuous,cvxpy_clarabel,1,,174,Asset_174,Group_3,0.004,2.1277219279358338e-11,-0.0039999999787227805,,0.0,0.2
continuous__cvxpy_clarabel__rep001__seednone,continuous,cvxpy_clarabel,1,,175,Asset_175,Group_5,0.004,-9.474371991547873e-11,-0.00400000009474372,,0.0,0.2
continuous__cvxpy_clarabel__rep001__seednone,continuous,cvxpy_clarabel,1,,176,Asset_176,Group_4,0.004,-1.6465092675108222e-10,-0.004000000164650927,,0.0,0.2
continuous__cvxpy_clarabel__rep001__seednone,continuous,cvxpy_clarabel,1,,177,Asset_177,Group_1,0.004,2.1741316023951575e-10,-0.00399999978258684,,0.0,0.2
continuous__cvxpy_clarabel__rep001__seednone,continuous,cvxpy_clarabel,1,,178,Asset_178,Group_7,0.004,-7.115782705381771e-11,-0.004000000071157827,,0.0,0.2
continuous__cvxpy_clarabel__rep001__seednone,continuous,cvxpy_clarabel,1,,179,Asset_179,Group_6,0.004,-3.0569551901700826e-11,-0.004000000030569552,,0.0,0.2
continuous__cvxpy_clarabel__rep001__seednone,continuous,cvxpy_clarabel,1,,180,Asset_180,Group_0,0.004,-1.5990339435681074e-10,-0.004000000159903394,,0.0,0.2
continuous__cvxpy_clarabel__rep001__seednone,continuous,cvxpy_clarabel,1,,181,Asset_181,Group_7,0.004,-1.8279093786386737e-11,-0.004000000018279094,,0.0,0.2
continuous__cvxpy_clarabel__rep001__seednone,continuous,cvxpy_clarabel,1,,182,Asset_182,Group_1,0.004,-1.4891274670236958e-10,-0.004000000148912747,,0.0,0.2
continuous__cvxpy_clarabel__rep001__seednone,continuous,cvxpy_clarabel,1,,183,Asset_183,Group_5,0.004,-9.438884672459775e-11,-0.004000000094388847,,0.0,0.2
continuous__cvxpy_clarabel__rep001__seednone,continuous,cvxpy_clarabel,1,,184,Asset_184,Group_0,0.004,-5.2706357718454457e-11,-0.004000000052706358,,0.0,0.2
continuous__cvxpy_clarabel__rep001__seednone,continuous,cvxpy_clarabel,1,,185,Asset_185,Group_7,0.004,-1.8153516624896406e-10,-0.004000000181535166,,0.0,0.2
continuous__cvxpy_clarabel__rep001__seednone,continuous,cvxpy_clarabel,1,,186,Asset_186,Group_1,0.004,7.614364461394089e-11,-0.003999999923856356,,0.0,0.2
continuous__cvxpy_clarabel__rep001__seednone,continuous,cvxpy_clarabel,1,,187,Asset_187,Group_4,0.004,-1.294777240340657e-10,-0.004000000129477724,,0.0,0.2
continuous__cvxpy_clarabel__rep001__seednone,continuous,cvxpy_clarabel,1,,188,Asset_188,Group_7,0.004,-1.4080035603907414e-10,-0.004000000140800356,,0.0,0.2
continuous__cvxpy_clarabel__rep001__seednone,continuous,cvxpy_clarabel,1,,189,Asset_189,Group_3,0.004,-7.412173398100964e-11,-0.004000000074121734,,0.0,0.2
continuous__cvxpy_clarabel__rep001__seednone,continuous,cvxpy_clarabel,1,,190,Asset_190,Group_7,0.004,-1.7070250470136457e-10,-0.004000000170702505,,0.0,0.2
continuous__cvxpy_clarabel__rep001__seednone,continuous,cvxpy_clarabel,1,,191,Asset_191,Group_5,0.004,-1.2106032372950085e-10,-0.004000000121060324,,0.0,0.2
continuous__cvxpy_clarabel__rep001__seednone,continuous,cvxpy_clarabel,1,,192,Asset_192,Group_6,0.004,-7.326964069718121e-11,-0.0040000000732696404,,0.0,0.2
continuous__cvxpy_clarabel__rep001__seednone,continuous,cvxpy_clarabel,1,,193,Asset_193,Group_5,0.004,-1.5301611055627942e-10,-0.00400000015301611,,0.0,0.2
continuous__cvxpy_clarabel__rep001__seednone,continuous,cvxpy_clarabel,1,,194,Asset_194,Group_1,0.004,-6.518791362178519e-11,-0.004000000065187913,,0.0,0.2
continuous__cvxpy_clarabel__rep001__seednone,continuous,cvxpy_clarabel,1,,195,Asset_195,Group_7,0.004,0.19999999936276353,0.19599999936276352,,0.0,0.2
continuous__cvxpy_clarabel__rep001__seednone,continuous,cvxpy_clarabel,1,,196,Asset_196,Group_4,0.004,-8.090311195311953e-11,-0.004000000080903112,,0.0,0.2
continuous__cvxpy_clarabel__rep001__seednone,continuous,cvxpy_clarabel,1,,197,Asset_197,Group_5,0.004,-1.8936506286802056e-10,-0.004000000189365063,,0.0,0.2
continuous__cvxpy_clarabel__rep001__seednone,continuous,cvxpy_clarabel,1,,198,Asset_198,Group_1,0.004,-1.1633821299134638e-11,-0.004000000011633822,,0.0,0.2
continuous__cvxpy_clarabel__rep001__seednone,continuous,cvxpy_clarabel,1,,199,Asset_199,Group_3,0.004,-1.154482229347962e-10,-0.004000000115448223,,0.0,0.2
continuous__cvxpy_clarabel__rep001__seednone,continuous,cvxpy_clarabel,1,,200,Asset_200,Group_6,0.004,-1.0819788192707796e-10,-0.004000000108197882,,0.0,0.2
continuous__cvxpy_clarabel__rep001__seednone,continuous,cvxpy_clarabel,1,,201,Asset_201,Group_0,0.004,1.2452215139084165e-11,-0.003999999987547785,,0.0,0.2
continuous__cvxpy_clarabel__rep001__seednone,continuous,cvxpy_clarabel,1,,202,Asset_202,Group_6,0.004,-1.4781136586691866e-10,-0.004000000147811366,,0.0,0.2
continuous__cvxpy_clarabel__rep001__seednone,continuous,cvxpy_clarabel,1,,203,Asset_203,Group_0,0.004,-1.1418513205989508e-10,-0.004000000114185132,,0.0,0.2
continuous__cvxpy_clarabel__rep001__seednone,continuous,cvxpy_clarabel,1,,204,Asset_204,Group_1,0.004,-1.1722162076670998e-10,-0.0040000001172216205,,0.0,0.2
continuous__cvxpy_clarabel__rep001__seednone,continuous,cvxpy_clarabel,1,,205,Asset_205,Group_2,0.004,-1.812323615540653e-10,-0.004000000181232362,,0.0,0.2
continuous__cvxpy_clarabel__rep001__seednone,continuous,cvxpy_clarabel,1,,206,Asset_206,Group_0,0.004,-1.9689527308371106e-10,-0.004000000196895273,,0.0,0.2
continuous__cvxpy_clarabel__rep001__seednone,continuous,cvxpy_clarabel,1,,207,Asset_207,Group_3,0.004,2.2165753765444204e-10,-0.003999999778342462,,0.0,0.2
continuous__cvxpy_clarabel__rep001__seednone,continuous,cvxpy_clarabel,1,,208,Asset_208,Group_0,0.004,2.2873935524281946e-10,-0.0039999997712606445,,0.0,0.2
continuous__cvxpy_clarabel__rep001__seednone,continuous,cvxpy_clarabel,1,,209,Asset_209,Group_5,0.004,-2.7517831344357057e-11,-0.004000000027517832,,0.0,0.2
continuous__cvxpy_clarabel__rep001__seednone,continuous,cvxpy_clarabel,1,,210,Asset_210,Group_2,0.004,-1.0492801584968832e-10,-0.004000000104928016,,0.0,0.2
continuous__cvxpy_clarabel__rep001__seednone,continuous,cvxpy_clarabel,1,,211,Asset_211,Group_5,0.004,-1.1755326031529285e-11,-0.004000000011755326,,0.0,0.2
continuous__cvxpy_clarabel__rep001__seednone,continuous,cvxpy_clarabel,1,,212,Asset_212,Group_2,0.004,-1.1002998214018519e-10,-0.004000000110029983,,0.0,0.2
continuous__cvxpy_clarabel__rep001__seednone,continuous,cvxpy_clarabel,1,,213,Asset_213,Group_5,0.004,-1.307764996354537e-10,-0.0040000001307765,,0.0,0.2
continuous__cvxpy_clarabel__rep001__seednone,continuous,cvxpy_clarabel,1,,214,Asset_214,Group_1,0.004,-9.252730399776676e-11,-0.0040000000925273045,,0.0,0.2
continuous__cvxpy_clarabel__rep001__seednone,continuous,cvxpy_clarabel,1,,215,Asset_215,Group_2,0.004,-6.066578502222033e-11,-0.004000000060665785,,0.0,0.2
continuous__cvxpy_clarabel__rep001__seednone,continuous,cvxpy_clarabel,1,,216,Asset_216,Group_1,0.004,8.298736467916136e-10,-0.003999999170126354,,0.0,0.2
continuous__cvxpy_clarabel__rep001__seednone,continuous,cvxpy_clarabel,1,,217,Asset_217,Group_1,0.004,-7.377432410830882e-11,-0.004000000073774324,,0.0,0.2
continuous__cvxpy_clarabel__rep001__seednone,continuous,cvxpy_clarabel,1,,218,Asset_218,Group_6,0.004,-2.937198974749393e-11,-0.00400000002937199,,0.0,0.2
continuous__cvxpy_clarabel__rep001__seednone,continuous,cvxpy_clarabel,1,,219,Asset_219,Group_2,0.004,7.393878128525292e-11,-0.003999999926061219,,0.0,0.2
continuous__cvxpy_clarabel__rep001__seednone,continuous,cvxpy_clarabel,1,,220,Asset_220,Group_5,0.004,-1.8640546406241137e-10,-0.004000000186405464,,0.0,0.2
continuous__cvxpy_clarabel__rep001__seednone,continuous,cvxpy_clarabel,1,,221,Asset_221,Group_1,0.004,-1.578269718139015e-12,-0.00400000000157827,,0.0,0.2
continuous__cvxpy_clarabel__rep001__seednone,continuous,cvxpy_clarabel,1,,222,Asset_222,Group_3,0.004,-8.37577242284048e-11,-0.004000000083757724,,0.0,0.2
continuous__cvxpy_clarabel__rep001__seednone,continuous,cvxpy_clarabel,1,,223,Asset_223,Group_0,0.004,1.4689757981234969e-10,-0.00399999985310242,,0.0,0.2
continuous__cvxpy_clarabel__rep001__seednone,continuous,cvxpy_clarabel,1,,224,Asset_224,Group_0,0.004,-4.5822232413168766e-11,-0.004000000045822232,,0.0,0.2
continuous__cvxpy_clarabel__rep001__seednone,continuous,cvxpy_clarabel,1,,225,Asset_225,Group_0,0.004,-6.306130648473438e-11,-0.004000000063061306,,0.0,0.2
continuous__cvxpy_clarabel__rep001__seednone,continuous,cvxpy_clarabel,1,,226,Asset_226,Group_6,0.004,2.670611352002583e-10,-0.003999999732938865,,0.0,0.2
continuous__cvxpy_clarabel__rep001__seednone,continuous,cvxpy_clarabel,1,,227,Asset_227,Group_7,0.004,-7.105719877909347e-12,-0.00400000000710572,,0.0,0.2
continuous__cvxpy_clarabel__rep001__seednone,continuous,cvxpy_clarabel,1,,228,Asset_228,Group_3,0.004,-1.2590581854702509e-11,-0.004000000012590582,,0.0,0.2
continuous__cvxpy_clarabel__rep001__seednone,continuous,cvxpy_clarabel,1,,229,Asset_229,Group_6,0.004,-2.069107951596612e-11,-0.00400000002069108,,0.0,0.2
continuous__cvxpy_clarabel__rep001__seednone,continuous,cvxpy_clarabel,1,,230,Asset_230,Group_4,0.004,0.0009469464613343491,-0.003053053538665651,,0.0,0.2
continuous__cvxpy_clarabel__rep001__seednone,continuous,cvxpy_clarabel,1,,231,Asset_231,Group_5,0.004,-6.821610278165109e-11,-0.004000000068216103,,0.0,0.2
continuous__cvxpy_clarabel__rep001__seednone,continuous,cvxpy_clarabel,1,,232,Asset_232,Group_5,0.004,-6.490857751221509e-11,-0.004000000064908578,,0.0,0.2
continuous__cvxpy_clarabel__rep001__seednone,continuous,cvxpy_clarabel,1,,233,Asset_233,Group_2,0.004,0.09725715462545079,0.09325715462545078,,0.0,0.2
continuous__cvxpy_clarabel__rep001__seednone,continuous,cvxpy_clarabel,1,,234,Asset_234,Group_2,0.004,-1.6994092536791106e-10,-0.004000000169940925,,0.0,0.2
continuous__cvxpy_clarabel__rep001__seednone,continuous,cvxpy_clarabel,1,,235,Asset_235,Group_7,0.004,-1.1262770025757896e-10,-0.004000000112627701,,0.0,0.2
continuous__cvxpy_clarabel__rep001__seednone,continuous,cvxpy_clarabel,1,,236,Asset_236,Group_2,0.004,-1.6386564353823404e-10,-0.004000000163865643,,0.0,0.2
continuous__cvxpy_clarabel__rep001__seednone,continuous,cvxpy_clarabel,1,,237,Asset_237,Group_0,0.004,-1.898736216208421e-10,-0.004000000189873622,,0.0,0.2
continuous__cvxpy_clarabel__rep001__seednone,continuous,cvxpy_clarabel,1,,238,Asset_238,Group_5,0.004,-1.037442702185999e-10,-0.00400000010374427,,0.0,0.2
continuous__cvxpy_clarabel__rep001__seednone,continuous,cvxpy_clarabel,1,,239,Asset_239,Group_5,0.004,0.003999995053039162,-4.9469608383659325e-09,,0.0,0.2
continuous__cvxpy_clarabel__rep001__seednone,continuous,cvxpy_clarabel,1,,240,Asset_240,Group_7,0.004,-1.8654198390811276e-10,-0.004000000186541984,,0.0,0.2
continuous__cvxpy_clarabel__rep001__seednone,continuous,cvxpy_clarabel,1,,241,Asset_241,Group_6,0.004,7.409293749010525e-11,-0.003999999925907063,,0.0,0.2
continuous__cvxpy_clarabel__rep001__seednone,continuous,cvxpy_clarabel,1,,242,Asset_242,Group_0,0.004,-7.463362528026986e-11,-0.004000000074633626,,0.0,0.2
continuous__cvxpy_clarabel__rep001__seednone,continuous,cvxpy_clarabel,1,,243,Asset_243,Group_2,0.004,3.300437182667351e-10,-0.003999999669956282,,0.0,0.2
continuous__cvxpy_clarabel__rep001__seednone,continuous,cvxpy_clarabel,1,,244,Asset_244,Group_7,0.004,-1.7201491846860828e-10,-0.004000000172014919,,0.0,0.2
continuous__cvxpy_clarabel__rep001__seednone,continuous,cvxpy_clarabel,1,,245,Asset_245,Group_7,0.004,-1.2402058113224136e-10,-0.004000000124020581,,0.0,0.2
continuous__cvxpy_clarabel__rep001__seednone,continuous,cvxpy_clarabel,1,,246,Asset_246,Group_0,0.004,5.664974270579211e-11,-0.003999999943350257,,0.0,0.2
continuous__cvxpy_clarabel__rep001__seednone,continuous,cvxpy_clarabel,1,,247,Asset_247,Group_3,0.004,-1.2915449361672101e-10,-0.004000000129154494,,0.0,0.2
continuous__cvxpy_clarabel__rep001__seednone,continuous,cvxpy_clarabel,1,,248,Asset_248,Group_2,0.004,-1.9725822570945505e-11,-0.004000000019725823,,0.0,0.2
continuous__cvxpy_clarabel__rep001__seednone,continuous,cvxpy_clarabel,1,,249,Asset_249,Group_0,0.004,-1.1989848620562858e-10,-0.004000000119898486,,0.0,0.2
continuous__cvxpy_clarabel__rep002__seednone,continuous,cvxpy_clarabel,2,,0,Asset_000,Group_3,0.004,-1.0713365875912989e-10,-0.004000000107133659,,0.0,0.2
continuous__cvxpy_clarabel__rep002__seednone,continuous,cvxpy_clarabel,2,,1,Asset_001,Group_7,0.004,-1.7643259686958389e-10,-0.004000000176432597,,0.0,0.2
continuous__cvxpy_clarabel__rep002__seednone,continuous,cvxpy_clarabel,2,,2,Asset_002,Group_7,0.004,-8.297195089657115e-11,-0.004000000082971951,,0.0,0.2
continuous__cvxpy_clarabel__rep002__seednone,continuous,cvxpy_clarabel,2,,3,Asset_003,Group_2,0.004,-7.569541065302927e-11,-0.004000000075695411,,0.0,0.2
continuous__cvxpy_clarabel__rep002__seednone,continuous,cvxpy_clarabel,2,,4,Asset_004,Group_6,0.004,-1.2091770329528428e-10,-0.004000000120917703,,0.0,0.2
continuous__cvxpy_clarabel__rep002__seednone,continuous,cvxpy_clarabel,2,,5,Asset_005,Group_7,0.004,-1.4622968580739498e-10,-0.0040000001462296856,,0.0,0.2
continuous__cvxpy_clarabel__rep002__seednone,continuous,cvxpy_clarabel,2,,6,Asset_006,Group_3,0.004,-1.8381039512785734e-10,-0.004000000183810395,,0.0,0.2
continuous__cvxpy_clarabel__rep002__seednone,continuous,cvxpy_clarabel,2,,7,Asset_007,Group_0,0.004,-1.257149801579929e-10,-0.00400000012571498,,0.0,0.2
continuous__cvxpy_clarabel__rep002__seednone,continuous,cvxpy_clarabel,2,,8,Asset_008,Group_2,0.004,-1.4896755464118634e-10,-0.0040000001489675545,,0.0,0.2
continuous__cvxpy_clarabel__rep002__seednone,continuous,cvxpy_clarabel,2,,9,Asset_009,Group_6,0.004,-1.7614455390508783e-10,-0.004000000176144554,,0.0,0.2
continuous__cvxpy_clarabel__rep002__seednone,continuous,cvxpy_clarabel,2,,10,Asset_010,Group_0,0.004,-1.5070610624500503e-10,-0.0040000001507061065,,0.0,0.2
continuous__cvxpy_clarabel__rep002__seednone,continuous,cvxpy_clarabel,2,,11,Asset_011,Group_5,0.004,2.3128363408726843e-12,-0.0039999999976871635,,0.0,0.2
continuous__cvxpy_clarabel__rep002__seednone,continuous,cvxpy_clarabel,2,,12,Asset_012,Group_7,0.004,-1.8158405784028498e-10,-0.004000000181584058,,0.0,0.2
continuous__cvxpy_clarabel__rep002__seednone,continuous,cvxpy_clarabel,2,,13,Asset_013,Group_2,0.004,-8.846278478395994e-11,-0.004000000088462785,,0.0,0.2
continuous__cvxpy_clarabel__rep002__seednone,continuous,cvxpy_clarabel,2,,14,Asset_014,Group_4,0.004,-6.549452535085793e-11,-0.004000000065494526,,0.0,0.2
continuous__cvxpy_clarabel__rep002__seednone,continuous,cvxpy_clarabel,2,,15,Asset_015,Group_4,0.004,-7.40987938561626e-11,-0.004000000074098794,,0.0,0.2
continuous__cvxpy_clarabel__rep002__seednone,continuous,cvxpy_clarabel,2,,16,Asset_016,Group_1,0.004,-1.1600542676218703e-10,-0.004000000116005427,,0.0,0.2
continuous__cvxpy_clarabel__rep002__seednone,continuous,cvxpy_clarabel,2,,17,Asset_017,Group_4,0.004,-1.5974062052045093e-10,-0.004000000159740621,,0.0,0.2
continuous__cvxpy_clarabel__rep002__seednone,continuous,cvxpy_clarabel,2,,18,Asset_018,Group_3,0.004,-4.9679150066913474e-11,-0.00400000004967915,,0.0,0.2
continuous__cvxpy_clarabel__rep002__seednone,continuous,cvxpy_clarabel,2,,19,Asset_019,Group_2,0.004,-1.097353989568794e-10,-0.004000000109735399,,0.0,0.2
continuous__cvxpy_clarabel__rep002__seednone,continuous,cvxpy_clarabel,2,,20,Asset_020,Group_1,0.004,1.8245020712193233e-09,-0.003999998175497929,,0.0,0.2
continuous__cvxpy_clarabel__rep002__seednone,continuous,cvxpy_clarabel,2,,21,Asset_021,Group_1,0.004,1.1894894389323412e-10,-0.0039999998810510565,,0.0,0.2
continuous__cvxpy_clarabel__rep002__seednone,continuous,cvxpy_clarabel,2,,22,Asset_022,Group_3,0.004,0.01599999552462232,0.01199999552462232,,0.0,0.2
continuous__cvxpy_clarabel__rep002__seednone,continuous,cvxpy_clarabel,2,,23,Asset_023,Group_6,0.004,-1.1450579061238315e-10,-0.00400000011450579,,0.0,0.2
continuous__cvxpy_clarabel__rep002__seednone,continuous,cvxpy_clarabel,2,,24,Asset_024,Group_4,0.004,-1.690282366632328e-10,-0.004000000169028237,,0.0,0.2
continuous__cvxpy_clarabel__rep002__seednone,continuous,cvxpy_clarabel,2,,25,Asset_025,Group_5,0.004,3.5995387990277275e-12,-0.003999999996400461,,0.0,0.2
continuous__cvxpy_clarabel__rep002__seednone,continuous,cvxpy_clarabel,2,,26,Asset_026,Group_1,0.004,-1.4333200795090498e-10,-0.004000000143332008,,0.0,0.2
continuous__cvxpy_clarabel__rep002__seednone,continuous,cvxpy_clarabel,2,,27,Asset_027,Group_7,0.004,-2.003551576849116e-11,-0.004000000020035516,,0.0,0.2
continuous__cvxpy_clarabel__rep002__seednone,continuous,cvxpy_clarabel,2,,28,Asset_028,Group_1,0.004,-1.5125984094642256e-10,-0.004000000151259841,,0.0,0.2
continuous__cvxpy_clarabel__rep002__seednone,continuous,cvxpy_clarabel,2,,29,Asset_029,Group_4,0.004,-5.876207468239704e-11,-0.004000000058762075,,0.0,0.2
continuous__cvxpy_clarabel__rep002__seednone,continuous,cvxpy_clarabel,2,,30,Asset_030,Group_1,0.004,-1.6241553827528764e-10,-0.004000000162415539,,0.0,0.2
continuous__cvxpy_clarabel__rep002__seednone,continuous,cvxpy_clarabel,2,,31,Asset_031,Group_2,0.004,-5.598435157677899e-11,-0.004000000055984352,,0.0,0.2
continuous__cvxpy_clarabel__rep002__seednone,continuous,cvxpy_clarabel,2,,32,Asset_032,Group_1,0.004,-1.7665273809317644e-10,-0.0040000001766527385,,0.0,0.2
continuous__cvxpy_clarabel__rep002__seednone,continuous,cvxpy_clarabel,2,,33,Asset_033,Group_3,0.004,-1.8058743730187412e-10,-0.0040000001805874374,,0.0,0.2
continuous__cvxpy_clarabel__rep002__seednone,continuous,cvxpy_clarabel,2,,34,Asset_034,Group_4,0.004,-7.956424592309228e-11,-0.004000000079564246,,0.0,0.2
continuous__cvxpy_clarabel__rep002__seednone,continuous,cvxpy_clarabel,2,,35,Asset_035,Group_6,0.004,-1.909787168215586e-10,-0.004000000190978717,,0.0,0.2
continuous__cvxpy_clarabel__rep002__seednone,continuous,cvxpy_clarabel,2,,36,Asset_036,Group_3,0.004,-6.728302980511845e-11,-0.00400000006728303,,0.0,0.2
continuous__cvxpy_clarabel__rep002__seednone,continuous,cvxpy_clarabel,2,,37,Asset_037,Group_1,0.004,8.075926567654799e-12,-0.003999999991924074,,0.0,0.2
continuous__cvxpy_clarabel__rep002__seednone,continuous,cvxpy_clarabel,2,,38,Asset_038,Group_5,0.004,-1.035187985580611e-10,-0.004000000103518799,,0.0,0.2
continuous__cvxpy_clarabel__rep002__seednone,continuous,cvxpy_clarabel,2,,39,Asset_039,Group_7,0.004,-1.189122580332171e-10,-0.004000000118912258,,0.0,0.2
continuous__cvxpy_clarabel__rep002__seednone,continuous,cvxpy_clarabel,2,,40,Asset_040,Group_1,0.004,-1.7981840339660986e-10,-0.004000000179818403,,0.0,0.2
continuous__cvxpy_clarabel__rep002__seednone,continuous,cvxpy_clarabel,2,,41,Asset_041,Group_5,0.004,-4.906145863115884e-11,-0.004000000049061459,,0.0,0.2
continuous__cvxpy_clarabel__rep002__seednone,continuous,cvxpy_clarabel,2,,42,Asset_042,Group_5,0.004,-1.0890144829679595e-10,-0.004000000108901449,,0.0,0.2
continuous__cvxpy_clarabel__rep002__seednone,continuous,cvxpy_clarabel,2,,43,Asset_043,Group_6,0.004,0.006064060453249609,0.0020640604532496092,,0.0,0.2
continuous__cvxpy_clarabel__rep002__seednone,continuous,cvxpy_clarabel,2,,44,Asset_044,Group_3,0.004,-8.394083739069635e-11,-0.004000000083940838,,0.0,0.2
continuous__cvxpy_clarabel__rep002__seednone,continuous,cvxpy_clarabel,2,,45,Asset_045,Group_3,0.004,-7.300524234985539e-11,-0.0040000000730052426,,0.0,0.2
continuous__cvxpy_clarabel__rep002__seednone,continuous,cvxpy_clarabel,2,,46,Asset_046,Group_6,0.004,0.11134731930043794,0.10734731930043794,,0.0,0.2
continuous__cvxpy_clarabel__rep002__seednone,continuous,cvxpy_clarabel,2,,47,Asset_047,Group_7,0.004,5.7258593696913243e-11,-0.003999999942741406,,0.0,0.2
continuous__cvxpy_clarabel__rep002__seednone,continuous,cvxpy_clarabel,2,,48,Asset_048,Group_7,0.004,-2.4495690597062032e-11,-0.00400000002449569,,0.0,0.2
continuous__cvxpy_clarabel__rep002__seednone,continuous,cvxpy_clarabel,2,,49,Asset_049,Group_7,0.004,-9.74096309048387e-11,-0.004000000097409631,,0.0,0.2
continuous__cvxpy_clarabel__rep002__seednone,continuous,cvxpy_clarabel,2,,50,Asset_050,Group_1,0.004,-1.7402171644733415e-10,-0.004000000174021716,,0.0,0.2
continuous__cvxpy_clarabel__rep002__seednone,continuous,cvxpy_clarabel,2,,51,Asset_051,Group_3,0.004,-1.600655692037716e-10,-0.004000000160065569,,0.0,0.2
continuous__cvxpy_clarabel__rep002__seednone,continuous,cvxpy_clarabel,2,,52,Asset_052,Group_3,0.004,-1.5061069192010608e-10,-0.004000000150610692,,0.0,0.2
continuous__cvxpy_clarabel__rep002__seednone,continuous,cvxpy_clarabel,2,,53,Asset_053,Group_2,0.004,3.2279281993396243e-10,-0.00399999967720718,,0.0,0.2
continuous__cvxpy_clarabel__rep002__seednone,continuous,cvxpy_clarabel,2,,54,Asset_054,Group_3,0.004,-1.7910143025739717e-10,-0.00400000017910143,,0.0,0.2
continuous__cvxpy_clarabel__rep002__seednone,continuous,cvxpy_clarabel,2,,55,Asset_055,Group_2,0.004,-1.8197457228451303e-10,-0.004000000181974573,,0.0,0.2
continuous__cvxpy_clarabel__rep002__seednone,continuous,cvxpy_clarabel,2,,56,Asset_056,Group_4,0.004,0.08221054406710708,0.07821054406710708,,0.0,0.2
continuous__cvxpy_clarabel__rep002__seednone,continuous,cvxpy_clarabel,2,,57,Asset_057,Group_4,0.004,3.096209463612717e-10,-0.003999999690379054,,0.0,0.2
continuous__cvxpy_clarabel__rep002__seednone,continuous,cvxpy_clarabel,2,,58,Asset_058,Group_4,0.004,-1.9068902890634324e-10,-0.004000000190689029,,0.0,0.2
continuous__cvxpy_clarabel__rep002__seednone,continuous,cvxpy_clarabel,2,,59,Asset_059,Group_0,0.004,-3.018800549425093e-11,-0.004000000030188006,,0.0,0.2
continuous__cvxpy_clarabel__rep002__seednone,continuous,cvxpy_clarabel,2,,60,Asset_060,Group_6,0.004,-6.106079475486684e-11,-0.0040000000610607945,,0.0,0.2
continuous__cvxpy_clarabel__rep002__seednone,continuous,cvxpy_clarabel,2,,61,Asset_061,Group_7,0.004,-1.8564912725772662e-10,-0.004000000185649127,,0.0,0.2
continuous__cvxpy_clarabel__rep002__seednone,continuous,cvxpy_clarabel,2,,62,Asset_062,Group_5,0.004,1.2575518256522028e-10,-0.003999999874244818,,0.0,0.2
continuous__cvxpy_clarabel__rep002__seednone,continuous,cvxpy_clarabel,2,,63,Asset_063,Group_1,0.004,-1.0685684909532361e-10,-0.004000000106856849,,0.0,0.2
continuous__cvxpy_clarabel__rep002__seednone,continuous,cvxpy_clarabel,2,,64,Asset_064,Group_4,0.004,-1.4994550348550956e-10,-0.004000000149945503,,0.0,0.2
continuous__cvxpy_clarabel__rep002__seednone,continuous,cvxpy_clarabel,2,,65,Asset_065,Group_3,0.004,-1.3690784475180563e-10,-0.0040000001369078445,,0.0,0.2
continuous__cvxpy_clarabel__rep002__seednone,continuous,cvxpy_clarabel,2,,66,Asset_066,Group_0,0.004,-1.398834488573651e-10,-0.004000000139883449,,0.0,0.2
continuous__cvxpy_clarabel__rep002__seednone,continuous,cvxpy_clarabel,2,,67,Asset_067,Group_1,0.004,-7.012676513205434e-11,-0.004000000070126766,,0.0,0.2
continuous__cvxpy_clarabel__rep002__seednone,continuous,cvxpy_clarabel,2,,68,Asset_068,Group_4,0.004,-5.015826650181603e-11,-0.0040000000501582665,,0.0,0.2
continuous__cvxpy_clarabel__rep002__seednone,continuous,cvxpy_clarabel,2,,69,Asset_069,Group_4,0.004,-1.456236355676029e-10,-0.004000000145623636,,0.0,0.2
continuous__cvxpy_clarabel__rep002__seednone,continuous,cvxpy_clarabel,2,,70,Asset_070,Group_6,0.004,-1.465978008778083e-10,-0.004000000146597801,,0.0,0.2
continuous__cvxpy_clarabel__rep002__seednone,continuous,cvxpy_clarabel,2,,71,Asset_071,Group_4,0.004,-1.8053788800280089e-10,-0.004000000180537888,,0.0,0.2
continuous__cvxpy_clarabel__rep002__seednone,continuous,cvxpy_clarabel,2,,72,Asset_072,Group_0,0.004,0.020000012848479267,0.016000012848479267,,0.0,0.2
continuous__cvxpy_clarabel__rep002__seednone,continuous,cvxpy_clarabel,2,,73,Asset_073,Group_2,0.004,-6.177640424176858e-11,-0.004000000061776404,,0.0,0.2
continuous__cvxpy_clarabel__rep002__seednone,continuous,cvxpy_clarabel,2,,74,Asset_074,Group_1,0.004,9.29457973428295e-11,-0.003999999907054202,,0.0,0.2
continuous__cvxpy_clarabel__rep002__seednone,continuous,cvxpy_clarabel,2,,75,Asset_075,Group_6,0.004,9.747932790380781e-10,-0.003999999025206721,,0.0,0.2
continuous__cvxpy_clarabel__rep002__seednone,continuous,cvxpy_clarabel,2,,76,Asset_076,Group_5,0.004,-6.54052586303103e-11,-0.0040000000654052585,,0.0,0.2
continuous__cvxpy_clarabel__rep002__seednone,continuous,cvxpy_clarabel,2,,77,Asset_077,Group_0,0.004,6.319496085695752e-10,-0.003999999368050391,,0.0,0.2
continuous__cvxpy_clarabel__rep002__seednone,continuous,cvxpy_clarabel,2,,78,Asset_078,Group_1,0.004,-5.376458952300298e-11,-0.004000000053764589,,0.0,0.2
continuous__cvxpy_clarabel__rep002__seednone,continuous,cvxpy_clarabel,2,,79,Asset_079,Group_6,0.004,2.0844846787693042e-10,-0.003999999791551532,,0.0,0.2
continuous__cvxpy_clarabel__rep002__seednone,continuous,cvxpy_clarabel,2,,80,Asset_080,Group_5,0.004,-1.7989892803722186e-10,-0.004000000179898928,,0.0,0.2
continuous__cvxpy_clarabel__rep002__seednone,continuous,cvxpy_clarabel,2,,81,Asset_081,Group_4,0.004,6.104602534962024e-10,-0.0039999993895397466,,0.0,0.2
continuous__cvxpy_clarabel__rep002__seednone,continuous,cvxpy_clarabel,2,,82,Asset_082,Group_0,0.004,-2.9707646496840126e-12,-0.004000000002970764,,0.0,0.2
continuous__cvxpy_clarabel__rep002__seednone,continuous,cvxpy_clarabel,2,,83,Asset_083,Group_2,0.004,-1.235319279913485e-10,-0.004000000123531928,,0.0,0.2
continuous__cvxpy_clarabel__rep002__seednone,continuous,cvxpy_clarabel,2,,84,Asset_084,Group_0,0.004,-7.488411365462015e-11,-0.004000000074884114,,0.0,0.2
continuous__cvxpy_clarabel__rep002__seednone,continuous,cvxpy_clarabel,2,,85,Asset_085,Group_6,0.004,1.114689972085594e-09,-0.003999998885310028,,0.0,0.2
continuous__cvxpy_clarabel__rep002__seednone,continuous,cvxpy_clarabel,2,,86,Asset_086,Group_6,0.004,0.03677182030633408,0.032771820306334076,,0.0,0.2
continuous__cvxpy_clarabel__rep002__seednone,continuous,cvxpy_clarabel,2,,87,Asset_087,Group_5,0.004,1.0013880305489683e-10,-0.0039999998998611975,,0.0,0.2
continuous__cvxpy_clarabel__rep002__seednone,continuous,cvxpy_clarabel,2,,88,Asset_088,Group_7,0.004,0.004000001618068949,1.6180689487929611e-09,,0.0,0.2
continuous__cvxpy_clarabel__rep002__seednone,continuous,cvxpy_clarabel,2,,89,Asset_089,Group_2,0.004,-1.480294805264731e-10,-0.00400000014802948,,0.0,0.2
continuous__cvxpy_clarabel__rep002__seednone,continuous,cvxpy_clarabel,2,,90,Asset_090,Group_1,0.004,-1.2528331596050583e-10,-0.004000000125283316,,0.0,0.2
continuous__cvxpy_clarabel__rep002__seednone,continuous,cvxpy_clarabel,2,,91,Asset_091,Group_3,0.004,2.466195702433926e-10,-0.00399999975338043,,0.0,0.2
continuous__cvxpy_clarabel__rep002__seednone,continuous,cvxpy_clarabel,2,,92,Asset_092,Group_2,0.004,-1.27966876643832e-10,-0.004000000127966877,,0.0,0.2
continuous__cvxpy_clarabel__rep002__seednone,continuous,cvxpy_clarabel,2,,93,Asset_093,Group_6,0.004,2.494334609936732e-10,-0.003999999750566539,,0.0,0.2
continuous__cvxpy_clarabel__rep002__seednone,continuous,cvxpy_clarabel,2,,94,Asset_094,Group_5,0.004,0.16674265519748252,0.16274265519748252,,0.0,0.2
continuous__cvxpy_clarabel__rep002__seednone,continuous,cvxpy_clarabel,2,,95,Asset_095,Group_7,0.004,-7.130984487551312e-11,-0.004000000071309845,,0.0,0.2
continuous__cvxpy_clarabel__rep002__seednone,continuous,cvxpy_clarabel,2,,96,Asset_096,Group_5,0.004,-1.1520209873711341e-10,-0.004000000115202099,,0.0,0.2
continuous__cvxpy_clarabel__rep002__seednone,continuous,cvxpy_clarabel,2,,97,Asset_097,Group_2,0.004,-6.720216931798508e-11,-0.004000000067202169,,0.0,0.2
continuous__cvxpy_clarabel__rep002__seednone,continuous,cvxpy_clarabel,2,,98,Asset_098,Group_3,0.004,8.311067367039435e-12,-0.003999999991688933,,0.0,0.2
continuous__cvxpy_clarabel__rep002__seednone,continuous,cvxpy_clarabel,2,,99,Asset_099,Group_7,0.004,6.711892854829278e-11,-0.003999999932881072,,0.0,0.2
continuous__cvxpy_clarabel__rep002__seednone,continuous,cvxpy_clarabel,2,,100,Asset_100,Group_7,0.004,1.6465719879910936e-10,-0.003999999835342802,,0.0,0.2
continuous__cvxpy_clarabel__rep002__seednone,continuous,cvxpy_clarabel,2,,101,Asset_101,Group_1,0.004,0.073333585121049,0.069333585121049,,0.0,0.2
continuous__cvxpy_clarabel__rep002__seednone,continuous,cvxpy_clarabel,2,,102,Asset_102,Group_3,0.004,0.004000002392517951,2.3925179511163908e-09,,0.0,0.2
continuous__cvxpy_clarabel__rep002__seednone,continuous,cvxpy_clarabel,2,,103,Asset_103,Group_6,0.004,-9.424237164845953e-12,-0.0040000000094242375,,0.0,0.2
continuous__cvxpy_clarabel__rep002__seednone,continuous,cvxpy_clarabel,2,,104,Asset_104,Group_0,0.004,-4.948878232547431e-12,-0.004000000004948878,,0.0,0.2
continuous__cvxpy_clarabel__rep002__seednone,continuous,cvxpy_clarabel,2,,105,Asset_105,Group_2,0.004,1.7621166642824432e-10,-0.003999999823788333,,0.0,0.2
continuous__cvxpy_clarabel__rep002__seednone,continuous,cvxpy_clarabel,2,,106,Asset_106,Group_4,0.004,-1.35029049531107e-10,-0.00400000013502905,,0.0,0.2
continuous__cvxpy_clarabel__rep002__seednone,continuous,cvxpy_clarabel,2,,107,Asset_107,Group_4,0.004,-8.910333249802457e-11,-0.0040000000891033324,,0.0,0.2
continuous__cvxpy_clarabel__rep002__seednone,continuous,cvxpy_clarabel,2,,108,Asset_108,Group_4,0.004,-1.6113111421186363e-10,-0.004000000161131115,,0.0,0.2
continuous__cvxpy_clarabel__rep002__seednone,continuous,cvxpy_clarabel,2,,109,Asset_109,Group_4,0.004,-1.8346773811399e-10,-0.0040000001834677385,,0.0,0.2
continuous__cvxpy_clarabel__rep002__seednone,continuous,cvxpy_clarabel,2,,110,Asset_110,Group_3,0.004,8.184154620075289e-10,-0.003999999181584538,,0.0,0.2
continuous__cvxpy_clarabel__rep002__seednone,continuous,cvxpy_clarabel,2,,111,Asset_111,Group_2,0.004,2.43565422228141e-10,-0.003999999756434578,,0.0,0.2
continuous__cvxpy_clarabel__rep002__seednone,continuous,cvxpy_clarabel,2,,112,Asset_112,Group_0,0.004,-4.779044439233172e-11,-0.004000000047790444,,0.0,0.2
continuous__cvxpy_clarabel__rep002__seednone,continuous,cvxpy_clarabel,2,,113,Asset_113,Group_7,0.004,-5.4212326762538527e-11,-0.0040000000542123266,,0.0,0.2
continuous__cvxpy_clarabel__rep002__seednone,continuous,cvxpy_clarabel,2,,114,Asset_114,Group_7,0.004,-3.335087515135013e-11,-0.004000000033350875,,0.0,0.2
continuous__cvxpy_clarabel__rep002__seednone,continuous,cvxpy_clarabel,2,,115,Asset_115,Group_2,0.004,-1.34750048738365e-10,-0.004000000134750049,,0.0,0.2
continuous__cvxpy_clarabel__rep002__seednone,continuous,cvxpy_clarabel,2,,116,Asset_116,Group_3,0.004,-6.71786681124855e-11,-0.004000000067178668,,0.0,0.2
continuous__cvxpy_clarabel__rep002__seednone,continuous,cvxpy_clarabel,2,,117,Asset_117,Group_6,0.004,2.673262192012855e-10,-0.003999999732673781,,0.0,0.2
continuous__cvxpy_clarabel__rep002__seednone,continuous,cvxpy_clarabel,2,,118,Asset_118,Group_3,0.004,-1.5995481804406218e-10,-0.004000000159954818,,0.0,0.2
continuous__cvxpy_clarabel__rep002__seednone,continuous,cvxpy_clarabel,2,,119,Asset_119,Group_5,0.004,-1.796900760964793e-10,-0.004000000179690076,,0.0,0.2
continuous__cvxpy_clarabel__rep002__seednone,continuous,cvxpy_clarabel,2,,120,Asset_120,Group_6,0.004,-4.2830842615097084e-11,-0.004000000042830843,,0.0,0.2
continuous__cvxpy_clarabel__rep002__seednone,continuous,cvxpy_clarabel,2,,121,Asset_121,Group_2,0.004,-1.1329711477808915e-10,-0.004000000113297115,,0.0,0.2
continuous__cvxpy_clarabel__rep002__seednone,continuous,cvxpy_clarabel,2,,122,Asset_122,Group_5,0.004,-1.394530136104301e-10,-0.0040000001394530135,,0.0,0.2
continuous__cvxpy_clarabel__rep002__seednone,continuous,cvxpy_clarabel,2,,123,Asset_123,Group_7,0.004,-1.6029771449382263e-10,-0.004000000160297714,,0.0,0.2
continuous__cvxpy_clarabel__rep002__seednone,continuous,cvxpy_clarabel,2,,124,Asset_124,Group_4,0.004,-1.5982885982002185e-10,-0.00400000015982886,,0.0,0.2
continuous__cvxpy_clarabel__rep002__seednone,continuous,cvxpy_clarabel,2,,125,Asset_125,Group_0,0.004,-1.0348294764140388e-10,-0.004000000103482948,,0.0,0.2
continuous__cvxpy_clarabel__rep002__seednone,continuous,cvxpy_clarabel,2,,126,Asset_126,Group_4,0.004,-6.915180413100272e-11,-0.004000000069151804,,0.0,0.2
continuous__cvxpy_clarabel__rep002__seednone,continuous,cvxpy_clarabel,2,,127,Asset_127,Group_4,0.004,-1.9476794960314142e-10,-0.00400000019476795,,0.0,0.2
continuous__cvxpy_clarabel__rep002__seednone,continuous,cvxpy_clarabel,2,,128,Asset_128,Group_0,0.004,0.003999996809395767,-3.1906042330734352e-09,,0.0,0.2
continuous__cvxpy_clarabel__rep002__seednone,continuous,cvxpy_clarabel,2,,129,Asset_129,Group_1,0.004,-1.9469522399908222e-11,-0.004000000019469522,,0.0,0.2
continuous__cvxpy_clarabel__rep002__seednone,continuous,cvxpy_clarabel,2,,130,Asset_130,Group_2,0.004,1.0019137721833905e-09,-0.003999998998086228,,0.0,0.2
continuous__cvxpy_clarabel__rep002__seednone,continuous,cvxpy_clarabel,2,,131,Asset_131,Group_6,0.004,-1.0132496750941911e-10,-0.004000000101324968,,0.0,0.2
continuous__cvxpy_clarabel__rep002__seednone,continuous,cvxpy_clarabel,2,,132,Asset_132,Group_6,0.004,-1.8689535791212262e-10,-0.004000000186895358,,0.0,0.2
continuous__cvxpy_clarabel__rep002__seednone,continuous,cvxpy_clarabel,2,,133,Asset_133,Group_0,0.004,0.0039999951168930336,-4.88310696652311e-09,,0.0,0.2
continuous__cvxpy_clarabel__rep002__seednone,continuous,cvxpy_clarabel,2,,134,Asset_134,Group_2,0.004,1.7675867388967307e-11,-0.003999999982324132,,0.0,0.2
continuous__cvxpy_clarabel__rep002__seednone,continuous,cvxpy_clarabel,2,,135,Asset_135,Group_5,0.004,-1.284091284138404e-10,-0.004000000128409129,,0.0,0.2
continuous__cvxpy_clarabel__rep002__seednone,continuous,cvxpy_clarabel,2,,136,Asset_136,Group_4,0.004,-6.739159998008475e-11,-0.0040000000673916,,0.0,0.2
continuous__cvxpy_clarabel__rep002__seednone,continuous,cvxpy_clarabel,2,,137,Asset_137,Group_7,0.004,-5.68474691610804e-11,-0.0040000000568474695,,0.0,0.2
continuous__cvxpy_clarabel__rep002__seednone,continuous,cvxpy_clarabel,2,,138,Asset_138,Group_4,0.004,3.958367997865318e-10,-0.0039999996041632,,0.0,0.2
continuous__cvxpy_clarabel__rep002__seednone,continuous,cvxpy_clarabel,2,,139,Asset_139,Group_2,0.004,-1.5828699995984624e-11,-0.0040000000158287,,0.0,0.2
continuous__cvxpy_clarabel__rep002__seednone,continuous,cvxpy_clarabel,2,,140,Asset_140,Group_6,0.004,-9.459934693477905e-11,-0.004000000094599347,,0.0,0.2
continuous__cvxpy_clarabel__rep002__seednone,continuous,cvxpy_clarabel,2,,141,Asset_141,Group_0,0.004,-1.7172484930907692e-10,-0.00400000017172485,,0.0,0.2
continuous__cvxpy_clarabel__rep002__seednone,continuous,cvxpy_clarabel,2,,142,Asset_142,Group_2,0.004,7.214184626143001e-10,-0.003999999278581538,,0.0,0.2
continuous__cvxpy_clarabel__rep002__seednone,continuous,cvxpy_clarabel,2,,143,Asset_143,Group_3,0.004,-1.867340446051636e-10,-0.004000000186734045,,0.0,0.2
continuous__cvxpy_clarabel__rep002__seednone,continuous,cvxpy_clarabel,2,,144,Asset_144,Group_1,0.004,-4.947274671166275e-11,-0.004000000049472747,,0.0,0.2
continuous__cvxpy_clarabel__rep002__seednone,continuous,cvxpy_clarabel,2,,145,Asset_145,Group_1,0.004,-1.5021590893780445e-10,-0.004000000150215909,,0.0,0.2
continuous__cvxpy_clarabel__rep002__seednone,continuous,cvxpy_clarabel,2,,146,Asset_146,Group_0,0.004,-1.886995240168229e-10,-0.004000000188699524,,0.0,0.2
continuous__cvxpy_clarabel__rep002__seednone,continuous,cvxpy_clarabel,2,,147,Asset_147,Group_7,0.004,-9.313670710381978e-11,-0.004000000093136707,,0.0,0.2
continuous__cvxpy_clarabel__rep002__seednone,continuous,cvxpy_clarabel,2,,148,Asset_148,Group_3,0.004,0.004000002913314006,2.9133140058354434e-09,,0.0,0.2
continuous__cvxpy_clarabel__rep002__seednone,continuous,cvxpy_clarabel,2,,149,Asset_149,Group_4,0.004,-7.404419586074147e-11,-0.004000000074044196,,0.0,0.2
continuous__cvxpy_clarabel__rep002__seednone,continuous,cvxpy_clarabel,2,,150,Asset_150,Group_0,0.004,-8.770182357718565e-11,-0.004000000087701823,,0.0,0.2
continuous__cvxpy_clarabel__rep002__seednone,continuous,cvxpy_clarabel,2,,151,Asset_151,Group_1,0.004,-1.0871993121000617e-11,-0.0040000000108719935,,0.0,0.2
continuous__cvxpy_clarabel__rep002__seednone,continuous,cvxpy_clarabel,2,,152,Asset_152,Group_4,0.004,-1.0017537331852472e-10,-0.004000000100175373,,0.0,0.2
continuous__cvxpy_clarabel__rep002__seednone,continuous,cvxpy_clarabel,2,,153,Asset_153,Group_4,0.004,-1.8003985862801177e-10,-0.004000000180039859,,0.0,0.2
continuous__cvxpy_clarabel__rep002__seednone,continuous,cvxpy_clarabel,2,,154,Asset_154,Group_6,0.004,0.08821214535254235,0.08421214535254234,,0.0,0.2
continuous__cvxpy_clarabel__rep002__seednone,continuous,cvxpy_clarabel,2,,155,Asset_155,Group_1,0.004,0.045509123488007897,0.04150912348800789,,0.0,0.2
continuous__cvxpy_clarabel__rep002__seednone,continuous,cvxpy_clarabel,2,,156,Asset_156,Group_5,0.004,-1.0105812490615871e-10,-0.004000000101058125,,0.0,0.2
continuous__cvxpy_clarabel__rep002__seednone,continuous,cvxpy_clarabel,2,,157,Asset_157,Group_5,0.004,-6.337642032576913e-11,-0.0040000000633764205,,0.0,0.2
continuous__cvxpy_clarabel__rep002__seednone,continuous,cvxpy_clarabel,2,,158,Asset_158,Group_6,0.004,0.03160465044208595,0.02760465044208595,,0.0,0.2
continuous__cvxpy_clarabel__rep002__seednone,continuous,cvxpy_clarabel,2,,159,Asset_159,Group_0,0.004,-4.430013466039946e-11,-0.004000000044300135,,0.0,0.2
continuous__cvxpy_clarabel__rep002__seednone,continuous,cvxpy_clarabel,2,,160,Asset_160,Group_5,0.004,-1.402516820393275e-10,-0.004000000140251682,,0.0,0.2
continuous__cvxpy_clarabel__rep002__seednone,continuous,cvxpy_clarabel,2,,161,Asset_161,Group_0,0.004,-1.3563370804372481e-10,-0.004000000135633708,,0.0,0.2
continuous__cvxpy_clarabel__rep002__seednone,continuous,cvxpy_clarabel,2,,162,Asset_162,Group_0,0.004,-1.7828544968601267e-10,-0.00400000017828545,,0.0,0.2
continuous__cvxpy_clarabel__rep002__seednone,continuous,cvxpy_clarabel,2,,163,Asset_163,Group_6,0.004,-8.958751476303587e-11,-0.004000000089587515,,0.0,0.2
continuous__cvxpy_clarabel__rep002__seednone,continuous,cvxpy_clarabel,2,,164,Asset_164,Group_3,0.004,4.6294821931259344e-10,-0.00399999953705178,,0.0,0.2
continuous__cvxpy_clarabel__rep002__seednone,continuous,cvxpy_clarabel,2,,165,Asset_165,Group_2,0.004,-5.345983478673384e-11,-0.004000000053459835,,0.0,0.2
continuous__cvxpy_clarabel__rep002__seednone,continuous,cvxpy_clarabel,2,,166,Asset_166,Group_3,0.004,-1.6916298309779858e-10,-0.004000000169162983,,0.0,0.2
continuous__cvxpy_clarabel__rep002__seednone,continuous,cvxpy_clarabel,2,,167,Asset_167,Group_6,0.004,-1.0409950041811998e-10,-0.004000000104099501,,0.0,0.2
continuous__cvxpy_clarabel__rep002__seednone,continuous,cvxpy_clarabel,2,,168,Asset_168,Group_1,0.004,-9.98832691656289e-11,-0.004000000099883269,,0.0,0.2
continuous__cvxpy_clarabel__rep002__seednone,continuous,cvxpy_clarabel,2,,169,Asset_169,Group_3,0.004,-9.882428789384656e-11,-0.004000000098824288,,0.0,0.2
continuous__cvxpy_clarabel__rep002__seednone,continuous,cvxpy_clarabel,2,,170,Asset_170,Group_5,0.004,-1.5005121682435775e-10,-0.004000000150051217,,0.0,0.2
continuous__cvxpy_clarabel__rep002__seednone,continuous,cvxpy_clarabel,2,,171,Asset_171,Group_3,0.004,-9.277525959030886e-11,-0.00400000009277526,,0.0,0.2
continuous__cvxpy_clarabel__rep002__seednone,continuous,cvxpy_clarabel,2,,172,Asset_172,Group_4,0.004,-1.452291758800329e-10,-0.004000000145229176,,0.0,0.2
continuous__cvxpy_clarabel__rep002__seednone,continuous,cvxpy_clarabel,2,,173,Asset_173,Group_7,0.004,-1.1035134611537011e-10,-0.004000000110351346,,0.0,0.2
continuous__cvxpy_clarabel__rep002__seednone,continuous,cvxpy_clarabel,2,,174,Asset_174,Group_3,0.004,2.1277219279358338e-11,-0.0039999999787227805,,0.0,0.2
continuous__cvxpy_clarabel__rep002__seednone,continuous,cvxpy_clarabel,2,,175,Asset_175,Group_5,0.004,-9.474371991547873e-11,-0.00400000009474372,,0.0,0.2
continuous__cvxpy_clarabel__rep002__seednone,continuous,cvxpy_clarabel,2,,176,Asset_176,Group_4,0.004,-1.6465092675108222e-10,-0.004000000164650927,,0.0,0.2
continuous__cvxpy_clarabel__rep002__seednone,continuous,cvxpy_clarabel,2,,177,Asset_177,Group_1,0.004,2.1741316023951575e-10,-0.00399999978258684,,0.0,0.2
continuous__cvxpy_clarabel__rep002__seednone,continuous,cvxpy_clarabel,2,,178,Asset_178,Group_7,0.004,-7.115782705381771e-11,-0.004000000071157827,,0.0,0.2
continuous__cvxpy_clarabel__rep002__seednone,continuous,cvxpy_clarabel,2,,179,Asset_179,Group_6,0.004,-3.0569551901700826e-11,-0.004000000030569552,,0.0,0.2
continuous__cvxpy_clarabel__rep002__seednone,continuous,cvxpy_clarabel,2,,180,Asset_180,Group_0,0.004,-1.5990339435681074e-10,-0.004000000159903394,,0.0,0.2
continuous__cvxpy_clarabel__rep002__seednone,continuous,cvxpy_clarabel,2,,181,Asset_181,Group_7,0.004,-1.8279093786386737e-11,-0.004000000018279094,,0.0,0.2
continuous__cvxpy_clarabel__rep002__seednone,continuous,cvxpy_clarabel,2,,182,Asset_182,Group_1,0.004,-1.4891274670236958e-10,-0.004000000148912747,,0.0,0.2
continuous__cvxpy_clarabel__rep002__seednone,continuous,cvxpy_clarabel,2,,183,Asset_183,Group_5,0.004,-9.438884672459775e-11,-0.004000000094388847,,0.0,0.2
continuous__cvxpy_clarabel__rep002__seednone,continuous,cvxpy_clarabel,2,,184,Asset_184,Group_0,0.004,-5.2706357718454457e-11,-0.004000000052706358,,0.0,0.2
continuous__cvxpy_clarabel__rep002__seednone,continuous,cvxpy_clarabel,2,,185,Asset_185,Group_7,0.004,-1.8153516624896406e-10,-0.004000000181535166,,0.0,0.2
continuous__cvxpy_clarabel__rep002__seednone,continuous,cvxpy_clarabel,2,,186,Asset_186,Group_1,0.004,7.614364461394089e-11,-0.003999999923856356,,0.0,0.2
continuous__cvxpy_clarabel__rep002__seednone,continuous,cvxpy_clarabel,2,,187,Asset_187,Group_4,0.004,-1.294777240340657e-10,-0.004000000129477724,,0.0,0.2
continuous__cvxpy_clarabel__rep002__seednone,continuous,cvxpy_clarabel,2,,188,Asset_188,Group_7,0.004,-1.4080035603907414e-10,-0.004000000140800356,,0.0,0.2
continuous__cvxpy_clarabel__rep002__seednone,continuous,cvxpy_clarabel,2,,189,Asset_189,Group_3,0.004,-7.412173398100964e-11,-0.004000000074121734,,0.0,0.2
continuous__cvxpy_clarabel__rep002__seednone,continuous,cvxpy_clarabel,2,,190,Asset_190,Group_7,0.004,-1.7070250470136457e-10,-0.004000000170702505,,0.0,0.2
continuous__cvxpy_clarabel__rep002__seednone,continuous,cvxpy_clarabel,2,,191,Asset_191,Group_5,0.004,-1.2106032372950085e-10,-0.004000000121060324,,0.0,0.2
continuous__cvxpy_clarabel__rep002__seednone,continuous,cvxpy_clarabel,2,,192,Asset_192,Group_6,0.004,-7.326964069718121e-11,-0.0040000000732696404,,0.0,0.2
continuous__cvxpy_clarabel__rep002__seednone,continuous,cvxpy_clarabel,2,,193,Asset_193,Group_5,0.004,-1.5301611055627942e-10,-0.00400000015301611,,0.0,0.2
continuous__cvxpy_clarabel__rep002__seednone,continuous,cvxpy_clarabel,2,,194,Asset_194,Group_1,0.004,-6.518791362178519e-11,-0.004000000065187913,,0.0,0.2
continuous__cvxpy_clarabel__rep002__seednone,continuous,cvxpy_clarabel,2,,195,Asset_195,Group_7,0.004,0.19999999936276353,0.19599999936276352,,0.0,0.2
continuous__cvxpy_clarabel__rep002__seednone,continuous,cvxpy_clarabel,2,,196,Asset_196,Group_4,0.004,-8.090311195311953e-11,-0.004000000080903112,,0.0,0.2
continuous__cvxpy_clarabel__rep002__seednone,continuous,cvxpy_clarabel,2,,197,Asset_197,Group_5,0.004,-1.8936506286802056e-10,-0.004000000189365063,,0.0,0.2
continuous__cvxpy_clarabel__rep002__seednone,continuous,cvxpy_clarabel,2,,198,Asset_198,Group_1,0.004,-1.1633821299134638e-11,-0.004000000011633822,,0.0,0.2
continuous__cvxpy_clarabel__rep002__seednone,continuous,cvxpy_clarabel,2,,199,Asset_199,Group_3,0.004,-1.154482229347962e-10,-0.004000000115448223,,0.0,0.2
continuous__cvxpy_clarabel__rep002__seednone,continuous,cvxpy_clarabel,2,,200,Asset_200,Group_6,0.004,-1.0819788192707796e-10,-0.004000000108197882,,0.0,0.2
continuous__cvxpy_clarabel__rep002__seednone,continuous,cvxpy_clarabel,2,,201,Asset_201,Group_0,0.004,1.2452215139084165e-11,-0.003999999987547785,,0.0,0.2
continuous__cvxpy_clarabel__rep002__seednone,continuous,cvxpy_clarabel,2,,202,Asset_202,Group_6,0.004,-1.4781136586691866e-10,-0.004000000147811366,,0.0,0.2
continuous__cvxpy_clarabel__rep002__seednone,continuous,cvxpy_clarabel,2,,203,Asset_203,Group_0,0.004,-1.1418513205989508e-10,-0.004000000114185132,,0.0,0.2
continuous__cvxpy_clarabel__rep002__seednone,continuous,cvxpy_clarabel,2,,204,Asset_204,Group_1,0.004,-1.1722162076670998e-10,-0.0040000001172216205,,0.0,0.2
continuous__cvxpy_clarabel__rep002__seednone,continuous,cvxpy_clarabel,2,,205,Asset_205,Group_2,0.004,-1.812323615540653e-10,-0.004000000181232362,,0.0,0.2
continuous__cvxpy_clarabel__rep002__seednone,continuous,cvxpy_clarabel,2,,206,Asset_206,Group_0,0.004,-1.9689527308371106e-10,-0.004000000196895273,,0.0,0.2
continuous__cvxpy_clarabel__rep002__seednone,continuous,cvxpy_clarabel,2,,207,Asset_207,Group_3,0.004,2.2165753765444204e-10,-0.003999999778342462,,0.0,0.2
continuous__cvxpy_clarabel__rep002__seednone,continuous,cvxpy_clarabel,2,,208,Asset_208,Group_0,0.004,2.2873935524281946e-10,-0.0039999997712606445,,0.0,0.2
continuous__cvxpy_clarabel__rep002__seednone,continuous,cvxpy_clarabel,2,,209,Asset_209,Group_5,0.004,-2.7517831344357057e-11,-0.004000000027517832,,0.0,0.2
continuous__cvxpy_clarabel__rep002__seednone,continuous,cvxpy_clarabel,2,,210,Asset_210,Group_2,0.004,-1.0492801584968832e-10,-0.004000000104928016,,0.0,0.2
continuous__cvxpy_clarabel__rep002__seednone,continuous,cvxpy_clarabel,2,,211,Asset_211,Group_5,0.004,-1.1755326031529285e-11,-0.004000000011755326,,0.0,0.2
continuous__cvxpy_clarabel__rep002__seednone,continuous,cvxpy_clarabel,2,,212,Asset_212,Group_2,0.004,-1.1002998214018519e-10,-0.004000000110029983,,0.0,0.2
continuous__cvxpy_clarabel__rep002__seednone,continuous,cvxpy_clarabel,2,,213,Asset_213,Group_5,0.004,-1.307764996354537e-10,-0.0040000001307765,,0.0,0.2
continuous__cvxpy_clarabel__rep002__seednone,continuous,cvxpy_clarabel,2,,214,Asset_214,Group_1,0.004,-9.252730399776676e-11,-0.0040000000925273045,,0.0,0.2
continuous__cvxpy_clarabel__rep002__seednone,continuous,cvxpy_clarabel,2,,215,Asset_215,Group_2,0.004,-6.066578502222033e-11,-0.004000000060665785,,0.0,0.2
continuous__cvxpy_clarabel__rep002__seednone,continuous,cvxpy_clarabel,2,,216,Asset_216,Group_1,0.004,8.298736467916136e-10,-0.003999999170126354,,0.0,0.2
continuous__cvxpy_clarabel__rep002__seednone,continuous,cvxpy_clarabel,2,,217,Asset_217,Group_1,0.004,-7.377432410830882e-11,-0.004000000073774324,,0.0,0.2
continuous__cvxpy_clarabel__rep002__seednone,continuous,cvxpy_clarabel,2,,218,Asset_218,Group_6,0.004,-2.937198974749393e-11,-0.00400000002937199,,0.0,0.2
continuous__cvxpy_clarabel__rep002__seednone,continuous,cvxpy_clarabel,2,,219,Asset_219,Group_2,0.004,7.393878128525292e-11,-0.003999999926061219,,0.0,0.2
continuous__cvxpy_clarabel__rep002__seednone,continuous,cvxpy_clarabel,2,,220,Asset_220,Group_5,0.004,-1.8640546406241137e-10,-0.004000000186405464,,0.0,0.2
continuous__cvxpy_clarabel__rep002__seednone,continuous,cvxpy_clarabel,2,,221,Asset_221,Group_1,0.004,-1.578269718139015e-12,-0.00400000000157827,,0.0,0.2
continuous__cvxpy_clarabel__rep002__seednone,continuous,cvxpy_clarabel,2,,222,Asset_222,Group_3,0.004,-8.37577242284048e-11,-0.004000000083757724,,0.0,0.2
continuous__cvxpy_clarabel__rep002__seednone,continuous,cvxpy_clarabel,2,,223,Asset_223,Group_0,0.004,1.4689757981234969e-10,-0.00399999985310242,,0.0,0.2
continuous__cvxpy_clarabel__rep002__seednone,continuous,cvxpy_clarabel,2,,224,Asset_224,Group_0,0.004,-4.5822232413168766e-11,-0.004000000045822232,,0.0,0.2
continuous__cvxpy_clarabel__rep002__seednone,continuous,cvxpy_clarabel,2,,225,Asset_225,Group_0,0.004,-6.306130648473438e-11,-0.004000000063061306,,0.0,0.2
continuous__cvxpy_clarabel__rep002__seednone,continuous,cvxpy_clarabel,2,,226,Asset_226,Group_6,0.004,2.670611352002583e-10,-0.003999999732938865,,0.0,0.2
continuous__cvxpy_clarabel__rep002__seednone,continuous,cvxpy_clarabel,2,,227,Asset_227,Group_7,0.004,-7.105719877909347e-12,-0.00400000000710572,,0.0,0.2
continuous__cvxpy_clarabel__rep002__seednone,continuous,cvxpy_clarabel,2,,228,Asset_228,Group_3,0.004,-1.2590581854702509e-11,-0.004000000012590582,,0.0,0.2
continuous__cvxpy_clarabel__rep002__seednone,continuous,cvxpy_clarabel,2,,229,Asset_229,Group_6,0.004,-2.069107951596612e-11,-0.00400000002069108,,0.0,0.2
continuous__cvxpy_clarabel__rep002__seednone,continuous,cvxpy_clarabel,2,,230,Asset_230,Group_4,0.004,0.0009469464613343491,-0.003053053538665651,,0.0,0.2
continuous__cvxpy_clarabel__rep002__seednone,continuous,cvxpy_clarabel,2,,231,Asset_231,Group_5,0.004,-6.821610278165109e-11,-0.004000000068216103,,0.0,0.2
continuous__cvxpy_clarabel__rep002__seednone,continuous,cvxpy_clarabel,2,,232,Asset_232,Group_5,0.004,-6.490857751221509e-11,-0.004000000064908578,,0.0,0.2
continuous__cvxpy_clarabel__rep002__seednone,continuous,cvxpy_clarabel,2,,233,Asset_233,Group_2,0.004,0.09725715462545079,0.09325715462545078,,0.0,0.2
continuous__cvxpy_clarabel__rep002__seednone,continuous,cvxpy_clarabel,2,,234,Asset_234,Group_2,0.004,-1.6994092536791106e-10,-0.004000000169940925,,0.0,0.2
continuous__cvxpy_clarabel__rep002__seednone,continuous,cvxpy_clarabel,2,,235,Asset_235,Group_7,0.004,-1.1262770025757896e-10,-0.004000000112627701,,0.0,0.2
continuous__cvxpy_clarabel__rep002__seednone,continuous,cvxpy_clarabel,2,,236,Asset_236,Group_2,0.004,-1.6386564353823404e-10,-0.004000000163865643,,0.0,0.2
continuous__cvxpy_clarabel__rep002__seednone,continuous,cvxpy_clarabel,2,,237,Asset_237,Group_0,0.004,-1.898736216208421e-10,-0.004000000189873622,,0.0,0.2
continuous__cvxpy_clarabel__rep002__seednone,continuous,cvxpy_clarabel,2,,238,Asset_238,Group_5,0.004,-1.037442702185999e-10,-0.00400000010374427,,0.0,0.2
continuous__cvxpy_clarabel__rep002__seednone,continuous,cvxpy_clarabel,2,,239,Asset_239,Group_5,0.004,0.003999995053039162,-4.9469608383659325e-09,,0.0,0.2
continuous__cvxpy_clarabel__rep002__seednone,continuous,cvxpy_clarabel,2,,240,Asset_240,Group_7,0.004,-1.8654198390811276e-10,-0.004000000186541984,,0.0,0.2
continuous__cvxpy_clarabel__rep002__seednone,continuous,cvxpy_clarabel,2,,241,Asset_241,Group_6,0.004,7.409293749010525e-11,-0.003999999925907063,,0.0,0.2
continuous__cvxpy_clarabel__rep002__seednone,continuous,cvxpy_clarabel,2,,242,Asset_242,Group_0,0.004,-7.463362528026986e-11,-0.004000000074633626,,0.0,0.2
continuous__cvxpy_clarabel__rep002__seednone,continuous,cvxpy_clarabel,2,,243,Asset_243,Group_2,0.004,3.300437182667351e-10,-0.003999999669956282,,0.0,0.2
continuous__cvxpy_clarabel__rep002__seednone,continuous,cvxpy_clarabel,2,,244,Asset_244,Group_7,0.004,-1.7201491846860828e-10,-0.004000000172014919,,0.0,0.2
continuous__cvxpy_clarabel__rep002__seednone,continuous,cvxpy_clarabel,2,,245,Asset_245,Group_7,0.004,-1.2402058113224136e-10,-0.004000000124020581,,0.0,0.2
continuous__cvxpy_clarabel__rep002__seednone,continuous,cvxpy_clarabel,2,,246,Asset_246,Group_0,0.004,5.664974270579211e-11,-0.003999999943350257,,0.0,0.2
continuous__cvxpy_clarabel__rep002__seednone,continuous,cvxpy_clarabel,2,,247,Asset_247,Group_3,0.004,-1.2915449361672101e-10,-0.004000000129154494,,0.0,0.2
continuous__cvxpy_clarabel__rep002__seednone,continuous,cvxpy_clarabel,2,,248,Asset_248,Group_2,0.004,-1.9725822570945505e-11,-0.004000000019725823,,0.0,0.2
continuous__cvxpy_clarabel__rep002__seednone,continuous,cvxpy_clarabel,2,,249,Asset_249,Group_0,0.004,-1.1989848620562858e-10,-0.004000000119898486,,0.0,0.2
continuous__gurobi_qp__rep000__seed0,continuous,gurobi_qp,0,0,0,Asset_000,Group_3,0.004,1.6452663069958152e-12,-0.003999999998354734,,0.0,0.2
continuous__gurobi_qp__rep000__seed0,continuous,gurobi_qp,0,0,1,Asset_001,Group_7,0.004,2.280949948592389e-12,-0.00399999999771905,,0.0,0.2
continuous__gurobi_qp__rep000__seed0,continuous,gurobi_qp,0,0,2,Asset_002,Group_7,0.004,2.152535650291202e-12,-0.003999999997847464,,0.0,0.2
continuous__gurobi_qp__rep000__seed0,continuous,gurobi_qp,0,0,3,Asset_003,Group_2,0.004,1.5583748696626417e-12,-0.003999999998441625,,0.0,0.2
continuous__gurobi_qp__rep000__seed0,continuous,gurobi_qp,0,0,4,Asset_004,Group_6,0.004,1.3375766697661921e-12,-0.003999999998662423,,0.0,0.2
continuous__gurobi_qp__rep000__seed0,continuous,gurobi_qp,0,0,5,Asset_005,Group_7,0.004,2.5592068102460113e-12,-0.003999999997440793,,0.0,0.2
continuous__gurobi_qp__rep000__seed0,continuous,gurobi_qp,0,0,6,Asset_006,Group_3,0.004,1.8905752764992417e-12,-0.003999999998109425,,0.0,0.2
continuous__gurobi_qp__rep000__seed0,continuous,gurobi_qp,0,0,7,Asset_007,Group_0,0.004,2.1351249772259103e-12,-0.003999999997864875,,0.0,0.2
continuous__gurobi_qp__rep000__seed0,continuous,gurobi_qp,0,0,8,Asset_008,Group_2,0.004,2.7618054173289303e-12,-0.0039999999972381945,,0.0,0.2
continuous__gurobi_qp__rep000__seed0,continuous,gurobi_qp,0,0,9,Asset_009,Group_6,0.004,2.1704862436021443e-12,-0.003999999997829514,,0.0,0.2
continuous__gurobi_qp__rep000__seed0,continuous,gurobi_qp,0,0,10,Asset_010,Group_0,0.004,2.117497733319586e-12,-0.003999999997882502,,0.0,0.2
continuous__gurobi_qp__rep000__seed0,continuous,gurobi_qp,0,0,11,Asset_011,Group_5,0.004,7.688970771246415e-12,-0.003999999992311029,,0.0,0.2
continuous__gurobi_qp__rep000__seed0,continuous,gurobi_qp,0,0,12,Asset_012,Group_7,0.004,1.3876995375272727e-12,-0.0039999999986123,,0.0,0.2
continuous__gurobi_qp__rep000__seed0,continuous,gurobi_qp,0,0,13,Asset_013,Group_2,0.004,2.0241674141909345e-12,-0.003999999997975833,,0.0,0.2
continuous__gurobi_qp__rep000__seed0,continuous,gurobi_qp,0,0,14,Asset_014,Group_4,0.004,4.774774790098419e-12,-0.003999999995225225,,0.0,0.2
continuous__gurobi_qp__rep000__seed0,continuous,gurobi_qp,0,0,15,Asset_015,Group_4,0.004,5.08166951452433e-12,-0.003999999994918331,,0.0,0.2
continuous__gurobi_qp__rep000__seed0,continuous,gurobi_qp,0,0,16,Asset_016,Group_1,0.004,1.399499845337141e-12,-0.003999999998600501,,0.0,0.2
continuous__gurobi_qp__rep000__seed0,continuous,gurobi_qp,0,0,17,Asset_017,Group_4,0.004,2.620676233324169e-12,-0.003999999997379324,,0.0,0.2
continuous__gurobi_qp__rep000__seed0,continuous,gurobi_qp,0,0,18,Asset_018,Group_3,0.004,2.1486745298909543e-12,-0.003999999997851326,,0.0,0.2
continuous__gurobi_qp__rep000__seed0,continuous,gurobi_qp,0,0,19,Asset_019,Group_2,0.004,3.677107734506448e-12,-0.003999999996322892,,0.0,0.2
continuous__gurobi_qp__rep000__seed0,continuous,gurobi_qp,0,0,20,Asset_020,Group_1,0.004,5.369117593017164e-11,-0.0039999999463088244,,0.0,0.2
continuous__gurobi_qp__rep000__seed0,continuous,gurobi_qp,0,0,21,Asset_021,Group_1,0.004,9.444073291024151e-12,-0.003999999990555927,,0.0,0.2
continuous__gurobi_qp__rep000__seed0,continuous,gurobi_qp,0,0,22,Asset_022,Group_3,0.004,0.015999999733791626,0.011999999733791625,,0.0,0.2
continuous__gurobi_qp__rep000__seed0,continuous,gurobi_qp,0,0,23,Asset_023,Group_6,0.004,3.664409107419971e-12,-0.003999999996335591,,0.0,0.2
continuous__gurobi_qp__rep000__seed0,continuous,gurobi_qp,0,0,24,Asset_024,Group_4,0.004,1.8914954767989215e-12,-0.0039999999981085044,,0.0,0.2
continuous__gurobi_qp__rep000__seed0,continuous,gurobi_qp,0,0,25,Asset_025,Group_5,0.004,4.479180244440594e-12,-0.00399999999552082,,0.0,0.2
continuous__gurobi_qp__rep000__seed0,continuous,gurobi_qp,0,0,26,Asset_026,Group_1,0.004,2.5405645810849333e-12,-0.003999999997459435,,0.0,0.2
continuous__gurobi_qp__rep000__seed0,continuous,gurobi_qp,0,0,27,Asset_027,Group_7,0.004,4.221469275179209e-12,-0.0039999999957785306,,0.0,0.2
continuous__gurobi_qp__rep000__seed0,continuous,gurobi_qp,0,0,28,Asset_028,Group_1,0.004,1.7117737920252772e-12,-0.003999999998288226,,0.0,0.2
continuous__gurobi_qp__rep000__seed0,continuous,gurobi_qp,0,0,29,Asset_029,Group_4,0.004,3.638029120103904e-12,-0.003999999996361971,,0.0,0.2
continuous__gurobi_qp__rep000__seed0,continuous,gurobi_qp,0,0,30,Asset_030,Group_1,0.004,1.6867907328127378e-12,-0.00399999999831321,,0.0,0.2
continuous__gurobi_qp__rep000__seed0,continuous,gurobi_qp,0,0,31,Asset_031,Group_2,0.004,6.232716964882847e-12,-0.0039999999937672835,,0.0,0.2
continuous__gurobi_qp__rep000__seed0,continuous,gurobi_qp,0,0,32,Asset_032,Group_1,0.004,1.4573838694278887e-12,-0.003999999998542616,,0.0,0.2
continuous__gurobi_qp__rep000__seed0,continuous,gurobi_qp,0,0,33,Asset_033,Group_3,0.004,2.022213558157193e-12,-0.003999999997977787,,0.0,0.2
continuous__gurobi_qp__rep000__seed0,continuous,gurobi_qp,0,0,34,Asset_034,Group_4,0.004,2.2625871675757038e-12,-0.003999999997737413,,0.0,0.2
continuous__gurobi_qp__rep000__seed0,continuous,gurobi_qp,0,0,35,Asset_035,Group_6,0.004,1.5637951637925072e-12,-0.003999999998436205,,0.0,0.2
continuous__gurobi_qp__rep000__seed0,continuous,gurobi_qp,0,0,36,Asset_036,Group_3,0.004,2.3209935696389074e-12,-0.003999999997679007,,0.0,0.2
continuous__gurobi_qp__rep000__seed0,continuous,gurobi_qp,0,0,37,Asset_037,Group_1,0.004,5.690636981691735e-12,-0.003999999994309363,,0.0,0.2
continuous__gurobi_qp__rep000__seed0,continuous,gurobi_qp,0,0,38,Asset_038,Group_5,0.004,3.5393088537818196e-12,-0.0039999999964606915,,0.0,0.2
continuous__gurobi_qp__rep000__seed0,continuous,gurobi_qp,0,0,39,Asset_039,Group_7,0.004,4.2231302768804054e-12,-0.0039999999957768696,,0.0,0.2
continuous__gurobi_qp__rep000__seed0,continuous,gurobi_qp,0,0,40,Asset_040,Group_1,0.004,1.8608444354992477e-12,-0.003999999998139155,,0.0,0.2
continuous__gurobi_qp__rep000__seed0,continuous,gurobi_qp,0,0,41,Asset_041,Group_5,0.004,2.950533240960185e-12,-0.003999999997049467,,0.0,0.2
continuous__gurobi_qp__rep000__seed0,continuous,gurobi_qp,0,0,42,Asset_042,Group_5,0.004,2.488237102350824e-12,-0.003999999997511763,,0.0,0.2
continuous__gurobi_qp__rep000__seed0,continuous,gurobi_qp,0,0,43,Asset_043,Group_6,0.004,0.006064484681966404,0.0020644846819664036,,0.0,0.2
continuous__gurobi_qp__rep000__seed0,continuous,gurobi_qp,0,0,44,Asset_044,Group_3,0.004,2.1300703574536666e-12,-0.00399999999786993,,0.0,0.2
continuous__gurobi_qp__rep000__seed0,continuous,gurobi_qp,0,0,45,Asset_045,Group_3,0.004,3.1464872344682525e-12,-0.003999999996853513,,0.0,0.2
continuous__gurobi_qp__rep000__seed0,continuous,gurobi_qp,0,0,46,Asset_046,Group_6,0.004,0.11134729672350369,0.10734729672350368,,0.0,0.2
continuous__gurobi_qp__rep000__seed0,continuous,gurobi_qp,0,0,47,Asset_047,Group_7,0.004,7.84869578326043e-12,-0.003999999992151304,,0.0,0.2
continuous__gurobi_qp__rep000__seed0,continuous,gurobi_qp,0,0,48,Asset_048,Group_7,0.004,6.506140448099021e-12,-0.00399999999349386,,0.0,0.2
continuous__gurobi_qp__rep000__seed0,continuous,gurobi_qp,0,0,49,Asset_049,Group_7,0.004,1.5822250174605365e-12,-0.003999999998417775,,0.0,0.2
continuous__gurobi_qp__rep000__seed0,continuous,gurobi_qp,0,0,50,Asset_050,Group_1,0.004,2.316047302410612e-12,-0.0039999999976839526,,0.0,0.2
continuous__gurobi_qp__rep000__seed0,continuous,gurobi_qp,0,0,51,Asset_051,Group_3,0.004,1.9697913225466556e-12,-0.0039999999980302086,,0.0,0.2
continuous__gurobi_qp__rep000__seed0,continuous,gurobi_qp,0,0,52,Asset_052,Group_3,0.004,2.1916659763496524e-12,-0.003999999997808334,,0.0,0.2
continuous__gurobi_qp__rep000__seed0,continuous,gurobi_qp,0,0,53,Asset_053,Group_2,0.004,1.810140912147261e-11,-0.003999999981898591,,0.0,0.2
continuous__gurobi_qp__rep000__seed0,continuous,gurobi_qp,0,0,54,Asset_054,Group_3,0.004,2.1256007186161716e-12,-0.003999999997874399,,0.0,0.2
continuous__gurobi_qp__rep000__seed0,continuous,gurobi_qp,0,0,55,Asset_055,Group_2,0.004,1.9697212639325324e-12,-0.003999999998030279,,0.0,0.2
continuous__gurobi_qp__rep000__seed0,continuous,gurobi_qp,0,0,56,Asset_056,Group_4,0.004,0.08221067941338729,0.07821067941338729,,0.0,0.2
continuous__gurobi_qp__rep000__seed0,continuous,gurobi_qp,0,0,57,Asset_057,Group_4,0.004,1.922338625765486e-11,-0.003999999980776614,,0.0,0.2
continuous__gurobi_qp__rep000__seed0,continuous,gurobi_qp,0,0,58,Asset_058,Group_4,0.004,1.7184936595638327e-12,-0.003999999998281507,,0.0,0.2
continuous__gurobi_qp__rep000__seed0,continuous,gurobi_qp,0,0,59,Asset_059,Group_0,0.004,6.1461100401714735e-12,-0.00399999999385389,,0.0,0.2
continuous__gurobi_qp__rep000__seed0,continuous,gurobi_qp,0,0,60,Asset_060,Group_6,0.004,2.4817848091017755e-12,-0.003999999997518215,,0.0,0.2
continuous__gurobi_qp__rep000__seed0,continuous,gurobi_qp,0,0,61,Asset_061,Group_7,0.004,1.9358287008040013e-12,-0.003999999998064171,,0.0,0.2
continuous__gurobi_qp__rep000__seed0,continuous,gurobi_qp,0,0,62,Asset_062,Group_5,0.004,7.93673267663568e-12,-0.003999999992063267,,0.0,0.2
continuous__gurobi_qp__rep000__seed0,continuous,gurobi_qp,0,0,63,Asset_063,Group_1,0.004,1.410810298362587e-12,-0.003999999998589189,,0.0,0.2
continuous__gurobi_qp__rep000__seed0,continuous,gurobi_qp,0,0,64,Asset_064,Group_4,0.004,1.430274572473302e-12,-0.003999999998569726,,0.0,0.2
continuous__gurobi_qp__rep000__seed0,continuous,gurobi_qp,0,0,65,Asset_065,Group_3,0.004,3.696904808992068e-12,-0.003999999996303095,,0.0,0.2
continuous__gurobi_qp__rep000__seed0,continuous,gurobi_qp,0,0,66,Asset_066,Group_0,0.004,1.6426164550737418e-12,-0.0039999999983573835,,0.0,0.2
continuous__gurobi_qp__rep000__seed0,continuous,gurobi_qp,0,0,67,Asset_067,Group_1,0.004,3.578972704456533e-12,-0.003999999996421027,,0.0,0.2
continuous__gurobi_qp__rep000__seed0,continuous,gurobi_qp,0,0,68,Asset_068,Group_4,0.004,2.2799420996613532e-12,-0.003999999997720058,,0.0,0.2
continuous__gurobi_qp__rep000__seed0,continuous,gurobi_qp,0,0,69,Asset_069,Group_4,0.004,3.2890442509491622e-12,-0.003999999996710956,,0.0,0.2
continuous__gurobi_qp__rep000__seed0,continuous,gurobi_qp,0,0,70,Asset_070,Group_6,0.004,2.44101352808454e-12,-0.0039999999975589865,,0.0,0.2
continuous__gurobi_qp__rep000__seed0,continuous,gurobi_qp,0,0,71,Asset_071,Group_4,0.004,2.185925862603292e-12,-0.003999999997814074,,0.0,0.2
continuous__gurobi_qp__rep000__seed0,continuous,gurobi_qp,0,0,72,Asset_072,Group_0,0.004,0.020000000331252106,0.016000000331252106,,0.0,0.2
continuous__gurobi_qp__rep000__seed0,continuous,gurobi_qp,0,0,73,Asset_073,Group_2,0.004,3.13305654972477e-12,-0.003999999996866944,,0.0,0.2
continuous__gurobi_qp__rep000__seed0,continuous,gurobi_qp,0,0,74,Asset_074,Group_1,0.004,6.878427850443086e-12,-0.003999999993121573,,0.0,0.2
continuous__gurobi_qp__rep000__seed0,continuous,gurobi_qp,0,0,75,Asset_075,Group_6,0.004,4.721751387391846e-11,-0.003999999952782486,,0.0,0.2
continuous__gurobi_qp__rep000__seed0,continuous,gurobi_qp,0,0,76,Asset_076,Group_5,0.004,1.6393356006189876e-12,-0.003999999998360665,,0.0,0.2
continuous__gurobi_qp__rep000__seed0,continuous,gurobi_qp,0,0,77,Asset_077,Group_0,0.004,2.758920472179846e-11,-0.003999999972410796,,0.0,0.2
continuous__gurobi_qp__rep000__seed0,continuous,gurobi_qp,0,0,78,Asset_078,Group_1,0.004,2.2005884297855782e-12,-0.003999999997799411,,0.0,0.2
continuous__gurobi_qp__rep000__seed0,continuous,gurobi_qp,0,0,79,Asset_079,Group_6,0.004,1.1955508596126522e-11,-0.0039999999880444915,,0.0,0.2
continuous__gurobi_qp__rep000__seed0,continuous,gurobi_qp,0,0,80,Asset_080,Group_5,0.004,1.4718051813581836e-12,-0.003999999998528195,,0.0,0.2
continuous__gurobi_qp__rep000__seed0,continuous,gurobi_qp,0,0,81,Asset_081,Group_4,0.004,3.024218648119738e-11,-0.003999999969757814,,0.0,0.2
continuous__gurobi_qp__rep000__seed0,continuous,gurobi_qp,0,0,82,Asset_082,Group_0,0.004,3.962333739088282e-12,-0.003999999996037666,,0.0,0.2
continuous__gurobi_qp__rep000__seed0,continuous,gurobi_qp,0,0,83,Asset_083,Group_2,0.004,3.864782018114539e-12,-0.003999999996135218,,0.0,0.2
continuous__gurobi_qp__rep000__seed0,continuous,gurobi_qp,0,0,84,Asset_084,Group_0,0.004,4.672019702717955e-12,-0.00399999999532798,,0.0,0.2
continuous__gurobi_qp__rep000__seed0,continuous,gurobi_qp,0,0,85,Asset_085,Group_6,0.004,4.6519112485733086e-11,-0.003999999953480888,,0.0,0.2
continuous__gurobi_qp__rep000__seed0,continuous,gurobi_qp,0,0,86,Asset_086,Group_6,0.004,0.036771360190537984,0.03277136019053799,,0.0,0.2
continuous__gurobi_qp__rep000__seed0,continuous,gurobi_qp,0,0,87,Asset_087,Group_5,0.004,7.5715603930685e-12,-0.0039999999924284395,,0.0,0.2
continuous__gurobi_qp__rep000__seed0,continuous,gurobi_qp,0,0,88,Asset_088,Group_7,0.004,0.004000000040292357,4.029235712438295e-11,,0.0,0.2
continuous__gurobi_qp__rep000__seed0,continuous,gurobi_qp,0,0,89,Asset_089,Group_2,0.004,2.1496761576789074e-12,-0.003999999997850324,,0.0,0.2
continuous__gurobi_qp__rep000__seed0,continuous,gurobi_qp,0,0,90,Asset_090,Group_1,0.004,1.6381516919098856e-12,-0.003999999998361849,,0.0,0.2
continuous__gurobi_qp__rep000__seed0,continuous,gurobi_qp,0,0,91,Asset_091,Group_3,0.004,1.3615751013163995e-11,-0.003999999986384249,,0.0,0.2
continuous__gurobi_qp__rep000__seed0,continuous,gurobi_qp,0,0,92,Asset_092,Group_2,0.004,1.4256553147575721e-12,-0.0039999999985743445,,0.0,0.2
continuous__gurobi_qp__rep000__seed0,continuous,gurobi_qp,0,0,93,Asset_093,Group_6,0.004,1.2834704556471563e-11,-0.003999999987165295,,0.0,0.2
continuous__gurobi_qp__rep000__seed0,continuous,gurobi_qp,0,0,94,Asset_094,Group_5,0.004,0.16674245116381003,0.16274245116381003,,0.0,0.2
continuous__gurobi_qp__rep000__seed0,continuous,gurobi_qp,0,0,95,Asset_095,Group_7,0.004,1.913131758632027e-12,-0.003999999998086868,,0.0,0.2
continuous__gurobi_qp__rep000__seed0,continuous,gurobi_qp,0,0,96,Asset_096,Group_5,0.004,4.191888380146791e-12,-0.003999999995808112,,0.0,0.2
continuous__gurobi_qp__rep000__seed0,continuous,gurobi_qp,0,0,97,Asset_097,Group_2,0.004,2.318075955004269e-12,-0.003999999997681924,,0.0,0.2
continuous__gurobi_qp__rep000__seed0,continuous,gurobi_qp,0,0,98,Asset_098,Group_3,0.004,4.5689912403887245e-12,-0.003999999995431009,,0.0,0.2
continuous__gurobi_qp__rep000__seed0,continuous,gurobi_qp,0,0,99,Asset_099,Group_7,0.004,7.486836932033769e-12,-0.003999999992513163,,0.0,0.2
continuous__gurobi_qp__rep000__seed0,continuous,gurobi_qp,0,0,100,Asset_100,Group_7,0.004,1.3346929114000987e-11,-0.003999999986653071,,0.0,0.2
continuous__gurobi_qp__rep000__seed0,continuous,gurobi_qp,0,0,101,Asset_101,Group_1,0.004,0.0733337663969361,0.0693337663969361,,0.0,0.2
continuous__gurobi_qp__rep000__seed0,continuous,gurobi_qp,0,0,102,Asset_102,Group_3,0.004,0.004000000098837463,9.883746251992953e-11,,0.0,0.2
continuous__gurobi_qp__rep000__seed0,continuous,gurobi_qp,0,0,103,Asset_103,Group_6,0.004,3.624103436573655e-12,-0.0039999999963758965,,0.0,0.2
continuous__gurobi_qp__rep000__seed0,continuous,gurobi_qp,0,0,104,Asset_104,Group_0,0.004,4.0245940391710396e-12,-0.003999999995975406,,0.0,0.2
continuous__gurobi_qp__rep000__seed0,continuous,gurobi_qp,0,0,105,Asset_105,Group_2,0.004,1.1146903561305103e-11,-0.003999999988853096,,0.0,0.2
continuous__gurobi_qp__rep000__seed0,continuous,gurobi_qp,0,0,106,Asset_106,Group_4,0.004,3.5568400300646258e-12,-0.00399999999644316,,0.0,0.2
continuous__gurobi_qp__rep000__seed0,continuous,gurobi_qp,0,0,107,Asset_107,Group_4,0.004,1.350432757668843e-12,-0.003999999998649567,,0.0,0.2
continuous__gurobi_qp__rep000__seed0,continuous,gurobi_qp,0,0,108,Asset_108,Group_4,0.004,2.8530148341314016e-12,-0.003999999997146985,,0.0,0.2
continuous__gurobi_qp__rep000__seed0,continuous,gurobi_qp,0,0,109,Asset_109,Group_4,0.004,1.376006269262677e-12,-0.003999999998623994,,0.0,0.2
continuous__gurobi_qp__rep000__seed0,continuous,gurobi_qp,0,0,110,Asset_110,Group_3,0.004,3.6299066917787066e-11,-0.003999999963700933,,0.0,0.2
continuous__gurobi_qp__rep000__seed0,continuous,gurobi_qp,0,0,111,Asset_111,Group_2,0.004,1.3208282512146268e-11,-0.0039999999867917175,,0.0,0.2
continuous__gurobi_qp__rep000__seed0,continuous,gurobi_qp,0,0,112,Asset_112,Group_0,0.004,4.338656768534393e-12,-0.003999999995661343,,0.0,0.2
continuous__gurobi_qp__rep000__seed0,continuous,gurobi_qp,0,0,113,Asset_113,Group_7,0.004,2.130804520767577e-12,-0.003999999997869196,,0.0,0.2
continuous__gurobi_qp__rep000__seed0,continuous,gurobi_qp,0,0,114,Asset_114,Group_7,0.004,4.551424367628269e-12,-0.003999999995448576,,0.0,0.2
continuous__gurobi_qp__rep000__seed0,continuous,gurobi_qp,0,0,115,Asset_115,Group_2,0.004,1.870710198308873e-12,-0.00399999999812929,,0.0,0.2
continuous__gurobi_qp__rep000__seed0,continuous,gurobi_qp,0,0,116,Asset_116,Group_3,0.004,3.2148656877755456e-12,-0.003999999996785134,,0.0,0.2
continuous__gurobi_qp__rep000__seed0,continuous,gurobi_qp,0,0,117,Asset_117,Group_6,0.004,1.8152960333417e-11,-0.00399999998184704,,0.0,0.2
continuous__gurobi_qp__rep000__seed0,continuous,gurobi_qp,0,0,118,Asset_118,Group_3,0.004,1.74313024879434e-12,-0.00399999999825687,,0.0,0.2
continuous__gurobi_qp__rep000__seed0,continuous,gurobi_qp,0,0,119,Asset_119,Group_5,0.004,2.1100238777468097e-12,-0.003999999997889976,,0.0,0.2
continuous__gurobi_qp__rep000__seed0,continuous,gurobi_qp,0,0,120,Asset_120,Group_6,0.004,4.988761045069352e-12,-0.003999999995011239,,0.0,0.2
continuous__gurobi_qp__rep000__seed0,continuous,gurobi_qp,0,0,121,Asset_121,Group_2,0.004,2.1677769690462877e-12,-0.003999999997832223,,0.0,0.2
continuous__gurobi_qp__rep000__seed0,continuous,gurobi_qp,0,0,122,Asset_122,Group_5,0.004,1.4914229355182859e-12,-0.003999999998508577,,0.0,0.2
continuous__gurobi_qp__rep000__seed0,continuous,gurobi_qp,0,0,123,Asset_123,Group_7,0.004,1.5013585247940025e-12,-0.003999999998498641,,0.0,0.2
continuous__gurobi_qp__rep000__seed0,continuous,gurobi_qp,0,0,124,Asset_124,Group_4,0.004,1.5282121784357525e-12,-0.003999999998471788,,0.0,0.2
continuous__gurobi_qp__rep000__seed0,continuous,gurobi_qp,0,0,125,Asset_125,Group_0,0.004,2.8754015468195525e-12,-0.003999999997124599,,0.0,0.2
continuous__gurobi_qp__rep000__seed0,continuous,gurobi_qp,0,0,126,Asset_126,Group_4,0.004,4.618023448008292e-12,-0.003999999995381976,,0.0,0.2
continuous__gurobi_qp__rep000__seed0,continuous,gurobi_qp,0,0,127,Asset_127,Group_4,0.004,1.5041509428127326e-12,-0.003999999998495849,,0.0,0.2
continuous__gurobi_qp__rep000__seed0,continuous,gurobi_qp,0,0,128,Asset_128,Group_0,0.004,0.003999999878632164,-1.2136783592020528e-10,,0.0,0.2
continuous__gurobi_qp__rep000__seed0,continuous,gurobi_qp,0,0,129,Asset_129,Group_1,0.004,4.497228893453612e-12,-0.003999999995502771,,0.0,0.2
continuous__gurobi_qp__rep000__seed0,continuous,gurobi_qp,0,0,130,Asset_130,Group_2,0.004,3.967456162587165e-11,-0.003999999960325439,,0.0,0.2
continuous__gurobi_qp__rep000__seed0,continuous,gurobi_qp,0,0,131,Asset_131,Group_6,0.004,1.6475858907725881e-12,-0.003999999998352414,,0.0,0.2
continuous__gurobi_qp__rep000__seed0,continuous,gurobi_qp,0,0,132,Asset_132,Group_6,0.004,1.734300652593886e-12,-0.003999999998265699,,0.0,0.2
continuous__gurobi_qp__rep000__seed0,continuous,gurobi_qp,0,0,133,Asset_133,Group_0,0.004,0.003999999769824707,-2.301752928882128e-10,,0.0,0.2
continuous__gurobi_qp__rep000__seed0,continuous,gurobi_qp,0,0,134,Asset_134,Group_2,0.004,5.2094272944079905e-12,-0.003999999994790573,,0.0,0.2
continuous__gurobi_qp__rep000__seed0,continuous,gurobi_qp,0,0,135,Asset_135,Group_5,0.004,3.845235342151797e-12,-0.003999999996154764,,0.0,0.2
continuous__gurobi_qp__rep000__seed0,continuous,gurobi_qp,0,0,136,Asset_136,Group_4,0.004,3.1440840280614887e-12,-0.003999999996855916,,0.0,0.2
continuous__gurobi_qp__rep000__seed0,continuous,gurobi_qp,0,0,137,Asset_137,Group_7,0.004,4.460925863235439e-12,-0.0039999999955390745,,0.0,0.2
continuous__gurobi_qp__rep000__seed0,continuous,gurobi_qp,0,0,138,Asset_138,Group_4,0.004,1.8738065229240537e-11,-0.003999999981261935,,0.0,0.2
continuous__gurobi_qp__rep000__seed0,continuous,gurobi_qp,0,0,139,Asset_139,Group_2,0.004,3.735271104496275e-12,-0.003999999996264729,,0.0,0.2
continuous__gurobi_qp__rep000__seed0,continuous,gurobi_qp,0,0,140,Asset_140,Group_6,0.004,4.471351577676725e-12,-0.003999999995528649,,0.0,0.2
continuous__gurobi_qp__rep000__seed0,continuous,gurobi_qp,0,0,141,Asset_141,Group_0,0.004,1.938276384968728e-12,-0.003999999998061723,,0.0,0.2
continuous__gurobi_qp__rep000__seed0,continuous,gurobi_qp,0,0,142,Asset_142,Group_2,0.004,3.1106641276570296e-11,-0.0039999999688933585,,0.0,0.2
continuous__gurobi_qp__rep000__seed0,continuous,gurobi_qp,0,0,143,Asset_143,Group_3,0.004,1.7569395158474845e-12,-0.003999999998243061,,0.0,0.2
continuous__gurobi_qp__rep000__seed0,continuous,gurobi_qp,0,0,144,Asset_144,Group_1,0.004,2.9628115823771397e-12,-0.003999999997037189,,0.0,0.2
continuous__gurobi_qp__rep000__seed0,continuous,gurobi_qp,0,0,145,Asset_145,Group_1,0.004,2.4925412433324922e-12,-0.003999999997507459,,0.0,0.2
continuous__gurobi_qp__rep000__seed0,continuous,gurobi_qp,0,0,146,Asset_146,Group_0,0.004,1.5321203474696524e-12,-0.00399999999846788,,0.0,0.2
continuous__gurobi_qp__rep000__seed0,continuous,gurobi_qp,0,0,147,Asset_147,Group_7,0.004,1.675245191041656e-12,-0.003999999998324755,,0.0,0.2
continuous__gurobi_qp__rep000__seed0,continuous,gurobi_qp,0,0,148,Asset_148,Group_3,0.004,0.004000000022695244,2.26952441215178e-11,,0.0,0.2
continuous__gurobi_qp__rep000__seed0,continuous,gurobi_qp,0,0,149,Asset_149,Group_4,0.004,1.5591843677500115e-12,-0.003999999998440816,,0.0,0.2
continuous__gurobi_qp__rep000__seed0,continuous,gurobi_qp,0,0,150,Asset_150,Group_0,0.004,2.0320519038741298e-12,-0.0039999999979679485,,0.0,0.2
continuous__gurobi_qp__rep000__seed0,continuous,gurobi_qp,0,0,151,Asset_151,Group_1,0.004,3.819207103859202e-12,-0.003999999996180793,,0.0,0.2
continuous__gurobi_qp__rep000__seed0,continuous,gurobi_qp,0,0,152,Asset_152,Group_4,0.004,2.9760957261388465e-12,-0.003999999997023904,,0.0,0.2
continuous__gurobi_qp__rep000__seed0,continuous,gurobi_qp,0,0,153,Asset_153,Group_4,0.004,1.8586033376708767e-12,-0.0039999999981413965,,0.0,0.2
continuous__gurobi_qp__rep000__seed0,continuous,gurobi_qp,0,0,154,Asset_154,Group_6,0.004,0.08821214904816149,0.08421214904816149,,0.0,0.2
continuous__gurobi_qp__rep000__seed0,continuous,gurobi_qp,0,0,155,Asset_155,Group_1,0.004,0.04550923197310274,0.041509231973102745,,0.0,0.2
continuous__gurobi_qp__rep000__seed0,continuous,gurobi_qp,0,0,156,Asset_156,Group_5,0.004,2.079461742784486e-12,-0.0039999999979205385,,0.0,0.2
continuous__gurobi_qp__rep000__seed0,continuous,gurobi_qp,0,0,157,Asset_157,Group_5,0.004,1.7296588737419886e-12,-0.003999999998270341,,0.0,0.2
continuous__gurobi_qp__rep000__seed0,continuous,gurobi_qp,0,0,158,Asset_158,Group_6,0.004,0.03160470902050485,0.02760470902050485,,0.0,0.2
continuous__gurobi_qp__rep000__seed0,continuous,gurobi_qp,0,0,159,Asset_159,Group_0,0.004,2.5239486172668197e-12,-0.003999999997476051,,0.0,0.2
continuous__gurobi_qp__rep000__seed0,continuous,gurobi_qp,0,0,160,Asset_160,Group_5,0.004,2.3801102241064096e-12,-0.00399999999761989,,0.0,0.2
continuous__gurobi_qp__rep000__seed0,continuous,gurobi_qp,0,0,161,Asset_161,Group_0,0.004,2.462308907482762e-12,-0.003999999997537691,,0.0,0.2
continuous__gurobi_qp__rep000__seed0,continuous,gurobi_qp,0,0,162,Asset_162,Group_0,0.004,2.174316003499634e-12,-0.003999999997825684,,0.0,0.2
continuous__gurobi_qp__rep000__seed0,continuous,gurobi_qp,0,0,163,Asset_163,Group_6,0.004,1.4275117552325265e-12,-0.003999999998572488,,0.0,0.2
continuous__gurobi_qp__rep000__seed0,continuous,gurobi_qp,0,0,164,Asset_164,Group_3,0.004,1.9655784899270963e-11,-0.003999999980344215,,0.0,0.2
continuous__gurobi_qp__rep000__seed0,continuous,gurobi_qp,0,0,165,Asset_165,Group_2,0.004,3.1292675916446457e-12,-0.003999999996870732,,0.0,0.2
continuous__gurobi_qp__rep000__seed0,continuous,gurobi_qp,0,0,166,Asset_166,Group_3,0.004,2.513471139255772e-12,-0.003999999997486529,,0.0,0.2
continuous__gurobi_qp__rep000__seed0,continuous,gurobi_qp,0,0,167,Asset_167,Group_6,0.004,2.110078576139736e-12,-0.0039999999978899215,,0.0,0.2
continuous__gurobi_qp__rep000__seed0,continuous,gurobi_qp,0,0,168,Asset_168,Group_1,0.004,2.3514556596704026e-12,-0.003999999997648544,,0.0,0.2
continuous__gurobi_qp__rep000__seed0,continuous,gurobi_qp,0,0,169,Asset_169,Group_3,0.004,3.700799790199849e-12,-0.0039999999962992,,0.0,0.2
continuous__gurobi_qp__rep000__seed0,continuous,gurobi_qp,0,0,170,Asset_170,Group_5,0.004,3.143588159230851e-12,-0.003999999996856412,,0.0,0.2
continuous__gurobi_qp__rep000__seed0,continuous,gurobi_qp,0,0,171,Asset_171,Group_3,0.004,4.818264052487371e-12,-0.003999999995181736,,0.0,0.2
continuous__gurobi_qp__rep000__seed0,continuous,gurobi_qp,0,0,172,Asset_172,Group_4,0.004,2.468112789739356e-12,-0.0039999999975318876,,0.0,0.2
continuous__gurobi_qp__rep000__seed0,continuous,gurobi_qp,0,0,173,Asset_173,Group_7,0.004,3.4344985271205933e-12,-0.003999999996565502,,0.0,0.2
continuous__gurobi_qp__rep000__seed0,continuous,gurobi_qp,0,0,174,Asset_174,Group_3,0.004,5.251643213718299e-12,-0.003999999994748357,,0.0,0.2
continuous__gurobi_qp__rep000__seed0,continuous,gurobi_qp,0,0,175,Asset_175,Group_5,0.004,4.4190202807604535e-12,-0.003999999995580979,,0.0,0.2
continuous__gurobi_qp__rep000__seed0,continuous,gurobi_qp,0,0,176,Asset_176,Group_4,0.004,1.5931944007565085e-12,-0.003999999998406806,,0.0,0.2
continuous__gurobi_qp__rep000__seed0,continuous,gurobi_qp,0,0,177,Asset_177,Group_1,0.004,1.249360631148458e-11,-0.003999999987506394,,0.0,0.2
continuous__gurobi_qp__rep000__seed0,continuous,gurobi_qp,0,0,178,Asset_178,Group_7,0.004,2.6117682961424377e-12,-0.003999999997388232,,0.0,0.2
continuous__gurobi_qp__rep000__seed0,continuous,gurobi_qp,0,0,179,Asset_179,Group_6,0.004,3.818962445468918e-12,-0.003999999996181038,,0.0,0.2
continuous__gurobi_qp__rep000__seed0,continuous,gurobi_qp,0,0,180,Asset_180,Group_0,0.004,2.0114756739827627e-12,-0.003999999997988524,,0.0,0.2
continuous__gurobi_qp__rep000__seed0,continuous,gurobi_qp,0,0,181,Asset_181,Group_7,0.004,4.802061853186802e-12,-0.0039999999951979386,,0.0,0.2
continuous__gurobi_qp__rep000__seed0,continuous,gurobi_qp,0,0,182,Asset_182,Group_1,0.004,3.2669892742620903e-12,-0.003999999996733011,,0.0,0.2
continuous__gurobi_qp__rep000__seed0,continuous,gurobi_qp,0,0,183,Asset_183,Group_5,0.004,1.9532805272280787e-12,-0.00399999999804672,,0.0,0.2
continuous__gurobi_qp__rep000__seed0,continuous,gurobi_qp,0,0,184,Asset_184,Group_0,0.004,6.151478248245703e-12,-0.0039999999938485215,,0.0,0.2
continuous__gurobi_qp__rep000__seed0,continuous,gurobi_qp,0,0,185,Asset_185,Group_7,0.004,1.6352435718611132e-12,-0.003999999998364757,,0.0,0.2
continuous__gurobi_qp__rep000__seed0,continuous,gurobi_qp,0,0,186,Asset_186,Group_1,0.004,6.831562170212962e-12,-0.003999999993168438,,0.0,0.2
continuous__gurobi_qp__rep000__seed0,continuous,gurobi_qp,0,0,187,Asset_187,Group_4,0.004,1.9405989296347812e-12,-0.003999999998059401,,0.0,0.2
continuous__gurobi_qp__rep000__seed0,continuous,gurobi_qp,0,0,188,Asset_188,Group_7,0.004,1.6531743539418202e-12,-0.003999999998346826,,0.0,0.2
continuous__gurobi_qp__rep000__seed0,continuous,gurobi_qp,0,0,189,Asset_189,Group_3,0.004,2.2939543299886035e-12,-0.003999999997706046,,0.0,0.2
continuous__gurobi_qp__rep000__seed0,continuous,gurobi_qp,0,0,190,Asset_190,Group_7,0.004,2.069740310063952e-12,-0.00399999999793026,,0.0,0.2
continuous__gurobi_qp__rep000__seed0,continuous,gurobi_qp,0,0,191,Asset_191,Group_5,0.004,1.6311003122828731e-12,-0.0039999999983688994,,0.0,0.2
continuous__gurobi_qp__rep000__seed0,continuous,gurobi_qp,0,0,192,Asset_192,Group_6,0.004,2.275323332456282e-12,-0.003999999997724677,,0.0,0.2
continuous__gurobi_qp__rep000__seed0,continuous,gurobi_qp,0,0,193,Asset_193,Group_5,0.004,2.3452046816894633e-12,-0.003999999997654795,,0.0,0.2
continuous__gurobi_qp__rep000__seed0,continuous,gurobi_qp,0,0,194,Asset_194,Group_1,0.004,2.4334810607695455e-12,-0.003999999997566519,,0.0,0.2
continuous__gurobi_qp__rep000__seed0,continuous,gurobi_qp,0,0,195,Asset_195,Group_7,0.004,0.19999999997018358,0.19599999997018358,,0.0,0.2
continuous__gurobi_qp__rep000__seed0,continuous,gurobi_qp,0,0,196,Asset_196,Group_4,0.004,1.4386724838161885e-12,-0.003999999998561328,,0.0,0.2
continuous__gurobi_qp__rep000__seed0,continuous,gurobi_qp,0,0,197,Asset_197,Group_5,0.004,1.7081791980499949e-12,-0.0039999999982918205,,0.0,0.2
continuous__gurobi_qp__rep000__seed0,continuous,gurobi_qp,0,0,198,Asset_198,Group_1,0.004,4.537254273605907e-12,-0.003999999995462746,,0.0,0.2
continuous__gurobi_qp__rep000__seed0,continuous,gurobi_qp,0,0,199,Asset_199,Group_3,0.004,3.504884543229195e-12,-0.003999999996495115,,0.0,0.2
continuous__gurobi_qp__rep000__seed0,continuous,gurobi_qp,0,0,200,Asset_200,Group_6,0.004,1.6191828849994997e-12,-0.003999999998380817,,0.0,0.2
continuous__gurobi_qp__rep000__seed0,continuous,gurobi_qp,0,0,201,Asset_201,Group_0,0.004,8.399943165253177e-12,-0.003999999991600057,,0.0,0.2
continuous__gurobi_qp__rep000__seed0,continuous,gurobi_qp,0,0,202,Asset_202,Group_6,0.004,2.9812801783246704e-12,-0.00399999999701872,,0.0,0.2
continuous__gurobi_qp__rep000__seed0,continuous,gurobi_qp,0,0,203,Asset_203,Group_0,0.004,3.617466601265962e-12,-0.0039999999963825335,,0.0,0.2
continuous__gurobi_qp__rep000__seed0,continuous,gurobi_qp,0,0,204,Asset_204,Group_1,0.004,2.1149091581529165e-12,-0.003999999997885091,,0.0,0.2
continuous__gurobi_qp__rep000__seed0,continuous,gurobi_qp,0,0,205,Asset_205,Group_2,0.004,1.9661443182396374e-12,-0.003999999998033856,,0.0,0.2
continuous__gurobi_qp__rep000__seed0,continuous,gurobi_qp,0,0,206,Asset_206,Group_0,0.004,1.3848317663977296e-12,-0.003999999998615169,,0.0,0.2
continuous__gurobi_qp__rep000__seed0,continuous,gurobi_qp,0,0,207,Asset_207,Group_3,0.004,1.396308280651245e-11,-0.003999999986036918,,0.0,0.2
continuous__gurobi_qp__rep000__seed0,continuous,gurobi_qp,0,0,208,Asset_208,Group_0,0.004,1.1723733666935813e-11,-0.003999999988276266,,0.0,0.2
continuous__gurobi_qp__rep000__seed0,continuous,gurobi_qp,0,0,209,Asset_209,Group_5,0.004,6.568162205137763e-12,-0.003999999993431838,,0.0,0.2
continuous__gurobi_qp__rep000__seed0,continuous,gurobi_qp,0,0,210,Asset_210,Group_2,0.004,1.834402219460765e-12,-0.003999999998165598,,0.0,0.2
continuous__gurobi_qp__rep000__seed0,continuous,gurobi_qp,0,0,211,Asset_211,Group_5,0.004,3.5606734014868502e-12,-0.003999999996439327,,0.0,0.2
continuous__gurobi_qp__rep000__seed0,continuous,gurobi_qp,0,0,212,Asset_212,Group_2,0.004,1.4274147645591969e-12,-0.0039999999985725855,,0.0,0.2
continuous__gurobi_qp__rep000__seed0,continuous,gurobi_qp,0,0,213,Asset_213,Group_5,0.004,3.6338713376254864e-12,-0.003999999996366129,,0.0,0.2
continuous__gurobi_qp__rep000__seed0,continuous,gurobi_qp,0,0,214,Asset_214,Group_1,0.004,5.1174265681132585e-12,-0.003999999994882574,,0.0,0.2
continuous__gurobi_qp__rep000__seed0,continuous,gurobi_qp,0,0,215,Asset_215,Group_2,0.004,2.4535657611631065e-12,-0.003999999997546434,,0.0,0.2
continuous__gurobi_qp__rep000__seed0,continuous,gurobi_qp,0,0,216,Asset_216,Group_1,0.004,3.753846443086659e-11,-0.0039999999624615356,,0.0,0.2
continuous__gurobi_qp__rep000__seed0,continuous,gurobi_qp,0,0,217,Asset_217,Group_1,0.004,2.386232483982834e-12,-0.003999999997613767,,0.0,0.2
continuous__gurobi_qp__rep000__seed0,continuous,gurobi_qp,0,0,218,Asset_218,Group_6,0.004,5.920135703790699e-12,-0.003999999994079864,,0.0,0.2
continuous__gurobi_qp__rep000__seed0,continuous,gurobi_qp,0,0,219,Asset_219,Group_2,0.004,6.9337954873600785e-12,-0.0039999999930662045,,0.0,0.2
continuous__gurobi_qp__rep000__seed0,continuous,gurobi_qp,0,0,220,Asset_220,Group_5,0.004,1.6595327150811333e-12,-0.003999999998340467,,0.0,0.2
continuous__gurobi_qp__rep000__seed0,continuous,gurobi_qp,0,0,221,Asset_221,Group_1,0.004,4.420954285737488e-12,-0.003999999995579046,,0.0,0.2
continuous__gurobi_qp__rep000__seed0,continuous,gurobi_qp,0,0,222,Asset_222,Group_3,0.004,4.848412265104435e-12,-0.003999999995151588,,0.0,0.2
continuous__gurobi_qp__rep000__seed0,continuous,gurobi_qp,0,0,223,Asset_223,Group_0,0.004,9.519412408275393e-12,-0.003999999990480588,,0.0,0.2
continuous__gurobi_qp__rep000__seed0,continuous,gurobi_qp,0,0,224,Asset_224,Group_0,0.004,6.636891343059961e-12,-0.0039999999933631085,,0.0,0.2
continuous__gurobi_qp__rep000__seed0,continuous,gurobi_qp,0,0,225,Asset_225,Group_0,0.004,2.1707262062382244e-12,-0.003999999997829274,,0.0,0.2
continuous__gurobi_qp__rep000__seed0,continuous,gurobi_qp,0,0,226,Asset_226,Group_6,0.004,1.859904105135874e-11,-0.003999999981400959,,0.0,0.2
continuous__gurobi_qp__rep000__seed0,continuous,gurobi_qp,0,0,227,Asset_227,Group_7,0.004,7.0503726892614536e-12,-0.003999999992949628,,0.0,0.2
continuous__gurobi_qp__rep000__seed0,continuous,gurobi_qp,0,0,228,Asset_228,Group_3,0.004,3.771909356389281e-12,-0.003999999996228091,,0.0,0.2
continuous__gurobi_qp__rep000__seed0,continuous,gurobi_qp,0,0,229,Asset_229,Group_6,0.004,5.236825386450196e-12,-0.003999999994763174,,0.0,0.2
continuous__gurobi_qp__rep000__seed0,continuous,gurobi_qp,0,0,230,Asset_230,Group_4,0.004,0.0009472032745540635,-0.003052796725445937,,0.0,0.2
continuous__gurobi_qp__rep000__seed0,continuous,gurobi_qp,0,0,231,Asset_231,Group_5,0.004,1.9369396610632735e-12,-0.003999999998063061,,0.0,0.2
continuous__gurobi_qp__rep000__seed0,continuous,gurobi_qp,0,0,232,Asset_232,Group_5,0.004,3.06754241265245e-12,-0.003999999996932457,,0.0,0.2
continuous__gurobi_qp__rep000__seed0,continuous,gurobi_qp,0,0,233,Asset_233,Group_2,0.004,0.09725666724076241,0.09325666724076241,,0.0,0.2
continuous__gurobi_qp__rep000__seed0,continuous,gurobi_qp,0,0,234,Asset_234,Group_2,0.004,2.0106032504949955e-12,-0.003999999997989397,,0.0,0.2
continuous__gurobi_qp__rep000__seed0,continuous,gurobi_qp,0,0,235,Asset_235,Group_7,0.004,4.3850998826767465e-12,-0.0039999999956149,,0.0,0.2
continuous__gurobi_qp__rep000__seed0,continuous,gurobi_qp,0,0,236,Asset_236,Group_2,0.004,2.3411434731410637e-12,-0.003999999997658856,,0.0,0.2
continuous__gurobi_qp__rep000__seed0,continuous,gurobi_qp,0,0,237,Asset_237,Group_0,0.004,1.6903820225418578e-12,-0.003999999998309618,,0.0,0.2
continuous__gurobi_qp__rep000__seed0,continuous,gurobi_qp,0,0,238,Asset_238,Group_5,0.004,1.8820264838584373e-12,-0.003999999998117973,,0.0,0.2
continuous__gurobi_qp__rep000__seed0,continuous,gurobi_qp,0,0,239,Asset_239,Group_5,0.004,0.003999999790479899,-2.095201009216785e-10,,0.0,0.2
continuous__gurobi_qp__rep000__seed0,continuous,gurobi_qp,0,0,240,Asset_240,Group_7,0.004,1.7336174567781467e-12,-0.0039999999982663825,,0.0,0.2
continuous__gurobi_qp__rep000__seed0,continuous,gurobi_qp,0,0,241,Asset_241,Group_6,0.004,6.709739343975413e-12,-0.0039999999932902605,,0.0,0.2
continuous__gurobi_qp__rep000__seed0,continuous,gurobi_qp,0,0,242,Asset_242,Group_0,0.004,2.064335545909289e-12,-0.003999999997935664,,0.0,0.2
continuous__gurobi_qp__rep000__seed0,continuous,gurobi_qp,0,0,243,Asset_243,Group_2,0.004,1.5981418378823915e-11,-0.003999999984018582,,0.0,0.2
continuous__gurobi_qp__rep000__seed0,continuous,gurobi_qp,0,0,244,Asset_244,Group_7,0.004,2.0736728303835326e-12,-0.003999999997926327,,0.0,0.2
continuous__gurobi_qp__rep000__seed0,continuous,gurobi_qp,0,0,245,Asset_245,Group_7,0.004,3.28728494140635e-12,-0.003999999996712715,,0.0,0.2
continuous__gurobi_qp__rep000__seed0,continuous,gurobi_qp,0,0,246,Asset_246,Group_0,0.004,6.8714262025547996e-12,-0.003999999993128574,,0.0,0.2
continuous__gurobi_qp__rep000__seed0,continuous,gurobi_qp,0,0,247,Asset_247,Group_3,0.004,3.4817213358109547e-12,-0.003999999996518279,,0.0,0.2
continuous__gurobi_qp__rep000__seed0,continuous,gurobi_qp,0,0,248,Asset_248,Group_2,0.004,3.3324384482802465e-12,-0.003999999996667562,,0.0,0.2
continuous__gurobi_qp__rep000__seed0,continuous,gurobi_qp,0,0,249,Asset_249,Group_0,0.004,2.367176388730568e-12,-0.003999999997632823,,0.0,0.2
continuous__gurobi_qp__rep001__seed0,continuous,gurobi_qp,1,0,0,Asset_000,Group_3,0.004,1.6452663069958152e-12,-0.003999999998354734,,0.0,0.2
continuous__gurobi_qp__rep001__seed0,continuous,gurobi_qp,1,0,1,Asset_001,Group_7,0.004,2.280949948592389e-12,-0.00399999999771905,,0.0,0.2
continuous__gurobi_qp__rep001__seed0,continuous,gurobi_qp,1,0,2,Asset_002,Group_7,0.004,2.152535650291202e-12,-0.003999999997847464,,0.0,0.2
continuous__gurobi_qp__rep001__seed0,continuous,gurobi_qp,1,0,3,Asset_003,Group_2,0.004,1.5583748696626417e-12,-0.003999999998441625,,0.0,0.2
continuous__gurobi_qp__rep001__seed0,continuous,gurobi_qp,1,0,4,Asset_004,Group_6,0.004,1.3375766697661921e-12,-0.003999999998662423,,0.0,0.2
continuous__gurobi_qp__rep001__seed0,continuous,gurobi_qp,1,0,5,Asset_005,Group_7,0.004,2.5592068102460113e-12,-0.003999999997440793,,0.0,0.2
continuous__gurobi_qp__rep001__seed0,continuous,gurobi_qp,1,0,6,Asset_006,Group_3,0.004,1.8905752764992417e-12,-0.003999999998109425,,0.0,0.2
continuous__gurobi_qp__rep001__seed0,continuous,gurobi_qp,1,0,7,Asset_007,Group_0,0.004,2.1351249772259103e-12,-0.003999999997864875,,0.0,0.2
continuous__gurobi_qp__rep001__seed0,continuous,gurobi_qp,1,0,8,Asset_008,Group_2,0.004,2.7618054173289303e-12,-0.0039999999972381945,,0.0,0.2
continuous__gurobi_qp__rep001__seed0,continuous,gurobi_qp,1,0,9,Asset_009,Group_6,0.004,2.1704862436021443e-12,-0.003999999997829514,,0.0,0.2
continuous__gurobi_qp__rep001__seed0,continuous,gurobi_qp,1,0,10,Asset_010,Group_0,0.004,2.117497733319586e-12,-0.003999999997882502,,0.0,0.2
continuous__gurobi_qp__rep001__seed0,continuous,gurobi_qp,1,0,11,Asset_011,Group_5,0.004,7.688970771246415e-12,-0.003999999992311029,,0.0,0.2
continuous__gurobi_qp__rep001__seed0,continuous,gurobi_qp,1,0,12,Asset_012,Group_7,0.004,1.3876995375272727e-12,-0.0039999999986123,,0.0,0.2
continuous__gurobi_qp__rep001__seed0,continuous,gurobi_qp,1,0,13,Asset_013,Group_2,0.004,2.0241674141909345e-12,-0.003999999997975833,,0.0,0.2
continuous__gurobi_qp__rep001__seed0,continuous,gurobi_qp,1,0,14,Asset_014,Group_4,0.004,4.774774790098419e-12,-0.003999999995225225,,0.0,0.2
continuous__gurobi_qp__rep001__seed0,continuous,gurobi_qp,1,0,15,Asset_015,Group_4,0.004,5.08166951452433e-12,-0.003999999994918331,,0.0,0.2
continuous__gurobi_qp__rep001__seed0,continuous,gurobi_qp,1,0,16,Asset_016,Group_1,0.004,1.399499845337141e-12,-0.003999999998600501,,0.0,0.2
continuous__gurobi_qp__rep001__seed0,continuous,gurobi_qp,1,0,17,Asset_017,Group_4,0.004,2.620676233324169e-12,-0.003999999997379324,,0.0,0.2
continuous__gurobi_qp__rep001__seed0,continuous,gurobi_qp,1,0,18,Asset_018,Group_3,0.004,2.1486745298909543e-12,-0.003999999997851326,,0.0,0.2
continuous__gurobi_qp__rep001__seed0,continuous,gurobi_qp,1,0,19,Asset_019,Group_2,0.004,3.677107734506448e-12,-0.003999999996322892,,0.0,0.2
continuous__gurobi_qp__rep001__seed0,continuous,gurobi_qp,1,0,20,Asset_020,Group_1,0.004,5.369117593017164e-11,-0.0039999999463088244,,0.0,0.2
continuous__gurobi_qp__rep001__seed0,continuous,gurobi_qp,1,0,21,Asset_021,Group_1,0.004,9.444073291024151e-12,-0.003999999990555927,,0.0,0.2
continuous__gurobi_qp__rep001__seed0,continuous,gurobi_qp,1,0,22,Asset_022,Group_3,0.004,0.015999999733791626,0.011999999733791625,,0.0,0.2
continuous__gurobi_qp__rep001__seed0,continuous,gurobi_qp,1,0,23,Asset_023,Group_6,0.004,3.664409107419971e-12,-0.003999999996335591,,0.0,0.2
continuous__gurobi_qp__rep001__seed0,continuous,gurobi_qp,1,0,24,Asset_024,Group_4,0.004,1.8914954767989215e-12,-0.0039999999981085044,,0.0,0.2
continuous__gurobi_qp__rep001__seed0,continuous,gurobi_qp,1,0,25,Asset_025,Group_5,0.004,4.479180244440594e-12,-0.00399999999552082,,0.0,0.2
continuous__gurobi_qp__rep001__seed0,continuous,gurobi_qp,1,0,26,Asset_026,Group_1,0.004,2.5405645810849333e-12,-0.003999999997459435,,0.0,0.2
continuous__gurobi_qp__rep001__seed0,continuous,gurobi_qp,1,0,27,Asset_027,Group_7,0.004,4.221469275179209e-12,-0.0039999999957785306,,0.0,0.2
continuous__gurobi_qp__rep001__seed0,continuous,gurobi_qp,1,0,28,Asset_028,Group_1,0.004,1.7117737920252772e-12,-0.003999999998288226,,0.0,0.2
continuous__gurobi_qp__rep001__seed0,continuous,gurobi_qp,1,0,29,Asset_029,Group_4,0.004,3.638029120103904e-12,-0.003999999996361971,,0.0,0.2
continuous__gurobi_qp__rep001__seed0,continuous,gurobi_qp,1,0,30,Asset_030,Group_1,0.004,1.6867907328127378e-12,-0.00399999999831321,,0.0,0.2
continuous__gurobi_qp__rep001__seed0,continuous,gurobi_qp,1,0,31,Asset_031,Group_2,0.004,6.232716964882847e-12,-0.0039999999937672835,,0.0,0.2
continuous__gurobi_qp__rep001__seed0,continuous,gurobi_qp,1,0,32,Asset_032,Group_1,0.004,1.4573838694278887e-12,-0.003999999998542616,,0.0,0.2
continuous__gurobi_qp__rep001__seed0,continuous,gurobi_qp,1,0,33,Asset_033,Group_3,0.004,2.022213558157193e-12,-0.003999999997977787,,0.0,0.2
continuous__gurobi_qp__rep001__seed0,continuous,gurobi_qp,1,0,34,Asset_034,Group_4,0.004,2.2625871675757038e-12,-0.003999999997737413,,0.0,0.2
continuous__gurobi_qp__rep001__seed0,continuous,gurobi_qp,1,0,35,Asset_035,Group_6,0.004,1.5637951637925072e-12,-0.003999999998436205,,0.0,0.2
continuous__gurobi_qp__rep001__seed0,continuous,gurobi_qp,1,0,36,Asset_036,Group_3,0.004,2.3209935696389074e-12,-0.003999999997679007,,0.0,0.2
continuous__gurobi_qp__rep001__seed0,continuous,gurobi_qp,1,0,37,Asset_037,Group_1,0.004,5.690636981691735e-12,-0.003999999994309363,,0.0,0.2
continuous__gurobi_qp__rep001__seed0,continuous,gurobi_qp,1,0,38,Asset_038,Group_5,0.004,3.5393088537818196e-12,-0.0039999999964606915,,0.0,0.2
continuous__gurobi_qp__rep001__seed0,continuous,gurobi_qp,1,0,39,Asset_039,Group_7,0.004,4.2231302768804054e-12,-0.0039999999957768696,,0.0,0.2
continuous__gurobi_qp__rep001__seed0,continuous,gurobi_qp,1,0,40,Asset_040,Group_1,0.004,1.8608444354992477e-12,-0.003999999998139155,,0.0,0.2
continuous__gurobi_qp__rep001__seed0,continuous,gurobi_qp,1,0,41,Asset_041,Group_5,0.004,2.950533240960185e-12,-0.003999999997049467,,0.0,0.2
continuous__gurobi_qp__rep001__seed0,continuous,gurobi_qp,1,0,42,Asset_042,Group_5,0.004,2.488237102350824e-12,-0.003999999997511763,,0.0,0.2
continuous__gurobi_qp__rep001__seed0,continuous,gurobi_qp,1,0,43,Asset_043,Group_6,0.004,0.006064484681966404,0.0020644846819664036,,0.0,0.2
continuous__gurobi_qp__rep001__seed0,continuous,gurobi_qp,1,0,44,Asset_044,Group_3,0.004,2.1300703574536666e-12,-0.00399999999786993,,0.0,0.2
continuous__gurobi_qp__rep001__seed0,continuous,gurobi_qp,1,0,45,Asset_045,Group_3,0.004,3.1464872344682525e-12,-0.003999999996853513,,0.0,0.2
continuous__gurobi_qp__rep001__seed0,continuous,gurobi_qp,1,0,46,Asset_046,Group_6,0.004,0.11134729672350369,0.10734729672350368,,0.0,0.2
continuous__gurobi_qp__rep001__seed0,continuous,gurobi_qp,1,0,47,Asset_047,Group_7,0.004,7.84869578326043e-12,-0.003999999992151304,,0.0,0.2
continuous__gurobi_qp__rep001__seed0,continuous,gurobi_qp,1,0,48,Asset_048,Group_7,0.004,6.506140448099021e-12,-0.00399999999349386,,0.0,0.2
continuous__gurobi_qp__rep001__seed0,continuous,gurobi_qp,1,0,49,Asset_049,Group_7,0.004,1.5822250174605365e-12,-0.003999999998417775,,0.0,0.2
continuous__gurobi_qp__rep001__seed0,continuous,gurobi_qp,1,0,50,Asset_050,Group_1,0.004,2.316047302410612e-12,-0.0039999999976839526,,0.0,0.2
continuous__gurobi_qp__rep001__seed0,continuous,gurobi_qp,1,0,51,Asset_051,Group_3,0.004,1.9697913225466556e-12,-0.0039999999980302086,,0.0,0.2
continuous__gurobi_qp__rep001__seed0,continuous,gurobi_qp,1,0,52,Asset_052,Group_3,0.004,2.1916659763496524e-12,-0.003999999997808334,,0.0,0.2
continuous__gurobi_qp__rep001__seed0,continuous,gurobi_qp,1,0,53,Asset_053,Group_2,0.004,1.810140912147261e-11,-0.003999999981898591,,0.0,0.2
continuous__gurobi_qp__rep001__seed0,continuous,gurobi_qp,1,0,54,Asset_054,Group_3,0.004,2.1256007186161716e-12,-0.003999999997874399,,0.0,0.2
continuous__gurobi_qp__rep001__seed0,continuous,gurobi_qp,1,0,55,Asset_055,Group_2,0.004,1.9697212639325324e-12,-0.003999999998030279,,0.0,0.2
continuous__gurobi_qp__rep001__seed0,continuous,gurobi_qp,1,0,56,Asset_056,Group_4,0.004,0.08221067941338729,0.07821067941338729,,0.0,0.2
continuous__gurobi_qp__rep001__seed0,continuous,gurobi_qp,1,0,57,Asset_057,Group_4,0.004,1.922338625765486e-11,-0.003999999980776614,,0.0,0.2
continuous__gurobi_qp__rep001__seed0,continuous,gurobi_qp,1,0,58,Asset_058,Group_4,0.004,1.7184936595638327e-12,-0.003999999998281507,,0.0,0.2
continuous__gurobi_qp__rep001__seed0,continuous,gurobi_qp,1,0,59,Asset_059,Group_0,0.004,6.1461100401714735e-12,-0.00399999999385389,,0.0,0.2
continuous__gurobi_qp__rep001__seed0,continuous,gurobi_qp,1,0,60,Asset_060,Group_6,0.004,2.4817848091017755e-12,-0.003999999997518215,,0.0,0.2
continuous__gurobi_qp__rep001__seed0,continuous,gurobi_qp,1,0,61,Asset_061,Group_7,0.004,1.9358287008040013e-12,-0.003999999998064171,,0.0,0.2
continuous__gurobi_qp__rep001__seed0,continuous,gurobi_qp,1,0,62,Asset_062,Group_5,0.004,7.93673267663568e-12,-0.003999999992063267,,0.0,0.2
continuous__gurobi_qp__rep001__seed0,continuous,gurobi_qp,1,0,63,Asset_063,Group_1,0.004,1.410810298362587e-12,-0.003999999998589189,,0.0,0.2
continuous__gurobi_qp__rep001__seed0,continuous,gurobi_qp,1,0,64,Asset_064,Group_4,0.004,1.430274572473302e-12,-0.003999999998569726,,0.0,0.2
continuous__gurobi_qp__rep001__seed0,continuous,gurobi_qp,1,0,65,Asset_065,Group_3,0.004,3.696904808992068e-12,-0.003999999996303095,,0.0,0.2
continuous__gurobi_qp__rep001__seed0,continuous,gurobi_qp,1,0,66,Asset_066,Group_0,0.004,1.6426164550737418e-12,-0.0039999999983573835,,0.0,0.2
continuous__gurobi_qp__rep001__seed0,continuous,gurobi_qp,1,0,67,Asset_067,Group_1,0.004,3.578972704456533e-12,-0.003999999996421027,,0.0,0.2
continuous__gurobi_qp__rep001__seed0,continuous,gurobi_qp,1,0,68,Asset_068,Group_4,0.004,2.2799420996613532e-12,-0.003999999997720058,,0.0,0.2
continuous__gurobi_qp__rep001__seed0,continuous,gurobi_qp,1,0,69,Asset_069,Group_4,0.004,3.2890442509491622e-12,-0.003999999996710956,,0.0,0.2
continuous__gurobi_qp__rep001__seed0,continuous,gurobi_qp,1,0,70,Asset_070,Group_6,0.004,2.44101352808454e-12,-0.0039999999975589865,,0.0,0.2
continuous__gurobi_qp__rep001__seed0,continuous,gurobi_qp,1,0,71,Asset_071,Group_4,0.004,2.185925862603292e-12,-0.003999999997814074,,0.0,0.2
continuous__gurobi_qp__rep001__seed0,continuous,gurobi_qp,1,0,72,Asset_072,Group_0,0.004,0.020000000331252106,0.016000000331252106,,0.0,0.2
continuous__gurobi_qp__rep001__seed0,continuous,gurobi_qp,1,0,73,Asset_073,Group_2,0.004,3.13305654972477e-12,-0.003999999996866944,,0.0,0.2
continuous__gurobi_qp__rep001__seed0,continuous,gurobi_qp,1,0,74,Asset_074,Group_1,0.004,6.878427850443086e-12,-0.003999999993121573,,0.0,0.2
continuous__gurobi_qp__rep001__seed0,continuous,gurobi_qp,1,0,75,Asset_075,Group_6,0.004,4.721751387391846e-11,-0.003999999952782486,,0.0,0.2
continuous__gurobi_qp__rep001__seed0,continuous,gurobi_qp,1,0,76,Asset_076,Group_5,0.004,1.6393356006189876e-12,-0.003999999998360665,,0.0,0.2
continuous__gurobi_qp__rep001__seed0,continuous,gurobi_qp,1,0,77,Asset_077,Group_0,0.004,2.758920472179846e-11,-0.003999999972410796,,0.0,0.2
continuous__gurobi_qp__rep001__seed0,continuous,gurobi_qp,1,0,78,Asset_078,Group_1,0.004,2.2005884297855782e-12,-0.003999999997799411,,0.0,0.2
continuous__gurobi_qp__rep001__seed0,continuous,gurobi_qp,1,0,79,Asset_079,Group_6,0.004,1.1955508596126522e-11,-0.0039999999880444915,,0.0,0.2
continuous__gurobi_qp__rep001__seed0,continuous,gurobi_qp,1,0,80,Asset_080,Group_5,0.004,1.4718051813581836e-12,-0.003999999998528195,,0.0,0.2
continuous__gurobi_qp__rep001__seed0,continuous,gurobi_qp,1,0,81,Asset_081,Group_4,0.004,3.024218648119738e-11,-0.003999999969757814,,0.0,0.2
continuous__gurobi_qp__rep001__seed0,continuous,gurobi_qp,1,0,82,Asset_082,Group_0,0.004,3.962333739088282e-12,-0.003999999996037666,,0.0,0.2
continuous__gurobi_qp__rep001__seed0,continuous,gurobi_qp,1,0,83,Asset_083,Group_2,0.004,3.864782018114539e-12,-0.003999999996135218,,0.0,0.2
continuous__gurobi_qp__rep001__seed0,continuous,gurobi_qp,1,0,84,Asset_084,Group_0,0.004,4.672019702717955e-12,-0.00399999999532798,,0.0,0.2
continuous__gurobi_qp__rep001__seed0,continuous,gurobi_qp,1,0,85,Asset_085,Group_6,0.004,4.6519112485733086e-11,-0.003999999953480888,,0.0,0.2
continuous__gurobi_qp__rep001__seed0,continuous,gurobi_qp,1,0,86,Asset_086,Group_6,0.004,0.036771360190537984,0.03277136019053799,,0.0,0.2
continuous__gurobi_qp__rep001__seed0,continuous,gurobi_qp,1,0,87,Asset_087,Group_5,0.004,7.5715603930685e-12,-0.0039999999924284395,,0.0,0.2
continuous__gurobi_qp__rep001__seed0,continuous,gurobi_qp,1,0,88,Asset_088,Group_7,0.004,0.004000000040292357,4.029235712438295e-11,,0.0,0.2
continuous__gurobi_qp__rep001__seed0,continuous,gurobi_qp,1,0,89,Asset_089,Group_2,0.004,2.1496761576789074e-12,-0.003999999997850324,,0.0,0.2
continuous__gurobi_qp__rep001__seed0,continuous,gurobi_qp,1,0,90,Asset_090,Group_1,0.004,1.6381516919098856e-12,-0.003999999998361849,,0.0,0.2
continuous__gurobi_qp__rep001__seed0,continuous,gurobi_qp,1,0,91,Asset_091,Group_3,0.004,1.3615751013163995e-11,-0.003999999986384249,,0.0,0.2
continuous__gurobi_qp__rep001__seed0,continuous,gurobi_qp,1,0,92,Asset_092,Group_2,0.004,1.4256553147575721e-12,-0.0039999999985743445,,0.0,0.2
continuous__gurobi_qp__rep001__seed0,continuous,gurobi_qp,1,0,93,Asset_093,Group_6,0.004,1.2834704556471563e-11,-0.003999999987165295,,0.0,0.2
continuous__gurobi_qp__rep001__seed0,continuous,gurobi_qp,1,0,94,Asset_094,Group_5,0.004,0.16674245116381003,0.16274245116381003,,0.0,0.2
continuous__gurobi_qp__rep001__seed0,continuous,gurobi_qp,1,0,95,Asset_095,Group_7,0.004,1.913131758632027e-12,-0.003999999998086868,,0.0,0.2
continuous__gurobi_qp__rep001__seed0,continuous,gurobi_qp,1,0,96,Asset_096,Group_5,0.004,4.191888380146791e-12,-0.003999999995808112,,0.0,0.2
continuous__gurobi_qp__rep001__seed0,continuous,gurobi_qp,1,0,97,Asset_097,Group_2,0.004,2.318075955004269e-12,-0.003999999997681924,,0.0,0.2
continuous__gurobi_qp__rep001__seed0,continuous,gurobi_qp,1,0,98,Asset_098,Group_3,0.004,4.5689912403887245e-12,-0.003999999995431009,,0.0,0.2
continuous__gurobi_qp__rep001__seed0,continuous,gurobi_qp,1,0,99,Asset_099,Group_7,0.004,7.486836932033769e-12,-0.003999999992513163,,0.0,0.2
continuous__gurobi_qp__rep001__seed0,continuous,gurobi_qp,1,0,100,Asset_100,Group_7,0.004,1.3346929114000987e-11,-0.003999999986653071,,0.0,0.2
continuous__gurobi_qp__rep001__seed0,continuous,gurobi_qp,1,0,101,Asset_101,Group_1,0.004,0.0733337663969361,0.0693337663969361,,0.0,0.2
continuous__gurobi_qp__rep001__seed0,continuous,gurobi_qp,1,0,102,Asset_102,Group_3,0.004,0.004000000098837463,9.883746251992953e-11,,0.0,0.2
continuous__gurobi_qp__rep001__seed0,continuous,gurobi_qp,1,0,103,Asset_103,Group_6,0.004,3.624103436573655e-12,-0.0039999999963758965,,0.0,0.2
continuous__gurobi_qp__rep001__seed0,continuous,gurobi_qp,1,0,104,Asset_104,Group_0,0.004,4.0245940391710396e-12,-0.003999999995975406,,0.0,0.2
continuous__gurobi_qp__rep001__seed0,continuous,gurobi_qp,1,0,105,Asset_105,Group_2,0.004,1.1146903561305103e-11,-0.003999999988853096,,0.0,0.2
continuous__gurobi_qp__rep001__seed0,continuous,gurobi_qp,1,0,106,Asset_106,Group_4,0.004,3.5568400300646258e-12,-0.00399999999644316,,0.0,0.2
continuous__gurobi_qp__rep001__seed0,continuous,gurobi_qp,1,0,107,Asset_107,Group_4,0.004,1.350432757668843e-12,-0.003999999998649567,,0.0,0.2
continuous__gurobi_qp__rep001__seed0,continuous,gurobi_qp,1,0,108,Asset_108,Group_4,0.004,2.8530148341314016e-12,-0.003999999997146985,,0.0,0.2
continuous__gurobi_qp__rep001__seed0,continuous,gurobi_qp,1,0,109,Asset_109,Group_4,0.004,1.376006269262677e-12,-0.003999999998623994,,0.0,0.2
continuous__gurobi_qp__rep001__seed0,continuous,gurobi_qp,1,0,110,Asset_110,Group_3,0.004,3.6299066917787066e-11,-0.003999999963700933,,0.0,0.2
continuous__gurobi_qp__rep001__seed0,continuous,gurobi_qp,1,0,111,Asset_111,Group_2,0.004,1.3208282512146268e-11,-0.0039999999867917175,,0.0,0.2
continuous__gurobi_qp__rep001__seed0,continuous,gurobi_qp,1,0,112,Asset_112,Group_0,0.004,4.338656768534393e-12,-0.003999999995661343,,0.0,0.2
continuous__gurobi_qp__rep001__seed0,continuous,gurobi_qp,1,0,113,Asset_113,Group_7,0.004,2.130804520767577e-12,-0.003999999997869196,,0.0,0.2
continuous__gurobi_qp__rep001__seed0,continuous,gurobi_qp,1,0,114,Asset_114,Group_7,0.004,4.551424367628269e-12,-0.003999999995448576,,0.0,0.2
continuous__gurobi_qp__rep001__seed0,continuous,gurobi_qp,1,0,115,Asset_115,Group_2,0.004,1.870710198308873e-12,-0.00399999999812929,,0.0,0.2
continuous__gurobi_qp__rep001__seed0,continuous,gurobi_qp,1,0,116,Asset_116,Group_3,0.004,3.2148656877755456e-12,-0.003999999996785134,,0.0,0.2
continuous__gurobi_qp__rep001__seed0,continuous,gurobi_qp,1,0,117,Asset_117,Group_6,0.004,1.8152960333417e-11,-0.00399999998184704,,0.0,0.2
continuous__gurobi_qp__rep001__seed0,continuous,gurobi_qp,1,0,118,Asset_118,Group_3,0.004,1.74313024879434e-12,-0.00399999999825687,,0.0,0.2
continuous__gurobi_qp__rep001__seed0,continuous,gurobi_qp,1,0,119,Asset_119,Group_5,0.004,2.1100238777468097e-12,-0.003999999997889976,,0.0,0.2
continuous__gurobi_qp__rep001__seed0,continuous,gurobi_qp,1,0,120,Asset_120,Group_6,0.004,4.988761045069352e-12,-0.003999999995011239,,0.0,0.2
continuous__gurobi_qp__rep001__seed0,continuous,gurobi_qp,1,0,121,Asset_121,Group_2,0.004,2.1677769690462877e-12,-0.003999999997832223,,0.0,0.2
continuous__gurobi_qp__rep001__seed0,continuous,gurobi_qp,1,0,122,Asset_122,Group_5,0.004,1.4914229355182859e-12,-0.003999999998508577,,0.0,0.2
continuous__gurobi_qp__rep001__seed0,continuous,gurobi_qp,1,0,123,Asset_123,Group_7,0.004,1.5013585247940025e-12,-0.003999999998498641,,0.0,0.2
continuous__gurobi_qp__rep001__seed0,continuous,gurobi_qp,1,0,124,Asset_124,Group_4,0.004,1.5282121784357525e-12,-0.003999999998471788,,0.0,0.2
continuous__gurobi_qp__rep001__seed0,continuous,gurobi_qp,1,0,125,Asset_125,Group_0,0.004,2.8754015468195525e-12,-0.003999999997124599,,0.0,0.2
continuous__gurobi_qp__rep001__seed0,continuous,gurobi_qp,1,0,126,Asset_126,Group_4,0.004,4.618023448008292e-12,-0.003999999995381976,,0.0,0.2
continuous__gurobi_qp__rep001__seed0,continuous,gurobi_qp,1,0,127,Asset_127,Group_4,0.004,1.5041509428127326e-12,-0.003999999998495849,,0.0,0.2
continuous__gurobi_qp__rep001__seed0,continuous,gurobi_qp,1,0,128,Asset_128,Group_0,0.004,0.003999999878632164,-1.2136783592020528e-10,,0.0,0.2
continuous__gurobi_qp__rep001__seed0,continuous,gurobi_qp,1,0,129,Asset_129,Group_1,0.004,4.497228893453612e-12,-0.003999999995502771,,0.0,0.2
continuous__gurobi_qp__rep001__seed0,continuous,gurobi_qp,1,0,130,Asset_130,Group_2,0.004,3.967456162587165e-11,-0.003999999960325439,,0.0,0.2
continuous__gurobi_qp__rep001__seed0,continuous,gurobi_qp,1,0,131,Asset_131,Group_6,0.004,1.6475858907725881e-12,-0.003999999998352414,,0.0,0.2
continuous__gurobi_qp__rep001__seed0,continuous,gurobi_qp,1,0,132,Asset_132,Group_6,0.004,1.734300652593886e-12,-0.003999999998265699,,0.0,0.2
continuous__gurobi_qp__rep001__seed0,continuous,gurobi_qp,1,0,133,Asset_133,Group_0,0.004,0.003999999769824707,-2.301752928882128e-10,,0.0,0.2
continuous__gurobi_qp__rep001__seed0,continuous,gurobi_qp,1,0,134,Asset_134,Group_2,0.004,5.2094272944079905e-12,-0.003999999994790573,,0.0,0.2
continuous__gurobi_qp__rep001__seed0,continuous,gurobi_qp,1,0,135,Asset_135,Group_5,0.004,3.845235342151797e-12,-0.003999999996154764,,0.0,0.2
continuous__gurobi_qp__rep001__seed0,continuous,gurobi_qp,1,0,136,Asset_136,Group_4,0.004,3.1440840280614887e-12,-0.003999999996855916,,0.0,0.2
continuous__gurobi_qp__rep001__seed0,continuous,gurobi_qp,1,0,137,Asset_137,Group_7,0.004,4.460925863235439e-12,-0.0039999999955390745,,0.0,0.2
continuous__gurobi_qp__rep001__seed0,continuous,gurobi_qp,1,0,138,Asset_138,Group_4,0.004,1.8738065229240537e-11,-0.003999999981261935,,0.0,0.2
continuous__gurobi_qp__rep001__seed0,continuous,gurobi_qp,1,0,139,Asset_139,Group_2,0.004,3.735271104496275e-12,-0.003999999996264729,,0.0,0.2
continuous__gurobi_qp__rep001__seed0,continuous,gurobi_qp,1,0,140,Asset_140,Group_6,0.004,4.471351577676725e-12,-0.003999999995528649,,0.0,0.2
continuous__gurobi_qp__rep001__seed0,continuous,gurobi_qp,1,0,141,Asset_141,Group_0,0.004,1.938276384968728e-12,-0.003999999998061723,,0.0,0.2
continuous__gurobi_qp__rep001__seed0,continuous,gurobi_qp,1,0,142,Asset_142,Group_2,0.004,3.1106641276570296e-11,-0.0039999999688933585,,0.0,0.2
continuous__gurobi_qp__rep001__seed0,continuous,gurobi_qp,1,0,143,Asset_143,Group_3,0.004,1.7569395158474845e-12,-0.003999999998243061,,0.0,0.2
continuous__gurobi_qp__rep001__seed0,continuous,gurobi_qp,1,0,144,Asset_144,Group_1,0.004,2.9628115823771397e-12,-0.003999999997037189,,0.0,0.2
continuous__gurobi_qp__rep001__seed0,continuous,gurobi_qp,1,0,145,Asset_145,Group_1,0.004,2.4925412433324922e-12,-0.003999999997507459,,0.0,0.2
continuous__gurobi_qp__rep001__seed0,continuous,gurobi_qp,1,0,146,Asset_146,Group_0,0.004,1.5321203474696524e-12,-0.00399999999846788,,0.0,0.2
continuous__gurobi_qp__rep001__seed0,continuous,gurobi_qp,1,0,147,Asset_147,Group_7,0.004,1.675245191041656e-12,-0.003999999998324755,,0.0,0.2
continuous__gurobi_qp__rep001__seed0,continuous,gurobi_qp,1,0,148,Asset_148,Group_3,0.004,0.004000000022695244,2.26952441215178e-11,,0.0,0.2
continuous__gurobi_qp__rep001__seed0,continuous,gurobi_qp,1,0,149,Asset_149,Group_4,0.004,1.5591843677500115e-12,-0.003999999998440816,,0.0,0.2
continuous__gurobi_qp__rep001__seed0,continuous,gurobi_qp,1,0,150,Asset_150,Group_0,0.004,2.0320519038741298e-12,-0.0039999999979679485,,0.0,0.2
continuous__gurobi_qp__rep001__seed0,continuous,gurobi_qp,1,0,151,Asset_151,Group_1,0.004,3.819207103859202e-12,-0.003999999996180793,,0.0,0.2
continuous__gurobi_qp__rep001__seed0,continuous,gurobi_qp,1,0,152,Asset_152,Group_4,0.004,2.9760957261388465e-12,-0.003999999997023904,,0.0,0.2
continuous__gurobi_qp__rep001__seed0,continuous,gurobi_qp,1,0,153,Asset_153,Group_4,0.004,1.8586033376708767e-12,-0.0039999999981413965,,0.0,0.2
continuous__gurobi_qp__rep001__seed0,continuous,gurobi_qp,1,0,154,Asset_154,Group_6,0.004,0.08821214904816149,0.08421214904816149,,0.0,0.2
continuous__gurobi_qp__rep001__seed0,continuous,gurobi_qp,1,0,155,Asset_155,Group_1,0.004,0.04550923197310274,0.041509231973102745,,0.0,0.2
continuous__gurobi_qp__rep001__seed0,continuous,gurobi_qp,1,0,156,Asset_156,Group_5,0.004,2.079461742784486e-12,-0.0039999999979205385,,0.0,0.2
continuous__gurobi_qp__rep001__seed0,continuous,gurobi_qp,1,0,157,Asset_157,Group_5,0.004,1.7296588737419886e-12,-0.003999999998270341,,0.0,0.2
continuous__gurobi_qp__rep001__seed0,continuous,gurobi_qp,1,0,158,Asset_158,Group_6,0.004,0.03160470902050485,0.02760470902050485,,0.0,0.2
continuous__gurobi_qp__rep001__seed0,continuous,gurobi_qp,1,0,159,Asset_159,Group_0,0.004,2.5239486172668197e-12,-0.003999999997476051,,0.0,0.2
continuous__gurobi_qp__rep001__seed0,continuous,gurobi_qp,1,0,160,Asset_160,Group_5,0.004,2.3801102241064096e-12,-0.00399999999761989,,0.0,0.2
continuous__gurobi_qp__rep001__seed0,continuous,gurobi_qp,1,0,161,Asset_161,Group_0,0.004,2.462308907482762e-12,-0.003999999997537691,,0.0,0.2
continuous__gurobi_qp__rep001__seed0,continuous,gurobi_qp,1,0,162,Asset_162,Group_0,0.004,2.174316003499634e-12,-0.003999999997825684,,0.0,0.2
continuous__gurobi_qp__rep001__seed0,continuous,gurobi_qp,1,0,163,Asset_163,Group_6,0.004,1.4275117552325265e-12,-0.003999999998572488,,0.0,0.2
continuous__gurobi_qp__rep001__seed0,continuous,gurobi_qp,1,0,164,Asset_164,Group_3,0.004,1.9655784899270963e-11,-0.003999999980344215,,0.0,0.2
continuous__gurobi_qp__rep001__seed0,continuous,gurobi_qp,1,0,165,Asset_165,Group_2,0.004,3.1292675916446457e-12,-0.003999999996870732,,0.0,0.2
continuous__gurobi_qp__rep001__seed0,continuous,gurobi_qp,1,0,166,Asset_166,Group_3,0.004,2.513471139255772e-12,-0.003999999997486529,,0.0,0.2
continuous__gurobi_qp__rep001__seed0,continuous,gurobi_qp,1,0,167,Asset_167,Group_6,0.004,2.110078576139736e-12,-0.0039999999978899215,,0.0,0.2
continuous__gurobi_qp__rep001__seed0,continuous,gurobi_qp,1,0,168,Asset_168,Group_1,0.004,2.3514556596704026e-12,-0.003999999997648544,,0.0,0.2
continuous__gurobi_qp__rep001__seed0,continuous,gurobi_qp,1,0,169,Asset_169,Group_3,0.004,3.700799790199849e-12,-0.0039999999962992,,0.0,0.2
continuous__gurobi_qp__rep001__seed0,continuous,gurobi_qp,1,0,170,Asset_170,Group_5,0.004,3.143588159230851e-12,-0.003999999996856412,,0.0,0.2
continuous__gurobi_qp__rep001__seed0,continuous,gurobi_qp,1,0,171,Asset_171,Group_3,0.004,4.818264052487371e-12,-0.003999999995181736,,0.0,0.2
continuous__gurobi_qp__rep001__seed0,continuous,gurobi_qp,1,0,172,Asset_172,Group_4,0.004,2.468112789739356e-12,-0.0039999999975318876,,0.0,0.2
continuous__gurobi_qp__rep001__seed0,continuous,gurobi_qp,1,0,173,Asset_173,Group_7,0.004,3.4344985271205933e-12,-0.003999999996565502,,0.0,0.2
continuous__gurobi_qp__rep001__seed0,continuous,gurobi_qp,1,0,174,Asset_174,Group_3,0.004,5.251643213718299e-12,-0.003999999994748357,,0.0,0.2
continuous__gurobi_qp__rep001__seed0,continuous,gurobi_qp,1,0,175,Asset_175,Group_5,0.004,4.4190202807604535e-12,-0.003999999995580979,,0.0,0.2
continuous__gurobi_qp__rep001__seed0,continuous,gurobi_qp,1,0,176,Asset_176,Group_4,0.004,1.5931944007565085e-12,-0.003999999998406806,,0.0,0.2
continuous__gurobi_qp__rep001__seed0,continuous,gurobi_qp,1,0,177,Asset_177,Group_1,0.004,1.249360631148458e-11,-0.003999999987506394,,0.0,0.2
continuous__gurobi_qp__rep001__seed0,continuous,gurobi_qp,1,0,178,Asset_178,Group_7,0.004,2.6117682961424377e-12,-0.003999999997388232,,0.0,0.2
continuous__gurobi_qp__rep001__seed0,continuous,gurobi_qp,1,0,179,Asset_179,Group_6,0.004,3.818962445468918e-12,-0.003999999996181038,,0.0,0.2
continuous__gurobi_qp__rep001__seed0,continuous,gurobi_qp,1,0,180,Asset_180,Group_0,0.004,2.0114756739827627e-12,-0.003999999997988524,,0.0,0.2
continuous__gurobi_qp__rep001__seed0,continuous,gurobi_qp,1,0,181,Asset_181,Group_7,0.004,4.802061853186802e-12,-0.0039999999951979386,,0.0,0.2
continuous__gurobi_qp__rep001__seed0,continuous,gurobi_qp,1,0,182,Asset_182,Group_1,0.004,3.2669892742620903e-12,-0.003999999996733011,,0.0,0.2
continuous__gurobi_qp__rep001__seed0,continuous,gurobi_qp,1,0,183,Asset_183,Group_5,0.004,1.9532805272280787e-12,-0.00399999999804672,,0.0,0.2
continuous__gurobi_qp__rep001__seed0,continuous,gurobi_qp,1,0,184,Asset_184,Group_0,0.004,6.151478248245703e-12,-0.0039999999938485215,,0.0,0.2
continuous__gurobi_qp__rep001__seed0,continuous,gurobi_qp,1,0,185,Asset_185,Group_7,0.004,1.6352435718611132e-12,-0.003999999998364757,,0.0,0.2
continuous__gurobi_qp__rep001__seed0,continuous,gurobi_qp,1,0,186,Asset_186,Group_1,0.004,6.831562170212962e-12,-0.003999999993168438,,0.0,0.2
continuous__gurobi_qp__rep001__seed0,continuous,gurobi_qp,1,0,187,Asset_187,Group_4,0.004,1.9405989296347812e-12,-0.003999999998059401,,0.0,0.2
continuous__gurobi_qp__rep001__seed0,continuous,gurobi_qp,1,0,188,Asset_188,Group_7,0.004,1.6531743539418202e-12,-0.003999999998346826,,0.0,0.2
continuous__gurobi_qp__rep001__seed0,continuous,gurobi_qp,1,0,189,Asset_189,Group_3,0.004,2.2939543299886035e-12,-0.003999999997706046,,0.0,0.2
continuous__gurobi_qp__rep001__seed0,continuous,gurobi_qp,1,0,190,Asset_190,Group_7,0.004,2.069740310063952e-12,-0.00399999999793026,,0.0,0.2
continuous__gurobi_qp__rep001__seed0,continuous,gurobi_qp,1,0,191,Asset_191,Group_5,0.004,1.6311003122828731e-12,-0.0039999999983688994,,0.0,0.2
continuous__gurobi_qp__rep001__seed0,continuous,gurobi_qp,1,0,192,Asset_192,Group_6,0.004,2.275323332456282e-12,-0.003999999997724677,,0.0,0.2
continuous__gurobi_qp__rep001__seed0,continuous,gurobi_qp,1,0,193,Asset_193,Group_5,0.004,2.3452046816894633e-12,-0.003999999997654795,,0.0,0.2
continuous__gurobi_qp__rep001__seed0,continuous,gurobi_qp,1,0,194,Asset_194,Group_1,0.004,2.4334810607695455e-12,-0.003999999997566519,,0.0,0.2
continuous__gurobi_qp__rep001__seed0,continuous,gurobi_qp,1,0,195,Asset_195,Group_7,0.004,0.19999999997018358,0.19599999997018358,,0.0,0.2
continuous__gurobi_qp__rep001__seed0,continuous,gurobi_qp,1,0,196,Asset_196,Group_4,0.004,1.4386724838161885e-12,-0.003999999998561328,,0.0,0.2
continuous__gurobi_qp__rep001__seed0,continuous,gurobi_qp,1,0,197,Asset_197,Group_5,0.004,1.7081791980499949e-12,-0.0039999999982918205,,0.0,0.2
continuous__gurobi_qp__rep001__seed0,continuous,gurobi_qp,1,0,198,Asset_198,Group_1,0.004,4.537254273605907e-12,-0.003999999995462746,,0.0,0.2
continuous__gurobi_qp__rep001__seed0,continuous,gurobi_qp,1,0,199,Asset_199,Group_3,0.004,3.504884543229195e-12,-0.003999999996495115,,0.0,0.2
continuous__gurobi_qp__rep001__seed0,continuous,gurobi_qp,1,0,200,Asset_200,Group_6,0.004,1.6191828849994997e-12,-0.003999999998380817,,0.0,0.2
continuous__gurobi_qp__rep001__seed0,continuous,gurobi_qp,1,0,201,Asset_201,Group_0,0.004,8.399943165253177e-12,-0.003999999991600057,,0.0,0.2
continuous__gurobi_qp__rep001__seed0,continuous,gurobi_qp,1,0,202,Asset_202,Group_6,0.004,2.9812801783246704e-12,-0.00399999999701872,,0.0,0.2
continuous__gurobi_qp__rep001__seed0,continuous,gurobi_qp,1,0,203,Asset_203,Group_0,0.004,3.617466601265962e-12,-0.0039999999963825335,,0.0,0.2
continuous__gurobi_qp__rep001__seed0,continuous,gurobi_qp,1,0,204,Asset_204,Group_1,0.004,2.1149091581529165e-12,-0.003999999997885091,,0.0,0.2
continuous__gurobi_qp__rep001__seed0,continuous,gurobi_qp,1,0,205,Asset_205,Group_2,0.004,1.9661443182396374e-12,-0.003999999998033856,,0.0,0.2
continuous__gurobi_qp__rep001__seed0,continuous,gurobi_qp,1,0,206,Asset_206,Group_0,0.004,1.3848317663977296e-12,-0.003999999998615169,,0.0,0.2
continuous__gurobi_qp__rep001__seed0,continuous,gurobi_qp,1,0,207,Asset_207,Group_3,0.004,1.396308280651245e-11,-0.003999999986036918,,0.0,0.2
continuous__gurobi_qp__rep001__seed0,continuous,gurobi_qp,1,0,208,Asset_208,Group_0,0.004,1.1723733666935813e-11,-0.003999999988276266,,0.0,0.2
continuous__gurobi_qp__rep001__seed0,continuous,gurobi_qp,1,0,209,Asset_209,Group_5,0.004,6.568162205137763e-12,-0.003999999993431838,,0.0,0.2
continuous__gurobi_qp__rep001__seed0,continuous,gurobi_qp,1,0,210,Asset_210,Group_2,0.004,1.834402219460765e-12,-0.003999999998165598,,0.0,0.2
continuous__gurobi_qp__rep001__seed0,continuous,gurobi_qp,1,0,211,Asset_211,Group_5,0.004,3.5606734014868502e-12,-0.003999999996439327,,0.0,0.2
continuous__gurobi_qp__rep001__seed0,continuous,gurobi_qp,1,0,212,Asset_212,Group_2,0.004,1.4274147645591969e-12,-0.0039999999985725855,,0.0,0.2
continuous__gurobi_qp__rep001__seed0,continuous,gurobi_qp,1,0,213,Asset_213,Group_5,0.004,3.6338713376254864e-12,-0.003999999996366129,,0.0,0.2
continuous__gurobi_qp__rep001__seed0,continuous,gurobi_qp,1,0,214,Asset_214,Group_1,0.004,5.1174265681132585e-12,-0.003999999994882574,,0.0,0.2
continuous__gurobi_qp__rep001__seed0,continuous,gurobi_qp,1,0,215,Asset_215,Group_2,0.004,2.4535657611631065e-12,-0.003999999997546434,,0.0,0.2
continuous__gurobi_qp__rep001__seed0,continuous,gurobi_qp,1,0,216,Asset_216,Group_1,0.004,3.753846443086659e-11,-0.0039999999624615356,,0.0,0.2
continuous__gurobi_qp__rep001__seed0,continuous,gurobi_qp,1,0,217,Asset_217,Group_1,0.004,2.386232483982834e-12,-0.003999999997613767,,0.0,0.2
continuous__gurobi_qp__rep001__seed0,continuous,gurobi_qp,1,0,218,Asset_218,Group_6,0.004,5.920135703790699e-12,-0.003999999994079864,,0.0,0.2
continuous__gurobi_qp__rep001__seed0,continuous,gurobi_qp,1,0,219,Asset_219,Group_2,0.004,6.9337954873600785e-12,-0.0039999999930662045,,0.0,0.2
continuous__gurobi_qp__rep001__seed0,continuous,gurobi_qp,1,0,220,Asset_220,Group_5,0.004,1.6595327150811333e-12,-0.003999999998340467,,0.0,0.2
continuous__gurobi_qp__rep001__seed0,continuous,gurobi_qp,1,0,221,Asset_221,Group_1,0.004,4.420954285737488e-12,-0.003999999995579046,,0.0,0.2
continuous__gurobi_qp__rep001__seed0,continuous,gurobi_qp,1,0,222,Asset_222,Group_3,0.004,4.848412265104435e-12,-0.003999999995151588,,0.0,0.2
continuous__gurobi_qp__rep001__seed0,continuous,gurobi_qp,1,0,223,Asset_223,Group_0,0.004,9.519412408275393e-12,-0.003999999990480588,,0.0,0.2
continuous__gurobi_qp__rep001__seed0,continuous,gurobi_qp,1,0,224,Asset_224,Group_0,0.004,6.636891343059961e-12,-0.0039999999933631085,,0.0,0.2
continuous__gurobi_qp__rep001__seed0,continuous,gurobi_qp,1,0,225,Asset_225,Group_0,0.004,2.1707262062382244e-12,-0.003999999997829274,,0.0,0.2
continuous__gurobi_qp__rep001__seed0,continuous,gurobi_qp,1,0,226,Asset_226,Group_6,0.004,1.859904105135874e-11,-0.003999999981400959,,0.0,0.2
continuous__gurobi_qp__rep001__seed0,continuous,gurobi_qp,1,0,227,Asset_227,Group_7,0.004,7.0503726892614536e-12,-0.003999999992949628,,0.0,0.2
continuous__gurobi_qp__rep001__seed0,continuous,gurobi_qp,1,0,228,Asset_228,Group_3,0.004,3.771909356389281e-12,-0.003999999996228091,,0.0,0.2
continuous__gurobi_qp__rep001__seed0,continuous,gurobi_qp,1,0,229,Asset_229,Group_6,0.004,5.236825386450196e-12,-0.003999999994763174,,0.0,0.2
continuous__gurobi_qp__rep001__seed0,continuous,gurobi_qp,1,0,230,Asset_230,Group_4,0.004,0.0009472032745540635,-0.003052796725445937,,0.0,0.2
continuous__gurobi_qp__rep001__seed0,continuous,gurobi_qp,1,0,231,Asset_231,Group_5,0.004,1.9369396610632735e-12,-0.003999999998063061,,0.0,0.2
continuous__gurobi_qp__rep001__seed0,continuous,gurobi_qp,1,0,232,Asset_232,Group_5,0.004,3.06754241265245e-12,-0.003999999996932457,,0.0,0.2
continuous__gurobi_qp__rep001__seed0,continuous,gurobi_qp,1,0,233,Asset_233,Group_2,0.004,0.09725666724076241,0.09325666724076241,,0.0,0.2
continuous__gurobi_qp__rep001__seed0,continuous,gurobi_qp,1,0,234,Asset_234,Group_2,0.004,2.0106032504949955e-12,-0.003999999997989397,,0.0,0.2
continuous__gurobi_qp__rep001__seed0,continuous,gurobi_qp,1,0,235,Asset_235,Group_7,0.004,4.3850998826767465e-12,-0.0039999999956149,,0.0,0.2
continuous__gurobi_qp__rep001__seed0,continuous,gurobi_qp,1,0,236,Asset_236,Group_2,0.004,2.3411434731410637e-12,-0.003999999997658856,,0.0,0.2
continuous__gurobi_qp__rep001__seed0,continuous,gurobi_qp,1,0,237,Asset_237,Group_0,0.004,1.6903820225418578e-12,-0.003999999998309618,,0.0,0.2
continuous__gurobi_qp__rep001__seed0,continuous,gurobi_qp,1,0,238,Asset_238,Group_5,0.004,1.8820264838584373e-12,-0.003999999998117973,,0.0,0.2
continuous__gurobi_qp__rep001__seed0,continuous,gurobi_qp,1,0,239,Asset_239,Group_5,0.004,0.003999999790479899,-2.095201009216785e-10,,0.0,0.2
continuous__gurobi_qp__rep001__seed0,continuous,gurobi_qp,1,0,240,Asset_240,Group_7,0.004,1.7336174567781467e-12,-0.0039999999982663825,,0.0,0.2
continuous__gurobi_qp__rep001__seed0,continuous,gurobi_qp,1,0,241,Asset_241,Group_6,0.004,6.709739343975413e-12,-0.0039999999932902605,,0.0,0.2
continuous__gurobi_qp__rep001__seed0,continuous,gurobi_qp,1,0,242,Asset_242,Group_0,0.004,2.064335545909289e-12,-0.003999999997935664,,0.0,0.2
continuous__gurobi_qp__rep001__seed0,continuous,gurobi_qp,1,0,243,Asset_243,Group_2,0.004,1.5981418378823915e-11,-0.003999999984018582,,0.0,0.2
continuous__gurobi_qp__rep001__seed0,continuous,gurobi_qp,1,0,244,Asset_244,Group_7,0.004,2.0736728303835326e-12,-0.003999999997926327,,0.0,0.2
continuous__gurobi_qp__rep001__seed0,continuous,gurobi_qp,1,0,245,Asset_245,Group_7,0.004,3.28728494140635e-12,-0.003999999996712715,,0.0,0.2
continuous__gurobi_qp__rep001__seed0,continuous,gurobi_qp,1,0,246,Asset_246,Group_0,0.004,6.8714262025547996e-12,-0.003999999993128574,,0.0,0.2
continuous__gurobi_qp__rep001__seed0,continuous,gurobi_qp,1,0,247,Asset_247,Group_3,0.004,3.4817213358109547e-12,-0.003999999996518279,,0.0,0.2
continuous__gurobi_qp__rep001__seed0,continuous,gurobi_qp,1,0,248,Asset_248,Group_2,0.004,3.3324384482802465e-12,-0.003999999996667562,,0.0,0.2
continuous__gurobi_qp__rep001__seed0,continuous,gurobi_qp,1,0,249,Asset_249,Group_0,0.004,2.367176388730568e-12,-0.003999999997632823,,0.0,0.2
continuous__gurobi_qp__rep002__seed0,continuous,gurobi_qp,2,0,0,Asset_000,Group_3,0.004,1.6452663069958152e-12,-0.003999999998354734,,0.0,0.2
continuous__gurobi_qp__rep002__seed0,continuous,gurobi_qp,2,0,1,Asset_001,Group_7,0.004,2.280949948592389e-12,-0.00399999999771905,,0.0,0.2
continuous__gurobi_qp__rep002__seed0,continuous,gurobi_qp,2,0,2,Asset_002,Group_7,0.004,2.152535650291202e-12,-0.003999999997847464,,0.0,0.2
continuous__gurobi_qp__rep002__seed0,continuous,gurobi_qp,2,0,3,Asset_003,Group_2,0.004,1.5583748696626417e-12,-0.003999999998441625,,0.0,0.2
continuous__gurobi_qp__rep002__seed0,continuous,gurobi_qp,2,0,4,Asset_004,Group_6,0.004,1.3375766697661921e-12,-0.003999999998662423,,0.0,0.2
continuous__gurobi_qp__rep002__seed0,continuous,gurobi_qp,2,0,5,Asset_005,Group_7,0.004,2.5592068102460113e-12,-0.003999999997440793,,0.0,0.2
continuous__gurobi_qp__rep002__seed0,continuous,gurobi_qp,2,0,6,Asset_006,Group_3,0.004,1.8905752764992417e-12,-0.003999999998109425,,0.0,0.2
continuous__gurobi_qp__rep002__seed0,continuous,gurobi_qp,2,0,7,Asset_007,Group_0,0.004,2.1351249772259103e-12,-0.003999999997864875,,0.0,0.2
continuous__gurobi_qp__rep002__seed0,continuous,gurobi_qp,2,0,8,Asset_008,Group_2,0.004,2.7618054173289303e-12,-0.0039999999972381945,,0.0,0.2
continuous__gurobi_qp__rep002__seed0,continuous,gurobi_qp,2,0,9,Asset_009,Group_6,0.004,2.1704862436021443e-12,-0.003999999997829514,,0.0,0.2
continuous__gurobi_qp__rep002__seed0,continuous,gurobi_qp,2,0,10,Asset_010,Group_0,0.004,2.117497733319586e-12,-0.003999999997882502,,0.0,0.2
continuous__gurobi_qp__rep002__seed0,continuous,gurobi_qp,2,0,11,Asset_011,Group_5,0.004,7.688970771246415e-12,-0.003999999992311029,,0.0,0.2
continuous__gurobi_qp__rep002__seed0,continuous,gurobi_qp,2,0,12,Asset_012,Group_7,0.004,1.3876995375272727e-12,-0.0039999999986123,,0.0,0.2
continuous__gurobi_qp__rep002__seed0,continuous,gurobi_qp,2,0,13,Asset_013,Group_2,0.004,2.0241674141909345e-12,-0.003999999997975833,,0.0,0.2
continuous__gurobi_qp__rep002__seed0,continuous,gurobi_qp,2,0,14,Asset_014,Group_4,0.004,4.774774790098419e-12,-0.003999999995225225,,0.0,0.2
continuous__gurobi_qp__rep002__seed0,continuous,gurobi_qp,2,0,15,Asset_015,Group_4,0.004,5.08166951452433e-12,-0.003999999994918331,,0.0,0.2
continuous__gurobi_qp__rep002__seed0,continuous,gurobi_qp,2,0,16,Asset_016,Group_1,0.004,1.399499845337141e-12,-0.003999999998600501,,0.0,0.2
continuous__gurobi_qp__rep002__seed0,continuous,gurobi_qp,2,0,17,Asset_017,Group_4,0.004,2.620676233324169e-12,-0.003999999997379324,,0.0,0.2
continuous__gurobi_qp__rep002__seed0,continuous,gurobi_qp,2,0,18,Asset_018,Group_3,0.004,2.1486745298909543e-12,-0.003999999997851326,,0.0,0.2
continuous__gurobi_qp__rep002__seed0,continuous,gurobi_qp,2,0,19,Asset_019,Group_2,0.004,3.677107734506448e-12,-0.003999999996322892,,0.0,0.2
continuous__gurobi_qp__rep002__seed0,continuous,gurobi_qp,2,0,20,Asset_020,Group_1,0.004,5.369117593017164e-11,-0.0039999999463088244,,0.0,0.2
continuous__gurobi_qp__rep002__seed0,continuous,gurobi_qp,2,0,21,Asset_021,Group_1,0.004,9.444073291024151e-12,-0.003999999990555927,,0.0,0.2
continuous__gurobi_qp__rep002__seed0,continuous,gurobi_qp,2,0,22,Asset_022,Group_3,0.004,0.015999999733791626,0.011999999733791625,,0.0,0.2
continuous__gurobi_qp__rep002__seed0,continuous,gurobi_qp,2,0,23,Asset_023,Group_6,0.004,3.664409107419971e-12,-0.003999999996335591,,0.0,0.2
continuous__gurobi_qp__rep002__seed0,continuous,gurobi_qp,2,0,24,Asset_024,Group_4,0.004,1.8914954767989215e-12,-0.0039999999981085044,,0.0,0.2
continuous__gurobi_qp__rep002__seed0,continuous,gurobi_qp,2,0,25,Asset_025,Group_5,0.004,4.479180244440594e-12,-0.00399999999552082,,0.0,0.2
continuous__gurobi_qp__rep002__seed0,continuous,gurobi_qp,2,0,26,Asset_026,Group_1,0.004,2.5405645810849333e-12,-0.003999999997459435,,0.0,0.2
continuous__gurobi_qp__rep002__seed0,continuous,gurobi_qp,2,0,27,Asset_027,Group_7,0.004,4.221469275179209e-12,-0.0039999999957785306,,0.0,0.2
continuous__gurobi_qp__rep002__seed0,continuous,gurobi_qp,2,0,28,Asset_028,Group_1,0.004,1.7117737920252772e-12,-0.003999999998288226,,0.0,0.2
continuous__gurobi_qp__rep002__seed0,continuous,gurobi_qp,2,0,29,Asset_029,Group_4,0.004,3.638029120103904e-12,-0.003999999996361971,,0.0,0.2
continuous__gurobi_qp__rep002__seed0,continuous,gurobi_qp,2,0,30,Asset_030,Group_1,0.004,1.6867907328127378e-12,-0.00399999999831321,,0.0,0.2
continuous__gurobi_qp__rep002__seed0,continuous,gurobi_qp,2,0,31,Asset_031,Group_2,0.004,6.232716964882847e-12,-0.0039999999937672835,,0.0,0.2
continuous__gurobi_qp__rep002__seed0,continuous,gurobi_qp,2,0,32,Asset_032,Group_1,0.004,1.4573838694278887e-12,-0.003999999998542616,,0.0,0.2
continuous__gurobi_qp__rep002__seed0,continuous,gurobi_qp,2,0,33,Asset_033,Group_3,0.004,2.022213558157193e-12,-0.003999999997977787,,0.0,0.2
continuous__gurobi_qp__rep002__seed0,continuous,gurobi_qp,2,0,34,Asset_034,Group_4,0.004,2.2625871675757038e-12,-0.003999999997737413,,0.0,0.2
continuous__gurobi_qp__rep002__seed0,continuous,gurobi_qp,2,0,35,Asset_035,Group_6,0.004,1.5637951637925072e-12,-0.003999999998436205,,0.0,0.2
continuous__gurobi_qp__rep002__seed0,continuous,gurobi_qp,2,0,36,Asset_036,Group_3,0.004,2.3209935696389074e-12,-0.003999999997679007,,0.0,0.2
continuous__gurobi_qp__rep002__seed0,continuous,gurobi_qp,2,0,37,Asset_037,Group_1,0.004,5.690636981691735e-12,-0.003999999994309363,,0.0,0.2
continuous__gurobi_qp__rep002__seed0,continuous,gurobi_qp,2,0,38,Asset_038,Group_5,0.004,3.5393088537818196e-12,-0.0039999999964606915,,0.0,0.2
continuous__gurobi_qp__rep002__seed0,continuous,gurobi_qp,2,0,39,Asset_039,Group_7,0.004,4.2231302768804054e-12,-0.0039999999957768696,,0.0,0.2
continuous__gurobi_qp__rep002__seed0,continuous,gurobi_qp,2,0,40,Asset_040,Group_1,0.004,1.8608444354992477e-12,-0.003999999998139155,,0.0,0.2
continuous__gurobi_qp__rep002__seed0,continuous,gurobi_qp,2,0,41,Asset_041,Group_5,0.004,2.950533240960185e-12,-0.003999999997049467,,0.0,0.2
continuous__gurobi_qp__rep002__seed0,continuous,gurobi_qp,2,0,42,Asset_042,Group_5,0.004,2.488237102350824e-12,-0.003999999997511763,,0.0,0.2
continuous__gurobi_qp__rep002__seed0,continuous,gurobi_qp,2,0,43,Asset_043,Group_6,0.004,0.006064484681966404,0.0020644846819664036,,0.0,0.2
continuous__gurobi_qp__rep002__seed0,continuous,gurobi_qp,2,0,44,Asset_044,Group_3,0.004,2.1300703574536666e-12,-0.00399999999786993,,0.0,0.2
continuous__gurobi_qp__rep002__seed0,continuous,gurobi_qp,2,0,45,Asset_045,Group_3,0.004,3.1464872344682525e-12,-0.003999999996853513,,0.0,0.2
continuous__gurobi_qp__rep002__seed0,continuous,gurobi_qp,2,0,46,Asset_046,Group_6,0.004,0.11134729672350369,0.10734729672350368,,0.0,0.2
continuous__gurobi_qp__rep002__seed0,continuous,gurobi_qp,2,0,47,Asset_047,Group_7,0.004,7.84869578326043e-12,-0.003999999992151304,,0.0,0.2
continuous__gurobi_qp__rep002__seed0,continuous,gurobi_qp,2,0,48,Asset_048,Group_7,0.004,6.506140448099021e-12,-0.00399999999349386,,0.0,0.2
continuous__gurobi_qp__rep002__seed0,continuous,gurobi_qp,2,0,49,Asset_049,Group_7,0.004,1.5822250174605365e-12,-0.003999999998417775,,0.0,0.2
continuous__gurobi_qp__rep002__seed0,continuous,gurobi_qp,2,0,50,Asset_050,Group_1,0.004,2.316047302410612e-12,-0.0039999999976839526,,0.0,0.2
continuous__gurobi_qp__rep002__seed0,continuous,gurobi_qp,2,0,51,Asset_051,Group_3,0.004,1.9697913225466556e-12,-0.0039999999980302086,,0.0,0.2
continuous__gurobi_qp__rep002__seed0,continuous,gurobi_qp,2,0,52,Asset_052,Group_3,0.004,2.1916659763496524e-12,-0.003999999997808334,,0.0,0.2
continuous__gurobi_qp__rep002__seed0,continuous,gurobi_qp,2,0,53,Asset_053,Group_2,0.004,1.810140912147261e-11,-0.003999999981898591,,0.0,0.2
continuous__gurobi_qp__rep002__seed0,continuous,gurobi_qp,2,0,54,Asset_054,Group_3,0.004,2.1256007186161716e-12,-0.003999999997874399,,0.0,0.2
continuous__gurobi_qp__rep002__seed0,continuous,gurobi_qp,2,0,55,Asset_055,Group_2,0.004,1.9697212639325324e-12,-0.003999999998030279,,0.0,0.2
continuous__gurobi_qp__rep002__seed0,continuous,gurobi_qp,2,0,56,Asset_056,Group_4,0.004,0.08221067941338729,0.07821067941338729,,0.0,0.2
continuous__gurobi_qp__rep002__seed0,continuous,gurobi_qp,2,0,57,Asset_057,Group_4,0.004,1.922338625765486e-11,-0.003999999980776614,,0.0,0.2
continuous__gurobi_qp__rep002__seed0,continuous,gurobi_qp,2,0,58,Asset_058,Group_4,0.004,1.7184936595638327e-12,-0.003999999998281507,,0.0,0.2
continuous__gurobi_qp__rep002__seed0,continuous,gurobi_qp,2,0,59,Asset_059,Group_0,0.004,6.1461100401714735e-12,-0.00399999999385389,,0.0,0.2
continuous__gurobi_qp__rep002__seed0,continuous,gurobi_qp,2,0,60,Asset_060,Group_6,0.004,2.4817848091017755e-12,-0.003999999997518215,,0.0,0.2
continuous__gurobi_qp__rep002__seed0,continuous,gurobi_qp,2,0,61,Asset_061,Group_7,0.004,1.9358287008040013e-12,-0.003999999998064171,,0.0,0.2
continuous__gurobi_qp__rep002__seed0,continuous,gurobi_qp,2,0,62,Asset_062,Group_5,0.004,7.93673267663568e-12,-0.003999999992063267,,0.0,0.2
continuous__gurobi_qp__rep002__seed0,continuous,gurobi_qp,2,0,63,Asset_063,Group_1,0.004,1.410810298362587e-12,-0.003999999998589189,,0.0,0.2
continuous__gurobi_qp__rep002__seed0,continuous,gurobi_qp,2,0,64,Asset_064,Group_4,0.004,1.430274572473302e-12,-0.003999999998569726,,0.0,0.2
continuous__gurobi_qp__rep002__seed0,continuous,gurobi_qp,2,0,65,Asset_065,Group_3,0.004,3.696904808992068e-12,-0.003999999996303095,,0.0,0.2
continuous__gurobi_qp__rep002__seed0,continuous,gurobi_qp,2,0,66,Asset_066,Group_0,0.004,1.6426164550737418e-12,-0.0039999999983573835,,0.0,0.2
continuous__gurobi_qp__rep002__seed0,continuous,gurobi_qp,2,0,67,Asset_067,Group_1,0.004,3.578972704456533e-12,-0.003999999996421027,,0.0,0.2
continuous__gurobi_qp__rep002__seed0,continuous,gurobi_qp,2,0,68,Asset_068,Group_4,0.004,2.2799420996613532e-12,-0.003999999997720058,,0.0,0.2
continuous__gurobi_qp__rep002__seed0,continuous,gurobi_qp,2,0,69,Asset_069,Group_4,0.004,3.2890442509491622e-12,-0.003999999996710956,,0.0,0.2
continuous__gurobi_qp__rep002__seed0,continuous,gurobi_qp,2,0,70,Asset_070,Group_6,0.004,2.44101352808454e-12,-0.0039999999975589865,,0.0,0.2
continuous__gurobi_qp__rep002__seed0,continuous,gurobi_qp,2,0,71,Asset_071,Group_4,0.004,2.185925862603292e-12,-0.003999999997814074,,0.0,0.2
continuous__gurobi_qp__rep002__seed0,continuous,gurobi_qp,2,0,72,Asset_072,Group_0,0.004,0.020000000331252106,0.016000000331252106,,0.0,0.2
continuous__gurobi_qp__rep002__seed0,continuous,gurobi_qp,2,0,73,Asset_073,Group_2,0.004,3.13305654972477e-12,-0.003999999996866944,,0.0,0.2
continuous__gurobi_qp__rep002__seed0,continuous,gurobi_qp,2,0,74,Asset_074,Group_1,0.004,6.878427850443086e-12,-0.003999999993121573,,0.0,0.2
continuous__gurobi_qp__rep002__seed0,continuous,gurobi_qp,2,0,75,Asset_075,Group_6,0.004,4.721751387391846e-11,-0.003999999952782486,,0.0,0.2
continuous__gurobi_qp__rep002__seed0,continuous,gurobi_qp,2,0,76,Asset_076,Group_5,0.004,1.6393356006189876e-12,-0.003999999998360665,,0.0,0.2
continuous__gurobi_qp__rep002__seed0,continuous,gurobi_qp,2,0,77,Asset_077,Group_0,0.004,2.758920472179846e-11,-0.003999999972410796,,0.0,0.2
continuous__gurobi_qp__rep002__seed0,continuous,gurobi_qp,2,0,78,Asset_078,Group_1,0.004,2.2005884297855782e-12,-0.003999999997799411,,0.0,0.2
continuous__gurobi_qp__rep002__seed0,continuous,gurobi_qp,2,0,79,Asset_079,Group_6,0.004,1.1955508596126522e-11,-0.0039999999880444915,,0.0,0.2
continuous__gurobi_qp__rep002__seed0,continuous,gurobi_qp,2,0,80,Asset_080,Group_5,0.004,1.4718051813581836e-12,-0.003999999998528195,,0.0,0.2
continuous__gurobi_qp__rep002__seed0,continuous,gurobi_qp,2,0,81,Asset_081,Group_4,0.004,3.024218648119738e-11,-0.003999999969757814,,0.0,0.2
continuous__gurobi_qp__rep002__seed0,continuous,gurobi_qp,2,0,82,Asset_082,Group_0,0.004,3.962333739088282e-12,-0.003999999996037666,,0.0,0.2
continuous__gurobi_qp__rep002__seed0,continuous,gurobi_qp,2,0,83,Asset_083,Group_2,0.004,3.864782018114539e-12,-0.003999999996135218,,0.0,0.2
continuous__gurobi_qp__rep002__seed0,continuous,gurobi_qp,2,0,84,Asset_084,Group_0,0.004,4.672019702717955e-12,-0.00399999999532798,,0.0,0.2
continuous__gurobi_qp__rep002__seed0,continuous,gurobi_qp,2,0,85,Asset_085,Group_6,0.004,4.6519112485733086e-11,-0.003999999953480888,,0.0,0.2
continuous__gurobi_qp__rep002__seed0,continuous,gurobi_qp,2,0,86,Asset_086,Group_6,0.004,0.036771360190537984,0.03277136019053799,,0.0,0.2
continuous__gurobi_qp__rep002__seed0,continuous,gurobi_qp,2,0,87,Asset_087,Group_5,0.004,7.5715603930685e-12,-0.0039999999924284395,,0.0,0.2
continuous__gurobi_qp__rep002__seed0,continuous,gurobi_qp,2,0,88,Asset_088,Group_7,0.004,0.004000000040292357,4.029235712438295e-11,,0.0,0.2
continuous__gurobi_qp__rep002__seed0,continuous,gurobi_qp,2,0,89,Asset_089,Group_2,0.004,2.1496761576789074e-12,-0.003999999997850324,,0.0,0.2
continuous__gurobi_qp__rep002__seed0,continuous,gurobi_qp,2,0,90,Asset_090,Group_1,0.004,1.6381516919098856e-12,-0.003999999998361849,,0.0,0.2
continuous__gurobi_qp__rep002__seed0,continuous,gurobi_qp,2,0,91,Asset_091,Group_3,0.004,1.3615751013163995e-11,-0.003999999986384249,,0.0,0.2
continuous__gurobi_qp__rep002__seed0,continuous,gurobi_qp,2,0,92,Asset_092,Group_2,0.004,1.4256553147575721e-12,-0.0039999999985743445,,0.0,0.2
continuous__gurobi_qp__rep002__seed0,continuous,gurobi_qp,2,0,93,Asset_093,Group_6,0.004,1.2834704556471563e-11,-0.003999999987165295,,0.0,0.2
continuous__gurobi_qp__rep002__seed0,continuous,gurobi_qp,2,0,94,Asset_094,Group_5,0.004,0.16674245116381003,0.16274245116381003,,0.0,0.2
continuous__gurobi_qp__rep002__seed0,continuous,gurobi_qp,2,0,95,Asset_095,Group_7,0.004,1.913131758632027e-12,-0.003999999998086868,,0.0,0.2
continuous__gurobi_qp__rep002__seed0,continuous,gurobi_qp,2,0,96,Asset_096,Group_5,0.004,4.191888380146791e-12,-0.003999999995808112,,0.0,0.2
continuous__gurobi_qp__rep002__seed0,continuous,gurobi_qp,2,0,97,Asset_097,Group_2,0.004,2.318075955004269e-12,-0.003999999997681924,,0.0,0.2
continuous__gurobi_qp__rep002__seed0,continuous,gurobi_qp,2,0,98,Asset_098,Group_3,0.004,4.5689912403887245e-12,-0.003999999995431009,,0.0,0.2
continuous__gurobi_qp__rep002__seed0,continuous,gurobi_qp,2,0,99,Asset_099,Group_7,0.004,7.486836932033769e-12,-0.003999999992513163,,0.0,0.2
continuous__gurobi_qp__rep002__seed0,continuous,gurobi_qp,2,0,100,Asset_100,Group_7,0.004,1.3346929114000987e-11,-0.003999999986653071,,0.0,0.2
continuous__gurobi_qp__rep002__seed0,continuous,gurobi_qp,2,0,101,Asset_101,Group_1,0.004,0.0733337663969361,0.0693337663969361,,0.0,0.2
continuous__gurobi_qp__rep002__seed0,continuous,gurobi_qp,2,0,102,Asset_102,Group_3,0.004,0.004000000098837463,9.883746251992953e-11,,0.0,0.2
continuous__gurobi_qp__rep002__seed0,continuous,gurobi_qp,2,0,103,Asset_103,Group_6,0.004,3.624103436573655e-12,-0.0039999999963758965,,0.0,0.2
continuous__gurobi_qp__rep002__seed0,continuous,gurobi_qp,2,0,104,Asset_104,Group_0,0.004,4.0245940391710396e-12,-0.003999999995975406,,0.0,0.2
continuous__gurobi_qp__rep002__seed0,continuous,gurobi_qp,2,0,105,Asset_105,Group_2,0.004,1.1146903561305103e-11,-0.003999999988853096,,0.0,0.2
continuous__gurobi_qp__rep002__seed0,continuous,gurobi_qp,2,0,106,Asset_106,Group_4,0.004,3.5568400300646258e-12,-0.00399999999644316,,0.0,0.2
continuous__gurobi_qp__rep002__seed0,continuous,gurobi_qp,2,0,107,Asset_107,Group_4,0.004,1.350432757668843e-12,-0.003999999998649567,,0.0,0.2
continuous__gurobi_qp__rep002__seed0,continuous,gurobi_qp,2,0,108,Asset_108,Group_4,0.004,2.8530148341314016e-12,-0.003999999997146985,,0.0,0.2
continuous__gurobi_qp__rep002__seed0,continuous,gurobi_qp,2,0,109,Asset_109,Group_4,0.004,1.376006269262677e-12,-0.003999999998623994,,0.0,0.2
continuous__gurobi_qp__rep002__seed0,continuous,gurobi_qp,2,0,110,Asset_110,Group_3,0.004,3.6299066917787066e-11,-0.003999999963700933,,0.0,0.2
continuous__gurobi_qp__rep002__seed0,continuous,gurobi_qp,2,0,111,Asset_111,Group_2,0.004,1.3208282512146268e-11,-0.0039999999867917175,,0.0,0.2
continuous__gurobi_qp__rep002__seed0,continuous,gurobi_qp,2,0,112,Asset_112,Group_0,0.004,4.338656768534393e-12,-0.003999999995661343,,0.0,0.2
continuous__gurobi_qp__rep002__seed0,continuous,gurobi_qp,2,0,113,Asset_113,Group_7,0.004,2.130804520767577e-12,-0.003999999997869196,,0.0,0.2
continuous__gurobi_qp__rep002__seed0,continuous,gurobi_qp,2,0,114,Asset_114,Group_7,0.004,4.551424367628269e-12,-0.003999999995448576,,0.0,0.2
continuous__gurobi_qp__rep002__seed0,continuous,gurobi_qp,2,0,115,Asset_115,Group_2,0.004,1.870710198308873e-12,-0.00399999999812929,,0.0,0.2
continuous__gurobi_qp__rep002__seed0,continuous,gurobi_qp,2,0,116,Asset_116,Group_3,0.004,3.2148656877755456e-12,-0.003999999996785134,,0.0,0.2
continuous__gurobi_qp__rep002__seed0,continuous,gurobi_qp,2,0,117,Asset_117,Group_6,0.004,1.8152960333417e-11,-0.00399999998184704,,0.0,0.2
continuous__gurobi_qp__rep002__seed0,continuous,gurobi_qp,2,0,118,Asset_118,Group_3,0.004,1.74313024879434e-12,-0.00399999999825687,,0.0,0.2
continuous__gurobi_qp__rep002__seed0,continuous,gurobi_qp,2,0,119,Asset_119,Group_5,0.004,2.1100238777468097e-12,-0.003999999997889976,,0.0,0.2
continuous__gurobi_qp__rep002__seed0,continuous,gurobi_qp,2,0,120,Asset_120,Group_6,0.004,4.988761045069352e-12,-0.003999999995011239,,0.0,0.2
continuous__gurobi_qp__rep002__seed0,continuous,gurobi_qp,2,0,121,Asset_121,Group_2,0.004,2.1677769690462877e-12,-0.003999999997832223,,0.0,0.2
continuous__gurobi_qp__rep002__seed0,continuous,gurobi_qp,2,0,122,Asset_122,Group_5,0.004,1.4914229355182859e-12,-0.003999999998508577,,0.0,0.2
continuous__gurobi_qp__rep002__seed0,continuous,gurobi_qp,2,0,123,Asset_123,Group_7,0.004,1.5013585247940025e-12,-0.003999999998498641,,0.0,0.2
continuous__gurobi_qp__rep002__seed0,continuous,gurobi_qp,2,0,124,Asset_124,Group_4,0.004,1.5282121784357525e-12,-0.003999999998471788,,0.0,0.2
continuous__gurobi_qp__rep002__seed0,continuous,gurobi_qp,2,0,125,Asset_125,Group_0,0.004,2.8754015468195525e-12,-0.003999999997124599,,0.0,0.2
continuous__gurobi_qp__rep002__seed0,continuous,gurobi_qp,2,0,126,Asset_126,Group_4,0.004,4.618023448008292e-12,-0.003999999995381976,,0.0,0.2
continuous__gurobi_qp__rep002__seed0,continuous,gurobi_qp,2,0,127,Asset_127,Group_4,0.004,1.5041509428127326e-12,-0.003999999998495849,,0.0,0.2
continuous__gurobi_qp__rep002__seed0,continuous,gurobi_qp,2,0,128,Asset_128,Group_0,0.004,0.003999999878632164,-1.2136783592020528e-10,,0.0,0.2
continuous__gurobi_qp__rep002__seed0,continuous,gurobi_qp,2,0,129,Asset_129,Group_1,0.004,4.497228893453612e-12,-0.003999999995502771,,0.0,0.2
continuous__gurobi_qp__rep002__seed0,continuous,gurobi_qp,2,0,130,Asset_130,Group_2,0.004,3.967456162587165e-11,-0.003999999960325439,,0.0,0.2
continuous__gurobi_qp__rep002__seed0,continuous,gurobi_qp,2,0,131,Asset_131,Group_6,0.004,1.6475858907725881e-12,-0.003999999998352414,,0.0,0.2
continuous__gurobi_qp__rep002__seed0,continuous,gurobi_qp,2,0,132,Asset_132,Group_6,0.004,1.734300652593886e-12,-0.003999999998265699,,0.0,0.2
continuous__gurobi_qp__rep002__seed0,continuous,gurobi_qp,2,0,133,Asset_133,Group_0,0.004,0.003999999769824707,-2.301752928882128e-10,,0.0,0.2
continuous__gurobi_qp__rep002__seed0,continuous,gurobi_qp,2,0,134,Asset_134,Group_2,0.004,5.2094272944079905e-12,-0.003999999994790573,,0.0,0.2
continuous__gurobi_qp__rep002__seed0,continuous,gurobi_qp,2,0,135,Asset_135,Group_5,0.004,3.845235342151797e-12,-0.003999999996154764,,0.0,0.2
continuous__gurobi_qp__rep002__seed0,continuous,gurobi_qp,2,0,136,Asset_136,Group_4,0.004,3.1440840280614887e-12,-0.003999999996855916,,0.0,0.2
continuous__gurobi_qp__rep002__seed0,continuous,gurobi_qp,2,0,137,Asset_137,Group_7,0.004,4.460925863235439e-12,-0.0039999999955390745,,0.0,0.2
continuous__gurobi_qp__rep002__seed0,continuous,gurobi_qp,2,0,138,Asset_138,Group_4,0.004,1.8738065229240537e-11,-0.003999999981261935,,0.0,0.2
continuous__gurobi_qp__rep002__seed0,continuous,gurobi_qp,2,0,139,Asset_139,Group_2,0.004,3.735271104496275e-12,-0.003999999996264729,,0.0,0.2
continuous__gurobi_qp__rep002__seed0,continuous,gurobi_qp,2,0,140,Asset_140,Group_6,0.004,4.471351577676725e-12,-0.003999999995528649,,0.0,0.2
continuous__gurobi_qp__rep002__seed0,continuous,gurobi_qp,2,0,141,Asset_141,Group_0,0.004,1.938276384968728e-12,-0.003999999998061723,,0.0,0.2
continuous__gurobi_qp__rep002__seed0,continuous,gurobi_qp,2,0,142,Asset_142,Group_2,0.004,3.1106641276570296e-11,-0.0039999999688933585,,0.0,0.2
continuous__gurobi_qp__rep002__seed0,continuous,gurobi_qp,2,0,143,Asset_143,Group_3,0.004,1.7569395158474845e-12,-0.003999999998243061,,0.0,0.2
continuous__gurobi_qp__rep002__seed0,continuous,gurobi_qp,2,0,144,Asset_144,Group_1,0.004,2.9628115823771397e-12,-0.003999999997037189,,0.0,0.2
continuous__gurobi_qp__rep002__seed0,continuous,gurobi_qp,2,0,145,Asset_145,Group_1,0.004,2.4925412433324922e-12,-0.003999999997507459,,0.0,0.2
continuous__gurobi_qp__rep002__seed0,continuous,gurobi_qp,2,0,146,Asset_146,Group_0,0.004,1.5321203474696524e-12,-0.00399999999846788,,0.0,0.2
continuous__gurobi_qp__rep002__seed0,continuous,gurobi_qp,2,0,147,Asset_147,Group_7,0.004,1.675245191041656e-12,-0.003999999998324755,,0.0,0.2
continuous__gurobi_qp__rep002__seed0,continuous,gurobi_qp,2,0,148,Asset_148,Group_3,0.004,0.004000000022695244,2.26952441215178e-11,,0.0,0.2
continuous__gurobi_qp__rep002__seed0,continuous,gurobi_qp,2,0,149,Asset_149,Group_4,0.004,1.5591843677500115e-12,-0.003999999998440816,,0.0,0.2
continuous__gurobi_qp__rep002__seed0,continuous,gurobi_qp,2,0,150,Asset_150,Group_0,0.004,2.0320519038741298e-12,-0.0039999999979679485,,0.0,0.2
continuous__gurobi_qp__rep002__seed0,continuous,gurobi_qp,2,0,151,Asset_151,Group_1,0.004,3.819207103859202e-12,-0.003999999996180793,,0.0,0.2
continuous__gurobi_qp__rep002__seed0,continuous,gurobi_qp,2,0,152,Asset_152,Group_4,0.004,2.9760957261388465e-12,-0.003999999997023904,,0.0,0.2
continuous__gurobi_qp__rep002__seed0,continuous,gurobi_qp,2,0,153,Asset_153,Group_4,0.004,1.8586033376708767e-12,-0.0039999999981413965,,0.0,0.2
continuous__gurobi_qp__rep002__seed0,continuous,gurobi_qp,2,0,154,Asset_154,Group_6,0.004,0.08821214904816149,0.08421214904816149,,0.0,0.2
continuous__gurobi_qp__rep002__seed0,continuous,gurobi_qp,2,0,155,Asset_155,Group_1,0.004,0.04550923197310274,0.041509231973102745,,0.0,0.2
continuous__gurobi_qp__rep002__seed0,continuous,gurobi_qp,2,0,156,Asset_156,Group_5,0.004,2.079461742784486e-12,-0.0039999999979205385,,0.0,0.2
continuous__gurobi_qp__rep002__seed0,continuous,gurobi_qp,2,0,157,Asset_157,Group_5,0.004,1.7296588737419886e-12,-0.003999999998270341,,0.0,0.2
continuous__gurobi_qp__rep002__seed0,continuous,gurobi_qp,2,0,158,Asset_158,Group_6,0.004,0.03160470902050485,0.02760470902050485,,0.0,0.2
continuous__gurobi_qp__rep002__seed0,continuous,gurobi_qp,2,0,159,Asset_159,Group_0,0.004,2.5239486172668197e-12,-0.003999999997476051,,0.0,0.2
continuous__gurobi_qp__rep002__seed0,continuous,gurobi_qp,2,0,160,Asset_160,Group_5,0.004,2.3801102241064096e-12,-0.00399999999761989,,0.0,0.2
continuous__gurobi_qp__rep002__seed0,continuous,gurobi_qp,2,0,161,Asset_161,Group_0,0.004,2.462308907482762e-12,-0.003999999997537691,,0.0,0.2
continuous__gurobi_qp__rep002__seed0,continuous,gurobi_qp,2,0,162,Asset_162,Group_0,0.004,2.174316003499634e-12,-0.003999999997825684,,0.0,0.2
continuous__gurobi_qp__rep002__seed0,continuous,gurobi_qp,2,0,163,Asset_163,Group_6,0.004,1.4275117552325265e-12,-0.003999999998572488,,0.0,0.2
continuous__gurobi_qp__rep002__seed0,continuous,gurobi_qp,2,0,164,Asset_164,Group_3,0.004,1.9655784899270963e-11,-0.003999999980344215,,0.0,0.2
continuous__gurobi_qp__rep002__seed0,continuous,gurobi_qp,2,0,165,Asset_165,Group_2,0.004,3.1292675916446457e-12,-0.003999999996870732,,0.0,0.2
continuous__gurobi_qp__rep002__seed0,continuous,gurobi_qp,2,0,166,Asset_166,Group_3,0.004,2.513471139255772e-12,-0.003999999997486529,,0.0,0.2
continuous__gurobi_qp__rep002__seed0,continuous,gurobi_qp,2,0,167,Asset_167,Group_6,0.004,2.110078576139736e-12,-0.0039999999978899215,,0.0,0.2
continuous__gurobi_qp__rep002__seed0,continuous,gurobi_qp,2,0,168,Asset_168,Group_1,0.004,2.3514556596704026e-12,-0.003999999997648544,,0.0,0.2
continuous__gurobi_qp__rep002__seed0,continuous,gurobi_qp,2,0,169,Asset_169,Group_3,0.004,3.700799790199849e-12,-0.0039999999962992,,0.0,0.2
continuous__gurobi_qp__rep002__seed0,continuous,gurobi_qp,2,0,170,Asset_170,Group_5,0.004,3.143588159230851e-12,-0.003999999996856412,,0.0,0.2
continuous__gurobi_qp__rep002__seed0,continuous,gurobi_qp,2,0,171,Asset_171,Group_3,0.004,4.818264052487371e-12,-0.003999999995181736,,0.0,0.2
continuous__gurobi_qp__rep002__seed0,continuous,gurobi_qp,2,0,172,Asset_172,Group_4,0.004,2.468112789739356e-12,-0.0039999999975318876,,0.0,0.2
continuous__gurobi_qp__rep002__seed0,continuous,gurobi_qp,2,0,173,Asset_173,Group_7,0.004,3.4344985271205933e-12,-0.003999999996565502,,0.0,0.2
continuous__gurobi_qp__rep002__seed0,continuous,gurobi_qp,2,0,174,Asset_174,Group_3,0.004,5.251643213718299e-12,-0.003999999994748357,,0.0,0.2
continuous__gurobi_qp__rep002__seed0,continuous,gurobi_qp,2,0,175,Asset_175,Group_5,0.004,4.4190202807604535e-12,-0.003999999995580979,,0.0,0.2
continuous__gurobi_qp__rep002__seed0,continuous,gurobi_qp,2,0,176,Asset_176,Group_4,0.004,1.5931944007565085e-12,-0.003999999998406806,,0.0,0.2
continuous__gurobi_qp__rep002__seed0,continuous,gurobi_qp,2,0,177,Asset_177,Group_1,0.004,1.249360631148458e-11,-0.003999999987506394,,0.0,0.2
continuous__gurobi_qp__rep002__seed0,continuous,gurobi_qp,2,0,178,Asset_178,Group_7,0.004,2.6117682961424377e-12,-0.003999999997388232,,0.0,0.2
continuous__gurobi_qp__rep002__seed0,continuous,gurobi_qp,2,0,179,Asset_179,Group_6,0.004,3.818962445468918e-12,-0.003999999996181038,,0.0,0.2
continuous__gurobi_qp__rep002__seed0,continuous,gurobi_qp,2,0,180,Asset_180,Group_0,0.004,2.0114756739827627e-12,-0.003999999997988524,,0.0,0.2
continuous__gurobi_qp__rep002__seed0,continuous,gurobi_qp,2,0,181,Asset_181,Group_7,0.004,4.802061853186802e-12,-0.0039999999951979386,,0.0,0.2
continuous__gurobi_qp__rep002__seed0,continuous,gurobi_qp,2,0,182,Asset_182,Group_1,0.004,3.2669892742620903e-12,-0.003999999996733011,,0.0,0.2
continuous__gurobi_qp__rep002__seed0,continuous,gurobi_qp,2,0,183,Asset_183,Group_5,0.004,1.9532805272280787e-12,-0.00399999999804672,,0.0,0.2
continuous__gurobi_qp__rep002__seed0,continuous,gurobi_qp,2,0,184,Asset_184,Group_0,0.004,6.151478248245703e-12,-0.0039999999938485215,,0.0,0.2
continuous__gurobi_qp__rep002__seed0,continuous,gurobi_qp,2,0,185,Asset_185,Group_7,0.004,1.6352435718611132e-12,-0.003999999998364757,,0.0,0.2
continuous__gurobi_qp__rep002__seed0,continuous,gurobi_qp,2,0,186,Asset_186,Group_1,0.004,6.831562170212962e-12,-0.003999999993168438,,0.0,0.2
continuous__gurobi_qp__rep002__seed0,continuous,gurobi_qp,2,0,187,Asset_187,Group_4,0.004,1.9405989296347812e-12,-0.003999999998059401,,0.0,0.2
continuous__gurobi_qp__rep002__seed0,continuous,gurobi_qp,2,0,188,Asset_188,Group_7,0.004,1.6531743539418202e-12,-0.003999999998346826,,0.0,0.2
continuous__gurobi_qp__rep002__seed0,continuous,gurobi_qp,2,0,189,Asset_189,Group_3,0.004,2.2939543299886035e-12,-0.003999999997706046,,0.0,0.2
continuous__gurobi_qp__rep002__seed0,continuous,gurobi_qp,2,0,190,Asset_190,Group_7,0.004,2.069740310063952e-12,-0.00399999999793026,,0.0,0.2
continuous__gurobi_qp__rep002__seed0,continuous,gurobi_qp,2,0,191,Asset_191,Group_5,0.004,1.6311003122828731e-12,-0.0039999999983688994,,0.0,0.2
continuous__gurobi_qp__rep002__seed0,continuous,gurobi_qp,2,0,192,Asset_192,Group_6,0.004,2.275323332456282e-12,-0.003999999997724677,,0.0,0.2
continuous__gurobi_qp__rep002__seed0,continuous,gurobi_qp,2,0,193,Asset_193,Group_5,0.004,2.3452046816894633e-12,-0.003999999997654795,,0.0,0.2
continuous__gurobi_qp__rep002__seed0,continuous,gurobi_qp,2,0,194,Asset_194,Group_1,0.004,2.4334810607695455e-12,-0.003999999997566519,,0.0,0.2
continuous__gurobi_qp__rep002__seed0,continuous,gurobi_qp,2,0,195,Asset_195,Group_7,0.004,0.19999999997018358,0.19599999997018358,,0.0,0.2
continuous__gurobi_qp__rep002__seed0,continuous,gurobi_qp,2,0,196,Asset_196,Group_4,0.004,1.4386724838161885e-12,-0.003999999998561328,,0.0,0.2
continuous__gurobi_qp__rep002__seed0,continuous,gurobi_qp,2,0,197,Asset_197,Group_5,0.004,1.7081791980499949e-12,-0.0039999999982918205,,0.0,0.2
continuous__gurobi_qp__rep002__seed0,continuous,gurobi_qp,2,0,198,Asset_198,Group_1,0.004,4.537254273605907e-12,-0.003999999995462746,,0.0,0.2
continuous__gurobi_qp__rep002__seed0,continuous,gurobi_qp,2,0,199,Asset_199,Group_3,0.004,3.504884543229195e-12,-0.003999999996495115,,0.0,0.2
continuous__gurobi_qp__rep002__seed0,continuous,gurobi_qp,2,0,200,Asset_200,Group_6,0.004,1.6191828849994997e-12,-0.003999999998380817,,0.0,0.2
continuous__gurobi_qp__rep002__seed0,continuous,gurobi_qp,2,0,201,Asset_201,Group_0,0.004,8.399943165253177e-12,-0.003999999991600057,,0.0,0.2
continuous__gurobi_qp__rep002__seed0,continuous,gurobi_qp,2,0,202,Asset_202,Group_6,0.004,2.9812801783246704e-12,-0.00399999999701872,,0.0,0.2
continuous__gurobi_qp__rep002__seed0,continuous,gurobi_qp,2,0,203,Asset_203,Group_0,0.004,3.617466601265962e-12,-0.0039999999963825335,,0.0,0.2
continuous__gurobi_qp__rep002__seed0,continuous,gurobi_qp,2,0,204,Asset_204,Group_1,0.004,2.1149091581529165e-12,-0.003999999997885091,,0.0,0.2
continuous__gurobi_qp__rep002__seed0,continuous,gurobi_qp,2,0,205,Asset_205,Group_2,0.004,1.9661443182396374e-12,-0.003999999998033856,,0.0,0.2
continuous__gurobi_qp__rep002__seed0,continuous,gurobi_qp,2,0,206,Asset_206,Group_0,0.004,1.3848317663977296e-12,-0.003999999998615169,,0.0,0.2
continuous__gurobi_qp__rep002__seed0,continuous,gurobi_qp,2,0,207,Asset_207,Group_3,0.004,1.396308280651245e-11,-0.003999999986036918,,0.0,0.2
continuous__gurobi_qp__rep002__seed0,continuous,gurobi_qp,2,0,208,Asset_208,Group_0,0.004,1.1723733666935813e-11,-0.003999999988276266,,0.0,0.2
continuous__gurobi_qp__rep002__seed0,continuous,gurobi_qp,2,0,209,Asset_209,Group_5,0.004,6.568162205137763e-12,-0.003999999993431838,,0.0,0.2
continuous__gurobi_qp__rep002__seed0,continuous,gurobi_qp,2,0,210,Asset_210,Group_2,0.004,1.834402219460765e-12,-0.003999999998165598,,0.0,0.2
continuous__gurobi_qp__rep002__seed0,continuous,gurobi_qp,2,0,211,Asset_211,Group_5,0.004,3.5606734014868502e-12,-0.003999999996439327,,0.0,0.2
continuous__gurobi_qp__rep002__seed0,continuous,gurobi_qp,2,0,212,Asset_212,Group_2,0.004,1.4274147645591969e-12,-0.0039999999985725855,,0.0,0.2
continuous__gurobi_qp__rep002__seed0,continuous,gurobi_qp,2,0,213,Asset_213,Group_5,0.004,3.6338713376254864e-12,-0.003999999996366129,,0.0,0.2
continuous__gurobi_qp__rep002__seed0,continuous,gurobi_qp,2,0,214,Asset_214,Group_1,0.004,5.1174265681132585e-12,-0.003999999994882574,,0.0,0.2
continuous__gurobi_qp__rep002__seed0,continuous,gurobi_qp,2,0,215,Asset_215,Group_2,0.004,2.4535657611631065e-12,-0.003999999997546434,,0.0,0.2
continuous__gurobi_qp__rep002__seed0,continuous,gurobi_qp,2,0,216,Asset_216,Group_1,0.004,3.753846443086659e-11,-0.0039999999624615356,,0.0,0.2
continuous__gurobi_qp__rep002__seed0,continuous,gurobi_qp,2,0,217,Asset_217,Group_1,0.004,2.386232483982834e-12,-0.003999999997613767,,0.0,0.2
continuous__gurobi_qp__rep002__seed0,continuous,gurobi_qp,2,0,218,Asset_218,Group_6,0.004,5.920135703790699e-12,-0.003999999994079864,,0.0,0.2
continuous__gurobi_qp__rep002__seed0,continuous,gurobi_qp,2,0,219,Asset_219,Group_2,0.004,6.9337954873600785e-12,-0.0039999999930662045,,0.0,0.2
continuous__gurobi_qp__rep002__seed0,continuous,gurobi_qp,2,0,220,Asset_220,Group_5,0.004,1.6595327150811333e-12,-0.003999999998340467,,0.0,0.2
continuous__gurobi_qp__rep002__seed0,continuous,gurobi_qp,2,0,221,Asset_221,Group_1,0.004,4.420954285737488e-12,-0.003999999995579046,,0.0,0.2
continuous__gurobi_qp__rep002__seed0,continuous,gurobi_qp,2,0,222,Asset_222,Group_3,0.004,4.848412265104435e-12,-0.003999999995151588,,0.0,0.2
continuous__gurobi_qp__rep002__seed0,continuous,gurobi_qp,2,0,223,Asset_223,Group_0,0.004,9.519412408275393e-12,-0.003999999990480588,,0.0,0.2
continuous__gurobi_qp__rep002__seed0,continuous,gurobi_qp,2,0,224,Asset_224,Group_0,0.004,6.636891343059961e-12,-0.0039999999933631085,,0.0,0.2
continuous__gurobi_qp__rep002__seed0,continuous,gurobi_qp,2,0,225,Asset_225,Group_0,0.004,2.1707262062382244e-12,-0.003999999997829274,,0.0,0.2
continuous__gurobi_qp__rep002__seed0,continuous,gurobi_qp,2,0,226,Asset_226,Group_6,0.004,1.859904105135874e-11,-0.003999999981400959,,0.0,0.2
continuous__gurobi_qp__rep002__seed0,continuous,gurobi_qp,2,0,227,Asset_227,Group_7,0.004,7.0503726892614536e-12,-0.003999999992949628,,0.0,0.2
continuous__gurobi_qp__rep002__seed0,continuous,gurobi_qp,2,0,228,Asset_228,Group_3,0.004,3.771909356389281e-12,-0.003999999996228091,,0.0,0.2
continuous__gurobi_qp__rep002__seed0,continuous,gurobi_qp,2,0,229,Asset_229,Group_6,0.004,5.236825386450196e-12,-0.003999999994763174,,0.0,0.2
continuous__gurobi_qp__rep002__seed0,continuous,gurobi_qp,2,0,230,Asset_230,Group_4,0.004,0.0009472032745540635,-0.003052796725445937,,0.0,0.2
continuous__gurobi_qp__rep002__seed0,continuous,gurobi_qp,2,0,231,Asset_231,Group_5,0.004,1.9369396610632735e-12,-0.003999999998063061,,0.0,0.2
continuous__gurobi_qp__rep002__seed0,continuous,gurobi_qp,2,0,232,Asset_232,Group_5,0.004,3.06754241265245e-12,-0.003999999996932457,,0.0,0.2
continuous__gurobi_qp__rep002__seed0,continuous,gurobi_qp,2,0,233,Asset_233,Group_2,0.004,0.09725666724076241,0.09325666724076241,,0.0,0.2
continuous__gurobi_qp__rep002__seed0,continuous,gurobi_qp,2,0,234,Asset_234,Group_2,0.004,2.0106032504949955e-12,-0.003999999997989397,,0.0,0.2
continuous__gurobi_qp__rep002__seed0,continuous,gurobi_qp,2,0,235,Asset_235,Group_7,0.004,4.3850998826767465e-12,-0.0039999999956149,,0.0,0.2
continuous__gurobi_qp__rep002__seed0,continuous,gurobi_qp,2,0,236,Asset_236,Group_2,0.004,2.3411434731410637e-12,-0.003999999997658856,,0.0,0.2
continuous__gurobi_qp__rep002__seed0,continuous,gurobi_qp,2,0,237,Asset_237,Group_0,0.004,1.6903820225418578e-12,-0.003999999998309618,,0.0,0.2
continuous__gurobi_qp__rep002__seed0,continuous,gurobi_qp,2,0,238,Asset_238,Group_5,0.004,1.8820264838584373e-12,-0.003999999998117973,,0.0,0.2
continuous__gurobi_qp__rep002__seed0,continuous,gurobi_qp,2,0,239,Asset_239,Group_5,0.004,0.003999999790479899,-2.095201009216785e-10,,0.0,0.2
continuous__gurobi_qp__rep002__seed0,continuous,gurobi_qp,2,0,240,Asset_240,Group_7,0.004,1.7336174567781467e-12,-0.0039999999982663825,,0.0,0.2
continuous__gurobi_qp__rep002__seed0,continuous,gurobi_qp,2,0,241,Asset_241,Group_6,0.004,6.709739343975413e-12,-0.0039999999932902605,,0.0,0.2
continuous__gurobi_qp__rep002__seed0,continuous,gurobi_qp,2,0,242,Asset_242,Group_0,0.004,2.064335545909289e-12,-0.003999999997935664,,0.0,0.2
continuous__gurobi_qp__rep002__seed0,continuous,gurobi_qp,2,0,243,Asset_243,Group_2,0.004,1.5981418378823915e-11,-0.003999999984018582,,0.0,0.2
continuous__gurobi_qp__rep002__seed0,continuous,gurobi_qp,2,0,244,Asset_244,Group_7,0.004,2.0736728303835326e-12,-0.003999999997926327,,0.0,0.2
continuous__gurobi_qp__rep002__seed0,continuous,gurobi_qp,2,0,245,Asset_245,Group_7,0.004,3.28728494140635e-12,-0.003999999996712715,,0.0,0.2
continuous__gurobi_qp__rep002__seed0,continuous,gurobi_qp,2,0,246,Asset_246,Group_0,0.004,6.8714262025547996e-12,-0.003999999993128574,,0.0,0.2
continuous__gurobi_qp__rep002__seed0,continuous,gurobi_qp,2,0,247,Asset_247,Group_3,0.004,3.4817213358109547e-12,-0.003999999996518279,,0.0,0.2
continuous__gurobi_qp__rep002__seed0,continuous,gurobi_qp,2,0,248,Asset_248,Group_2,0.004,3.3324384482802465e-12,-0.003999999996667562,,0.0,0.2
continuous__gurobi_qp__rep002__seed0,continuous,gurobi_qp,2,0,249,Asset_249,Group_0,0.004,2.367176388730568e-12,-0.003999999997632823,,0.0,0.2
discrete__swap_local_search__rep000__seednone,discrete,swap_local_search,0,,0,Asset_000,Group_3,0.004,0.0,-0.004,0,0.0,0.2
discrete__swap_local_search__rep000__seednone,discrete,swap_local_search,0,,1,Asset_001,Group_7,0.004,0.0,-0.004,0,0.0,0.2
discrete__swap_local_search__rep000__seednone,discrete,swap_local_search,0,,2,Asset_002,Group_7,0.004,0.0,-0.004,0,0.0,0.2
discrete__swap_local_search__rep000__seednone,discrete,swap_local_search,0,,3,Asset_003,Group_2,0.004,0.0,-0.004,0,0.0,0.2
discrete__swap_local_search__rep000__seednone,discrete,swap_local_search,0,,4,Asset_004,Group_6,0.004,0.0,-0.004,0,0.0,0.2
discrete__swap_local_search__rep000__seednone,discrete,swap_local_search,0,,5,Asset_005,Group_7,0.004,0.0,-0.004,0,0.0,0.2
discrete__swap_local_search__rep000__seednone,discrete,swap_local_search,0,,6,Asset_006,Group_3,0.004,0.0,-0.004,0,0.0,0.2
discrete__swap_local_search__rep000__seednone,discrete,swap_local_search,0,,7,Asset_007,Group_0,0.004,0.0,-0.004,0,0.0,0.2
discrete__swap_local_search__rep000__seednone,discrete,swap_local_search,0,,8,Asset_008,Group_2,0.004,0.0,-0.004,0,0.0,0.2
discrete__swap_local_search__rep000__seednone,discrete,swap_local_search,0,,9,Asset_009,Group_6,0.004,0.0,-0.004,0,0.0,0.2
discrete__swap_local_search__rep000__seednone,discrete,swap_local_search,0,,10,Asset_010,Group_0,0.004,0.0,-0.004,0,0.0,0.2
discrete__swap_local_search__rep000__seednone,discrete,swap_local_search,0,,11,Asset_011,Group_5,0.004,0.0,-0.004,0,0.0,0.2
discrete__swap_local_search__rep000__seednone,discrete,swap_local_search,0,,12,Asset_012,Group_7,0.004,0.0,-0.004,0,0.0,0.2
discrete__swap_local_search__rep000__seednone,discrete,swap_local_search,0,,13,Asset_013,Group_2,0.004,0.0,-0.004,0,0.0,0.2
discrete__swap_local_search__rep000__seednone,discrete,swap_local_search,0,,14,Asset_014,Group_4,0.004,0.0,-0.004,0,0.0,0.2
discrete__swap_local_search__rep000__seednone,discrete,swap_local_search,0,,15,Asset_015,Group_4,0.004,0.0,-0.004,0,0.0,0.2
discrete__swap_local_search__rep000__seednone,discrete,swap_local_search,0,,16,Asset_016,Group_1,0.004,0.0,-0.004,0,0.0,0.2
discrete__swap_local_search__rep000__seednone,discrete,swap_local_search,0,,17,Asset_017,Group_4,0.004,0.0,-0.004,0,0.0,0.2
discrete__swap_local_search__rep000__seednone,discrete,swap_local_search,0,,18,Asset_018,Group_3,0.004,0.0,-0.004,0,0.0,0.2
discrete__swap_local_search__rep000__seednone,discrete,swap_local_search,0,,19,Asset_019,Group_2,0.004,0.0,-0.004,0,0.0,0.2
discrete__swap_local_search__rep000__seednone,discrete,swap_local_search,0,,20,Asset_020,Group_1,0.004,0.0,-0.004,0,0.0,0.2
discrete__swap_local_search__rep000__seednone,discrete,swap_local_search,0,,21,Asset_021,Group_1,0.004,0.0,-0.004,0,0.0,0.2
discrete__swap_local_search__rep000__seednone,discrete,swap_local_search,0,,22,Asset_022,Group_3,0.004,0.016,0.012,16,0.0,0.2
discrete__swap_local_search__rep000__seednone,discrete,swap_local_search,0,,23,Asset_023,Group_6,0.004,0.0,-0.004,0,0.0,0.2
discrete__swap_local_search__rep000__seednone,discrete,swap_local_search,0,,24,Asset_024,Group_4,0.004,0.0,-0.004,0,0.0,0.2
discrete__swap_local_search__rep000__seednone,discrete,swap_local_search,0,,25,Asset_025,Group_5,0.004,0.0,-0.004,0,0.0,0.2
discrete__swap_local_search__rep000__seednone,discrete,swap_local_search,0,,26,Asset_026,Group_1,0.004,0.0,-0.004,0,0.0,0.2
discrete__swap_local_search__rep000__seednone,discrete,swap_local_search,0,,27,Asset_027,Group_7,0.004,0.0,-0.004,0,0.0,0.2
discrete__swap_local_search__rep000__seednone,discrete,swap_local_search,0,,28,Asset_028,Group_1,0.004,0.0,-0.004,0,0.0,0.2
discrete__swap_local_search__rep000__seednone,discrete,swap_local_search,0,,29,Asset_029,Group_4,0.004,0.0,-0.004,0,0.0,0.2
discrete__swap_local_search__rep000__seednone,discrete,swap_local_search,0,,30,Asset_030,Group_1,0.004,0.0,-0.004,0,0.0,0.2
discrete__swap_local_search__rep000__seednone,discrete,swap_local_search,0,,31,Asset_031,Group_2,0.004,0.0,-0.004,0,0.0,0.2
discrete__swap_local_search__rep000__seednone,discrete,swap_local_search,0,,32,Asset_032,Group_1,0.004,0.0,-0.004,0,0.0,0.2
discrete__swap_local_search__rep000__seednone,discrete,swap_local_search,0,,33,Asset_033,Group_3,0.004,0.0,-0.004,0,0.0,0.2
discrete__swap_local_search__rep000__seednone,discrete,swap_local_search,0,,34,Asset_034,Group_4,0.004,0.0,-0.004,0,0.0,0.2
discrete__swap_local_search__rep000__seednone,discrete,swap_local_search,0,,35,Asset_035,Group_6,0.004,0.0,-0.004,0,0.0,0.2
discrete__swap_local_search__rep000__seednone,discrete,swap_local_search,0,,36,Asset_036,Group_3,0.004,0.0,-0.004,0,0.0,0.2
discrete__swap_local_search__rep000__seednone,discrete,swap_local_search,0,,37,Asset_037,Group_1,0.004,0.0,-0.004,0,0.0,0.2
discrete__swap_local_search__rep000__seednone,discrete,swap_local_search,0,,38,Asset_038,Group_5,0.004,0.0,-0.004,0,0.0,0.2
discrete__swap_local_search__rep000__seednone,discrete,swap_local_search,0,,39,Asset_039,Group_7,0.004,0.0,-0.004,0,0.0,0.2
discrete__swap_local_search__rep000__seednone,discrete,swap_local_search,0,,40,Asset_040,Group_1,0.004,0.0,-0.004,0,0.0,0.2
discrete__swap_local_search__rep000__seednone,discrete,swap_local_search,0,,41,Asset_041,Group_5,0.004,0.0,-0.004,0,0.0,0.2
discrete__swap_local_search__rep000__seednone,discrete,swap_local_search,0,,42,Asset_042,Group_5,0.004,0.0,-0.004,0,0.0,0.2
discrete__swap_local_search__rep000__seednone,discrete,swap_local_search,0,,43,Asset_043,Group_6,0.004,0.01,0.006,10,0.0,0.2
discrete__swap_local_search__rep000__seednone,discrete,swap_local_search,0,,44,Asset_044,Group_3,0.004,0.0,-0.004,0,0.0,0.2
discrete__swap_local_search__rep000__seednone,discrete,swap_local_search,0,,45,Asset_045,Group_3,0.004,0.0,-0.004,0,0.0,0.2
discrete__swap_local_search__rep000__seednone,discrete,swap_local_search,0,,46,Asset_046,Group_6,0.004,0.111,0.107,111,0.0,0.2
discrete__swap_local_search__rep000__seednone,discrete,swap_local_search,0,,47,Asset_047,Group_7,0.004,0.0,-0.004,0,0.0,0.2
discrete__swap_local_search__rep000__seednone,discrete,swap_local_search,0,,48,Asset_048,Group_7,0.004,0.0,-0.004,0,0.0,0.2
discrete__swap_local_search__rep000__seednone,discrete,swap_local_search,0,,49,Asset_049,Group_7,0.004,0.0,-0.004,0,0.0,0.2
discrete__swap_local_search__rep000__seednone,discrete,swap_local_search,0,,50,Asset_050,Group_1,0.004,0.0,-0.004,0,0.0,0.2
discrete__swap_local_search__rep000__seednone,discrete,swap_local_search,0,,51,Asset_051,Group_3,0.004,0.0,-0.004,0,0.0,0.2
discrete__swap_local_search__rep000__seednone,discrete,swap_local_search,0,,52,Asset_052,Group_3,0.004,0.0,-0.004,0,0.0,0.2
discrete__swap_local_search__rep000__seednone,discrete,swap_local_search,0,,53,Asset_053,Group_2,0.004,0.0,-0.004,0,0.0,0.2
discrete__swap_local_search__rep000__seednone,discrete,swap_local_search,0,,54,Asset_054,Group_3,0.004,0.0,-0.004,0,0.0,0.2
discrete__swap_local_search__rep000__seednone,discrete,swap_local_search,0,,55,Asset_055,Group_2,0.004,0.0,-0.004,0,0.0,0.2
discrete__swap_local_search__rep000__seednone,discrete,swap_local_search,0,,56,Asset_056,Group_4,0.004,0.083,0.079,83,0.0,0.2
discrete__swap_local_search__rep000__seednone,discrete,swap_local_search,0,,57,Asset_057,Group_4,0.004,0.0,-0.004,0,0.0,0.2
discrete__swap_local_search__rep000__seednone,discrete,swap_local_search,0,,58,Asset_058,Group_4,0.004,0.0,-0.004,0,0.0,0.2
discrete__swap_local_search__rep000__seednone,discrete,swap_local_search,0,,59,Asset_059,Group_0,0.004,0.0,-0.004,0,0.0,0.2
discrete__swap_local_search__rep000__seednone,discrete,swap_local_search,0,,60,Asset_060,Group_6,0.004,0.0,-0.004,0,0.0,0.2
discrete__swap_local_search__rep000__seednone,discrete,swap_local_search,0,,61,Asset_061,Group_7,0.004,0.0,-0.004,0,0.0,0.2
discrete__swap_local_search__rep000__seednone,discrete,swap_local_search,0,,62,Asset_062,Group_5,0.004,0.0,-0.004,0,0.0,0.2
discrete__swap_local_search__rep000__seednone,discrete,swap_local_search,0,,63,Asset_063,Group_1,0.004,0.0,-0.004,0,0.0,0.2
discrete__swap_local_search__rep000__seednone,discrete,swap_local_search,0,,64,Asset_064,Group_4,0.004,0.0,-0.004,0,0.0,0.2
discrete__swap_local_search__rep000__seednone,discrete,swap_local_search,0,,65,Asset_065,Group_3,0.004,0.0,-0.004,0,0.0,0.2
discrete__swap_local_search__rep000__seednone,discrete,swap_local_search,0,,66,Asset_066,Group_0,0.004,0.0,-0.004,0,0.0,0.2
discrete__swap_local_search__rep000__seednone,discrete,swap_local_search,0,,67,Asset_067,Group_1,0.004,0.0,-0.004,0,0.0,0.2
discrete__swap_local_search__rep000__seednone,discrete,swap_local_search,0,,68,Asset_068,Group_4,0.004,0.0,-0.004,0,0.0,0.2
discrete__swap_local_search__rep000__seednone,discrete,swap_local_search,0,,69,Asset_069,Group_4,0.004,0.0,-0.004,0,0.0,0.2
discrete__swap_local_search__rep000__seednone,discrete,swap_local_search,0,,70,Asset_070,Group_6,0.004,0.0,-0.004,0,0.0,0.2
discrete__swap_local_search__rep000__seednone,discrete,swap_local_search,0,,71,Asset_071,Group_4,0.004,0.0,-0.004,0,0.0,0.2
discrete__swap_local_search__rep000__seednone,discrete,swap_local_search,0,,72,Asset_072,Group_0,0.004,0.02,0.016,20,0.0,0.2
discrete__swap_local_search__rep000__seednone,discrete,swap_local_search,0,,73,Asset_073,Group_2,0.004,0.0,-0.004,0,0.0,0.2
discrete__swap_local_search__rep000__seednone,discrete,swap_local_search,0,,74,Asset_074,Group_1,0.004,0.0,-0.004,0,0.0,0.2
discrete__swap_local_search__rep000__seednone,discrete,swap_local_search,0,,75,Asset_075,Group_6,0.004,0.0,-0.004,0,0.0,0.2
discrete__swap_local_search__rep000__seednone,discrete,swap_local_search,0,,76,Asset_076,Group_5,0.004,0.0,-0.004,0,0.0,0.2
discrete__swap_local_search__rep000__seednone,discrete,swap_local_search,0,,77,Asset_077,Group_0,0.004,0.0,-0.004,0,0.0,0.2
discrete__swap_local_search__rep000__seednone,discrete,swap_local_search,0,,78,Asset_078,Group_1,0.004,0.0,-0.004,0,0.0,0.2
discrete__swap_local_search__rep000__seednone,discrete,swap_local_search,0,,79,Asset_079,Group_6,0.004,0.0,-0.004,0,0.0,0.2
discrete__swap_local_search__rep000__seednone,discrete,swap_local_search,0,,80,Asset_080,Group_5,0.004,0.0,-0.004,0,0.0,0.2
discrete__swap_local_search__rep000__seednone,discrete,swap_local_search,0,,81,Asset_081,Group_4,0.004,0.0,-0.004,0,0.0,0.2
discrete__swap_local_search__rep000__seednone,discrete,swap_local_search,0,,82,Asset_082,Group_0,0.004,0.0,-0.004,0,0.0,0.2
discrete__swap_local_search__rep000__seednone,discrete,swap_local_search,0,,83,Asset_083,Group_2,0.004,0.0,-0.004,0,0.0,0.2
discrete__swap_local_search__rep000__seednone,discrete,swap_local_search,0,,84,Asset_084,Group_0,0.004,0.0,-0.004,0,0.0,0.2
discrete__swap_local_search__rep000__seednone,discrete,swap_local_search,0,,85,Asset_085,Group_6,0.004,0.0,-0.004,0,0.0,0.2
discrete__swap_local_search__rep000__seednone,discrete,swap_local_search,0,,86,Asset_086,Group_6,0.004,0.033,0.029,33,0.0,0.2
discrete__swap_local_search__rep000__seednone,discrete,swap_local_search,0,,87,Asset_087,Group_5,0.004,0.0,-0.004,0,0.0,0.2
discrete__swap_local_search__rep000__seednone,discrete,swap_local_search,0,,88,Asset_088,Group_7,0.004,0.004,0.0,4,0.0,0.2
discrete__swap_local_search__rep000__seednone,discrete,swap_local_search,0,,89,Asset_089,Group_2,0.004,0.0,-0.004,0,0.0,0.2
discrete__swap_local_search__rep000__seednone,discrete,swap_local_search,0,,90,Asset_090,Group_1,0.004,0.0,-0.004,0,0.0,0.2
discrete__swap_local_search__rep000__seednone,discrete,swap_local_search,0,,91,Asset_091,Group_3,0.004,0.0,-0.004,0,0.0,0.2
discrete__swap_local_search__rep000__seednone,discrete,swap_local_search,0,,92,Asset_092,Group_2,0.004,0.0,-0.004,0,0.0,0.2
discrete__swap_local_search__rep000__seednone,discrete,swap_local_search,0,,93,Asset_093,Group_6,0.004,0.0,-0.004,0,0.0,0.2
discrete__swap_local_search__rep000__seednone,discrete,swap_local_search,0,,94,Asset_094,Group_5,0.004,0.165,0.161,165,0.0,0.2
discrete__swap_local_search__rep000__seednone,discrete,swap_local_search,0,,95,Asset_095,Group_7,0.004,0.0,-0.004,0,0.0,0.2
discrete__swap_local_search__rep000__seednone,discrete,swap_local_search,0,,96,Asset_096,Group_5,0.004,0.0,-0.004,0,0.0,0.2
discrete__swap_local_search__rep000__seednone,discrete,swap_local_search,0,,97,Asset_097,Group_2,0.004,0.0,-0.004,0,0.0,0.2
discrete__swap_local_search__rep000__seednone,discrete,swap_local_search,0,,98,Asset_098,Group_3,0.004,0.0,-0.004,0,0.0,0.2
discrete__swap_local_search__rep000__seednone,discrete,swap_local_search,0,,99,Asset_099,Group_7,0.004,0.0,-0.004,0,0.0,0.2
discrete__swap_local_search__rep000__seednone,discrete,swap_local_search,0,,100,Asset_100,Group_7,0.004,0.0,-0.004,0,0.0,0.2
discrete__swap_local_search__rep000__seednone,discrete,swap_local_search,0,,101,Asset_101,Group_1,0.004,0.075,0.071,75,0.0,0.2
discrete__swap_local_search__rep000__seednone,discrete,swap_local_search,0,,102,Asset_102,Group_3,0.004,0.004,0.0,4,0.0,0.2
discrete__swap_local_search__rep000__seednone,discrete,swap_local_search,0,,103,Asset_103,Group_6,0.004,0.0,-0.004,0,0.0,0.2
discrete__swap_local_search__rep000__seednone,discrete,swap_local_search,0,,104,Asset_104,Group_0,0.004,0.0,-0.004,0,0.0,0.2
discrete__swap_local_search__rep000__seednone,discrete,swap_local_search,0,,105,Asset_105,Group_2,0.004,0.0,-0.004,0,0.0,0.2
discrete__swap_local_search__rep000__seednone,discrete,swap_local_search,0,,106,Asset_106,Group_4,0.004,0.0,-0.004,0,0.0,0.2
discrete__swap_local_search__rep000__seednone,discrete,swap_local_search,0,,107,Asset_107,Group_4,0.004,0.0,-0.004,0,0.0,0.2
discrete__swap_local_search__rep000__seednone,discrete,swap_local_search,0,,108,Asset_108,Group_4,0.004,0.0,-0.004,0,0.0,0.2
discrete__swap_local_search__rep000__seednone,discrete,swap_local_search,0,,109,Asset_109,Group_4,0.004,0.0,-0.004,0,0.0,0.2
discrete__swap_local_search__rep000__seednone,discrete,swap_local_search,0,,110,Asset_110,Group_3,0.004,0.0,-0.004,0,0.0,0.2
discrete__swap_local_search__rep000__seednone,discrete,swap_local_search,0,,111,Asset_111,Group_2,0.004,0.0,-0.004,0,0.0,0.2
discrete__swap_local_search__rep000__seednone,discrete,swap_local_search,0,,112,Asset_112,Group_0,0.004,0.0,-0.004,0,0.0,0.2
discrete__swap_local_search__rep000__seednone,discrete,swap_local_search,0,,113,Asset_113,Group_7,0.004,0.0,-0.004,0,0.0,0.2
discrete__swap_local_search__rep000__seednone,discrete,swap_local_search,0,,114,Asset_114,Group_7,0.004,0.0,-0.004,0,0.0,0.2
discrete__swap_local_search__rep000__seednone,discrete,swap_local_search,0,,115,Asset_115,Group_2,0.004,0.0,-0.004,0,0.0,0.2
discrete__swap_local_search__rep000__seednone,discrete,swap_local_search,0,,116,Asset_116,Group_3,0.004,0.0,-0.004,0,0.0,0.2
discrete__swap_local_search__rep000__seednone,discrete,swap_local_search,0,,117,Asset_117,Group_6,0.004,0.0,-0.004,0,0.0,0.2
discrete__swap_local_search__rep000__seednone,discrete,swap_local_search,0,,118,Asset_118,Group_3,0.004,0.0,-0.004,0,0.0,0.2
discrete__swap_local_search__rep000__seednone,discrete,swap_local_search,0,,119,Asset_119,Group_5,0.004,0.0,-0.004,0,0.0,0.2
discrete__swap_local_search__rep000__seednone,discrete,swap_local_search,0,,120,Asset_120,Group_6,0.004,0.0,-0.004,0,0.0,0.2
discrete__swap_local_search__rep000__seednone,discrete,swap_local_search,0,,121,Asset_121,Group_2,0.004,0.0,-0.004,0,0.0,0.2
discrete__swap_local_search__rep000__seednone,discrete,swap_local_search,0,,122,Asset_122,Group_5,0.004,0.0,-0.004,0,0.0,0.2
discrete__swap_local_search__rep000__seednone,discrete,swap_local_search,0,,123,Asset_123,Group_7,0.004,0.0,-0.004,0,0.0,0.2
discrete__swap_local_search__rep000__seednone,discrete,swap_local_search,0,,124,Asset_124,Group_4,0.004,0.0,-0.004,0,0.0,0.2
discrete__swap_local_search__rep000__seednone,discrete,swap_local_search,0,,125,Asset_125,Group_0,0.004,0.0,-0.004,0,0.0,0.2
discrete__swap_local_search__rep000__seednone,discrete,swap_local_search,0,,126,Asset_126,Group_4,0.004,0.0,-0.004,0,0.0,0.2
discrete__swap_local_search__rep000__seednone,discrete,swap_local_search,0,,127,Asset_127,Group_4,0.004,0.0,-0.004,0,0.0,0.2
discrete__swap_local_search__rep000__seednone,discrete,swap_local_search,0,,128,Asset_128,Group_0,0.004,0.004,0.0,4,0.0,0.2
discrete__swap_local_search__rep000__seednone,discrete,swap_local_search,0,,129,Asset_129,Group_1,0.004,0.0,-0.004,0,0.0,0.2
discrete__swap_local_search__rep000__seednone,discrete,swap_local_search,0,,130,Asset_130,Group_2,0.004,0.0,-0.004,0,0.0,0.2
discrete__swap_local_search__rep000__seednone,discrete,swap_local_search,0,,131,Asset_131,Group_6,0.004,0.0,-0.004,0,0.0,0.2
discrete__swap_local_search__rep000__seednone,discrete,swap_local_search,0,,132,Asset_132,Group_6,0.004,0.0,-0.004,0,0.0,0.2
discrete__swap_local_search__rep000__seednone,discrete,swap_local_search,0,,133,Asset_133,Group_0,0.004,0.004,0.0,4,0.0,0.2
discrete__swap_local_search__rep000__seednone,discrete,swap_local_search,0,,134,Asset_134,Group_2,0.004,0.0,-0.004,0,0.0,0.2
discrete__swap_local_search__rep000__seednone,discrete,swap_local_search,0,,135,Asset_135,Group_5,0.004,0.0,-0.004,0,0.0,0.2
discrete__swap_local_search__rep000__seednone,discrete,swap_local_search,0,,136,Asset_136,Group_4,0.004,0.0,-0.004,0,0.0,0.2
discrete__swap_local_search__rep000__seednone,discrete,swap_local_search,0,,137,Asset_137,Group_7,0.004,0.0,-0.004,0,0.0,0.2
discrete__swap_local_search__rep000__seednone,discrete,swap_local_search,0,,138,Asset_138,Group_4,0.004,0.0,-0.004,0,0.0,0.2
discrete__swap_local_search__rep000__seednone,discrete,swap_local_search,0,,139,Asset_139,Group_2,0.004,0.0,-0.004,0,0.0,0.2
discrete__swap_local_search__rep000__seednone,discrete,swap_local_search,0,,140,Asset_140,Group_6,0.004,0.0,-0.004,0,0.0,0.2
discrete__swap_local_search__rep000__seednone,discrete,swap_local_search,0,,141,Asset_141,Group_0,0.004,0.0,-0.004,0,0.0,0.2
discrete__swap_local_search__rep000__seednone,discrete,swap_local_search,0,,142,Asset_142,Group_2,0.004,0.0,-0.004,0,0.0,0.2
discrete__swap_local_search__rep000__seednone,discrete,swap_local_search,0,,143,Asset_143,Group_3,0.004,0.0,-0.004,0,0.0,0.2
discrete__swap_local_search__rep000__seednone,discrete,swap_local_search,0,,144,Asset_144,Group_1,0.004,0.0,-0.004,0,0.0,0.2
discrete__swap_local_search__rep000__seednone,discrete,swap_local_search,0,,145,Asset_145,Group_1,0.004,0.0,-0.004,0,0.0,0.2
discrete__swap_local_search__rep000__seednone,discrete,swap_local_search,0,,146,Asset_146,Group_0,0.004,0.0,-0.004,0,0.0,0.2
discrete__swap_local_search__rep000__seednone,discrete,swap_local_search,0,,147,Asset_147,Group_7,0.004,0.0,-0.004,0,0.0,0.2
discrete__swap_local_search__rep000__seednone,discrete,swap_local_search,0,,148,Asset_148,Group_3,0.004,0.004,0.0,4,0.0,0.2
discrete__swap_local_search__rep000__seednone,discrete,swap_local_search,0,,149,Asset_149,Group_4,0.004,0.0,-0.004,0,0.0,0.2
discrete__swap_local_search__rep000__seednone,discrete,swap_local_search,0,,150,Asset_150,Group_0,0.004,0.0,-0.004,0,0.0,0.2
discrete__swap_local_search__rep000__seednone,discrete,swap_local_search,0,,151,Asset_151,Group_1,0.004,0.0,-0.004,0,0.0,0.2
discrete__swap_local_search__rep000__seednone,discrete,swap_local_search,0,,152,Asset_152,Group_4,0.004,0.0,-0.004,0,0.0,0.2
discrete__swap_local_search__rep000__seednone,discrete,swap_local_search,0,,153,Asset_153,Group_4,0.004,0.0,-0.004,0,0.0,0.2
discrete__swap_local_search__rep000__seednone,discrete,swap_local_search,0,,154,Asset_154,Group_6,0.004,0.088,0.08399999999999999,88,0.0,0.2
discrete__swap_local_search__rep000__seednone,discrete,swap_local_search,0,,155,Asset_155,Group_1,0.004,0.048,0.044,48,0.0,0.2
discrete__swap_local_search__rep000__seednone,discrete,swap_local_search,0,,156,Asset_156,Group_5,0.004,0.0,-0.004,0,0.0,0.2
discrete__swap_local_search__rep000__seednone,discrete,swap_local_search,0,,157,Asset_157,Group_5,0.004,0.0,-0.004,0,0.0,0.2
discrete__swap_local_search__rep000__seednone,discrete,swap_local_search,0,,158,Asset_158,Group_6,0.004,0.032,0.028,32,0.0,0.2
discrete__swap_local_search__rep000__seednone,discrete,swap_local_search,0,,159,Asset_159,Group_0,0.004,0.0,-0.004,0,0.0,0.2
discrete__swap_local_search__rep000__seednone,discrete,swap_local_search,0,,160,Asset_160,Group_5,0.004,0.0,-0.004,0,0.0,0.2
discrete__swap_local_search__rep000__seednone,discrete,swap_local_search,0,,161,Asset_161,Group_0,0.004,0.0,-0.004,0,0.0,0.2
discrete__swap_local_search__rep000__seednone,discrete,swap_local_search,0,,162,Asset_162,Group_0,0.004,0.0,-0.004,0,0.0,0.2
discrete__swap_local_search__rep000__seednone,discrete,swap_local_search,0,,163,Asset_163,Group_6,0.004,0.0,-0.004,0,0.0,0.2
discrete__swap_local_search__rep000__seednone,discrete,swap_local_search,0,,164,Asset_164,Group_3,0.004,0.0,-0.004,0,0.0,0.2
discrete__swap_local_search__rep000__seednone,discrete,swap_local_search,0,,165,Asset_165,Group_2,0.004,0.0,-0.004,0,0.0,0.2
discrete__swap_local_search__rep000__seednone,discrete,swap_local_search,0,,166,Asset_166,Group_3,0.004,0.0,-0.004,0,0.0,0.2
discrete__swap_local_search__rep000__seednone,discrete,swap_local_search,0,,167,Asset_167,Group_6,0.004,0.0,-0.004,0,0.0,0.2
discrete__swap_local_search__rep000__seednone,discrete,swap_local_search,0,,168,Asset_168,Group_1,0.004,0.0,-0.004,0,0.0,0.2
discrete__swap_local_search__rep000__seednone,discrete,swap_local_search,0,,169,Asset_169,Group_3,0.004,0.0,-0.004,0,0.0,0.2
discrete__swap_local_search__rep000__seednone,discrete,swap_local_search,0,,170,Asset_170,Group_5,0.004,0.0,-0.004,0,0.0,0.2
discrete__swap_local_search__rep000__seednone,discrete,swap_local_search,0,,171,Asset_171,Group_3,0.004,0.0,-0.004,0,0.0,0.2
discrete__swap_local_search__rep000__seednone,discrete,swap_local_search,0,,172,Asset_172,Group_4,0.004,0.0,-0.004,0,0.0,0.2
discrete__swap_local_search__rep000__seednone,discrete,swap_local_search,0,,173,Asset_173,Group_7,0.004,0.0,-0.004,0,0.0,0.2
discrete__swap_local_search__rep000__seednone,discrete,swap_local_search,0,,174,Asset_174,Group_3,0.004,0.0,-0.004,0,0.0,0.2
discrete__swap_local_search__rep000__seednone,discrete,swap_local_search,0,,175,Asset_175,Group_5,0.004,0.0,-0.004,0,0.0,0.2
discrete__swap_local_search__rep000__seednone,discrete,swap_local_search,0,,176,Asset_176,Group_4,0.004,0.0,-0.004,0,0.0,0.2
discrete__swap_local_search__rep000__seednone,discrete,swap_local_search,0,,177,Asset_177,Group_1,0.004,0.0,-0.004,0,0.0,0.2
discrete__swap_local_search__rep000__seednone,discrete,swap_local_search,0,,178,Asset_178,Group_7,0.004,0.0,-0.004,0,0.0,0.2
discrete__swap_local_search__rep000__seednone,discrete,swap_local_search,0,,179,Asset_179,Group_6,0.004,0.0,-0.004,0,0.0,0.2
discrete__swap_local_search__rep000__seednone,discrete,swap_local_search,0,,180,Asset_180,Group_0,0.004,0.0,-0.004,0,0.0,0.2
discrete__swap_local_search__rep000__seednone,discrete,swap_local_search,0,,181,Asset_181,Group_7,0.004,0.0,-0.004,0,0.0,0.2
discrete__swap_local_search__rep000__seednone,discrete,swap_local_search,0,,182,Asset_182,Group_1,0.004,0.0,-0.004,0,0.0,0.2
discrete__swap_local_search__rep000__seednone,discrete,swap_local_search,0,,183,Asset_183,Group_5,0.004,0.0,-0.004,0,0.0,0.2
discrete__swap_local_search__rep000__seednone,discrete,swap_local_search,0,,184,Asset_184,Group_0,0.004,0.0,-0.004,0,0.0,0.2
discrete__swap_local_search__rep000__seednone,discrete,swap_local_search,0,,185,Asset_185,Group_7,0.004,0.0,-0.004,0,0.0,0.2
discrete__swap_local_search__rep000__seednone,discrete,swap_local_search,0,,186,Asset_186,Group_1,0.004,0.0,-0.004,0,0.0,0.2
discrete__swap_local_search__rep000__seednone,discrete,swap_local_search,0,,187,Asset_187,Group_4,0.004,0.0,-0.004,0,0.0,0.2
discrete__swap_local_search__rep000__seednone,discrete,swap_local_search,0,,188,Asset_188,Group_7,0.004,0.0,-0.004,0,0.0,0.2
discrete__swap_local_search__rep000__seednone,discrete,swap_local_search,0,,189,Asset_189,Group_3,0.004,0.0,-0.004,0,0.0,0.2
discrete__swap_local_search__rep000__seednone,discrete,swap_local_search,0,,190,Asset_190,Group_7,0.004,0.0,-0.004,0,0.0,0.2
discrete__swap_local_search__rep000__seednone,discrete,swap_local_search,0,,191,Asset_191,Group_5,0.004,0.0,-0.004,0,0.0,0.2
discrete__swap_local_search__rep000__seednone,discrete,swap_local_search,0,,192,Asset_192,Group_6,0.004,0.0,-0.004,0,0.0,0.2
discrete__swap_local_search__rep000__seednone,discrete,swap_local_search,0,,193,Asset_193,Group_5,0.004,0.0,-0.004,0,0.0,0.2
discrete__swap_local_search__rep000__seednone,discrete,swap_local_search,0,,194,Asset_194,Group_1,0.004,0.0,-0.004,0,0.0,0.2
discrete__swap_local_search__rep000__seednone,discrete,swap_local_search,0,,195,Asset_195,Group_7,0.004,0.2,0.196,200,0.0,0.2
discrete__swap_local_search__rep000__seednone,discrete,swap_local_search,0,,196,Asset_196,Group_4,0.004,0.0,-0.004,0,0.0,0.2
discrete__swap_local_search__rep000__seednone,discrete,swap_local_search,0,,197,Asset_197,Group_5,0.004,0.0,-0.004,0,0.0,0.2
discrete__swap_local_search__rep000__seednone,discrete,swap_local_search,0,,198,Asset_198,Group_1,0.004,0.0,-0.004,0,0.0,0.2
discrete__swap_local_search__rep000__seednone,discrete,swap_local_search,0,,199,Asset_199,Group_3,0.004,0.0,-0.004,0,0.0,0.2
discrete__swap_local_search__rep000__seednone,discrete,swap_local_search,0,,200,Asset_200,Group_6,0.004,0.0,-0.004,0,0.0,0.2
discrete__swap_local_search__rep000__seednone,discrete,swap_local_search,0,,201,Asset_201,Group_0,0.004,0.0,-0.004,0,0.0,0.2
discrete__swap_local_search__rep000__seednone,discrete,swap_local_search,0,,202,Asset_202,Group_6,0.004,0.0,-0.004,0,0.0,0.2
discrete__swap_local_search__rep000__seednone,discrete,swap_local_search,0,,203,Asset_203,Group_0,0.004,0.0,-0.004,0,0.0,0.2
discrete__swap_local_search__rep000__seednone,discrete,swap_local_search,0,,204,Asset_204,Group_1,0.004,0.0,-0.004,0,0.0,0.2
discrete__swap_local_search__rep000__seednone,discrete,swap_local_search,0,,205,Asset_205,Group_2,0.004,0.0,-0.004,0,0.0,0.2
discrete__swap_local_search__rep000__seednone,discrete,swap_local_search,0,,206,Asset_206,Group_0,0.004,0.0,-0.004,0,0.0,0.2
discrete__swap_local_search__rep000__seednone,discrete,swap_local_search,0,,207,Asset_207,Group_3,0.004,0.0,-0.004,0,0.0,0.2
discrete__swap_local_search__rep000__seednone,discrete,swap_local_search,0,,208,Asset_208,Group_0,0.004,0.0,-0.004,0,0.0,0.2
discrete__swap_local_search__rep000__seednone,discrete,swap_local_search,0,,209,Asset_209,Group_5,0.004,0.0,-0.004,0,0.0,0.2
discrete__swap_local_search__rep000__seednone,discrete,swap_local_search,0,,210,Asset_210,Group_2,0.004,0.0,-0.004,0,0.0,0.2
discrete__swap_local_search__rep000__seednone,discrete,swap_local_search,0,,211,Asset_211,Group_5,0.004,0.0,-0.004,0,0.0,0.2
discrete__swap_local_search__rep000__seednone,discrete,swap_local_search,0,,212,Asset_212,Group_2,0.004,0.0,-0.004,0,0.0,0.2
discrete__swap_local_search__rep000__seednone,discrete,swap_local_search,0,,213,Asset_213,Group_5,0.004,0.0,-0.004,0,0.0,0.2
discrete__swap_local_search__rep000__seednone,discrete,swap_local_search,0,,214,Asset_214,Group_1,0.004,0.0,-0.004,0,0.0,0.2
discrete__swap_local_search__rep000__seednone,discrete,swap_local_search,0,,215,Asset_215,Group_2,0.004,0.0,-0.004,0,0.0,0.2
discrete__swap_local_search__rep000__seednone,discrete,swap_local_search,0,,216,Asset_216,Group_1,0.004,0.0,-0.004,0,0.0,0.2
discrete__swap_local_search__rep000__seednone,discrete,swap_local_search,0,,217,Asset_217,Group_1,0.004,0.0,-0.004,0,0.0,0.2
discrete__swap_local_search__rep000__seednone,discrete,swap_local_search,0,,218,Asset_218,Group_6,0.004,0.0,-0.004,0,0.0,0.2
discrete__swap_local_search__rep000__seednone,discrete,swap_local_search,0,,219,Asset_219,Group_2,0.004,0.0,-0.004,0,0.0,0.2
discrete__swap_local_search__rep000__seednone,discrete,swap_local_search,0,,220,Asset_220,Group_5,0.004,0.0,-0.004,0,0.0,0.2
discrete__swap_local_search__rep000__seednone,discrete,swap_local_search,0,,221,Asset_221,Group_1,0.004,0.0,-0.004,0,0.0,0.2
discrete__swap_local_search__rep000__seednone,discrete,swap_local_search,0,,222,Asset_222,Group_3,0.004,0.0,-0.004,0,0.0,0.2
discrete__swap_local_search__rep000__seednone,discrete,swap_local_search,0,,223,Asset_223,Group_0,0.004,0.0,-0.004,0,0.0,0.2
discrete__swap_local_search__rep000__seednone,discrete,swap_local_search,0,,224,Asset_224,Group_0,0.004,0.0,-0.004,0,0.0,0.2
discrete__swap_local_search__rep000__seednone,discrete,swap_local_search,0,,225,Asset_225,Group_0,0.004,0.0,-0.004,0,0.0,0.2
discrete__swap_local_search__rep000__seednone,discrete,swap_local_search,0,,226,Asset_226,Group_6,0.004,0.0,-0.004,0,0.0,0.2
discrete__swap_local_search__rep000__seednone,discrete,swap_local_search,0,,227,Asset_227,Group_7,0.004,0.0,-0.004,0,0.0,0.2
discrete__swap_local_search__rep000__seednone,discrete,swap_local_search,0,,228,Asset_228,Group_3,0.004,0.0,-0.004,0,0.0,0.2
discrete__swap_local_search__rep000__seednone,discrete,swap_local_search,0,,229,Asset_229,Group_6,0.004,0.0,-0.004,0,0.0,0.2
discrete__swap_local_search__rep000__seednone,discrete,swap_local_search,0,,230,Asset_230,Group_4,0.004,0.002,-0.002,2,0.0,0.2
discrete__swap_local_search__rep000__seednone,discrete,swap_local_search,0,,231,Asset_231,Group_5,0.004,0.0,-0.004,0,0.0,0.2
discrete__swap_local_search__rep000__seednone,discrete,swap_local_search,0,,232,Asset_232,Group_5,0.004,0.0,-0.004,0,0.0,0.2
discrete__swap_local_search__rep000__seednone,discrete,swap_local_search,0,,233,Asset_233,Group_2,0.004,0.093,0.089,93,0.0,0.2
discrete__swap_local_search__rep000__seednone,discrete,swap_local_search,0,,234,Asset_234,Group_2,0.004,0.0,-0.004,0,0.0,0.2
discrete__swap_local_search__rep000__seednone,discrete,swap_local_search,0,,235,Asset_235,Group_7,0.004,0.0,-0.004,0,0.0,0.2
discrete__swap_local_search__rep000__seednone,discrete,swap_local_search,0,,236,Asset_236,Group_2,0.004,0.0,-0.004,0,0.0,0.2
discrete__swap_local_search__rep000__seednone,discrete,swap_local_search,0,,237,Asset_237,Group_0,0.004,0.0,-0.004,0,0.0,0.2
discrete__swap_local_search__rep000__seednone,discrete,swap_local_search,0,,238,Asset_238,Group_5,0.004,0.0,-0.004,0,0.0,0.2
discrete__swap_local_search__rep000__seednone,discrete,swap_local_search,0,,239,Asset_239,Group_5,0.004,0.004,0.0,4,0.0,0.2
discrete__swap_local_search__rep000__seednone,discrete,swap_local_search,0,,240,Asset_240,Group_7,0.004,0.0,-0.004,0,0.0,0.2
discrete__swap_local_search__rep000__seednone,discrete,swap_local_search,0,,241,Asset_241,Group_6,0.004,0.0,-0.004,0,0.0,0.2
discrete__swap_local_search__rep000__seednone,discrete,swap_local_search,0,,242,Asset_242,Group_0,0.004,0.0,-0.004,0,0.0,0.2
discrete__swap_local_search__rep000__seednone,discrete,swap_local_search,0,,243,Asset_243,Group_2,0.004,0.0,-0.004,0,0.0,0.2
discrete__swap_local_search__rep000__seednone,discrete,swap_local_search,0,,244,Asset_244,Group_7,0.004,0.0,-0.004,0,0.0,0.2
discrete__swap_local_search__rep000__seednone,discrete,swap_local_search,0,,245,Asset_245,Group_7,0.004,0.0,-0.004,0,0.0,0.2
discrete__swap_local_search__rep000__seednone,discrete,swap_local_search,0,,246,Asset_246,Group_0,0.004,0.0,-0.004,0,0.0,0.2
discrete__swap_local_search__rep000__seednone,discrete,swap_local_search,0,,247,Asset_247,Group_3,0.004,0.0,-0.004,0,0.0,0.2
discrete__swap_local_search__rep000__seednone,discrete,swap_local_search,0,,248,Asset_248,Group_2,0.004,0.0,-0.004,0,0.0,0.2
discrete__swap_local_search__rep000__seednone,discrete,swap_local_search,0,,249,Asset_249,Group_0,0.004,0.0,-0.004,0,0.0,0.2
discrete__simulated_annealing_swap__rep000__seed0,discrete,simulated_annealing_swap,0,0,0,Asset_000,Group_3,0.004,0.0,-0.004,0,0.0,0.2
discrete__simulated_annealing_swap__rep000__seed0,discrete,simulated_annealing_swap,0,0,1,Asset_001,Group_7,0.004,0.0,-0.004,0,0.0,0.2
discrete__simulated_annealing_swap__rep000__seed0,discrete,simulated_annealing_swap,0,0,2,Asset_002,Group_7,0.004,0.0,-0.004,0,0.0,0.2
discrete__simulated_annealing_swap__rep000__seed0,discrete,simulated_annealing_swap,0,0,3,Asset_003,Group_2,0.004,0.0,-0.004,0,0.0,0.2
discrete__simulated_annealing_swap__rep000__seed0,discrete,simulated_annealing_swap,0,0,4,Asset_004,Group_6,0.004,0.0,-0.004,0,0.0,0.2
discrete__simulated_annealing_swap__rep000__seed0,discrete,simulated_annealing_swap,0,0,5,Asset_005,Group_7,0.004,0.0,-0.004,0,0.0,0.2
discrete__simulated_annealing_swap__rep000__seed0,discrete,simulated_annealing_swap,0,0,6,Asset_006,Group_3,0.004,0.0,-0.004,0,0.0,0.2
discrete__simulated_annealing_swap__rep000__seed0,discrete,simulated_annealing_swap,0,0,7,Asset_007,Group_0,0.004,0.0,-0.004,0,0.0,0.2
discrete__simulated_annealing_swap__rep000__seed0,discrete,simulated_annealing_swap,0,0,8,Asset_008,Group_2,0.004,0.0,-0.004,0,0.0,0.2
discrete__simulated_annealing_swap__rep000__seed0,discrete,simulated_annealing_swap,0,0,9,Asset_009,Group_6,0.004,0.0,-0.004,0,0.0,0.2
discrete__simulated_annealing_swap__rep000__seed0,discrete,simulated_annealing_swap,0,0,10,Asset_010,Group_0,0.004,0.0,-0.004,0,0.0,0.2
discrete__simulated_annealing_swap__rep000__seed0,discrete,simulated_annealing_swap,0,0,11,Asset_011,Group_5,0.004,0.0,-0.004,0,0.0,0.2
discrete__simulated_annealing_swap__rep000__seed0,discrete,simulated_annealing_swap,0,0,12,Asset_012,Group_7,0.004,0.0,-0.004,0,0.0,0.2
discrete__simulated_annealing_swap__rep000__seed0,discrete,simulated_annealing_swap,0,0,13,Asset_013,Group_2,0.004,0.0,-0.004,0,0.0,0.2
discrete__simulated_annealing_swap__rep000__seed0,discrete,simulated_annealing_swap,0,0,14,Asset_014,Group_4,0.004,0.0,-0.004,0,0.0,0.2
discrete__simulated_annealing_swap__rep000__seed0,discrete,simulated_annealing_swap,0,0,15,Asset_015,Group_4,0.004,0.0,-0.004,0,0.0,0.2
discrete__simulated_annealing_swap__rep000__seed0,discrete,simulated_annealing_swap,0,0,16,Asset_016,Group_1,0.004,0.0,-0.004,0,0.0,0.2
discrete__simulated_annealing_swap__rep000__seed0,discrete,simulated_annealing_swap,0,0,17,Asset_017,Group_4,0.004,0.0,-0.004,0,0.0,0.2
discrete__simulated_annealing_swap__rep000__seed0,discrete,simulated_annealing_swap,0,0,18,Asset_018,Group_3,0.004,0.0,-0.004,0,0.0,0.2
discrete__simulated_annealing_swap__rep000__seed0,discrete,simulated_annealing_swap,0,0,19,Asset_019,Group_2,0.004,0.0,-0.004,0,0.0,0.2
discrete__simulated_annealing_swap__rep000__seed0,discrete,simulated_annealing_swap,0,0,20,Asset_020,Group_1,0.004,0.0,-0.004,0,0.0,0.2
discrete__simulated_annealing_swap__rep000__seed0,discrete,simulated_annealing_swap,0,0,21,Asset_021,Group_1,0.004,0.0,-0.004,0,0.0,0.2
discrete__simulated_annealing_swap__rep000__seed0,discrete,simulated_annealing_swap,0,0,22,Asset_022,Group_3,0.004,0.016,0.012,16,0.0,0.2
discrete__simulated_annealing_swap__rep000__seed0,discrete,simulated_annealing_swap,0,0,23,Asset_023,Group_6,0.004,0.0,-0.004,0,0.0,0.2
discrete__simulated_annealing_swap__rep000__seed0,discrete,simulated_annealing_swap,0,0,24,Asset_024,Group_4,0.004,0.0,-0.004,0,0.0,0.2
discrete__simulated_annealing_swap__rep000__seed0,discrete,simulated_annealing_swap,0,0,25,Asset_025,Group_5,0.004,0.0,-0.004,0,0.0,0.2
discrete__simulated_annealing_swap__rep000__seed0,discrete,simulated_annealing_swap,0,0,26,Asset_026,Group_1,0.004,0.0,-0.004,0,0.0,0.2
discrete__simulated_annealing_swap__rep000__seed0,discrete,simulated_annealing_swap,0,0,27,Asset_027,Group_7,0.004,0.0,-0.004,0,0.0,0.2
discrete__simulated_annealing_swap__rep000__seed0,discrete,simulated_annealing_swap,0,0,28,Asset_028,Group_1,0.004,0.0,-0.004,0,0.0,0.2
discrete__simulated_annealing_swap__rep000__seed0,discrete,simulated_annealing_swap,0,0,29,Asset_029,Group_4,0.004,0.0,-0.004,0,0.0,0.2
discrete__simulated_annealing_swap__rep000__seed0,discrete,simulated_annealing_swap,0,0,30,Asset_030,Group_1,0.004,0.0,-0.004,0,0.0,0.2
discrete__simulated_annealing_swap__rep000__seed0,discrete,simulated_annealing_swap,0,0,31,Asset_031,Group_2,0.004,0.0,-0.004,0,0.0,0.2
discrete__simulated_annealing_swap__rep000__seed0,discrete,simulated_annealing_swap,0,0,32,Asset_032,Group_1,0.004,0.0,-0.004,0,0.0,0.2
discrete__simulated_annealing_swap__rep000__seed0,discrete,simulated_annealing_swap,0,0,33,Asset_033,Group_3,0.004,0.0,-0.004,0,0.0,0.2
discrete__simulated_annealing_swap__rep000__seed0,discrete,simulated_annealing_swap,0,0,34,Asset_034,Group_4,0.004,0.0,-0.004,0,0.0,0.2
discrete__simulated_annealing_swap__rep000__seed0,discrete,simulated_annealing_swap,0,0,35,Asset_035,Group_6,0.004,0.0,-0.004,0,0.0,0.2
discrete__simulated_annealing_swap__rep000__seed0,discrete,simulated_annealing_swap,0,0,36,Asset_036,Group_3,0.004,0.0,-0.004,0,0.0,0.2
discrete__simulated_annealing_swap__rep000__seed0,discrete,simulated_annealing_swap,0,0,37,Asset_037,Group_1,0.004,0.0,-0.004,0,0.0,0.2
discrete__simulated_annealing_swap__rep000__seed0,discrete,simulated_annealing_swap,0,0,38,Asset_038,Group_5,0.004,0.0,-0.004,0,0.0,0.2
discrete__simulated_annealing_swap__rep000__seed0,discrete,simulated_annealing_swap,0,0,39,Asset_039,Group_7,0.004,0.0,-0.004,0,0.0,0.2
discrete__simulated_annealing_swap__rep000__seed0,discrete,simulated_annealing_swap,0,0,40,Asset_040,Group_1,0.004,0.0,-0.004,0,0.0,0.2
discrete__simulated_annealing_swap__rep000__seed0,discrete,simulated_annealing_swap,0,0,41,Asset_041,Group_5,0.004,0.0,-0.004,0,0.0,0.2
discrete__simulated_annealing_swap__rep000__seed0,discrete,simulated_annealing_swap,0,0,42,Asset_042,Group_5,0.004,0.0,-0.004,0,0.0,0.2
discrete__simulated_annealing_swap__rep000__seed0,discrete,simulated_annealing_swap,0,0,43,Asset_043,Group_6,0.004,0.012,0.008,12,0.0,0.2
discrete__simulated_annealing_swap__rep000__seed0,discrete,simulated_annealing_swap,0,0,44,Asset_044,Group_3,0.004,0.0,-0.004,0,0.0,0.2
discrete__simulated_annealing_swap__rep000__seed0,discrete,simulated_annealing_swap,0,0,45,Asset_045,Group_3,0.004,0.0,-0.004,0,0.0,0.2
discrete__simulated_annealing_swap__rep000__seed0,discrete,simulated_annealing_swap,0,0,46,Asset_046,Group_6,0.004,0.109,0.105,109,0.0,0.2
discrete__simulated_annealing_swap__rep000__seed0,discrete,simulated_annealing_swap,0,0,47,Asset_047,Group_7,0.004,0.0,-0.004,0,0.0,0.2
discrete__simulated_annealing_swap__rep000__seed0,discrete,simulated_annealing_swap,0,0,48,Asset_048,Group_7,0.004,0.0,-0.004,0,0.0,0.2
discrete__simulated_annealing_swap__rep000__seed0,discrete,simulated_annealing_swap,0,0,49,Asset_049,Group_7,0.004,0.0,-0.004,0,0.0,0.2
discrete__simulated_annealing_swap__rep000__seed0,discrete,simulated_annealing_swap,0,0,50,Asset_050,Group_1,0.004,0.0,-0.004,0,0.0,0.2
discrete__simulated_annealing_swap__rep000__seed0,discrete,simulated_annealing_swap,0,0,51,Asset_051,Group_3,0.004,0.0,-0.004,0,0.0,0.2
discrete__simulated_annealing_swap__rep000__seed0,discrete,simulated_annealing_swap,0,0,52,Asset_052,Group_3,0.004,0.0,-0.004,0,0.0,0.2
discrete__simulated_annealing_swap__rep000__seed0,discrete,simulated_annealing_swap,0,0,53,Asset_053,Group_2,0.004,0.0,-0.004,0,0.0,0.2
discrete__simulated_annealing_swap__rep000__seed0,discrete,simulated_annealing_swap,0,0,54,Asset_054,Group_3,0.004,0.0,-0.004,0,0.0,0.2
discrete__simulated_annealing_swap__rep000__seed0,discrete,simulated_annealing_swap,0,0,55,Asset_055,Group_2,0.004,0.0,-0.004,0,0.0,0.2
discrete__simulated_annealing_swap__rep000__seed0,discrete,simulated_annealing_swap,0,0,56,Asset_056,Group_4,0.004,0.081,0.077,81,0.0,0.2
discrete__simulated_annealing_swap__rep000__seed0,discrete,simulated_annealing_swap,0,0,57,Asset_057,Group_4,0.004,0.0,-0.004,0,0.0,0.2
discrete__simulated_annealing_swap__rep000__seed0,discrete,simulated_annealing_swap,0,0,58,Asset_058,Group_4,0.004,0.0,-0.004,0,0.0,0.2
discrete__simulated_annealing_swap__rep000__seed0,discrete,simulated_annealing_swap,0,0,59,Asset_059,Group_0,0.004,0.0,-0.004,0,0.0,0.2
discrete__simulated_annealing_swap__rep000__seed0,discrete,simulated_annealing_swap,0,0,60,Asset_060,Group_6,0.004,0.0,-0.004,0,0.0,0.2
discrete__simulated_annealing_swap__rep000__seed0,discrete,simulated_annealing_swap,0,0,61,Asset_061,Group_7,0.004,0.0,-0.004,0,0.0,0.2
discrete__simulated_annealing_swap__rep000__seed0,discrete,simulated_annealing_swap,0,0,62,Asset_062,Group_5,0.004,0.0,-0.004,0,0.0,0.2
discrete__simulated_annealing_swap__rep000__seed0,discrete,simulated_annealing_swap,0,0,63,Asset_063,Group_1,0.004,0.0,-0.004,0,0.0,0.2
discrete__simulated_annealing_swap__rep000__seed0,discrete,simulated_annealing_swap,0,0,64,Asset_064,Group_4,0.004,0.0,-0.004,0,0.0,0.2
discrete__simulated_annealing_swap__rep000__seed0,discrete,simulated_annealing_swap,0,0,65,Asset_065,Group_3,0.004,0.0,-0.004,0,0.0,0.2
discrete__simulated_annealing_swap__rep000__seed0,discrete,simulated_annealing_swap,0,0,66,Asset_066,Group_0,0.004,0.0,-0.004,0,0.0,0.2
discrete__simulated_annealing_swap__rep000__seed0,discrete,simulated_annealing_swap,0,0,67,Asset_067,Group_1,0.004,0.0,-0.004,0,0.0,0.2
discrete__simulated_annealing_swap__rep000__seed0,discrete,simulated_annealing_swap,0,0,68,Asset_068,Group_4,0.004,0.0,-0.004,0,0.0,0.2
discrete__simulated_annealing_swap__rep000__seed0,discrete,simulated_annealing_swap,0,0,69,Asset_069,Group_4,0.004,0.0,-0.004,0,0.0,0.2
discrete__simulated_annealing_swap__rep000__seed0,discrete,simulated_annealing_swap,0,0,70,Asset_070,Group_6,0.004,0.0,-0.004,0,0.0,0.2
discrete__simulated_annealing_swap__rep000__seed0,discrete,simulated_annealing_swap,0,0,71,Asset_071,Group_4,0.004,0.0,-0.004,0,0.0,0.2
discrete__simulated_annealing_swap__rep000__seed0,discrete,simulated_annealing_swap,0,0,72,Asset_072,Group_0,0.004,0.02,0.016,20,0.0,0.2
discrete__simulated_annealing_swap__rep000__seed0,discrete,simulated_annealing_swap,0,0,73,Asset_073,Group_2,0.004,0.0,-0.004,0,0.0,0.2
discrete__simulated_annealing_swap__rep000__seed0,discrete,simulated_annealing_swap,0,0,74,Asset_074,Group_1,0.004,0.0,-0.004,0,0.0,0.2
discrete__simulated_annealing_swap__rep000__seed0,discrete,simulated_annealing_swap,0,0,75,Asset_075,Group_6,0.004,0.0,-0.004,0,0.0,0.2
discrete__simulated_annealing_swap__rep000__seed0,discrete,simulated_annealing_swap,0,0,76,Asset_076,Group_5,0.004,0.0,-0.004,0,0.0,0.2
discrete__simulated_annealing_swap__rep000__seed0,discrete,simulated_annealing_swap,0,0,77,Asset_077,Group_0,0.004,0.0,-0.004,0,0.0,0.2
discrete__simulated_annealing_swap__rep000__seed0,discrete,simulated_annealing_swap,0,0,78,Asset_078,Group_1,0.004,0.0,-0.004,0,0.0,0.2
discrete__simulated_annealing_swap__rep000__seed0,discrete,simulated_annealing_swap,0,0,79,Asset_079,Group_6,0.004,0.0,-0.004,0,0.0,0.2
discrete__simulated_annealing_swap__rep000__seed0,discrete,simulated_annealing_swap,0,0,80,Asset_080,Group_5,0.004,0.0,-0.004,0,0.0,0.2
discrete__simulated_annealing_swap__rep000__seed0,discrete,simulated_annealing_swap,0,0,81,Asset_081,Group_4,0.004,0.0,-0.004,0,0.0,0.2
discrete__simulated_annealing_swap__rep000__seed0,discrete,simulated_annealing_swap,0,0,82,Asset_082,Group_0,0.004,0.0,-0.004,0,0.0,0.2
discrete__simulated_annealing_swap__rep000__seed0,discrete,simulated_annealing_swap,0,0,83,Asset_083,Group_2,0.004,0.0,-0.004,0,0.0,0.2
discrete__simulated_annealing_swap__rep000__seed0,discrete,simulated_annealing_swap,0,0,84,Asset_084,Group_0,0.004,0.0,-0.004,0,0.0,0.2
discrete__simulated_annealing_swap__rep000__seed0,discrete,simulated_annealing_swap,0,0,85,Asset_085,Group_6,0.004,0.0,-0.004,0,0.0,0.2
discrete__simulated_annealing_swap__rep000__seed0,discrete,simulated_annealing_swap,0,0,86,Asset_086,Group_6,0.004,0.033,0.029,33,0.0,0.2
discrete__simulated_annealing_swap__rep000__seed0,discrete,simulated_annealing_swap,0,0,87,Asset_087,Group_5,0.004,0.0,-0.004,0,0.0,0.2
discrete__simulated_annealing_swap__rep000__seed0,discrete,simulated_annealing_swap,0,0,88,Asset_088,Group_7,0.004,0.004,0.0,4,0.0,0.2
discrete__simulated_annealing_swap__rep000__seed0,discrete,simulated_annealing_swap,0,0,89,Asset_089,Group_2,0.004,0.0,-0.004,0,0.0,0.2
discrete__simulated_annealing_swap__rep000__seed0,discrete,simulated_annealing_swap,0,0,90,Asset_090,Group_1,0.004,0.0,-0.004,0,0.0,0.2
discrete__simulated_annealing_swap__rep000__seed0,discrete,simulated_annealing_swap,0,0,91,Asset_091,Group_3,0.004,0.0,-0.004,0,0.0,0.2
discrete__simulated_annealing_swap__rep000__seed0,discrete,simulated_annealing_swap,0,0,92,Asset_092,Group_2,0.004,0.0,-0.004,0,0.0,0.2
discrete__simulated_annealing_swap__rep000__seed0,discrete,simulated_annealing_swap,0,0,93,Asset_093,Group_6,0.004,0.0,-0.004,0,0.0,0.2
discrete__simulated_annealing_swap__rep000__seed0,discrete,simulated_annealing_swap,0,0,94,Asset_094,Group_5,0.004,0.164,0.16,164,0.0,0.2
discrete__simulated_annealing_swap__rep000__seed0,discrete,simulated_annealing_swap,0,0,95,Asset_095,Group_7,0.004,0.0,-0.004,0,0.0,0.2
discrete__simulated_annealing_swap__rep000__seed0,discrete,simulated_annealing_swap,0,0,96,Asset_096,Group_5,0.004,0.0,-0.004,0,0.0,0.2
discrete__simulated_annealing_swap__rep000__seed0,discrete,simulated_annealing_swap,0,0,97,Asset_097,Group_2,0.004,0.0,-0.004,0,0.0,0.2
discrete__simulated_annealing_swap__rep000__seed0,discrete,simulated_annealing_swap,0,0,98,Asset_098,Group_3,0.004,0.0,-0.004,0,0.0,0.2
discrete__simulated_annealing_swap__rep000__seed0,discrete,simulated_annealing_swap,0,0,99,Asset_099,Group_7,0.004,0.0,-0.004,0,0.0,0.2
discrete__simulated_annealing_swap__rep000__seed0,discrete,simulated_annealing_swap,0,0,100,Asset_100,Group_7,0.004,0.0,-0.004,0,0.0,0.2
discrete__simulated_annealing_swap__rep000__seed0,discrete,simulated_annealing_swap,0,0,101,Asset_101,Group_1,0.004,0.075,0.071,75,0.0,0.2
discrete__simulated_annealing_swap__rep000__seed0,discrete,simulated_annealing_swap,0,0,102,Asset_102,Group_3,0.004,0.004,0.0,4,0.0,0.2
discrete__simulated_annealing_swap__rep000__seed0,discrete,simulated_annealing_swap,0,0,103,Asset_103,Group_6,0.004,0.0,-0.004,0,0.0,0.2
discrete__simulated_annealing_swap__rep000__seed0,discrete,simulated_annealing_swap,0,0,104,Asset_104,Group_0,0.004,0.0,-0.004,0,0.0,0.2
discrete__simulated_annealing_swap__rep000__seed0,discrete,simulated_annealing_swap,0,0,105,Asset_105,Group_2,0.004,0.0,-0.004,0,0.0,0.2
discrete__simulated_annealing_swap__rep000__seed0,discrete,simulated_annealing_swap,0,0,106,Asset_106,Group_4,0.004,0.0,-0.004,0,0.0,0.2
discrete__simulated_annealing_swap__rep000__seed0,discrete,simulated_annealing_swap,0,0,107,Asset_107,Group_4,0.004,0.0,-0.004,0,0.0,0.2
discrete__simulated_annealing_swap__rep000__seed0,discrete,simulated_annealing_swap,0,0,108,Asset_108,Group_4,0.004,0.0,-0.004,0,0.0,0.2
discrete__simulated_annealing_swap__rep000__seed0,discrete,simulated_annealing_swap,0,0,109,Asset_109,Group_4,0.004,0.0,-0.004,0,0.0,0.2
discrete__simulated_annealing_swap__rep000__seed0,discrete,simulated_annealing_swap,0,0,110,Asset_110,Group_3,0.004,0.0,-0.004,0,0.0,0.2
discrete__simulated_annealing_swap__rep000__seed0,discrete,simulated_annealing_swap,0,0,111,Asset_111,Group_2,0.004,0.0,-0.004,0,0.0,0.2
discrete__simulated_annealing_swap__rep000__seed0,discrete,simulated_annealing_swap,0,0,112,Asset_112,Group_0,0.004,0.0,-0.004,0,0.0,0.2
discrete__simulated_annealing_swap__rep000__seed0,discrete,simulated_annealing_swap,0,0,113,Asset_113,Group_7,0.004,0.0,-0.004,0,0.0,0.2
discrete__simulated_annealing_swap__rep000__seed0,discrete,simulated_annealing_swap,0,0,114,Asset_114,Group_7,0.004,0.0,-0.004,0,0.0,0.2
discrete__simulated_annealing_swap__rep000__seed0,discrete,simulated_annealing_swap,0,0,115,Asset_115,Group_2,0.004,0.0,-0.004,0,0.0,0.2
discrete__simulated_annealing_swap__rep000__seed0,discrete,simulated_annealing_swap,0,0,116,Asset_116,Group_3,0.004,0.0,-0.004,0,0.0,0.2
discrete__simulated_annealing_swap__rep000__seed0,discrete,simulated_annealing_swap,0,0,117,Asset_117,Group_6,0.004,0.0,-0.004,0,0.0,0.2
discrete__simulated_annealing_swap__rep000__seed0,discrete,simulated_annealing_swap,0,0,118,Asset_118,Group_3,0.004,0.0,-0.004,0,0.0,0.2
discrete__simulated_annealing_swap__rep000__seed0,discrete,simulated_annealing_swap,0,0,119,Asset_119,Group_5,0.004,0.0,-0.004,0,0.0,0.2
discrete__simulated_annealing_swap__rep000__seed0,discrete,simulated_annealing_swap,0,0,120,Asset_120,Group_6,0.004,0.0,-0.004,0,0.0,0.2
discrete__simulated_annealing_swap__rep000__seed0,discrete,simulated_annealing_swap,0,0,121,Asset_121,Group_2,0.004,0.0,-0.004,0,0.0,0.2
discrete__simulated_annealing_swap__rep000__seed0,discrete,simulated_annealing_swap,0,0,122,Asset_122,Group_5,0.004,0.0,-0.004,0,0.0,0.2
discrete__simulated_annealing_swap__rep000__seed0,discrete,simulated_annealing_swap,0,0,123,Asset_123,Group_7,0.004,0.0,-0.004,0,0.0,0.2
discrete__simulated_annealing_swap__rep000__seed0,discrete,simulated_annealing_swap,0,0,124,Asset_124,Group_4,0.004,0.0,-0.004,0,0.0,0.2
discrete__simulated_annealing_swap__rep000__seed0,discrete,simulated_annealing_swap,0,0,125,Asset_125,Group_0,0.004,0.0,-0.004,0,0.0,0.2
discrete__simulated_annealing_swap__rep000__seed0,discrete,simulated_annealing_swap,0,0,126,Asset_126,Group_4,0.004,0.0,-0.004,0,0.0,0.2
discrete__simulated_annealing_swap__rep000__seed0,discrete,simulated_annealing_swap,0,0,127,Asset_127,Group_4,0.004,0.0,-0.004,0,0.0,0.2
discrete__simulated_annealing_swap__rep000__seed0,discrete,simulated_annealing_swap,0,0,128,Asset_128,Group_0,0.004,0.004,0.0,4,0.0,0.2
discrete__simulated_annealing_swap__rep000__seed0,discrete,simulated_annealing_swap,0,0,129,Asset_129,Group_1,0.004,0.0,-0.004,0,0.0,0.2
discrete__simulated_annealing_swap__rep000__seed0,discrete,simulated_annealing_swap,0,0,130,Asset_130,Group_2,0.004,0.0,-0.004,0,0.0,0.2
discrete__simulated_annealing_swap__rep000__seed0,discrete,simulated_annealing_swap,0,0,131,Asset_131,Group_6,0.004,0.0,-0.004,0,0.0,0.2
discrete__simulated_annealing_swap__rep000__seed0,discrete,simulated_annealing_swap,0,0,132,Asset_132,Group_6,0.004,0.0,-0.004,0,0.0,0.2
discrete__simulated_annealing_swap__rep000__seed0,discrete,simulated_annealing_swap,0,0,133,Asset_133,Group_0,0.004,0.004,0.0,4,0.0,0.2
discrete__simulated_annealing_swap__rep000__seed0,discrete,simulated_annealing_swap,0,0,134,Asset_134,Group_2,0.004,0.0,-0.004,0,0.0,0.2
discrete__simulated_annealing_swap__rep000__seed0,discrete,simulated_annealing_swap,0,0,135,Asset_135,Group_5,0.004,0.0,-0.004,0,0.0,0.2
discrete__simulated_annealing_swap__rep000__seed0,discrete,simulated_annealing_swap,0,0,136,Asset_136,Group_4,0.004,0.0,-0.004,0,0.0,0.2
discrete__simulated_annealing_swap__rep000__seed0,discrete,simulated_annealing_swap,0,0,137,Asset_137,Group_7,0.004,0.0,-0.004,0,0.0,0.2
discrete__simulated_annealing_swap__rep000__seed0,discrete,simulated_annealing_swap,0,0,138,Asset_138,Group_4,0.004,0.0,-0.004,0,0.0,0.2
discrete__simulated_annealing_swap__rep000__seed0,discrete,simulated_annealing_swap,0,0,139,Asset_139,Group_2,0.004,0.0,-0.004,0,0.0,0.2
discrete__simulated_annealing_swap__rep000__seed0,discrete,simulated_annealing_swap,0,0,140,Asset_140,Group_6,0.004,0.0,-0.004,0,0.0,0.2
discrete__simulated_annealing_swap__rep000__seed0,discrete,simulated_annealing_swap,0,0,141,Asset_141,Group_0,0.004,0.0,-0.004,0,0.0,0.2
discrete__simulated_annealing_swap__rep000__seed0,discrete,simulated_annealing_swap,0,0,142,Asset_142,Group_2,0.004,0.0,-0.004,0,0.0,0.2
discrete__simulated_annealing_swap__rep000__seed0,discrete,simulated_annealing_swap,0,0,143,Asset_143,Group_3,0.004,0.0,-0.004,0,0.0,0.2
discrete__simulated_annealing_swap__rep000__seed0,discrete,simulated_annealing_swap,0,0,144,Asset_144,Group_1,0.004,0.0,-0.004,0,0.0,0.2
discrete__simulated_annealing_swap__rep000__seed0,discrete,simulated_annealing_swap,0,0,145,Asset_145,Group_1,0.004,0.0,-0.004,0,0.0,0.2
discrete__simulated_annealing_swap__rep000__seed0,discrete,simulated_annealing_swap,0,0,146,Asset_146,Group_0,0.004,0.0,-0.004,0,0.0,0.2
discrete__simulated_annealing_swap__rep000__seed0,discrete,simulated_annealing_swap,0,0,147,Asset_147,Group_7,0.004,0.0,-0.004,0,0.0,0.2
discrete__simulated_annealing_swap__rep000__seed0,discrete,simulated_annealing_swap,0,0,148,Asset_148,Group_3,0.004,0.004,0.0,4,0.0,0.2
discrete__simulated_annealing_swap__rep000__seed0,discrete,simulated_annealing_swap,0,0,149,Asset_149,Group_4,0.004,0.0,-0.004,0,0.0,0.2
discrete__simulated_annealing_swap__rep000__seed0,discrete,simulated_annealing_swap,0,0,150,Asset_150,Group_0,0.004,0.0,-0.004,0,0.0,0.2
discrete__simulated_annealing_swap__rep000__seed0,discrete,simulated_annealing_swap,0,0,151,Asset_151,Group_1,0.004,0.0,-0.004,0,0.0,0.2
discrete__simulated_annealing_swap__rep000__seed0,discrete,simulated_annealing_swap,0,0,152,Asset_152,Group_4,0.004,0.0,-0.004,0,0.0,0.2
discrete__simulated_annealing_swap__rep000__seed0,discrete,simulated_annealing_swap,0,0,153,Asset_153,Group_4,0.004,0.0,-0.004,0,0.0,0.2
discrete__simulated_annealing_swap__rep000__seed0,discrete,simulated_annealing_swap,0,0,154,Asset_154,Group_6,0.004,0.08600000000000001,0.082,86,0.0,0.2
discrete__simulated_annealing_swap__rep000__seed0,discrete,simulated_annealing_swap,0,0,155,Asset_155,Group_1,0.004,0.052000000000000005,0.048,52,0.0,0.2
discrete__simulated_annealing_swap__rep000__seed0,discrete,simulated_annealing_swap,0,0,156,Asset_156,Group_5,0.004,0.0,-0.004,0,0.0,0.2
discrete__simulated_annealing_swap__rep000__seed0,discrete,simulated_annealing_swap,0,0,157,Asset_157,Group_5,0.004,0.0,-0.004,0,0.0,0.2
discrete__simulated_annealing_swap__rep000__seed0,discrete,simulated_annealing_swap,0,0,158,Asset_158,Group_6,0.004,0.034,0.030000000000000002,34,0.0,0.2
discrete__simulated_annealing_swap__rep000__seed0,discrete,simulated_annealing_swap,0,0,159,Asset_159,Group_0,0.004,0.0,-0.004,0,0.0,0.2
discrete__simulated_annealing_swap__rep000__seed0,discrete,simulated_annealing_swap,0,0,160,Asset_160,Group_5,0.004,0.0,-0.004,0,0.0,0.2
discrete__simulated_annealing_swap__rep000__seed0,discrete,simulated_annealing_swap,0,0,161,Asset_161,Group_0,0.004,0.0,-0.004,0,0.0,0.2
discrete__simulated_annealing_swap__rep000__seed0,discrete,simulated_annealing_swap,0,0,162,Asset_162,Group_0,0.004,0.0,-0.004,0,0.0,0.2
discrete__simulated_annealing_swap__rep000__seed0,discrete,simulated_annealing_swap,0,0,163,Asset_163,Group_6,0.004,0.0,-0.004,0,0.0,0.2
discrete__simulated_annealing_swap__rep000__seed0,discrete,simulated_annealing_swap,0,0,164,Asset_164,Group_3,0.004,0.0,-0.004,0,0.0,0.2
discrete__simulated_annealing_swap__rep000__seed0,discrete,simulated_annealing_swap,0,0,165,Asset_165,Group_2,0.004,0.0,-0.004,0,0.0,0.2
discrete__simulated_annealing_swap__rep000__seed0,discrete,simulated_annealing_swap,0,0,166,Asset_166,Group_3,0.004,0.0,-0.004,0,0.0,0.2
discrete__simulated_annealing_swap__rep000__seed0,discrete,simulated_annealing_swap,0,0,167,Asset_167,Group_6,0.004,0.0,-0.004,0,0.0,0.2
discrete__simulated_annealing_swap__rep000__seed0,discrete,simulated_annealing_swap,0,0,168,Asset_168,Group_1,0.004,0.0,-0.004,0,0.0,0.2
discrete__simulated_annealing_swap__rep000__seed0,discrete,simulated_annealing_swap,0,0,169,Asset_169,Group_3,0.004,0.0,-0.004,0,0.0,0.2
discrete__simulated_annealing_swap__rep000__seed0,discrete,simulated_annealing_swap,0,0,170,Asset_170,Group_5,0.004,0.0,-0.004,0,0.0,0.2
discrete__simulated_annealing_swap__rep000__seed0,discrete,simulated_annealing_swap,0,0,171,Asset_171,Group_3,0.004,0.0,-0.004,0,0.0,0.2
discrete__simulated_annealing_swap__rep000__seed0,discrete,simulated_annealing_swap,0,0,172,Asset_172,Group_4,0.004,0.0,-0.004,0,0.0,0.2
discrete__simulated_annealing_swap__rep000__seed0,discrete,simulated_annealing_swap,0,0,173,Asset_173,Group_7,0.004,0.0,-0.004,0,0.0,0.2
discrete__simulated_annealing_swap__rep000__seed0,discrete,simulated_annealing_swap,0,0,174,Asset_174,Group_3,0.004,0.0,-0.004,0,0.0,0.2
discrete__simulated_annealing_swap__rep000__seed0,discrete,simulated_annealing_swap,0,0,175,Asset_175,Group_5,0.004,0.0,-0.004,0,0.0,0.2
discrete__simulated_annealing_swap__rep000__seed0,discrete,simulated_annealing_swap,0,0,176,Asset_176,Group_4,0.004,0.0,-0.004,0,0.0,0.2
discrete__simulated_annealing_swap__rep000__seed0,discrete,simulated_annealing_swap,0,0,177,Asset_177,Group_1,0.004,0.0,-0.004,0,0.0,0.2
discrete__simulated_annealing_swap__rep000__seed0,discrete,simulated_annealing_swap,0,0,178,Asset_178,Group_7,0.004,0.0,-0.004,0,0.0,0.2
discrete__simulated_annealing_swap__rep000__seed0,discrete,simulated_annealing_swap,0,0,179,Asset_179,Group_6,0.004,0.0,-0.004,0,0.0,0.2
discrete__simulated_annealing_swap__rep000__seed0,discrete,simulated_annealing_swap,0,0,180,Asset_180,Group_0,0.004,0.0,-0.004,0,0.0,0.2
discrete__simulated_annealing_swap__rep000__seed0,discrete,simulated_annealing_swap,0,0,181,Asset_181,Group_7,0.004,0.0,-0.004,0,0.0,0.2
discrete__simulated_annealing_swap__rep000__seed0,discrete,simulated_annealing_swap,0,0,182,Asset_182,Group_1,0.004,0.0,-0.004,0,0.0,0.2
discrete__simulated_annealing_swap__rep000__seed0,discrete,simulated_annealing_swap,0,0,183,Asset_183,Group_5,0.004,0.0,-0.004,0,0.0,0.2
discrete__simulated_annealing_swap__rep000__seed0,discrete,simulated_annealing_swap,0,0,184,Asset_184,Group_0,0.004,0.0,-0.004,0,0.0,0.2
discrete__simulated_annealing_swap__rep000__seed0,discrete,simulated_annealing_swap,0,0,185,Asset_185,Group_7,0.004,0.0,-0.004,0,0.0,0.2
discrete__simulated_annealing_swap__rep000__seed0,discrete,simulated_annealing_swap,0,0,186,Asset_186,Group_1,0.004,0.0,-0.004,0,0.0,0.2
discrete__simulated_annealing_swap__rep000__seed0,discrete,simulated_annealing_swap,0,0,187,Asset_187,Group_4,0.004,0.0,-0.004,0,0.0,0.2
discrete__simulated_annealing_swap__rep000__seed0,discrete,simulated_annealing_swap,0,0,188,Asset_188,Group_7,0.004,0.0,-0.004,0,0.0,0.2
discrete__simulated_annealing_swap__rep000__seed0,discrete,simulated_annealing_swap,0,0,189,Asset_189,Group_3,0.004,0.0,-0.004,0,0.0,0.2
discrete__simulated_annealing_swap__rep000__seed0,discrete,simulated_annealing_swap,0,0,190,Asset_190,Group_7,0.004,0.0,-0.004,0,0.0,0.2
discrete__simulated_annealing_swap__rep000__seed0,discrete,simulated_annealing_swap,0,0,191,Asset_191,Group_5,0.004,0.0,-0.004,0,0.0,0.2
discrete__simulated_annealing_swap__rep000__seed0,discrete,simulated_annealing_swap,0,0,192,Asset_192,Group_6,0.004,0.0,-0.004,0,0.0,0.2
discrete__simulated_annealing_swap__rep000__seed0,discrete,simulated_annealing_swap,0,0,193,Asset_193,Group_5,0.004,0.0,-0.004,0,0.0,0.2
discrete__simulated_annealing_swap__rep000__seed0,discrete,simulated_annealing_swap,0,0,194,Asset_194,Group_1,0.004,0.0,-0.004,0,0.0,0.2
discrete__simulated_annealing_swap__rep000__seed0,discrete,simulated_annealing_swap,0,0,195,Asset_195,Group_7,0.004,0.2,0.196,200,0.0,0.2
discrete__simulated_annealing_swap__rep000__seed0,discrete,simulated_annealing_swap,0,0,196,Asset_196,Group_4,0.004,0.0,-0.004,0,0.0,0.2
discrete__simulated_annealing_swap__rep000__seed0,discrete,simulated_annealing_swap,0,0,197,Asset_197,Group_5,0.004,0.0,-0.004,0,0.0,0.2
discrete__simulated_annealing_swap__rep000__seed0,discrete,simulated_annealing_swap,0,0,198,Asset_198,Group_1,0.004,0.0,-0.004,0,0.0,0.2
discrete__simulated_annealing_swap__rep000__seed0,discrete,simulated_annealing_swap,0,0,199,Asset_199,Group_3,0.004,0.0,-0.004,0,0.0,0.2
discrete__simulated_annealing_swap__rep000__seed0,discrete,simulated_annealing_swap,0,0,200,Asset_200,Group_6,0.004,0.0,-0.004,0,0.0,0.2
discrete__simulated_annealing_swap__rep000__seed0,discrete,simulated_annealing_swap,0,0,201,Asset_201,Group_0,0.004,0.0,-0.004,0,0.0,0.2
discrete__simulated_annealing_swap__rep000__seed0,discrete,simulated_annealing_swap,0,0,202,Asset_202,Group_6,0.004,0.0,-0.004,0,0.0,0.2
discrete__simulated_annealing_swap__rep000__seed0,discrete,simulated_annealing_swap,0,0,203,Asset_203,Group_0,0.004,0.0,-0.004,0,0.0,0.2
discrete__simulated_annealing_swap__rep000__seed0,discrete,simulated_annealing_swap,0,0,204,Asset_204,Group_1,0.004,0.0,-0.004,0,0.0,0.2
discrete__simulated_annealing_swap__rep000__seed0,discrete,simulated_annealing_swap,0,0,205,Asset_205,Group_2,0.004,0.0,-0.004,0,0.0,0.2
discrete__simulated_annealing_swap__rep000__seed0,discrete,simulated_annealing_swap,0,0,206,Asset_206,Group_0,0.004,0.0,-0.004,0,0.0,0.2
discrete__simulated_annealing_swap__rep000__seed0,discrete,simulated_annealing_swap,0,0,207,Asset_207,Group_3,0.004,0.0,-0.004,0,0.0,0.2
discrete__simulated_annealing_swap__rep000__seed0,discrete,simulated_annealing_swap,0,0,208,Asset_208,Group_0,0.004,0.0,-0.004,0,0.0,0.2
discrete__simulated_annealing_swap__rep000__seed0,discrete,simulated_annealing_swap,0,0,209,Asset_209,Group_5,0.004,0.0,-0.004,0,0.0,0.2
discrete__simulated_annealing_swap__rep000__seed0,discrete,simulated_annealing_swap,0,0,210,Asset_210,Group_2,0.004,0.0,-0.004,0,0.0,0.2
discrete__simulated_annealing_swap__rep000__seed0,discrete,simulated_annealing_swap,0,0,211,Asset_211,Group_5,0.004,0.0,-0.004,0,0.0,0.2
discrete__simulated_annealing_swap__rep000__seed0,discrete,simulated_annealing_swap,0,0,212,Asset_212,Group_2,0.004,0.0,-0.004,0,0.0,0.2
discrete__simulated_annealing_swap__rep000__seed0,discrete,simulated_annealing_swap,0,0,213,Asset_213,Group_5,0.004,0.0,-0.004,0,0.0,0.2
discrete__simulated_annealing_swap__rep000__seed0,discrete,simulated_annealing_swap,0,0,214,Asset_214,Group_1,0.004,0.0,-0.004,0,0.0,0.2
discrete__simulated_annealing_swap__rep000__seed0,discrete,simulated_annealing_swap,0,0,215,Asset_215,Group_2,0.004,0.0,-0.004,0,0.0,0.2
discrete__simulated_annealing_swap__rep000__seed0,discrete,simulated_annealing_swap,0,0,216,Asset_216,Group_1,0.004,0.0,-0.004,0,0.0,0.2
discrete__simulated_annealing_swap__rep000__seed0,discrete,simulated_annealing_swap,0,0,217,Asset_217,Group_1,0.004,0.0,-0.004,0,0.0,0.2
discrete__simulated_annealing_swap__rep000__seed0,discrete,simulated_annealing_swap,0,0,218,Asset_218,Group_6,0.004,0.0,-0.004,0,0.0,0.2
discrete__simulated_annealing_swap__rep000__seed0,discrete,simulated_annealing_swap,0,0,219,Asset_219,Group_2,0.004,0.0,-0.004,0,0.0,0.2
discrete__simulated_annealing_swap__rep000__seed0,discrete,simulated_annealing_swap,0,0,220,Asset_220,Group_5,0.004,0.0,-0.004,0,0.0,0.2
discrete__simulated_annealing_swap__rep000__seed0,discrete,simulated_annealing_swap,0,0,221,Asset_221,Group_1,0.004,0.0,-0.004,0,0.0,0.2
discrete__simulated_annealing_swap__rep000__seed0,discrete,simulated_annealing_swap,0,0,222,Asset_222,Group_3,0.004,0.0,-0.004,0,0.0,0.2
discrete__simulated_annealing_swap__rep000__seed0,discrete,simulated_annealing_swap,0,0,223,Asset_223,Group_0,0.004,0.0,-0.004,0,0.0,0.2
discrete__simulated_annealing_swap__rep000__seed0,discrete,simulated_annealing_swap,0,0,224,Asset_224,Group_0,0.004,0.0,-0.004,0,0.0,0.2
discrete__simulated_annealing_swap__rep000__seed0,discrete,simulated_annealing_swap,0,0,225,Asset_225,Group_0,0.004,0.0,-0.004,0,0.0,0.2
discrete__simulated_annealing_swap__rep000__seed0,discrete,simulated_annealing_swap,0,0,226,Asset_226,Group_6,0.004,0.0,-0.004,0,0.0,0.2
discrete__simulated_annealing_swap__rep000__seed0,discrete,simulated_annealing_swap,0,0,227,Asset_227,Group_7,0.004,0.0,-0.004,0,0.0,0.2
discrete__simulated_annealing_swap__rep000__seed0,discrete,simulated_annealing_swap,0,0,228,Asset_228,Group_3,0.004,0.0,-0.004,0,0.0,0.2
discrete__simulated_annealing_swap__rep000__seed0,discrete,simulated_annealing_swap,0,0,229,Asset_229,Group_6,0.004,0.0,-0.004,0,0.0,0.2
discrete__simulated_annealing_swap__rep000__seed0,discrete,simulated_annealing_swap,0,0,230,Asset_230,Group_4,0.004,0.001,-0.003,1,0.0,0.2
discrete__simulated_annealing_swap__rep000__seed0,discrete,simulated_annealing_swap,0,0,231,Asset_231,Group_5,0.004,0.0,-0.004,0,0.0,0.2
discrete__simulated_annealing_swap__rep000__seed0,discrete,simulated_annealing_swap,0,0,232,Asset_232,Group_5,0.004,0.0,-0.004,0,0.0,0.2
discrete__simulated_annealing_swap__rep000__seed0,discrete,simulated_annealing_swap,0,0,233,Asset_233,Group_2,0.004,0.093,0.089,93,0.0,0.2
discrete__simulated_annealing_swap__rep000__seed0,discrete,simulated_annealing_swap,0,0,234,Asset_234,Group_2,0.004,0.0,-0.004,0,0.0,0.2
discrete__simulated_annealing_swap__rep000__seed0,discrete,simulated_annealing_swap,0,0,235,Asset_235,Group_7,0.004,0.0,-0.004,0,0.0,0.2
discrete__simulated_annealing_swap__rep000__seed0,discrete,simulated_annealing_swap,0,0,236,Asset_236,Group_2,0.004,0.0,-0.004,0,0.0,0.2
discrete__simulated_annealing_swap__rep000__seed0,discrete,simulated_annealing_swap,0,0,237,Asset_237,Group_0,0.004,0.0,-0.004,0,0.0,0.2
discrete__simulated_annealing_swap__rep000__seed0,discrete,simulated_annealing_swap,0,0,238,Asset_238,Group_5,0.004,0.0,-0.004,0,0.0,0.2
discrete__simulated_annealing_swap__rep000__seed0,discrete,simulated_annealing_swap,0,0,239,Asset_239,Group_5,0.004,0.004,0.0,4,0.0,0.2
discrete__simulated_annealing_swap__rep000__seed0,discrete,simulated_annealing_swap,0,0,240,Asset_240,Group_7,0.004,0.0,-0.004,0,0.0,0.2
discrete__simulated_annealing_swap__rep000__seed0,discrete,simulated_annealing_swap,0,0,241,Asset_241,Group_6,0.004,0.0,-0.004,0,0.0,0.2
discrete__simulated_annealing_swap__rep000__seed0,discrete,simulated_annealing_swap,0,0,242,Asset_242,Group_0,0.004,0.0,-0.004,0,0.0,0.2
discrete__simulated_annealing_swap__rep000__seed0,discrete,simulated_annealing_swap,0,0,243,Asset_243,Group_2,0.004,0.0,-0.004,0,0.0,0.2
discrete__simulated_annealing_swap__rep000__seed0,discrete,simulated_annealing_swap,0,0,244,Asset_244,Group_7,0.004,0.0,-0.004,0,0.0,0.2
discrete__simulated_annealing_swap__rep000__seed0,discrete,simulated_annealing_swap,0,0,245,Asset_245,Group_7,0.004,0.0,-0.004,0,0.0,0.2
discrete__simulated_annealing_swap__rep000__seed0,discrete,simulated_annealing_swap,0,0,246,Asset_246,Group_0,0.004,0.0,-0.004,0,0.0,0.2
discrete__simulated_annealing_swap__rep000__seed0,discrete,simulated_annealing_swap,0,0,247,Asset_247,Group_3,0.004,0.0,-0.004,0,0.0,0.2
discrete__simulated_annealing_swap__rep000__seed0,discrete,simulated_annealing_swap,0,0,248,Asset_248,Group_2,0.004,0.0,-0.004,0,0.0,0.2
discrete__simulated_annealing_swap__rep000__seed0,discrete,simulated_annealing_swap,0,0,249,Asset_249,Group_0,0.004,0.0,-0.004,0,0.0,0.2
discrete__simulated_annealing_swap__rep000__seed1,discrete,simulated_annealing_swap,0,1,0,Asset_000,Group_3,0.004,0.0,-0.004,0,0.0,0.2
discrete__simulated_annealing_swap__rep000__seed1,discrete,simulated_annealing_swap,0,1,1,Asset_001,Group_7,0.004,0.0,-0.004,0,0.0,0.2
discrete__simulated_annealing_swap__rep000__seed1,discrete,simulated_annealing_swap,0,1,2,Asset_002,Group_7,0.004,0.0,-0.004,0,0.0,0.2
discrete__simulated_annealing_swap__rep000__seed1,discrete,simulated_annealing_swap,0,1,3,Asset_003,Group_2,0.004,0.0,-0.004,0,0.0,0.2
discrete__simulated_annealing_swap__rep000__seed1,discrete,simulated_annealing_swap,0,1,4,Asset_004,Group_6,0.004,0.0,-0.004,0,0.0,0.2
discrete__simulated_annealing_swap__rep000__seed1,discrete,simulated_annealing_swap,0,1,5,Asset_005,Group_7,0.004,0.0,-0.004,0,0.0,0.2
discrete__simulated_annealing_swap__rep000__seed1,discrete,simulated_annealing_swap,0,1,6,Asset_006,Group_3,0.004,0.0,-0.004,0,0.0,0.2
discrete__simulated_annealing_swap__rep000__seed1,discrete,simulated_annealing_swap,0,1,7,Asset_007,Group_0,0.004,0.0,-0.004,0,0.0,0.2
discrete__simulated_annealing_swap__rep000__seed1,discrete,simulated_annealing_swap,0,1,8,Asset_008,Group_2,0.004,0.0,-0.004,0,0.0,0.2
discrete__simulated_annealing_swap__rep000__seed1,discrete,simulated_annealing_swap,0,1,9,Asset_009,Group_6,0.004,0.0,-0.004,0,0.0,0.2
discrete__simulated_annealing_swap__rep000__seed1,discrete,simulated_annealing_swap,0,1,10,Asset_010,Group_0,0.004,0.0,-0.004,0,0.0,0.2
discrete__simulated_annealing_swap__rep000__seed1,discrete,simulated_annealing_swap,0,1,11,Asset_011,Group_5,0.004,0.0,-0.004,0,0.0,0.2
discrete__simulated_annealing_swap__rep000__seed1,discrete,simulated_annealing_swap,0,1,12,Asset_012,Group_7,0.004,0.0,-0.004,0,0.0,0.2
discrete__simulated_annealing_swap__rep000__seed1,discrete,simulated_annealing_swap,0,1,13,Asset_013,Group_2,0.004,0.0,-0.004,0,0.0,0.2
discrete__simulated_annealing_swap__rep000__seed1,discrete,simulated_annealing_swap,0,1,14,Asset_014,Group_4,0.004,0.0,-0.004,0,0.0,0.2
discrete__simulated_annealing_swap__rep000__seed1,discrete,simulated_annealing_swap,0,1,15,Asset_015,Group_4,0.004,0.0,-0.004,0,0.0,0.2
discrete__simulated_annealing_swap__rep000__seed1,discrete,simulated_annealing_swap,0,1,16,Asset_016,Group_1,0.004,0.0,-0.004,0,0.0,0.2
discrete__simulated_annealing_swap__rep000__seed1,discrete,simulated_annealing_swap,0,1,17,Asset_017,Group_4,0.004,0.0,-0.004,0,0.0,0.2
discrete__simulated_annealing_swap__rep000__seed1,discrete,simulated_annealing_swap,0,1,18,Asset_018,Group_3,0.004,0.0,-0.004,0,0.0,0.2
discrete__simulated_annealing_swap__rep000__seed1,discrete,simulated_annealing_swap,0,1,19,Asset_019,Group_2,0.004,0.0,-0.004,0,0.0,0.2
discrete__simulated_annealing_swap__rep000__seed1,discrete,simulated_annealing_swap,0,1,20,Asset_020,Group_1,0.004,0.0,-0.004,0,0.0,0.2
discrete__simulated_annealing_swap__rep000__seed1,discrete,simulated_annealing_swap,0,1,21,Asset_021,Group_1,0.004,0.0,-0.004,0,0.0,0.2
discrete__simulated_annealing_swap__rep000__seed1,discrete,simulated_annealing_swap,0,1,22,Asset_022,Group_3,0.004,0.016,0.012,16,0.0,0.2
discrete__simulated_annealing_swap__rep000__seed1,discrete,simulated_annealing_swap,0,1,23,Asset_023,Group_6,0.004,0.0,-0.004,0,0.0,0.2
discrete__simulated_annealing_swap__rep000__seed1,discrete,simulated_annealing_swap,0,1,24,Asset_024,Group_4,0.004,0.0,-0.004,0,0.0,0.2
discrete__simulated_annealing_swap__rep000__seed1,discrete,simulated_annealing_swap,0,1,25,Asset_025,Group_5,0.004,0.0,-0.004,0,0.0,0.2
discrete__simulated_annealing_swap__rep000__seed1,discrete,simulated_annealing_swap,0,1,26,Asset_026,Group_1,0.004,0.0,-0.004,0,0.0,0.2
discrete__simulated_annealing_swap__rep000__seed1,discrete,simulated_annealing_swap,0,1,27,Asset_027,Group_7,0.004,0.0,-0.004,0,0.0,0.2
discrete__simulated_annealing_swap__rep000__seed1,discrete,simulated_annealing_swap,0,1,28,Asset_028,Group_1,0.004,0.0,-0.004,0,0.0,0.2
discrete__simulated_annealing_swap__rep000__seed1,discrete,simulated_annealing_swap,0,1,29,Asset_029,Group_4,0.004,0.0,-0.004,0,0.0,0.2
discrete__simulated_annealing_swap__rep000__seed1,discrete,simulated_annealing_swap,0,1,30,Asset_030,Group_1,0.004,0.0,-0.004,0,0.0,0.2
discrete__simulated_annealing_swap__rep000__seed1,discrete,simulated_annealing_swap,0,1,31,Asset_031,Group_2,0.004,0.0,-0.004,0,0.0,0.2
discrete__simulated_annealing_swap__rep000__seed1,discrete,simulated_annealing_swap,0,1,32,Asset_032,Group_1,0.004,0.0,-0.004,0,0.0,0.2
discrete__simulated_annealing_swap__rep000__seed1,discrete,simulated_annealing_swap,0,1,33,Asset_033,Group_3,0.004,0.0,-0.004,0,0.0,0.2
discrete__simulated_annealing_swap__rep000__seed1,discrete,simulated_annealing_swap,0,1,34,Asset_034,Group_4,0.004,0.0,-0.004,0,0.0,0.2
discrete__simulated_annealing_swap__rep000__seed1,discrete,simulated_annealing_swap,0,1,35,Asset_035,Group_6,0.004,0.0,-0.004,0,0.0,0.2
discrete__simulated_annealing_swap__rep000__seed1,discrete,simulated_annealing_swap,0,1,36,Asset_036,Group_3,0.004,0.0,-0.004,0,0.0,0.2
discrete__simulated_annealing_swap__rep000__seed1,discrete,simulated_annealing_swap,0,1,37,Asset_037,Group_1,0.004,0.0,-0.004,0,0.0,0.2
discrete__simulated_annealing_swap__rep000__seed1,discrete,simulated_annealing_swap,0,1,38,Asset_038,Group_5,0.004,0.0,-0.004,0,0.0,0.2
discrete__simulated_annealing_swap__rep000__seed1,discrete,simulated_annealing_swap,0,1,39,Asset_039,Group_7,0.004,0.0,-0.004,0,0.0,0.2
discrete__simulated_annealing_swap__rep000__seed1,discrete,simulated_annealing_swap,0,1,40,Asset_040,Group_1,0.004,0.0,-0.004,0,0.0,0.2
discrete__simulated_annealing_swap__rep000__seed1,discrete,simulated_annealing_swap,0,1,41,Asset_041,Group_5,0.004,0.0,-0.004,0,0.0,0.2
discrete__simulated_annealing_swap__rep000__seed1,discrete,simulated_annealing_swap,0,1,42,Asset_042,Group_5,0.004,0.0,-0.004,0,0.0,0.2
discrete__simulated_annealing_swap__rep000__seed1,discrete,simulated_annealing_swap,0,1,43,Asset_043,Group_6,0.004,0.01,0.006,10,0.0,0.2
discrete__simulated_annealing_swap__rep000__seed1,discrete,simulated_annealing_swap,0,1,44,Asset_044,Group_3,0.004,0.0,-0.004,0,0.0,0.2
discrete__simulated_annealing_swap__rep000__seed1,discrete,simulated_annealing_swap,0,1,45,Asset_045,Group_3,0.004,0.0,-0.004,0,0.0,0.2
discrete__simulated_annealing_swap__rep000__seed1,discrete,simulated_annealing_swap,0,1,46,Asset_046,Group_6,0.004,0.111,0.107,111,0.0,0.2
discrete__simulated_annealing_swap__rep000__seed1,discrete,simulated_annealing_swap,0,1,47,Asset_047,Group_7,0.004,0.0,-0.004,0,0.0,0.2
discrete__simulated_annealing_swap__rep000__seed1,discrete,simulated_annealing_swap,0,1,48,Asset_048,Group_7,0.004,0.0,-0.004,0,0.0,0.2
discrete__simulated_annealing_swap__rep000__seed1,discrete,simulated_annealing_swap,0,1,49,Asset_049,Group_7,0.004,0.0,-0.004,0,0.0,0.2
discrete__simulated_annealing_swap__rep000__seed1,discrete,simulated_annealing_swap,0,1,50,Asset_050,Group_1,0.004,0.0,-0.004,0,0.0,0.2
discrete__simulated_annealing_swap__rep000__seed1,discrete,simulated_annealing_swap,0,1,51,Asset_051,Group_3,0.004,0.0,-0.004,0,0.0,0.2
discrete__simulated_annealing_swap__rep000__seed1,discrete,simulated_annealing_swap,0,1,52,Asset_052,Group_3,0.004,0.0,-0.004,0,0.0,0.2
discrete__simulated_annealing_swap__rep000__seed1,discrete,simulated_annealing_swap,0,1,53,Asset_053,Group_2,0.004,0.0,-0.004,0,0.0,0.2
discrete__simulated_annealing_swap__rep000__seed1,discrete,simulated_annealing_swap,0,1,54,Asset_054,Group_3,0.004,0.0,-0.004,0,0.0,0.2
discrete__simulated_annealing_swap__rep000__seed1,discrete,simulated_annealing_swap,0,1,55,Asset_055,Group_2,0.004,0.0,-0.004,0,0.0,0.2
discrete__simulated_annealing_swap__rep000__seed1,discrete,simulated_annealing_swap,0,1,56,Asset_056,Group_4,0.004,0.083,0.079,83,0.0,0.2
discrete__simulated_annealing_swap__rep000__seed1,discrete,simulated_annealing_swap,0,1,57,Asset_057,Group_4,0.004,0.0,-0.004,0,0.0,0.2
discrete__simulated_annealing_swap__rep000__seed1,discrete,simulated_annealing_swap,0,1,58,Asset_058,Group_4,0.004,0.0,-0.004,0,0.0,0.2
discrete__simulated_annealing_swap__rep000__seed1,discrete,simulated_annealing_swap,0,1,59,Asset_059,Group_0,0.004,0.0,-0.004,0,0.0,0.2
discrete__simulated_annealing_swap__rep000__seed1,discrete,simulated_annealing_swap,0,1,60,Asset_060,Group_6,0.004,0.0,-0.004,0,0.0,0.2
discrete__simulated_annealing_swap__rep000__seed1,discrete,simulated_annealing_swap,0,1,61,Asset_061,Group_7,0.004,0.0,-0.004,0,0.0,0.2
discrete__simulated_annealing_swap__rep000__seed1,discrete,simulated_annealing_swap,0,1,62,Asset_062,Group_5,0.004,0.0,-0.004,0,0.0,0.2
discrete__simulated_annealing_swap__rep000__seed1,discrete,simulated_annealing_swap,0,1,63,Asset_063,Group_1,0.004,0.0,-0.004,0,0.0,0.2
discrete__simulated_annealing_swap__rep000__seed1,discrete,simulated_annealing_swap,0,1,64,Asset_064,Group_4,0.004,0.0,-0.004,0,0.0,0.2
discrete__simulated_annealing_swap__rep000__seed1,discrete,simulated_annealing_swap,0,1,65,Asset_065,Group_3,0.004,0.0,-0.004,0,0.0,0.2
discrete__simulated_annealing_swap__rep000__seed1,discrete,simulated_annealing_swap,0,1,66,Asset_066,Group_0,0.004,0.0,-0.004,0,0.0,0.2
discrete__simulated_annealing_swap__rep000__seed1,discrete,simulated_annealing_swap,0,1,67,Asset_067,Group_1,0.004,0.0,-0.004,0,0.0,0.2
discrete__simulated_annealing_swap__rep000__seed1,discrete,simulated_annealing_swap,0,1,68,Asset_068,Group_4,0.004,0.0,-0.004,0,0.0,0.2
discrete__simulated_annealing_swap__rep000__seed1,discrete,simulated_annealing_swap,0,1,69,Asset_069,Group_4,0.004,0.0,-0.004,0,0.0,0.2
discrete__simulated_annealing_swap__rep000__seed1,discrete,simulated_annealing_swap,0,1,70,Asset_070,Group_6,0.004,0.0,-0.004,0,0.0,0.2
discrete__simulated_annealing_swap__rep000__seed1,discrete,simulated_annealing_swap,0,1,71,Asset_071,Group_4,0.004,0.0,-0.004,0,0.0,0.2
discrete__simulated_annealing_swap__rep000__seed1,discrete,simulated_annealing_swap,0,1,72,Asset_072,Group_0,0.004,0.02,0.016,20,0.0,0.2
discrete__simulated_annealing_swap__rep000__seed1,discrete,simulated_annealing_swap,0,1,73,Asset_073,Group_2,0.004,0.0,-0.004,0,0.0,0.2
discrete__simulated_annealing_swap__rep000__seed1,discrete,simulated_annealing_swap,0,1,74,Asset_074,Group_1,0.004,0.0,-0.004,0,0.0,0.2
discrete__simulated_annealing_swap__rep000__seed1,discrete,simulated_annealing_swap,0,1,75,Asset_075,Group_6,0.004,0.0,-0.004,0,0.0,0.2
discrete__simulated_annealing_swap__rep000__seed1,discrete,simulated_annealing_swap,0,1,76,Asset_076,Group_5,0.004,0.0,-0.004,0,0.0,0.2
discrete__simulated_annealing_swap__rep000__seed1,discrete,simulated_annealing_swap,0,1,77,Asset_077,Group_0,0.004,0.0,-0.004,0,0.0,0.2
discrete__simulated_annealing_swap__rep000__seed1,discrete,simulated_annealing_swap,0,1,78,Asset_078,Group_1,0.004,0.0,-0.004,0,0.0,0.2
discrete__simulated_annealing_swap__rep000__seed1,discrete,simulated_annealing_swap,0,1,79,Asset_079,Group_6,0.004,0.0,-0.004,0,0.0,0.2
discrete__simulated_annealing_swap__rep000__seed1,discrete,simulated_annealing_swap,0,1,80,Asset_080,Group_5,0.004,0.0,-0.004,0,0.0,0.2
discrete__simulated_annealing_swap__rep000__seed1,discrete,simulated_annealing_swap,0,1,81,Asset_081,Group_4,0.004,0.0,-0.004,0,0.0,0.2
discrete__simulated_annealing_swap__rep000__seed1,discrete,simulated_annealing_swap,0,1,82,Asset_082,Group_0,0.004,0.0,-0.004,0,0.0,0.2
discrete__simulated_annealing_swap__rep000__seed1,discrete,simulated_annealing_swap,0,1,83,Asset_083,Group_2,0.004,0.0,-0.004,0,0.0,0.2
discrete__simulated_annealing_swap__rep000__seed1,discrete,simulated_annealing_swap,0,1,84,Asset_084,Group_0,0.004,0.0,-0.004,0,0.0,0.2
discrete__simulated_annealing_swap__rep000__seed1,discrete,simulated_annealing_swap,0,1,85,Asset_085,Group_6,0.004,0.0,-0.004,0,0.0,0.2
discrete__simulated_annealing_swap__rep000__seed1,discrete,simulated_annealing_swap,0,1,86,Asset_086,Group_6,0.004,0.033,0.029,33,0.0,0.2
discrete__simulated_annealing_swap__rep000__seed1,discrete,simulated_annealing_swap,0,1,87,Asset_087,Group_5,0.004,0.0,-0.004,0,0.0,0.2
discrete__simulated_annealing_swap__rep000__seed1,discrete,simulated_annealing_swap,0,1,88,Asset_088,Group_7,0.004,0.004,0.0,4,0.0,0.2
discrete__simulated_annealing_swap__rep000__seed1,discrete,simulated_annealing_swap,0,1,89,Asset_089,Group_2,0.004,0.0,-0.004,0,0.0,0.2
discrete__simulated_annealing_swap__rep000__seed1,discrete,simulated_annealing_swap,0,1,90,Asset_090,Group_1,0.004,0.0,-0.004,0,0.0,0.2
discrete__simulated_annealing_swap__rep000__seed1,discrete,simulated_annealing_swap,0,1,91,Asset_091,Group_3,0.004,0.0,-0.004,0,0.0,0.2
discrete__simulated_annealing_swap__rep000__seed1,discrete,simulated_annealing_swap,0,1,92,Asset_092,Group_2,0.004,0.0,-0.004,0,0.0,0.2
discrete__simulated_annealing_swap__rep000__seed1,discrete,simulated_annealing_swap,0,1,93,Asset_093,Group_6,0.004,0.0,-0.004,0,0.0,0.2
discrete__simulated_annealing_swap__rep000__seed1,discrete,simulated_annealing_swap,0,1,94,Asset_094,Group_5,0.004,0.165,0.161,165,0.0,0.2
discrete__simulated_annealing_swap__rep000__seed1,discrete,simulated_annealing_swap,0,1,95,Asset_095,Group_7,0.004,0.0,-0.004,0,0.0,0.2
discrete__simulated_annealing_swap__rep000__seed1,discrete,simulated_annealing_swap,0,1,96,Asset_096,Group_5,0.004,0.0,-0.004,0,0.0,0.2
discrete__simulated_annealing_swap__rep000__seed1,discrete,simulated_annealing_swap,0,1,97,Asset_097,Group_2,0.004,0.0,-0.004,0,0.0,0.2
discrete__simulated_annealing_swap__rep000__seed1,discrete,simulated_annealing_swap,0,1,98,Asset_098,Group_3,0.004,0.0,-0.004,0,0.0,0.2
discrete__simulated_annealing_swap__rep000__seed1,discrete,simulated_annealing_swap,0,1,99,Asset_099,Group_7,0.004,0.0,-0.004,0,0.0,0.2
discrete__simulated_annealing_swap__rep000__seed1,discrete,simulated_annealing_swap,0,1,100,Asset_100,Group_7,0.004,0.0,-0.004,0,0.0,0.2
discrete__simulated_annealing_swap__rep000__seed1,discrete,simulated_annealing_swap,0,1,101,Asset_101,Group_1,0.004,0.075,0.071,75,0.0,0.2
discrete__simulated_annealing_swap__rep000__seed1,discrete,simulated_annealing_swap,0,1,102,Asset_102,Group_3,0.004,0.004,0.0,4,0.0,0.2
discrete__simulated_annealing_swap__rep000__seed1,discrete,simulated_annealing_swap,0,1,103,Asset_103,Group_6,0.004,0.0,-0.004,0,0.0,0.2
discrete__simulated_annealing_swap__rep000__seed1,discrete,simulated_annealing_swap,0,1,104,Asset_104,Group_0,0.004,0.0,-0.004,0,0.0,0.2
discrete__simulated_annealing_swap__rep000__seed1,discrete,simulated_annealing_swap,0,1,105,Asset_105,Group_2,0.004,0.0,-0.004,0,0.0,0.2
discrete__simulated_annealing_swap__rep000__seed1,discrete,simulated_annealing_swap,0,1,106,Asset_106,Group_4,0.004,0.0,-0.004,0,0.0,0.2
discrete__simulated_annealing_swap__rep000__seed1,discrete,simulated_annealing_swap,0,1,107,Asset_107,Group_4,0.004,0.0,-0.004,0,0.0,0.2
discrete__simulated_annealing_swap__rep000__seed1,discrete,simulated_annealing_swap,0,1,108,Asset_108,Group_4,0.004,0.0,-0.004,0,0.0,0.2
discrete__simulated_annealing_swap__rep000__seed1,discrete,simulated_annealing_swap,0,1,109,Asset_109,Group_4,0.004,0.0,-0.004,0,0.0,0.2
discrete__simulated_annealing_swap__rep000__seed1,discrete,simulated_annealing_swap,0,1,110,Asset_110,Group_3,0.004,0.0,-0.004,0,0.0,0.2
discrete__simulated_annealing_swap__rep000__seed1,discrete,simulated_annealing_swap,0,1,111,Asset_111,Group_2,0.004,0.0,-0.004,0,0.0,0.2
discrete__simulated_annealing_swap__rep000__seed1,discrete,simulated_annealing_swap,0,1,112,Asset_112,Group_0,0.004,0.0,-0.004,0,0.0,0.2
discrete__simulated_annealing_swap__rep000__seed1,discrete,simulated_annealing_swap,0,1,113,Asset_113,Group_7,0.004,0.0,-0.004,0,0.0,0.2
discrete__simulated_annealing_swap__rep000__seed1,discrete,simulated_annealing_swap,0,1,114,Asset_114,Group_7,0.004,0.0,-0.004,0,0.0,0.2
discrete__simulated_annealing_swap__rep000__seed1,discrete,simulated_annealing_swap,0,1,115,Asset_115,Group_2,0.004,0.0,-0.004,0,0.0,0.2
discrete__simulated_annealing_swap__rep000__seed1,discrete,simulated_annealing_swap,0,1,116,Asset_116,Group_3,0.004,0.0,-0.004,0,0.0,0.2
discrete__simulated_annealing_swap__rep000__seed1,discrete,simulated_annealing_swap,0,1,117,Asset_117,Group_6,0.004,0.0,-0.004,0,0.0,0.2
discrete__simulated_annealing_swap__rep000__seed1,discrete,simulated_annealing_swap,0,1,118,Asset_118,Group_3,0.004,0.0,-0.004,0,0.0,0.2
discrete__simulated_annealing_swap__rep000__seed1,discrete,simulated_annealing_swap,0,1,119,Asset_119,Group_5,0.004,0.0,-0.004,0,0.0,0.2
discrete__simulated_annealing_swap__rep000__seed1,discrete,simulated_annealing_swap,0,1,120,Asset_120,Group_6,0.004,0.0,-0.004,0,0.0,0.2
discrete__simulated_annealing_swap__rep000__seed1,discrete,simulated_annealing_swap,0,1,121,Asset_121,Group_2,0.004,0.0,-0.004,0,0.0,0.2
discrete__simulated_annealing_swap__rep000__seed1,discrete,simulated_annealing_swap,0,1,122,Asset_122,Group_5,0.004,0.0,-0.004,0,0.0,0.2
discrete__simulated_annealing_swap__rep000__seed1,discrete,simulated_annealing_swap,0,1,123,Asset_123,Group_7,0.004,0.0,-0.004,0,0.0,0.2
discrete__simulated_annealing_swap__rep000__seed1,discrete,simulated_annealing_swap,0,1,124,Asset_124,Group_4,0.004,0.0,-0.004,0,0.0,0.2
discrete__simulated_annealing_swap__rep000__seed1,discrete,simulated_annealing_swap,0,1,125,Asset_125,Group_0,0.004,0.0,-0.004,0,0.0,0.2
discrete__simulated_annealing_swap__rep000__seed1,discrete,simulated_annealing_swap,0,1,126,Asset_126,Group_4,0.004,0.0,-0.004,0,0.0,0.2
discrete__simulated_annealing_swap__rep000__seed1,discrete,simulated_annealing_swap,0,1,127,Asset_127,Group_4,0.004,0.0,-0.004,0,0.0,0.2
discrete__simulated_annealing_swap__rep000__seed1,discrete,simulated_annealing_swap,0,1,128,Asset_128,Group_0,0.004,0.004,0.0,4,0.0,0.2
discrete__simulated_annealing_swap__rep000__seed1,discrete,simulated_annealing_swap,0,1,129,Asset_129,Group_1,0.004,0.0,-0.004,0,0.0,0.2
discrete__simulated_annealing_swap__rep000__seed1,discrete,simulated_annealing_swap,0,1,130,Asset_130,Group_2,0.004,0.0,-0.004,0,0.0,0.2
discrete__simulated_annealing_swap__rep000__seed1,discrete,simulated_annealing_swap,0,1,131,Asset_131,Group_6,0.004,0.0,-0.004,0,0.0,0.2
discrete__simulated_annealing_swap__rep000__seed1,discrete,simulated_annealing_swap,0,1,132,Asset_132,Group_6,0.004,0.0,-0.004,0,0.0,0.2
discrete__simulated_annealing_swap__rep000__seed1,discrete,simulated_annealing_swap,0,1,133,Asset_133,Group_0,0.004,0.004,0.0,4,0.0,0.2
discrete__simulated_annealing_swap__rep000__seed1,discrete,simulated_annealing_swap,0,1,134,Asset_134,Group_2,0.004,0.0,-0.004,0,0.0,0.2
discrete__simulated_annealing_swap__rep000__seed1,discrete,simulated_annealing_swap,0,1,135,Asset_135,Group_5,0.004,0.0,-0.004,0,0.0,0.2
discrete__simulated_annealing_swap__rep000__seed1,discrete,simulated_annealing_swap,0,1,136,Asset_136,Group_4,0.004,0.0,-0.004,0,0.0,0.2
discrete__simulated_annealing_swap__rep000__seed1,discrete,simulated_annealing_swap,0,1,137,Asset_137,Group_7,0.004,0.0,-0.004,0,0.0,0.2
discrete__simulated_annealing_swap__rep000__seed1,discrete,simulated_annealing_swap,0,1,138,Asset_138,Group_4,0.004,0.0,-0.004,0,0.0,0.2
discrete__simulated_annealing_swap__rep000__seed1,discrete,simulated_annealing_swap,0,1,139,Asset_139,Group_2,0.004,0.0,-0.004,0,0.0,0.2
discrete__simulated_annealing_swap__rep000__seed1,discrete,simulated_annealing_swap,0,1,140,Asset_140,Group_6,0.004,0.0,-0.004,0,0.0,0.2
discrete__simulated_annealing_swap__rep000__seed1,discrete,simulated_annealing_swap,0,1,141,Asset_141,Group_0,0.004,0.0,-0.004,0,0.0,0.2
discrete__simulated_annealing_swap__rep000__seed1,discrete,simulated_annealing_swap,0,1,142,Asset_142,Group_2,0.004,0.0,-0.004,0,0.0,0.2
discrete__simulated_annealing_swap__rep000__seed1,discrete,simulated_annealing_swap,0,1,143,Asset_143,Group_3,0.004,0.0,-0.004,0,0.0,0.2
discrete__simulated_annealing_swap__rep000__seed1,discrete,simulated_annealing_swap,0,1,144,Asset_144,Group_1,0.004,0.0,-0.004,0,0.0,0.2
discrete__simulated_annealing_swap__rep000__seed1,discrete,simulated_annealing_swap,0,1,145,Asset_145,Group_1,0.004,0.0,-0.004,0,0.0,0.2
discrete__simulated_annealing_swap__rep000__seed1,discrete,simulated_annealing_swap,0,1,146,Asset_146,Group_0,0.004,0.0,-0.004,0,0.0,0.2
discrete__simulated_annealing_swap__rep000__seed1,discrete,simulated_annealing_swap,0,1,147,Asset_147,Group_7,0.004,0.0,-0.004,0,0.0,0.2
discrete__simulated_annealing_swap__rep000__seed1,discrete,simulated_annealing_swap,0,1,148,Asset_148,Group_3,0.004,0.004,0.0,4,0.0,0.2
discrete__simulated_annealing_swap__rep000__seed1,discrete,simulated_annealing_swap,0,1,149,Asset_149,Group_4,0.004,0.0,-0.004,0,0.0,0.2
discrete__simulated_annealing_swap__rep000__seed1,discrete,simulated_annealing_swap,0,1,150,Asset_150,Group_0,0.004,0.0,-0.004,0,0.0,0.2
discrete__simulated_annealing_swap__rep000__seed1,discrete,simulated_annealing_swap,0,1,151,Asset_151,Group_1,0.004,0.0,-0.004,0,0.0,0.2
discrete__simulated_annealing_swap__rep000__seed1,discrete,simulated_annealing_swap,0,1,152,Asset_152,Group_4,0.004,0.0,-0.004,0,0.0,0.2
discrete__simulated_annealing_swap__rep000__seed1,discrete,simulated_annealing_swap,0,1,153,Asset_153,Group_4,0.004,0.0,-0.004,0,0.0,0.2
discrete__simulated_annealing_swap__rep000__seed1,discrete,simulated_annealing_swap,0,1,154,Asset_154,Group_6,0.004,0.088,0.08399999999999999,88,0.0,0.2
discrete__simulated_annealing_swap__rep000__seed1,discrete,simulated_annealing_swap,0,1,155,Asset_155,Group_1,0.004,0.048,0.044,48,0.0,0.2
discrete__simulated_annealing_swap__rep000__seed1,discrete,simulated_annealing_swap,0,1,156,Asset_156,Group_5,0.004,0.0,-0.004,0,0.0,0.2
discrete__simulated_annealing_swap__rep000__seed1,discrete,simulated_annealing_swap,0,1,157,Asset_157,Group_5,0.004,0.0,-0.004,0,0.0,0.2
discrete__simulated_annealing_swap__rep000__seed1,discrete,simulated_annealing_swap,0,1,158,Asset_158,Group_6,0.004,0.032,0.028,32,0.0,0.2
discrete__simulated_annealing_swap__rep000__seed1,discrete,simulated_annealing_swap,0,1,159,Asset_159,Group_0,0.004,0.0,-0.004,0,0.0,0.2
discrete__simulated_annealing_swap__rep000__seed1,discrete,simulated_annealing_swap,0,1,160,Asset_160,Group_5,0.004,0.0,-0.004,0,0.0,0.2
discrete__simulated_annealing_swap__rep000__seed1,discrete,simulated_annealing_swap,0,1,161,Asset_161,Group_0,0.004,0.0,-0.004,0,0.0,0.2
discrete__simulated_annealing_swap__rep000__seed1,discrete,simulated_annealing_swap,0,1,162,Asset_162,Group_0,0.004,0.0,-0.004,0,0.0,0.2
discrete__simulated_annealing_swap__rep000__seed1,discrete,simulated_annealing_swap,0,1,163,Asset_163,Group_6,0.004,0.0,-0.004,0,0.0,0.2
discrete__simulated_annealing_swap__rep000__seed1,discrete,simulated_annealing_swap,0,1,164,Asset_164,Group_3,0.004,0.0,-0.004,0,0.0,0.2
discrete__simulated_annealing_swap__rep000__seed1,discrete,simulated_annealing_swap,0,1,165,Asset_165,Group_2,0.004,0.0,-0.004,0,0.0,0.2
discrete__simulated_annealing_swap__rep000__seed1,discrete,simulated_annealing_swap,0,1,166,Asset_166,Group_3,0.004,0.0,-0.004,0,0.0,0.2
discrete__simulated_annealing_swap__rep000__seed1,discrete,simulated_annealing_swap,0,1,167,Asset_167,Group_6,0.004,0.0,-0.004,0,0.0,0.2
discrete__simulated_annealing_swap__rep000__seed1,discrete,simulated_annealing_swap,0,1,168,Asset_168,Group_1,0.004,0.0,-0.004,0,0.0,0.2
discrete__simulated_annealing_swap__rep000__seed1,discrete,simulated_annealing_swap,0,1,169,Asset_169,Group_3,0.004,0.0,-0.004,0,0.0,0.2
discrete__simulated_annealing_swap__rep000__seed1,discrete,simulated_annealing_swap,0,1,170,Asset_170,Group_5,0.004,0.0,-0.004,0,0.0,0.2
discrete__simulated_annealing_swap__rep000__seed1,discrete,simulated_annealing_swap,0,1,171,Asset_171,Group_3,0.004,0.0,-0.004,0,0.0,0.2
discrete__simulated_annealing_swap__rep000__seed1,discrete,simulated_annealing_swap,0,1,172,Asset_172,Group_4,0.004,0.0,-0.004,0,0.0,0.2
discrete__simulated_annealing_swap__rep000__seed1,discrete,simulated_annealing_swap,0,1,173,Asset_173,Group_7,0.004,0.0,-0.004,0,0.0,0.2
discrete__simulated_annealing_swap__rep000__seed1,discrete,simulated_annealing_swap,0,1,174,Asset_174,Group_3,0.004,0.0,-0.004,0,0.0,0.2
discrete__simulated_annealing_swap__rep000__seed1,discrete,simulated_annealing_swap,0,1,175,Asset_175,Group_5,0.004,0.0,-0.004,0,0.0,0.2
discrete__simulated_annealing_swap__rep000__seed1,discrete,simulated_annealing_swap,0,1,176,Asset_176,Group_4,0.004,0.0,-0.004,0,0.0,0.2
discrete__simulated_annealing_swap__rep000__seed1,discrete,simulated_annealing_swap,0,1,177,Asset_177,Group_1,0.004,0.0,-0.004,0,0.0,0.2
discrete__simulated_annealing_swap__rep000__seed1,discrete,simulated_annealing_swap,0,1,178,Asset_178,Group_7,0.004,0.0,-0.004,0,0.0,0.2
discrete__simulated_annealing_swap__rep000__seed1,discrete,simulated_annealing_swap,0,1,179,Asset_179,Group_6,0.004,0.0,-0.004,0,0.0,0.2
discrete__simulated_annealing_swap__rep000__seed1,discrete,simulated_annealing_swap,0,1,180,Asset_180,Group_0,0.004,0.0,-0.004,0,0.0,0.2
discrete__simulated_annealing_swap__rep000__seed1,discrete,simulated_annealing_swap,0,1,181,Asset_181,Group_7,0.004,0.0,-0.004,0,0.0,0.2
discrete__simulated_annealing_swap__rep000__seed1,discrete,simulated_annealing_swap,0,1,182,Asset_182,Group_1,0.004,0.0,-0.004,0,0.0,0.2
discrete__simulated_annealing_swap__rep000__seed1,discrete,simulated_annealing_swap,0,1,183,Asset_183,Group_5,0.004,0.0,-0.004,0,0.0,0.2
discrete__simulated_annealing_swap__rep000__seed1,discrete,simulated_annealing_swap,0,1,184,Asset_184,Group_0,0.004,0.0,-0.004,0,0.0,0.2
discrete__simulated_annealing_swap__rep000__seed1,discrete,simulated_annealing_swap,0,1,185,Asset_185,Group_7,0.004,0.0,-0.004,0,0.0,0.2
discrete__simulated_annealing_swap__rep000__seed1,discrete,simulated_annealing_swap,0,1,186,Asset_186,Group_1,0.004,0.0,-0.004,0,0.0,0.2
discrete__simulated_annealing_swap__rep000__seed1,discrete,simulated_annealing_swap,0,1,187,Asset_187,Group_4,0.004,0.0,-0.004,0,0.0,0.2
discrete__simulated_annealing_swap__rep000__seed1,discrete,simulated_annealing_swap,0,1,188,Asset_188,Group_7,0.004,0.0,-0.004,0,0.0,0.2
discrete__simulated_annealing_swap__rep000__seed1,discrete,simulated_annealing_swap,0,1,189,Asset_189,Group_3,0.004,0.0,-0.004,0,0.0,0.2
discrete__simulated_annealing_swap__rep000__seed1,discrete,simulated_annealing_swap,0,1,190,Asset_190,Group_7,0.004,0.0,-0.004,0,0.0,0.2
discrete__simulated_annealing_swap__rep000__seed1,discrete,simulated_annealing_swap,0,1,191,Asset_191,Group_5,0.004,0.0,-0.004,0,0.0,0.2
discrete__simulated_annealing_swap__rep000__seed1,discrete,simulated_annealing_swap,0,1,192,Asset_192,Group_6,0.004,0.0,-0.004,0,0.0,0.2
discrete__simulated_annealing_swap__rep000__seed1,discrete,simulated_annealing_swap,0,1,193,Asset_193,Group_5,0.004,0.0,-0.004,0,0.0,0.2
discrete__simulated_annealing_swap__rep000__seed1,discrete,simulated_annealing_swap,0,1,194,Asset_194,Group_1,0.004,0.0,-0.004,0,0.0,0.2
discrete__simulated_annealing_swap__rep000__seed1,discrete,simulated_annealing_swap,0,1,195,Asset_195,Group_7,0.004,0.2,0.196,200,0.0,0.2
discrete__simulated_annealing_swap__rep000__seed1,discrete,simulated_annealing_swap,0,1,196,Asset_196,Group_4,0.004,0.0,-0.004,0,0.0,0.2
discrete__simulated_annealing_swap__rep000__seed1,discrete,simulated_annealing_swap,0,1,197,Asset_197,Group_5,0.004,0.0,-0.004,0,0.0,0.2
discrete__simulated_annealing_swap__rep000__seed1,discrete,simulated_annealing_swap,0,1,198,Asset_198,Group_1,0.004,0.0,-0.004,0,0.0,0.2
discrete__simulated_annealing_swap__rep000__seed1,discrete,simulated_annealing_swap,0,1,199,Asset_199,Group_3,0.004,0.0,-0.004,0,0.0,0.2
discrete__simulated_annealing_swap__rep000__seed1,discrete,simulated_annealing_swap,0,1,200,Asset_200,Group_6,0.004,0.0,-0.004,0,0.0,0.2
discrete__simulated_annealing_swap__rep000__seed1,discrete,simulated_annealing_swap,0,1,201,Asset_201,Group_0,0.004,0.0,-0.004,0,0.0,0.2
discrete__simulated_annealing_swap__rep000__seed1,discrete,simulated_annealing_swap,0,1,202,Asset_202,Group_6,0.004,0.0,-0.004,0,0.0,0.2
discrete__simulated_annealing_swap__rep000__seed1,discrete,simulated_annealing_swap,0,1,203,Asset_203,Group_0,0.004,0.0,-0.004,0,0.0,0.2
discrete__simulated_annealing_swap__rep000__seed1,discrete,simulated_annealing_swap,0,1,204,Asset_204,Group_1,0.004,0.0,-0.004,0,0.0,0.2
discrete__simulated_annealing_swap__rep000__seed1,discrete,simulated_annealing_swap,0,1,205,Asset_205,Group_2,0.004,0.0,-0.004,0,0.0,0.2
discrete__simulated_annealing_swap__rep000__seed1,discrete,simulated_annealing_swap,0,1,206,Asset_206,Group_0,0.004,0.0,-0.004,0,0.0,0.2
discrete__simulated_annealing_swap__rep000__seed1,discrete,simulated_annealing_swap,0,1,207,Asset_207,Group_3,0.004,0.0,-0.004,0,0.0,0.2
discrete__simulated_annealing_swap__rep000__seed1,discrete,simulated_annealing_swap,0,1,208,Asset_208,Group_0,0.004,0.0,-0.004,0,0.0,0.2
discrete__simulated_annealing_swap__rep000__seed1,discrete,simulated_annealing_swap,0,1,209,Asset_209,Group_5,0.004,0.0,-0.004,0,0.0,0.2
discrete__simulated_annealing_swap__rep000__seed1,discrete,simulated_annealing_swap,0,1,210,Asset_210,Group_2,0.004,0.0,-0.004,0,0.0,0.2
discrete__simulated_annealing_swap__rep000__seed1,discrete,simulated_annealing_swap,0,1,211,Asset_211,Group_5,0.004,0.0,-0.004,0,0.0,0.2
discrete__simulated_annealing_swap__rep000__seed1,discrete,simulated_annealing_swap,0,1,212,Asset_212,Group_2,0.004,0.0,-0.004,0,0.0,0.2
discrete__simulated_annealing_swap__rep000__seed1,discrete,simulated_annealing_swap,0,1,213,Asset_213,Group_5,0.004,0.0,-0.004,0,0.0,0.2
discrete__simulated_annealing_swap__rep000__seed1,discrete,simulated_annealing_swap,0,1,214,Asset_214,Group_1,0.004,0.0,-0.004,0,0.0,0.2
discrete__simulated_annealing_swap__rep000__seed1,discrete,simulated_annealing_swap,0,1,215,Asset_215,Group_2,0.004,0.0,-0.004,0,0.0,0.2
discrete__simulated_annealing_swap__rep000__seed1,discrete,simulated_annealing_swap,0,1,216,Asset_216,Group_1,0.004,0.0,-0.004,0,0.0,0.2
discrete__simulated_annealing_swap__rep000__seed1,discrete,simulated_annealing_swap,0,1,217,Asset_217,Group_1,0.004,0.0,-0.004,0,0.0,0.2
discrete__simulated_annealing_swap__rep000__seed1,discrete,simulated_annealing_swap,0,1,218,Asset_218,Group_6,0.004,0.0,-0.004,0,0.0,0.2
discrete__simulated_annealing_swap__rep000__seed1,discrete,simulated_annealing_swap,0,1,219,Asset_219,Group_2,0.004,0.0,-0.004,0,0.0,0.2
discrete__simulated_annealing_swap__rep000__seed1,discrete,simulated_annealing_swap,0,1,220,Asset_220,Group_5,0.004,0.0,-0.004,0,0.0,0.2
discrete__simulated_annealing_swap__rep000__seed1,discrete,simulated_annealing_swap,0,1,221,Asset_221,Group_1,0.004,0.0,-0.004,0,0.0,0.2
discrete__simulated_annealing_swap__rep000__seed1,discrete,simulated_annealing_swap,0,1,222,Asset_222,Group_3,0.004,0.0,-0.004,0,0.0,0.2
discrete__simulated_annealing_swap__rep000__seed1,discrete,simulated_annealing_swap,0,1,223,Asset_223,Group_0,0.004,0.0,-0.004,0,0.0,0.2
discrete__simulated_annealing_swap__rep000__seed1,discrete,simulated_annealing_swap,0,1,224,Asset_224,Group_0,0.004,0.0,-0.004,0,0.0,0.2
discrete__simulated_annealing_swap__rep000__seed1,discrete,simulated_annealing_swap,0,1,225,Asset_225,Group_0,0.004,0.0,-0.004,0,0.0,0.2
discrete__simulated_annealing_swap__rep000__seed1,discrete,simulated_annealing_swap,0,1,226,Asset_226,Group_6,0.004,0.0,-0.004,0,0.0,0.2
discrete__simulated_annealing_swap__rep000__seed1,discrete,simulated_annealing_swap,0,1,227,Asset_227,Group_7,0.004,0.0,-0.004,0,0.0,0.2
discrete__simulated_annealing_swap__rep000__seed1,discrete,simulated_annealing_swap,0,1,228,Asset_228,Group_3,0.004,0.0,-0.004,0,0.0,0.2
discrete__simulated_annealing_swap__rep000__seed1,discrete,simulated_annealing_swap,0,1,229,Asset_229,Group_6,0.004,0.0,-0.004,0,0.0,0.2
discrete__simulated_annealing_swap__rep000__seed1,discrete,simulated_annealing_swap,0,1,230,Asset_230,Group_4,0.004,0.002,-0.002,2,0.0,0.2
discrete__simulated_annealing_swap__rep000__seed1,discrete,simulated_annealing_swap,0,1,231,Asset_231,Group_5,0.004,0.0,-0.004,0,0.0,0.2
discrete__simulated_annealing_swap__rep000__seed1,discrete,simulated_annealing_swap,0,1,232,Asset_232,Group_5,0.004,0.0,-0.004,0,0.0,0.2
discrete__simulated_annealing_swap__rep000__seed1,discrete,simulated_annealing_swap,0,1,233,Asset_233,Group_2,0.004,0.093,0.089,93,0.0,0.2
discrete__simulated_annealing_swap__rep000__seed1,discrete,simulated_annealing_swap,0,1,234,Asset_234,Group_2,0.004,0.0,-0.004,0,0.0,0.2
discrete__simulated_annealing_swap__rep000__seed1,discrete,simulated_annealing_swap,0,1,235,Asset_235,Group_7,0.004,0.0,-0.004,0,0.0,0.2
discrete__simulated_annealing_swap__rep000__seed1,discrete,simulated_annealing_swap,0,1,236,Asset_236,Group_2,0.004,0.0,-0.004,0,0.0,0.2
discrete__simulated_annealing_swap__rep000__seed1,discrete,simulated_annealing_swap,0,1,237,Asset_237,Group_0,0.004,0.0,-0.004,0,0.0,0.2
discrete__simulated_annealing_swap__rep000__seed1,discrete,simulated_annealing_swap,0,1,238,Asset_238,Group_5,0.004,0.0,-0.004,0,0.0,0.2
discrete__simulated_annealing_swap__rep000__seed1,discrete,simulated_annealing_swap,0,1,239,Asset_239,Group_5,0.004,0.004,0.0,4,0.0,0.2
discrete__simulated_annealing_swap__rep000__seed1,discrete,simulated_annealing_swap,0,1,240,Asset_240,Group_7,0.004,0.0,-0.004,0,0.0,0.2
discrete__simulated_annealing_swap__rep000__seed1,discrete,simulated_annealing_swap,0,1,241,Asset_241,Group_6,0.004,0.0,-0.004,0,0.0,0.2
discrete__simulated_annealing_swap__rep000__seed1,discrete,simulated_annealing_swap,0,1,242,Asset_242,Group_0,0.004,0.0,-0.004,0,0.0,0.2
discrete__simulated_annealing_swap__rep000__seed1,discrete,simulated_annealing_swap,0,1,243,Asset_243,Group_2,0.004,0.0,-0.004,0,0.0,0.2
discrete__simulated_annealing_swap__rep000__seed1,discrete,simulated_annealing_swap,0,1,244,Asset_244,Group_7,0.004,0.0,-0.004,0,0.0,0.2
discrete__simulated_annealing_swap__rep000__seed1,discrete,simulated_annealing_swap,0,1,245,Asset_245,Group_7,0.004,0.0,-0.004,0,0.0,0.2
discrete__simulated_annealing_swap__rep000__seed1,discrete,simulated_annealing_swap,0,1,246,Asset_246,Group_0,0.004,0.0,-0.004,0,0.0,0.2
discrete__simulated_annealing_swap__rep000__seed1,discrete,simulated_annealing_swap,0,1,247,Asset_247,Group_3,0.004,0.0,-0.004,0,0.0,0.2
discrete__simulated_annealing_swap__rep000__seed1,discrete,simulated_annealing_swap,0,1,248,Asset_248,Group_2,0.004,0.0,-0.004,0,0.0,0.2
discrete__simulated_annealing_swap__rep000__seed1,discrete,simulated_annealing_swap,0,1,249,Asset_249,Group_0,0.004,0.0,-0.004,0,0.0,0.2
discrete__simulated_annealing_swap__rep000__seed2,discrete,simulated_annealing_swap,0,2,0,Asset_000,Group_3,0.004,0.0,-0.004,0,0.0,0.2
discrete__simulated_annealing_swap__rep000__seed2,discrete,simulated_annealing_swap,0,2,1,Asset_001,Group_7,0.004,0.0,-0.004,0,0.0,0.2
discrete__simulated_annealing_swap__rep000__seed2,discrete,simulated_annealing_swap,0,2,2,Asset_002,Group_7,0.004,0.0,-0.004,0,0.0,0.2
discrete__simulated_annealing_swap__rep000__seed2,discrete,simulated_annealing_swap,0,2,3,Asset_003,Group_2,0.004,0.0,-0.004,0,0.0,0.2
discrete__simulated_annealing_swap__rep000__seed2,discrete,simulated_annealing_swap,0,2,4,Asset_004,Group_6,0.004,0.0,-0.004,0,0.0,0.2
discrete__simulated_annealing_swap__rep000__seed2,discrete,simulated_annealing_swap,0,2,5,Asset_005,Group_7,0.004,0.0,-0.004,0,0.0,0.2
discrete__simulated_annealing_swap__rep000__seed2,discrete,simulated_annealing_swap,0,2,6,Asset_006,Group_3,0.004,0.0,-0.004,0,0.0,0.2
discrete__simulated_annealing_swap__rep000__seed2,discrete,simulated_annealing_swap,0,2,7,Asset_007,Group_0,0.004,0.0,-0.004,0,0.0,0.2
discrete__simulated_annealing_swap__rep000__seed2,discrete,simulated_annealing_swap,0,2,8,Asset_008,Group_2,0.004,0.0,-0.004,0,0.0,0.2
discrete__simulated_annealing_swap__rep000__seed2,discrete,simulated_annealing_swap,0,2,9,Asset_009,Group_6,0.004,0.0,-0.004,0,0.0,0.2
discrete__simulated_annealing_swap__rep000__seed2,discrete,simulated_annealing_swap,0,2,10,Asset_010,Group_0,0.004,0.0,-0.004,0,0.0,0.2
discrete__simulated_annealing_swap__rep000__seed2,discrete,simulated_annealing_swap,0,2,11,Asset_011,Group_5,0.004,0.0,-0.004,0,0.0,0.2
discrete__simulated_annealing_swap__rep000__seed2,discrete,simulated_annealing_swap,0,2,12,Asset_012,Group_7,0.004,0.0,-0.004,0,0.0,0.2
discrete__simulated_annealing_swap__rep000__seed2,discrete,simulated_annealing_swap,0,2,13,Asset_013,Group_2,0.004,0.0,-0.004,0,0.0,0.2
discrete__simulated_annealing_swap__rep000__seed2,discrete,simulated_annealing_swap,0,2,14,Asset_014,Group_4,0.004,0.0,-0.004,0,0.0,0.2
discrete__simulated_annealing_swap__rep000__seed2,discrete,simulated_annealing_swap,0,2,15,Asset_015,Group_4,0.004,0.0,-0.004,0,0.0,0.2
discrete__simulated_annealing_swap__rep000__seed2,discrete,simulated_annealing_swap,0,2,16,Asset_016,Group_1,0.004,0.0,-0.004,0,0.0,0.2
discrete__simulated_annealing_swap__rep000__seed2,discrete,simulated_annealing_swap,0,2,17,Asset_017,Group_4,0.004,0.0,-0.004,0,0.0,0.2
discrete__simulated_annealing_swap__rep000__seed2,discrete,simulated_annealing_swap,0,2,18,Asset_018,Group_3,0.004,0.0,-0.004,0,0.0,0.2
discrete__simulated_annealing_swap__rep000__seed2,discrete,simulated_annealing_swap,0,2,19,Asset_019,Group_2,0.004,0.0,-0.004,0,0.0,0.2
discrete__simulated_annealing_swap__rep000__seed2,discrete,simulated_annealing_swap,0,2,20,Asset_020,Group_1,0.004,0.0,-0.004,0,0.0,0.2
discrete__simulated_annealing_swap__rep000__seed2,discrete,simulated_annealing_swap,0,2,21,Asset_021,Group_1,0.004,0.0,-0.004,0,0.0,0.2
discrete__simulated_annealing_swap__rep000__seed2,discrete,simulated_annealing_swap,0,2,22,Asset_022,Group_3,0.004,0.016,0.012,16,0.0,0.2
discrete__simulated_annealing_swap__rep000__seed2,discrete,simulated_annealing_swap,0,2,23,Asset_023,Group_6,0.004,0.0,-0.004,0,0.0,0.2
discrete__simulated_annealing_swap__rep000__seed2,discrete,simulated_annealing_swap,0,2,24,Asset_024,Group_4,0.004,0.0,-0.004,0,0.0,0.2
discrete__simulated_annealing_swap__rep000__seed2,discrete,simulated_annealing_swap,0,2,25,Asset_025,Group_5,0.004,0.0,-0.004,0,0.0,0.2
discrete__simulated_annealing_swap__rep000__seed2,discrete,simulated_annealing_swap,0,2,26,Asset_026,Group_1,0.004,0.0,-0.004,0,0.0,0.2
discrete__simulated_annealing_swap__rep000__seed2,discrete,simulated_annealing_swap,0,2,27,Asset_027,Group_7,0.004,0.0,-0.004,0,0.0,0.2
discrete__simulated_annealing_swap__rep000__seed2,discrete,simulated_annealing_swap,0,2,28,Asset_028,Group_1,0.004,0.0,-0.004,0,0.0,0.2
discrete__simulated_annealing_swap__rep000__seed2,discrete,simulated_annealing_swap,0,2,29,Asset_029,Group_4,0.004,0.0,-0.004,0,0.0,0.2
discrete__simulated_annealing_swap__rep000__seed2,discrete,simulated_annealing_swap,0,2,30,Asset_030,Group_1,0.004,0.0,-0.004,0,0.0,0.2
discrete__simulated_annealing_swap__rep000__seed2,discrete,simulated_annealing_swap,0,2,31,Asset_031,Group_2,0.004,0.0,-0.004,0,0.0,0.2
discrete__simulated_annealing_swap__rep000__seed2,discrete,simulated_annealing_swap,0,2,32,Asset_032,Group_1,0.004,0.0,-0.004,0,0.0,0.2
discrete__simulated_annealing_swap__rep000__seed2,discrete,simulated_annealing_swap,0,2,33,Asset_033,Group_3,0.004,0.0,-0.004,0,0.0,0.2
discrete__simulated_annealing_swap__rep000__seed2,discrete,simulated_annealing_swap,0,2,34,Asset_034,Group_4,0.004,0.0,-0.004,0,0.0,0.2
discrete__simulated_annealing_swap__rep000__seed2,discrete,simulated_annealing_swap,0,2,35,Asset_035,Group_6,0.004,0.0,-0.004,0,0.0,0.2
discrete__simulated_annealing_swap__rep000__seed2,discrete,simulated_annealing_swap,0,2,36,Asset_036,Group_3,0.004,0.0,-0.004,0,0.0,0.2
discrete__simulated_annealing_swap__rep000__seed2,discrete,simulated_annealing_swap,0,2,37,Asset_037,Group_1,0.004,0.0,-0.004,0,0.0,0.2
discrete__simulated_annealing_swap__rep000__seed2,discrete,simulated_annealing_swap,0,2,38,Asset_038,Group_5,0.004,0.0,-0.004,0,0.0,0.2
discrete__simulated_annealing_swap__rep000__seed2,discrete,simulated_annealing_swap,0,2,39,Asset_039,Group_7,0.004,0.0,-0.004,0,0.0,0.2
discrete__simulated_annealing_swap__rep000__seed2,discrete,simulated_annealing_swap,0,2,40,Asset_040,Group_1,0.004,0.0,-0.004,0,0.0,0.2
discrete__simulated_annealing_swap__rep000__seed2,discrete,simulated_annealing_swap,0,2,41,Asset_041,Group_5,0.004,0.0,-0.004,0,0.0,0.2
discrete__simulated_annealing_swap__rep000__seed2,discrete,simulated_annealing_swap,0,2,42,Asset_042,Group_5,0.004,0.0,-0.004,0,0.0,0.2
discrete__simulated_annealing_swap__rep000__seed2,discrete,simulated_annealing_swap,0,2,43,Asset_043,Group_6,0.004,0.019,0.015,19,0.0,0.2
discrete__simulated_annealing_swap__rep000__seed2,discrete,simulated_annealing_swap,0,2,44,Asset_044,Group_3,0.004,0.0,-0.004,0,0.0,0.2
discrete__simulated_annealing_swap__rep000__seed2,discrete,simulated_annealing_swap,0,2,45,Asset_045,Group_3,0.004,0.0,-0.004,0,0.0,0.2
discrete__simulated_annealing_swap__rep000__seed2,discrete,simulated_annealing_swap,0,2,46,Asset_046,Group_6,0.004,0.088,0.08399999999999999,88,0.0,0.2
discrete__simulated_annealing_swap__rep000__seed2,discrete,simulated_annealing_swap,0,2,47,Asset_047,Group_7,0.004,0.0,-0.004,0,0.0,0.2
discrete__simulated_annealing_swap__rep000__seed2,discrete,simulated_annealing_swap,0,2,48,Asset_048,Group_7,0.004,0.0,-0.004,0,0.0,0.2
discrete__simulated_annealing_swap__rep000__seed2,discrete,simulated_annealing_swap,0,2,49,Asset_049,Group_7,0.004,0.0,-0.004,0,0.0,0.2
discrete__simulated_annealing_swap__rep000__seed2,discrete,simulated_annealing_swap,0,2,50,Asset_050,Group_1,0.004,0.0,-0.004,0,0.0,0.2
discrete__simulated_annealing_swap__rep000__seed2,discrete,simulated_annealing_swap,0,2,51,Asset_051,Group_3,0.004,0.0,-0.004,0,0.0,0.2
discrete__simulated_annealing_swap__rep000__seed2,discrete,simulated_annealing_swap,0,2,52,Asset_052,Group_3,0.004,0.0,-0.004,0,0.0,0.2
discrete__simulated_annealing_swap__rep000__seed2,discrete,simulated_annealing_swap,0,2,53,Asset_053,Group_2,0.004,0.0,-0.004,0,0.0,0.2
discrete__simulated_annealing_swap__rep000__seed2,discrete,simulated_annealing_swap,0,2,54,Asset_054,Group_3,0.004,0.0,-0.004,0,0.0,0.2
discrete__simulated_annealing_swap__rep000__seed2,discrete,simulated_annealing_swap,0,2,55,Asset_055,Group_2,0.004,0.0,-0.004,0,0.0,0.2
discrete__simulated_annealing_swap__rep000__seed2,discrete,simulated_annealing_swap,0,2,56,Asset_056,Group_4,0.004,0.081,0.077,81,0.0,0.2
discrete__simulated_annealing_swap__rep000__seed2,discrete,simulated_annealing_swap,0,2,57,Asset_057,Group_4,0.004,0.0,-0.004,0,0.0,0.2
discrete__simulated_annealing_swap__rep000__seed2,discrete,simulated_annealing_swap,0,2,58,Asset_058,Group_4,0.004,0.0,-0.004,0,0.0,0.2
discrete__simulated_annealing_swap__rep000__seed2,discrete,simulated_annealing_swap,0,2,59,Asset_059,Group_0,0.004,0.0,-0.004,0,0.0,0.2
discrete__simulated_annealing_swap__rep000__seed2,discrete,simulated_annealing_swap,0,2,60,Asset_060,Group_6,0.004,0.0,-0.004,0,0.0,0.2
discrete__simulated_annealing_swap__rep000__seed2,discrete,simulated_annealing_swap,0,2,61,Asset_061,Group_7,0.004,0.0,-0.004,0,0.0,0.2
discrete__simulated_annealing_swap__rep000__seed2,discrete,simulated_annealing_swap,0,2,62,Asset_062,Group_5,0.004,0.0,-0.004,0,0.0,0.2
discrete__simulated_annealing_swap__rep000__seed2,discrete,simulated_annealing_swap,0,2,63,Asset_063,Group_1,0.004,0.0,-0.004,0,0.0,0.2
discrete__simulated_annealing_swap__rep000__seed2,discrete,simulated_annealing_swap,0,2,64,Asset_064,Group_4,0.004,0.0,-0.004,0,0.0,0.2
discrete__simulated_annealing_swap__rep000__seed2,discrete,simulated_annealing_swap,0,2,65,Asset_065,Group_3,0.004,0.0,-0.004,0,0.0,0.2
discrete__simulated_annealing_swap__rep000__seed2,discrete,simulated_annealing_swap,0,2,66,Asset_066,Group_0,0.004,0.0,-0.004,0,0.0,0.2
discrete__simulated_annealing_swap__rep000__seed2,discrete,simulated_annealing_swap,0,2,67,Asset_067,Group_1,0.004,0.0,-0.004,0,0.0,0.2
discrete__simulated_annealing_swap__rep000__seed2,discrete,simulated_annealing_swap,0,2,68,Asset_068,Group_4,0.004,0.0,-0.004,0,0.0,0.2
discrete__simulated_annealing_swap__rep000__seed2,discrete,simulated_annealing_swap,0,2,69,Asset_069,Group_4,0.004,0.0,-0.004,0,0.0,0.2
discrete__simulated_annealing_swap__rep000__seed2,discrete,simulated_annealing_swap,0,2,70,Asset_070,Group_6,0.004,0.0,-0.004,0,0.0,0.2
discrete__simulated_annealing_swap__rep000__seed2,discrete,simulated_annealing_swap,0,2,71,Asset_071,Group_4,0.004,0.0,-0.004,0,0.0,0.2
discrete__simulated_annealing_swap__rep000__seed2,discrete,simulated_annealing_swap,0,2,72,Asset_072,Group_0,0.004,0.028,0.024,28,0.0,0.2
discrete__simulated_annealing_swap__rep000__seed2,discrete,simulated_annealing_swap,0,2,73,Asset_073,Group_2,0.004,0.0,-0.004,0,0.0,0.2
discrete__simulated_annealing_swap__rep000__seed2,discrete,simulated_annealing_swap,0,2,74,Asset_074,Group_1,0.004,0.0,-0.004,0,0.0,0.2
discrete__simulated_annealing_swap__rep000__seed2,discrete,simulated_annealing_swap,0,2,75,Asset_075,Group_6,0.004,0.0,-0.004,0,0.0,0.2
discrete__simulated_annealing_swap__rep000__seed2,discrete,simulated_annealing_swap,0,2,76,Asset_076,Group_5,0.004,0.0,-0.004,0,0.0,0.2
discrete__simulated_annealing_swap__rep000__seed2,discrete,simulated_annealing_swap,0,2,77,Asset_077,Group_0,0.004,0.0,-0.004,0,0.0,0.2
discrete__simulated_annealing_swap__rep000__seed2,discrete,simulated_annealing_swap,0,2,78,Asset_078,Group_1,0.004,0.0,-0.004,0,0.0,0.2
discrete__simulated_annealing_swap__rep000__seed2,discrete,simulated_annealing_swap,0,2,79,Asset_079,Group_6,0.004,0.0,-0.004,0,0.0,0.2
discrete__simulated_annealing_swap__rep000__seed2,discrete,simulated_annealing_swap,0,2,80,Asset_080,Group_5,0.004,0.0,-0.004,0,0.0,0.2
discrete__simulated_annealing_swap__rep000__seed2,discrete,simulated_annealing_swap,0,2,81,Asset_081,Group_4,0.004,0.0,-0.004,0,0.0,0.2
discrete__simulated_annealing_swap__rep000__seed2,discrete,simulated_annealing_swap,0,2,82,Asset_082,Group_0,0.004,0.0,-0.004,0,0.0,0.2
discrete__simulated_annealing_swap__rep000__seed2,discrete,simulated_annealing_swap,0,2,83,Asset_083,Group_2,0.004,0.0,-0.004,0,0.0,0.2
discrete__simulated_annealing_swap__rep000__seed2,discrete,simulated_annealing_swap,0,2,84,Asset_084,Group_0,0.004,0.0,-0.004,0,0.0,0.2
discrete__simulated_annealing_swap__rep000__seed2,discrete,simulated_annealing_swap,0,2,85,Asset_085,Group_6,0.004,0.0,-0.004,0,0.0,0.2
discrete__simulated_annealing_swap__rep000__seed2,discrete,simulated_annealing_swap,0,2,86,Asset_086,Group_6,0.004,0.032,0.028,32,0.0,0.2
discrete__simulated_annealing_swap__rep000__seed2,discrete,simulated_annealing_swap,0,2,87,Asset_087,Group_5,0.004,0.0,-0.004,0,0.0,0.2
discrete__simulated_annealing_swap__rep000__seed2,discrete,simulated_annealing_swap,0,2,88,Asset_088,Group_7,0.004,0.004,0.0,4,0.0,0.2
discrete__simulated_annealing_swap__rep000__seed2,discrete,simulated_annealing_swap,0,2,89,Asset_089,Group_2,0.004,0.0,-0.004,0,0.0,0.2
discrete__simulated_annealing_swap__rep000__seed2,discrete,simulated_annealing_swap,0,2,90,Asset_090,Group_1,0.004,0.0,-0.004,0,0.0,0.2
discrete__simulated_annealing_swap__rep000__seed2,discrete,simulated_annealing_swap,0,2,91,Asset_091,Group_3,0.004,0.0,-0.004,0,0.0,0.2
discrete__simulated_annealing_swap__rep000__seed2,discrete,simulated_annealing_swap,0,2,92,Asset_092,Group_2,0.004,0.0,-0.004,0,0.0,0.2
discrete__simulated_annealing_swap__rep000__seed2,discrete,simulated_annealing_swap,0,2,93,Asset_093,Group_6,0.004,0.0,-0.004,0,0.0,0.2
discrete__simulated_annealing_swap__rep000__seed2,discrete,simulated_annealing_swap,0,2,94,Asset_094,Group_5,0.004,0.152,0.148,152,0.0,0.2
discrete__simulated_annealing_swap__rep000__seed2,discrete,simulated_annealing_swap,0,2,95,Asset_095,Group_7,0.004,0.0,-0.004,0,0.0,0.2
discrete__simulated_annealing_swap__rep000__seed2,discrete,simulated_annealing_swap,0,2,96,Asset_096,Group_5,0.004,0.0,-0.004,0,0.0,0.2
discrete__simulated_annealing_swap__rep000__seed2,discrete,simulated_annealing_swap,0,2,97,Asset_097,Group_2,0.004,0.0,-0.004,0,0.0,0.2
discrete__simulated_annealing_swap__rep000__seed2,discrete,simulated_annealing_swap,0,2,98,Asset_098,Group_3,0.004,0.0,-0.004,0,0.0,0.2
discrete__simulated_annealing_swap__rep000__seed2,discrete,simulated_annealing_swap,0,2,99,Asset_099,Group_7,0.004,0.0,-0.004,0,0.0,0.2
discrete__simulated_annealing_swap__rep000__seed2,discrete,simulated_annealing_swap,0,2,100,Asset_100,Group_7,0.004,0.0,-0.004,0,0.0,0.2
discrete__simulated_annealing_swap__rep000__seed2,discrete,simulated_annealing_swap,0,2,101,Asset_101,Group_1,0.004,0.073,0.06899999999999999,73,0.0,0.2
discrete__simulated_annealing_swap__rep000__seed2,discrete,simulated_annealing_swap,0,2,102,Asset_102,Group_3,0.004,0.004,0.0,4,0.0,0.2
discrete__simulated_annealing_swap__rep000__seed2,discrete,simulated_annealing_swap,0,2,103,Asset_103,Group_6,0.004,0.0,-0.004,0,0.0,0.2
discrete__simulated_annealing_swap__rep000__seed2,discrete,simulated_annealing_swap,0,2,104,Asset_104,Group_0,0.004,0.0,-0.004,0,0.0,0.2
discrete__simulated_annealing_swap__rep000__seed2,discrete,simulated_annealing_swap,0,2,105,Asset_105,Group_2,0.004,0.0,-0.004,0,0.0,0.2
discrete__simulated_annealing_swap__rep000__seed2,discrete,simulated_annealing_swap,0,2,106,Asset_106,Group_4,0.004,0.0,-0.004,0,0.0,0.2
discrete__simulated_annealing_swap__rep000__seed2,discrete,simulated_annealing_swap,0,2,107,Asset_107,Group_4,0.004,0.0,-0.004,0,0.0,0.2
discrete__simulated_annealing_swap__rep000__seed2,discrete,simulated_annealing_swap,0,2,108,Asset_108,Group_4,0.004,0.0,-0.004,0,0.0,0.2
discrete__simulated_annealing_swap__rep000__seed2,discrete,simulated_annealing_swap,0,2,109,Asset_109,Group_4,0.004,0.0,-0.004,0,0.0,0.2
discrete__simulated_annealing_swap__rep000__seed2,discrete,simulated_annealing_swap,0,2,110,Asset_110,Group_3,0.004,0.0,-0.004,0,0.0,0.2
discrete__simulated_annealing_swap__rep000__seed2,discrete,simulated_annealing_swap,0,2,111,Asset_111,Group_2,0.004,0.0,-0.004,0,0.0,0.2
discrete__simulated_annealing_swap__rep000__seed2,discrete,simulated_annealing_swap,0,2,112,Asset_112,Group_0,0.004,0.0,-0.004,0,0.0,0.2
discrete__simulated_annealing_swap__rep000__seed2,discrete,simulated_annealing_swap,0,2,113,Asset_113,Group_7,0.004,0.0,-0.004,0,0.0,0.2
discrete__simulated_annealing_swap__rep000__seed2,discrete,simulated_annealing_swap,0,2,114,Asset_114,Group_7,0.004,0.0,-0.004,0,0.0,0.2
discrete__simulated_annealing_swap__rep000__seed2,discrete,simulated_annealing_swap,0,2,115,Asset_115,Group_2,0.004,0.0,-0.004,0,0.0,0.2
discrete__simulated_annealing_swap__rep000__seed2,discrete,simulated_annealing_swap,0,2,116,Asset_116,Group_3,0.004,0.0,-0.004,0,0.0,0.2
discrete__simulated_annealing_swap__rep000__seed2,discrete,simulated_annealing_swap,0,2,117,Asset_117,Group_6,0.004,0.0,-0.004,0,0.0,0.2
discrete__simulated_annealing_swap__rep000__seed2,discrete,simulated_annealing_swap,0,2,118,Asset_118,Group_3,0.004,0.0,-0.004,0,0.0,0.2
discrete__simulated_annealing_swap__rep000__seed2,discrete,simulated_annealing_swap,0,2,119,Asset_119,Group_5,0.004,0.0,-0.004,0,0.0,0.2
discrete__simulated_annealing_swap__rep000__seed2,discrete,simulated_annealing_swap,0,2,120,Asset_120,Group_6,0.004,0.0,-0.004,0,0.0,0.2
discrete__simulated_annealing_swap__rep000__seed2,discrete,simulated_annealing_swap,0,2,121,Asset_121,Group_2,0.004,0.0,-0.004,0,0.0,0.2
discrete__simulated_annealing_swap__rep000__seed2,discrete,simulated_annealing_swap,0,2,122,Asset_122,Group_5,0.004,0.0,-0.004,0,0.0,0.2
discrete__simulated_annealing_swap__rep000__seed2,discrete,simulated_annealing_swap,0,2,123,Asset_123,Group_7,0.004,0.0,-0.004,0,0.0,0.2
discrete__simulated_annealing_swap__rep000__seed2,discrete,simulated_annealing_swap,0,2,124,Asset_124,Group_4,0.004,0.0,-0.004,0,0.0,0.2
discrete__simulated_annealing_swap__rep000__seed2,discrete,simulated_annealing_swap,0,2,125,Asset_125,Group_0,0.004,0.0,-0.004,0,0.0,0.2
discrete__simulated_annealing_swap__rep000__seed2,discrete,simulated_annealing_swap,0,2,126,Asset_126,Group_4,0.004,0.0,-0.004,0,0.0,0.2
discrete__simulated_annealing_swap__rep000__seed2,discrete,simulated_annealing_swap,0,2,127,Asset_127,Group_4,0.004,0.0,-0.004,0,0.0,0.2
discrete__simulated_annealing_swap__rep000__seed2,discrete,simulated_annealing_swap,0,2,128,Asset_128,Group_0,0.004,0.004,0.0,4,0.0,0.2
discrete__simulated_annealing_swap__rep000__seed2,discrete,simulated_annealing_swap,0,2,129,Asset_129,Group_1,0.004,0.0,-0.004,0,0.0,0.2
discrete__simulated_annealing_swap__rep000__seed2,discrete,simulated_annealing_swap,0,2,130,Asset_130,Group_2,0.004,0.0,-0.004,0,0.0,0.2
discrete__simulated_annealing_swap__rep000__seed2,discrete,simulated_annealing_swap,0,2,131,Asset_131,Group_6,0.004,0.0,-0.004,0,0.0,0.2
discrete__simulated_annealing_swap__rep000__seed2,discrete,simulated_annealing_swap,0,2,132,Asset_132,Group_6,0.004,0.0,-0.004,0,0.0,0.2
discrete__simulated_annealing_swap__rep000__seed2,discrete,simulated_annealing_swap,0,2,133,Asset_133,Group_0,0.004,0.004,0.0,4,0.0,0.2
discrete__simulated_annealing_swap__rep000__seed2,discrete,simulated_annealing_swap,0,2,134,Asset_134,Group_2,0.004,0.0,-0.004,0,0.0,0.2
discrete__simulated_annealing_swap__rep000__seed2,discrete,simulated_annealing_swap,0,2,135,Asset_135,Group_5,0.004,0.0,-0.004,0,0.0,0.2
discrete__simulated_annealing_swap__rep000__seed2,discrete,simulated_annealing_swap,0,2,136,Asset_136,Group_4,0.004,0.0,-0.004,0,0.0,0.2
discrete__simulated_annealing_swap__rep000__seed2,discrete,simulated_annealing_swap,0,2,137,Asset_137,Group_7,0.004,0.0,-0.004,0,0.0,0.2
discrete__simulated_annealing_swap__rep000__seed2,discrete,simulated_annealing_swap,0,2,138,Asset_138,Group_4,0.004,0.0,-0.004,0,0.0,0.2
discrete__simulated_annealing_swap__rep000__seed2,discrete,simulated_annealing_swap,0,2,139,Asset_139,Group_2,0.004,0.0,-0.004,0,0.0,0.2
discrete__simulated_annealing_swap__rep000__seed2,discrete,simulated_annealing_swap,0,2,140,Asset_140,Group_6,0.004,0.0,-0.004,0,0.0,0.2
discrete__simulated_annealing_swap__rep000__seed2,discrete,simulated_annealing_swap,0,2,141,Asset_141,Group_0,0.004,0.0,-0.004,0,0.0,0.2
discrete__simulated_annealing_swap__rep000__seed2,discrete,simulated_annealing_swap,0,2,142,Asset_142,Group_2,0.004,0.0,-0.004,0,0.0,0.2
discrete__simulated_annealing_swap__rep000__seed2,discrete,simulated_annealing_swap,0,2,143,Asset_143,Group_3,0.004,0.0,-0.004,0,0.0,0.2
discrete__simulated_annealing_swap__rep000__seed2,discrete,simulated_annealing_swap,0,2,144,Asset_144,Group_1,0.004,0.0,-0.004,0,0.0,0.2
discrete__simulated_annealing_swap__rep000__seed2,discrete,simulated_annealing_swap,0,2,145,Asset_145,Group_1,0.004,0.0,-0.004,0,0.0,0.2
discrete__simulated_annealing_swap__rep000__seed2,discrete,simulated_annealing_swap,0,2,146,Asset_146,Group_0,0.004,0.0,-0.004,0,0.0,0.2
discrete__simulated_annealing_swap__rep000__seed2,discrete,simulated_annealing_swap,0,2,147,Asset_147,Group_7,0.004,0.0,-0.004,0,0.0,0.2
discrete__simulated_annealing_swap__rep000__seed2,discrete,simulated_annealing_swap,0,2,148,Asset_148,Group_3,0.004,0.004,0.0,4,0.0,0.2
discrete__simulated_annealing_swap__rep000__seed2,discrete,simulated_annealing_swap,0,2,149,Asset_149,Group_4,0.004,0.0,-0.004,0,0.0,0.2
discrete__simulated_annealing_swap__rep000__seed2,discrete,simulated_annealing_swap,0,2,150,Asset_150,Group_0,0.004,0.0,-0.004,0,0.0,0.2
discrete__simulated_annealing_swap__rep000__seed2,discrete,simulated_annealing_swap,0,2,151,Asset_151,Group_1,0.004,0.0,-0.004,0,0.0,0.2
discrete__simulated_annealing_swap__rep000__seed2,discrete,simulated_annealing_swap,0,2,152,Asset_152,Group_4,0.004,0.0,-0.004,0,0.0,0.2
discrete__simulated_annealing_swap__rep000__seed2,discrete,simulated_annealing_swap,0,2,153,Asset_153,Group_4,0.004,0.0,-0.004,0,0.0,0.2
discrete__simulated_annealing_swap__rep000__seed2,discrete,simulated_annealing_swap,0,2,154,Asset_154,Group_6,0.004,0.083,0.079,83,0.0,0.2
discrete__simulated_annealing_swap__rep000__seed2,discrete,simulated_annealing_swap,0,2,155,Asset_155,Group_1,0.004,0.06,0.055999999999999994,60,0.0,0.2
discrete__simulated_annealing_swap__rep000__seed2,discrete,simulated_annealing_swap,0,2,156,Asset_156,Group_5,0.004,0.0,-0.004,0,0.0,0.2
discrete__simulated_annealing_swap__rep000__seed2,discrete,simulated_annealing_swap,0,2,157,Asset_157,Group_5,0.004,0.0,-0.004,0,0.0,0.2
discrete__simulated_annealing_swap__rep000__seed2,discrete,simulated_annealing_swap,0,2,158,Asset_158,Group_6,0.004,0.052000000000000005,0.048,52,0.0,0.2
discrete__simulated_annealing_swap__rep000__seed2,discrete,simulated_annealing_swap,0,2,159,Asset_159,Group_0,0.004,0.0,-0.004,0,0.0,0.2
discrete__simulated_annealing_swap__rep000__seed2,discrete,simulated_annealing_swap,0,2,160,Asset_160,Group_5,0.004,0.0,-0.004,0,0.0,0.2
discrete__simulated_annealing_swap__rep000__seed2,discrete,simulated_annealing_swap,0,2,161,Asset_161,Group_0,0.004,0.0,-0.004,0,0.0,0.2
discrete__simulated_annealing_swap__rep000__seed2,discrete,simulated_annealing_swap,0,2,162,Asset_162,Group_0,0.004,0.0,-0.004,0,0.0,0.2
discrete__simulated_annealing_swap__rep000__seed2,discrete,simulated_annealing_swap,0,2,163,Asset_163,Group_6,0.004,0.0,-0.004,0,0.0,0.2
discrete__simulated_annealing_swap__rep000__seed2,discrete,simulated_annealing_swap,0,2,164,Asset_164,Group_3,0.004,0.0,-0.004,0,0.0,0.2
discrete__simulated_annealing_swap__rep000__seed2,discrete,simulated_annealing_swap,0,2,165,Asset_165,Group_2,0.004,0.0,-0.004,0,0.0,0.2
discrete__simulated_annealing_swap__rep000__seed2,discrete,simulated_annealing_swap,0,2,166,Asset_166,Group_3,0.004,0.0,-0.004,0,0.0,0.2
discrete__simulated_annealing_swap__rep000__seed2,discrete,simulated_annealing_swap,0,2,167,Asset_167,Group_6,0.004,0.0,-0.004,0,0.0,0.2
discrete__simulated_annealing_swap__rep000__seed2,discrete,simulated_annealing_swap,0,2,168,Asset_168,Group_1,0.004,0.0,-0.004,0,0.0,0.2
discrete__simulated_annealing_swap__rep000__seed2,discrete,simulated_annealing_swap,0,2,169,Asset_169,Group_3,0.004,0.0,-0.004,0,0.0,0.2
discrete__simulated_annealing_swap__rep000__seed2,discrete,simulated_annealing_swap,0,2,170,Asset_170,Group_5,0.004,0.0,-0.004,0,0.0,0.2
discrete__simulated_annealing_swap__rep000__seed2,discrete,simulated_annealing_swap,0,2,171,Asset_171,Group_3,0.004,0.0,-0.004,0,0.0,0.2
discrete__simulated_annealing_swap__rep000__seed2,discrete,simulated_annealing_swap,0,2,172,Asset_172,Group_4,0.004,0.0,-0.004,0,0.0,0.2
discrete__simulated_annealing_swap__rep000__seed2,discrete,simulated_annealing_swap,0,2,173,Asset_173,Group_7,0.004,0.0,-0.004,0,0.0,0.2
discrete__simulated_annealing_swap__rep000__seed2,discrete,simulated_annealing_swap,0,2,174,Asset_174,Group_3,0.004,0.0,-0.004,0,0.0,0.2
discrete__simulated_annealing_swap__rep000__seed2,discrete,simulated_annealing_swap,0,2,175,Asset_175,Group_5,0.004,0.0,-0.004,0,0.0,0.2
discrete__simulated_annealing_swap__rep000__seed2,discrete,simulated_annealing_swap,0,2,176,Asset_176,Group_4,0.004,0.0,-0.004,0,0.0,0.2
discrete__simulated_annealing_swap__rep000__seed2,discrete,simulated_annealing_swap,0,2,177,Asset_177,Group_1,0.004,0.0,-0.004,0,0.0,0.2
discrete__simulated_annealing_swap__rep000__seed2,discrete,simulated_annealing_swap,0,2,178,Asset_178,Group_7,0.004,0.0,-0.004,0,0.0,0.2
discrete__simulated_annealing_swap__rep000__seed2,discrete,simulated_annealing_swap,0,2,179,Asset_179,Group_6,0.004,0.0,-0.004,0,0.0,0.2
discrete__simulated_annealing_swap__rep000__seed2,discrete,simulated_annealing_swap,0,2,180,Asset_180,Group_0,0.004,0.0,-0.004,0,0.0,0.2
discrete__simulated_annealing_swap__rep000__seed2,discrete,simulated_annealing_swap,0,2,181,Asset_181,Group_7,0.004,0.0,-0.004,0,0.0,0.2
discrete__simulated_annealing_swap__rep000__seed2,discrete,simulated_annealing_swap,0,2,182,Asset_182,Group_1,0.004,0.0,-0.004,0,0.0,0.2
discrete__simulated_annealing_swap__rep000__seed2,discrete,simulated_annealing_swap,0,2,183,Asset_183,Group_5,0.004,0.0,-0.004,0,0.0,0.2
discrete__simulated_annealing_swap__rep000__seed2,discrete,simulated_annealing_swap,0,2,184,Asset_184,Group_0,0.004,0.0,-0.004,0,0.0,0.2
discrete__simulated_annealing_swap__rep000__seed2,discrete,simulated_annealing_swap,0,2,185,Asset_185,Group_7,0.004,0.0,-0.004,0,0.0,0.2
discrete__simulated_annealing_swap__rep000__seed2,discrete,simulated_annealing_swap,0,2,186,Asset_186,Group_1,0.004,0.0,-0.004,0,0.0,0.2
discrete__simulated_annealing_swap__rep000__seed2,discrete,simulated_annealing_swap,0,2,187,Asset_187,Group_4,0.004,0.0,-0.004,0,0.0,0.2
discrete__simulated_annealing_swap__rep000__seed2,discrete,simulated_annealing_swap,0,2,188,Asset_188,Group_7,0.004,0.0,-0.004,0,0.0,0.2
discrete__simulated_annealing_swap__rep000__seed2,discrete,simulated_annealing_swap,0,2,189,Asset_189,Group_3,0.004,0.0,-0.004,0,0.0,0.2
discrete__simulated_annealing_swap__rep000__seed2,discrete,simulated_annealing_swap,0,2,190,Asset_190,Group_7,0.004,0.0,-0.004,0,0.0,0.2
discrete__simulated_annealing_swap__rep000__seed2,discrete,simulated_annealing_swap,0,2,191,Asset_191,Group_5,0.004,0.0,-0.004,0,0.0,0.2
discrete__simulated_annealing_swap__rep000__seed2,discrete,simulated_annealing_swap,0,2,192,Asset_192,Group_6,0.004,0.0,-0.004,0,0.0,0.2
discrete__simulated_annealing_swap__rep000__seed2,discrete,simulated_annealing_swap,0,2,193,Asset_193,Group_5,0.004,0.0,-0.004,0,0.0,0.2
discrete__simulated_annealing_swap__rep000__seed2,discrete,simulated_annealing_swap,0,2,194,Asset_194,Group_1,0.004,0.0,-0.004,0,0.0,0.2
discrete__simulated_annealing_swap__rep000__seed2,discrete,simulated_annealing_swap,0,2,195,Asset_195,Group_7,0.004,0.2,0.196,200,0.0,0.2
discrete__simulated_annealing_swap__rep000__seed2,discrete,simulated_annealing_swap,0,2,196,Asset_196,Group_4,0.004,0.0,-0.004,0,0.0,0.2
discrete__simulated_annealing_swap__rep000__seed2,discrete,simulated_annealing_swap,0,2,197,Asset_197,Group_5,0.004,0.0,-0.004,0,0.0,0.2
discrete__simulated_annealing_swap__rep000__seed2,discrete,simulated_annealing_swap,0,2,198,Asset_198,Group_1,0.004,0.0,-0.004,0,0.0,0.2
discrete__simulated_annealing_swap__rep000__seed2,discrete,simulated_annealing_swap,0,2,199,Asset_199,Group_3,0.004,0.0,-0.004,0,0.0,0.2
discrete__simulated_annealing_swap__rep000__seed2,discrete,simulated_annealing_swap,0,2,200,Asset_200,Group_6,0.004,0.0,-0.004,0,0.0,0.2
discrete__simulated_annealing_swap__rep000__seed2,discrete,simulated_annealing_swap,0,2,201,Asset_201,Group_0,0.004,0.0,-0.004,0,0.0,0.2
discrete__simulated_annealing_swap__rep000__seed2,discrete,simulated_annealing_swap,0,2,202,Asset_202,Group_6,0.004,0.0,-0.004,0,0.0,0.2
discrete__simulated_annealing_swap__rep000__seed2,discrete,simulated_annealing_swap,0,2,203,Asset_203,Group_0,0.004,0.0,-0.004,0,0.0,0.2
discrete__simulated_annealing_swap__rep000__seed2,discrete,simulated_annealing_swap,0,2,204,Asset_204,Group_1,0.004,0.0,-0.004,0,0.0,0.2
discrete__simulated_annealing_swap__rep000__seed2,discrete,simulated_annealing_swap,0,2,205,Asset_205,Group_2,0.004,0.0,-0.004,0,0.0,0.2
discrete__simulated_annealing_swap__rep000__seed2,discrete,simulated_annealing_swap,0,2,206,Asset_206,Group_0,0.004,0.0,-0.004,0,0.0,0.2
discrete__simulated_annealing_swap__rep000__seed2,discrete,simulated_annealing_swap,0,2,207,Asset_207,Group_3,0.004,0.0,-0.004,0,0.0,0.2
discrete__simulated_annealing_swap__rep000__seed2,discrete,simulated_annealing_swap,0,2,208,Asset_208,Group_0,0.004,0.0,-0.004,0,0.0,0.2
discrete__simulated_annealing_swap__rep000__seed2,discrete,simulated_annealing_swap,0,2,209,Asset_209,Group_5,0.004,0.0,-0.004,0,0.0,0.2
discrete__simulated_annealing_swap__rep000__seed2,discrete,simulated_annealing_swap,0,2,210,Asset_210,Group_2,0.004,0.0,-0.004,0,0.0,0.2
discrete__simulated_annealing_swap__rep000__seed2,discrete,simulated_annealing_swap,0,2,211,Asset_211,Group_5,0.004,0.0,-0.004,0,0.0,0.2
discrete__simulated_annealing_swap__rep000__seed2,discrete,simulated_annealing_swap,0,2,212,Asset_212,Group_2,0.004,0.0,-0.004,0,0.0,0.2
discrete__simulated_annealing_swap__rep000__seed2,discrete,simulated_annealing_swap,0,2,213,Asset_213,Group_5,0.004,0.0,-0.004,0,0.0,0.2
discrete__simulated_annealing_swap__rep000__seed2,discrete,simulated_annealing_swap,0,2,214,Asset_214,Group_1,0.004,0.0,-0.004,0,0.0,0.2
discrete__simulated_annealing_swap__rep000__seed2,discrete,simulated_annealing_swap,0,2,215,Asset_215,Group_2,0.004,0.0,-0.004,0,0.0,0.2
discrete__simulated_annealing_swap__rep000__seed2,discrete,simulated_annealing_swap,0,2,216,Asset_216,Group_1,0.004,0.0,-0.004,0,0.0,0.2
discrete__simulated_annealing_swap__rep000__seed2,discrete,simulated_annealing_swap,0,2,217,Asset_217,Group_1,0.004,0.0,-0.004,0,0.0,0.2
discrete__simulated_annealing_swap__rep000__seed2,discrete,simulated_annealing_swap,0,2,218,Asset_218,Group_6,0.004,0.0,-0.004,0,0.0,0.2
discrete__simulated_annealing_swap__rep000__seed2,discrete,simulated_annealing_swap,0,2,219,Asset_219,Group_2,0.004,0.0,-0.004,0,0.0,0.2
discrete__simulated_annealing_swap__rep000__seed2,discrete,simulated_annealing_swap,0,2,220,Asset_220,Group_5,0.004,0.0,-0.004,0,0.0,0.2
discrete__simulated_annealing_swap__rep000__seed2,discrete,simulated_annealing_swap,0,2,221,Asset_221,Group_1,0.004,0.0,-0.004,0,0.0,0.2
discrete__simulated_annealing_swap__rep000__seed2,discrete,simulated_annealing_swap,0,2,222,Asset_222,Group_3,0.004,0.0,-0.004,0,0.0,0.2
discrete__simulated_annealing_swap__rep000__seed2,discrete,simulated_annealing_swap,0,2,223,Asset_223,Group_0,0.004,0.0,-0.004,0,0.0,0.2
discrete__simulated_annealing_swap__rep000__seed2,discrete,simulated_annealing_swap,0,2,224,Asset_224,Group_0,0.004,0.0,-0.004,0,0.0,0.2
discrete__simulated_annealing_swap__rep000__seed2,discrete,simulated_annealing_swap,0,2,225,Asset_225,Group_0,0.004,0.0,-0.004,0,0.0,0.2
discrete__simulated_annealing_swap__rep000__seed2,discrete,simulated_annealing_swap,0,2,226,Asset_226,Group_6,0.004,0.0,-0.004,0,0.0,0.2
discrete__simulated_annealing_swap__rep000__seed2,discrete,simulated_annealing_swap,0,2,227,Asset_227,Group_7,0.004,0.0,-0.004,0,0.0,0.2
discrete__simulated_annealing_swap__rep000__seed2,discrete,simulated_annealing_swap,0,2,228,Asset_228,Group_3,0.004,0.0,-0.004,0,0.0,0.2
discrete__simulated_annealing_swap__rep000__seed2,discrete,simulated_annealing_swap,0,2,229,Asset_229,Group_6,0.004,0.0,-0.004,0,0.0,0.2
discrete__simulated_annealing_swap__rep000__seed2,discrete,simulated_annealing_swap,0,2,230,Asset_230,Group_4,0.004,0.004,0.0,4,0.0,0.2
discrete__simulated_annealing_swap__rep000__seed2,discrete,simulated_annealing_swap,0,2,231,Asset_231,Group_5,0.004,0.0,-0.004,0,0.0,0.2
discrete__simulated_annealing_swap__rep000__seed2,discrete,simulated_annealing_swap,0,2,232,Asset_232,Group_5,0.004,0.0,-0.004,0,0.0,0.2
discrete__simulated_annealing_swap__rep000__seed2,discrete,simulated_annealing_swap,0,2,233,Asset_233,Group_2,0.004,0.088,0.08399999999999999,88,0.0,0.2
discrete__simulated_annealing_swap__rep000__seed2,discrete,simulated_annealing_swap,0,2,234,Asset_234,Group_2,0.004,0.0,-0.004,0,0.0,0.2
discrete__simulated_annealing_swap__rep000__seed2,discrete,simulated_annealing_swap,0,2,235,Asset_235,Group_7,0.004,0.0,-0.004,0,0.0,0.2
discrete__simulated_annealing_swap__rep000__seed2,discrete,simulated_annealing_swap,0,2,236,Asset_236,Group_2,0.004,0.0,-0.004,0,0.0,0.2
discrete__simulated_annealing_swap__rep000__seed2,discrete,simulated_annealing_swap,0,2,237,Asset_237,Group_0,0.004,0.0,-0.004,0,0.0,0.2
discrete__simulated_annealing_swap__rep000__seed2,discrete,simulated_annealing_swap,0,2,238,Asset_238,Group_5,0.004,0.0,-0.004,0,0.0,0.2
discrete__simulated_annealing_swap__rep000__seed2,discrete,simulated_annealing_swap,0,2,239,Asset_239,Group_5,0.004,0.004,0.0,4,0.0,0.2
discrete__simulated_annealing_swap__rep000__seed2,discrete,simulated_annealing_swap,0,2,240,Asset_240,Group_7,0.004,0.0,-0.004,0,0.0,0.2
discrete__simulated_annealing_swap__rep000__seed2,discrete,simulated_annealing_swap,0,2,241,Asset_241,Group_6,0.004,0.0,-0.004,0,0.0,0.2
discrete__simulated_annealing_swap__rep000__seed2,discrete,simulated_annealing_swap,0,2,242,Asset_242,Group_0,0.004,0.0,-0.004,0,0.0,0.2
discrete__simulated_annealing_swap__rep000__seed2,discrete,simulated_annealing_swap,0,2,243,Asset_243,Group_2,0.004,0.0,-0.004,0,0.0,0.2
discrete__simulated_annealing_swap__rep000__seed2,discrete,simulated_annealing_swap,0,2,244,Asset_244,Group_7,0.004,0.0,-0.004,0,0.0,0.2
discrete__simulated_annealing_swap__rep000__seed2,discrete,simulated_annealing_swap,0,2,245,Asset_245,Group_7,0.004,0.0,-0.004,0,0.0,0.2
discrete__simulated_annealing_swap__rep000__seed2,discrete,simulated_annealing_swap,0,2,246,Asset_246,Group_0,0.004,0.0,-0.004,0,0.0,0.2
discrete__simulated_annealing_swap__rep000__seed2,discrete,simulated_annealing_swap,0,2,247,Asset_247,Group_3,0.004,0.0,-0.004,0,0.0,0.2
discrete__simulated_annealing_swap__rep000__seed2,discrete,simulated_annealing_swap,0,2,248,Asset_248,Group_2,0.004,0.0,-0.004,0,0.0,0.2
discrete__simulated_annealing_swap__rep000__seed2,discrete,simulated_annealing_swap,0,2,249,Asset_249,Group_0,0.004,0.0,-0.004,0,0.0,0.2
discrete__simulated_annealing_swap__rep000__seed3,discrete,simulated_annealing_swap,0,3,0,Asset_000,Group_3,0.004,0.0,-0.004,0,0.0,0.2
discrete__simulated_annealing_swap__rep000__seed3,discrete,simulated_annealing_swap,0,3,1,Asset_001,Group_7,0.004,0.0,-0.004,0,0.0,0.2
discrete__simulated_annealing_swap__rep000__seed3,discrete,simulated_annealing_swap,0,3,2,Asset_002,Group_7,0.004,0.0,-0.004,0,0.0,0.2
discrete__simulated_annealing_swap__rep000__seed3,discrete,simulated_annealing_swap,0,3,3,Asset_003,Group_2,0.004,0.0,-0.004,0,0.0,0.2
discrete__simulated_annealing_swap__rep000__seed3,discrete,simulated_annealing_swap,0,3,4,Asset_004,Group_6,0.004,0.0,-0.004,0,0.0,0.2
discrete__simulated_annealing_swap__rep000__seed3,discrete,simulated_annealing_swap,0,3,5,Asset_005,Group_7,0.004,0.0,-0.004,0,0.0,0.2
discrete__simulated_annealing_swap__rep000__seed3,discrete,simulated_annealing_swap,0,3,6,Asset_006,Group_3,0.004,0.0,-0.004,0,0.0,0.2
discrete__simulated_annealing_swap__rep000__seed3,discrete,simulated_annealing_swap,0,3,7,Asset_007,Group_0,0.004,0.0,-0.004,0,0.0,0.2
discrete__simulated_annealing_swap__rep000__seed3,discrete,simulated_annealing_swap,0,3,8,Asset_008,Group_2,0.004,0.0,-0.004,0,0.0,0.2
discrete__simulated_annealing_swap__rep000__seed3,discrete,simulated_annealing_swap,0,3,9,Asset_009,Group_6,0.004,0.0,-0.004,0,0.0,0.2
discrete__simulated_annealing_swap__rep000__seed3,discrete,simulated_annealing_swap,0,3,10,Asset_010,Group_0,0.004,0.0,-0.004,0,0.0,0.2
discrete__simulated_annealing_swap__rep000__seed3,discrete,simulated_annealing_swap,0,3,11,Asset_011,Group_5,0.004,0.0,-0.004,0,0.0,0.2
discrete__simulated_annealing_swap__rep000__seed3,discrete,simulated_annealing_swap,0,3,12,Asset_012,Group_7,0.004,0.0,-0.004,0,0.0,0.2
discrete__simulated_annealing_swap__rep000__seed3,discrete,simulated_annealing_swap,0,3,13,Asset_013,Group_2,0.004,0.0,-0.004,0,0.0,0.2
discrete__simulated_annealing_swap__rep000__seed3,discrete,simulated_annealing_swap,0,3,14,Asset_014,Group_4,0.004,0.0,-0.004,0,0.0,0.2
discrete__simulated_annealing_swap__rep000__seed3,discrete,simulated_annealing_swap,0,3,15,Asset_015,Group_4,0.004,0.0,-0.004,0,0.0,0.2
discrete__simulated_annealing_swap__rep000__seed3,discrete,simulated_annealing_swap,0,3,16,Asset_016,Group_1,0.004,0.0,-0.004,0,0.0,0.2
discrete__simulated_annealing_swap__rep000__seed3,discrete,simulated_annealing_swap,0,3,17,Asset_017,Group_4,0.004,0.0,-0.004,0,0.0,0.2
discrete__simulated_annealing_swap__rep000__seed3,discrete,simulated_annealing_swap,0,3,18,Asset_018,Group_3,0.004,0.0,-0.004,0,0.0,0.2
discrete__simulated_annealing_swap__rep000__seed3,discrete,simulated_annealing_swap,0,3,19,Asset_019,Group_2,0.004,0.0,-0.004,0,0.0,0.2
discrete__simulated_annealing_swap__rep000__seed3,discrete,simulated_annealing_swap,0,3,20,Asset_020,Group_1,0.004,0.0,-0.004,0,0.0,0.2
discrete__simulated_annealing_swap__rep000__seed3,discrete,simulated_annealing_swap,0,3,21,Asset_021,Group_1,0.004,0.0,-0.004,0,0.0,0.2
discrete__simulated_annealing_swap__rep000__seed3,discrete,simulated_annealing_swap,0,3,22,Asset_022,Group_3,0.004,0.016,0.012,16,0.0,0.2
discrete__simulated_annealing_swap__rep000__seed3,discrete,simulated_annealing_swap,0,3,23,Asset_023,Group_6,0.004,0.0,-0.004,0,0.0,0.2
discrete__simulated_annealing_swap__rep000__seed3,discrete,simulated_annealing_swap,0,3,24,Asset_024,Group_4,0.004,0.0,-0.004,0,0.0,0.2
discrete__simulated_annealing_swap__rep000__seed3,discrete,simulated_annealing_swap,0,3,25,Asset_025,Group_5,0.004,0.0,-0.004,0,0.0,0.2
discrete__simulated_annealing_swap__rep000__seed3,discrete,simulated_annealing_swap,0,3,26,Asset_026,Group_1,0.004,0.0,-0.004,0,0.0,0.2
discrete__simulated_annealing_swap__rep000__seed3,discrete,simulated_annealing_swap,0,3,27,Asset_027,Group_7,0.004,0.0,-0.004,0,0.0,0.2
discrete__simulated_annealing_swap__rep000__seed3,discrete,simulated_annealing_swap,0,3,28,Asset_028,Group_1,0.004,0.0,-0.004,0,0.0,0.2
discrete__simulated_annealing_swap__rep000__seed3,discrete,simulated_annealing_swap,0,3,29,Asset_029,Group_4,0.004,0.0,-0.004,0,0.0,0.2
discrete__simulated_annealing_swap__rep000__seed3,discrete,simulated_annealing_swap,0,3,30,Asset_030,Group_1,0.004,0.0,-0.004,0,0.0,0.2
discrete__simulated_annealing_swap__rep000__seed3,discrete,simulated_annealing_swap,0,3,31,Asset_031,Group_2,0.004,0.0,-0.004,0,0.0,0.2
discrete__simulated_annealing_swap__rep000__seed3,discrete,simulated_annealing_swap,0,3,32,Asset_032,Group_1,0.004,0.0,-0.004,0,0.0,0.2
discrete__simulated_annealing_swap__rep000__seed3,discrete,simulated_annealing_swap,0,3,33,Asset_033,Group_3,0.004,0.0,-0.004,0,0.0,0.2
discrete__simulated_annealing_swap__rep000__seed3,discrete,simulated_annealing_swap,0,3,34,Asset_034,Group_4,0.004,0.0,-0.004,0,0.0,0.2
discrete__simulated_annealing_swap__rep000__seed3,discrete,simulated_annealing_swap,0,3,35,Asset_035,Group_6,0.004,0.0,-0.004,0,0.0,0.2
discrete__simulated_annealing_swap__rep000__seed3,discrete,simulated_annealing_swap,0,3,36,Asset_036,Group_3,0.004,0.0,-0.004,0,0.0,0.2
discrete__simulated_annealing_swap__rep000__seed3,discrete,simulated_annealing_swap,0,3,37,Asset_037,Group_1,0.004,0.0,-0.004,0,0.0,0.2
discrete__simulated_annealing_swap__rep000__seed3,discrete,simulated_annealing_swap,0,3,38,Asset_038,Group_5,0.004,0.0,-0.004,0,0.0,0.2
discrete__simulated_annealing_swap__rep000__seed3,discrete,simulated_annealing_swap,0,3,39,Asset_039,Group_7,0.004,0.0,-0.004,0,0.0,0.2
discrete__simulated_annealing_swap__rep000__seed3,discrete,simulated_annealing_swap,0,3,40,Asset_040,Group_1,0.004,0.0,-0.004,0,0.0,0.2
discrete__simulated_annealing_swap__rep000__seed3,discrete,simulated_annealing_swap,0,3,41,Asset_041,Group_5,0.004,0.0,-0.004,0,0.0,0.2
discrete__simulated_annealing_swap__rep000__seed3,discrete,simulated_annealing_swap,0,3,42,Asset_042,Group_5,0.004,0.0,-0.004,0,0.0,0.2
discrete__simulated_annealing_swap__rep000__seed3,discrete,simulated_annealing_swap,0,3,43,Asset_043,Group_6,0.004,0.01,0.006,10,0.0,0.2
discrete__simulated_annealing_swap__rep000__seed3,discrete,simulated_annealing_swap,0,3,44,Asset_044,Group_3,0.004,0.0,-0.004,0,0.0,0.2
discrete__simulated_annealing_swap__rep000__seed3,discrete,simulated_annealing_swap,0,3,45,Asset_045,Group_3,0.004,0.0,-0.004,0,0.0,0.2
discrete__simulated_annealing_swap__rep000__seed3,discrete,simulated_annealing_swap,0,3,46,Asset_046,Group_6,0.004,0.111,0.107,111,0.0,0.2
discrete__simulated_annealing_swap__rep000__seed3,discrete,simulated_annealing_swap,0,3,47,Asset_047,Group_7,0.004,0.0,-0.004,0,0.0,0.2
discrete__simulated_annealing_swap__rep000__seed3,discrete,simulated_annealing_swap,0,3,48,Asset_048,Group_7,0.004,0.0,-0.004,0,0.0,0.2
discrete__simulated_annealing_swap__rep000__seed3,discrete,simulated_annealing_swap,0,3,49,Asset_049,Group_7,0.004,0.0,-0.004,0,0.0,0.2
discrete__simulated_annealing_swap__rep000__seed3,discrete,simulated_annealing_swap,0,3,50,Asset_050,Group_1,0.004,0.0,-0.004,0,0.0,0.2
discrete__simulated_annealing_swap__rep000__seed3,discrete,simulated_annealing_swap,0,3,51,Asset_051,Group_3,0.004,0.0,-0.004,0,0.0,0.2
discrete__simulated_annealing_swap__rep000__seed3,discrete,simulated_annealing_swap,0,3,52,Asset_052,Group_3,0.004,0.0,-0.004,0,0.0,0.2
discrete__simulated_annealing_swap__rep000__seed3,discrete,simulated_annealing_swap,0,3,53,Asset_053,Group_2,0.004,0.0,-0.004,0,0.0,0.2
discrete__simulated_annealing_swap__rep000__seed3,discrete,simulated_annealing_swap,0,3,54,Asset_054,Group_3,0.004,0.0,-0.004,0,0.0,0.2
discrete__simulated_annealing_swap__rep000__seed3,discrete,simulated_annealing_swap,0,3,55,Asset_055,Group_2,0.004,0.0,-0.004,0,0.0,0.2
discrete__simulated_annealing_swap__rep000__seed3,discrete,simulated_annealing_swap,0,3,56,Asset_056,Group_4,0.004,0.083,0.079,83,0.0,0.2
discrete__simulated_annealing_swap__rep000__seed3,discrete,simulated_annealing_swap,0,3,57,Asset_057,Group_4,0.004,0.0,-0.004,0,0.0,0.2
discrete__simulated_annealing_swap__rep000__seed3,discrete,simulated_annealing_swap,0,3,58,Asset_058,Group_4,0.004,0.0,-0.004,0,0.0,0.2
discrete__simulated_annealing_swap__rep000__seed3,discrete,simulated_annealing_swap,0,3,59,Asset_059,Group_0,0.004,0.0,-0.004,0,0.0,0.2
discrete__simulated_annealing_swap__rep000__seed3,discrete,simulated_annealing_swap,0,3,60,Asset_060,Group_6,0.004,0.0,-0.004,0,0.0,0.2
discrete__simulated_annealing_swap__rep000__seed3,discrete,simulated_annealing_swap,0,3,61,Asset_061,Group_7,0.004,0.0,-0.004,0,0.0,0.2
discrete__simulated_annealing_swap__rep000__seed3,discrete,simulated_annealing_swap,0,3,62,Asset_062,Group_5,0.004,0.0,-0.004,0,0.0,0.2
discrete__simulated_annealing_swap__rep000__seed3,discrete,simulated_annealing_swap,0,3,63,Asset_063,Group_1,0.004,0.0,-0.004,0,0.0,0.2
discrete__simulated_annealing_swap__rep000__seed3,discrete,simulated_annealing_swap,0,3,64,Asset_064,Group_4,0.004,0.0,-0.004,0,0.0,0.2
discrete__simulated_annealing_swap__rep000__seed3,discrete,simulated_annealing_swap,0,3,65,Asset_065,Group_3,0.004,0.0,-0.004,0,0.0,0.2
discrete__simulated_annealing_swap__rep000__seed3,discrete,simulated_annealing_swap,0,3,66,Asset_066,Group_0,0.004,0.0,-0.004,0,0.0,0.2
discrete__simulated_annealing_swap__rep000__seed3,discrete,simulated_annealing_swap,0,3,67,Asset_067,Group_1,0.004,0.0,-0.004,0,0.0,0.2
discrete__simulated_annealing_swap__rep000__seed3,discrete,simulated_annealing_swap,0,3,68,Asset_068,Group_4,0.004,0.0,-0.004,0,0.0,0.2
discrete__simulated_annealing_swap__rep000__seed3,discrete,simulated_annealing_swap,0,3,69,Asset_069,Group_4,0.004,0.0,-0.004,0,0.0,0.2
discrete__simulated_annealing_swap__rep000__seed3,discrete,simulated_annealing_swap,0,3,70,Asset_070,Group_6,0.004,0.0,-0.004,0,0.0,0.2
discrete__simulated_annealing_swap__rep000__seed3,discrete,simulated_annealing_swap,0,3,71,Asset_071,Group_4,0.004,0.0,-0.004,0,0.0,0.2
discrete__simulated_annealing_swap__rep000__seed3,discrete,simulated_annealing_swap,0,3,72,Asset_072,Group_0,0.004,0.02,0.016,20,0.0,0.2
discrete__simulated_annealing_swap__rep000__seed3,discrete,simulated_annealing_swap,0,3,73,Asset_073,Group_2,0.004,0.0,-0.004,0,0.0,0.2
discrete__simulated_annealing_swap__rep000__seed3,discrete,simulated_annealing_swap,0,3,74,Asset_074,Group_1,0.004,0.0,-0.004,0,0.0,0.2
discrete__simulated_annealing_swap__rep000__seed3,discrete,simulated_annealing_swap,0,3,75,Asset_075,Group_6,0.004,0.0,-0.004,0,0.0,0.2
discrete__simulated_annealing_swap__rep000__seed3,discrete,simulated_annealing_swap,0,3,76,Asset_076,Group_5,0.004,0.0,-0.004,0,0.0,0.2
discrete__simulated_annealing_swap__rep000__seed3,discrete,simulated_annealing_swap,0,3,77,Asset_077,Group_0,0.004,0.0,-0.004,0,0.0,0.2
discrete__simulated_annealing_swap__rep000__seed3,discrete,simulated_annealing_swap,0,3,78,Asset_078,Group_1,0.004,0.0,-0.004,0,0.0,0.2
discrete__simulated_annealing_swap__rep000__seed3,discrete,simulated_annealing_swap,0,3,79,Asset_079,Group_6,0.004,0.0,-0.004,0,0.0,0.2
discrete__simulated_annealing_swap__rep000__seed3,discrete,simulated_annealing_swap,0,3,80,Asset_080,Group_5,0.004,0.0,-0.004,0,0.0,0.2
discrete__simulated_annealing_swap__rep000__seed3,discrete,simulated_annealing_swap,0,3,81,Asset_081,Group_4,0.004,0.0,-0.004,0,0.0,0.2
discrete__simulated_annealing_swap__rep000__seed3,discrete,simulated_annealing_swap,0,3,82,Asset_082,Group_0,0.004,0.0,-0.004,0,0.0,0.2
discrete__simulated_annealing_swap__rep000__seed3,discrete,simulated_annealing_swap,0,3,83,Asset_083,Group_2,0.004,0.0,-0.004,0,0.0,0.2
discrete__simulated_annealing_swap__rep000__seed3,discrete,simulated_annealing_swap,0,3,84,Asset_084,Group_0,0.004,0.0,-0.004,0,0.0,0.2
discrete__simulated_annealing_swap__rep000__seed3,discrete,simulated_annealing_swap,0,3,85,Asset_085,Group_6,0.004,0.0,-0.004,0,0.0,0.2
discrete__simulated_annealing_swap__rep000__seed3,discrete,simulated_annealing_swap,0,3,86,Asset_086,Group_6,0.004,0.033,0.029,33,0.0,0.2
discrete__simulated_annealing_swap__rep000__seed3,discrete,simulated_annealing_swap,0,3,87,Asset_087,Group_5,0.004,0.0,-0.004,0,0.0,0.2
discrete__simulated_annealing_swap__rep000__seed3,discrete,simulated_annealing_swap,0,3,88,Asset_088,Group_7,0.004,0.004,0.0,4,0.0,0.2
discrete__simulated_annealing_swap__rep000__seed3,discrete,simulated_annealing_swap,0,3,89,Asset_089,Group_2,0.004,0.0,-0.004,0,0.0,0.2
discrete__simulated_annealing_swap__rep000__seed3,discrete,simulated_annealing_swap,0,3,90,Asset_090,Group_1,0.004,0.0,-0.004,0,0.0,0.2
discrete__simulated_annealing_swap__rep000__seed3,discrete,simulated_annealing_swap,0,3,91,Asset_091,Group_3,0.004,0.0,-0.004,0,0.0,0.2
discrete__simulated_annealing_swap__rep000__seed3,discrete,simulated_annealing_swap,0,3,92,Asset_092,Group_2,0.004,0.0,-0.004,0,0.0,0.2
discrete__simulated_annealing_swap__rep000__seed3,discrete,simulated_annealing_swap,0,3,93,Asset_093,Group_6,0.004,0.0,-0.004,0,0.0,0.2
discrete__simulated_annealing_swap__rep000__seed3,discrete,simulated_annealing_swap,0,3,94,Asset_094,Group_5,0.004,0.165,0.161,165,0.0,0.2
discrete__simulated_annealing_swap__rep000__seed3,discrete,simulated_annealing_swap,0,3,95,Asset_095,Group_7,0.004,0.0,-0.004,0,0.0,0.2
discrete__simulated_annealing_swap__rep000__seed3,discrete,simulated_annealing_swap,0,3,96,Asset_096,Group_5,0.004,0.0,-0.004,0,0.0,0.2
discrete__simulated_annealing_swap__rep000__seed3,discrete,simulated_annealing_swap,0,3,97,Asset_097,Group_2,0.004,0.0,-0.004,0,0.0,0.2
discrete__simulated_annealing_swap__rep000__seed3,discrete,simulated_annealing_swap,0,3,98,Asset_098,Group_3,0.004,0.0,-0.004,0,0.0,0.2
discrete__simulated_annealing_swap__rep000__seed3,discrete,simulated_annealing_swap,0,3,99,Asset_099,Group_7,0.004,0.0,-0.004,0,0.0,0.2
discrete__simulated_annealing_swap__rep000__seed3,discrete,simulated_annealing_swap,0,3,100,Asset_100,Group_7,0.004,0.0,-0.004,0,0.0,0.2
discrete__simulated_annealing_swap__rep000__seed3,discrete,simulated_annealing_swap,0,3,101,Asset_101,Group_1,0.004,0.075,0.071,75,0.0,0.2
discrete__simulated_annealing_swap__rep000__seed3,discrete,simulated_annealing_swap,0,3,102,Asset_102,Group_3,0.004,0.004,0.0,4,0.0,0.2
discrete__simulated_annealing_swap__rep000__seed3,discrete,simulated_annealing_swap,0,3,103,Asset_103,Group_6,0.004,0.0,-0.004,0,0.0,0.2
discrete__simulated_annealing_swap__rep000__seed3,discrete,simulated_annealing_swap,0,3,104,Asset_104,Group_0,0.004,0.0,-0.004,0,0.0,0.2
discrete__simulated_annealing_swap__rep000__seed3,discrete,simulated_annealing_swap,0,3,105,Asset_105,Group_2,0.004,0.0,-0.004,0,0.0,0.2
discrete__simulated_annealing_swap__rep000__seed3,discrete,simulated_annealing_swap,0,3,106,Asset_106,Group_4,0.004,0.0,-0.004,0,0.0,0.2
discrete__simulated_annealing_swap__rep000__seed3,discrete,simulated_annealing_swap,0,3,107,Asset_107,Group_4,0.004,0.0,-0.004,0,0.0,0.2
discrete__simulated_annealing_swap__rep000__seed3,discrete,simulated_annealing_swap,0,3,108,Asset_108,Group_4,0.004,0.0,-0.004,0,0.0,0.2
discrete__simulated_annealing_swap__rep000__seed3,discrete,simulated_annealing_swap,0,3,109,Asset_109,Group_4,0.004,0.0,-0.004,0,0.0,0.2
discrete__simulated_annealing_swap__rep000__seed3,discrete,simulated_annealing_swap,0,3,110,Asset_110,Group_3,0.004,0.0,-0.004,0,0.0,0.2
discrete__simulated_annealing_swap__rep000__seed3,discrete,simulated_annealing_swap,0,3,111,Asset_111,Group_2,0.004,0.0,-0.004,0,0.0,0.2
discrete__simulated_annealing_swap__rep000__seed3,discrete,simulated_annealing_swap,0,3,112,Asset_112,Group_0,0.004,0.0,-0.004,0,0.0,0.2
discrete__simulated_annealing_swap__rep000__seed3,discrete,simulated_annealing_swap,0,3,113,Asset_113,Group_7,0.004,0.0,-0.004,0,0.0,0.2
discrete__simulated_annealing_swap__rep000__seed3,discrete,simulated_annealing_swap,0,3,114,Asset_114,Group_7,0.004,0.0,-0.004,0,0.0,0.2
discrete__simulated_annealing_swap__rep000__seed3,discrete,simulated_annealing_swap,0,3,115,Asset_115,Group_2,0.004,0.0,-0.004,0,0.0,0.2
discrete__simulated_annealing_swap__rep000__seed3,discrete,simulated_annealing_swap,0,3,116,Asset_116,Group_3,0.004,0.0,-0.004,0,0.0,0.2
discrete__simulated_annealing_swap__rep000__seed3,discrete,simulated_annealing_swap,0,3,117,Asset_117,Group_6,0.004,0.0,-0.004,0,0.0,0.2
discrete__simulated_annealing_swap__rep000__seed3,discrete,simulated_annealing_swap,0,3,118,Asset_118,Group_3,0.004,0.0,-0.004,0,0.0,0.2
discrete__simulated_annealing_swap__rep000__seed3,discrete,simulated_annealing_swap,0,3,119,Asset_119,Group_5,0.004,0.0,-0.004,0,0.0,0.2
discrete__simulated_annealing_swap__rep000__seed3,discrete,simulated_annealing_swap,0,3,120,Asset_120,Group_6,0.004,0.0,-0.004,0,0.0,0.2
discrete__simulated_annealing_swap__rep000__seed3,discrete,simulated_annealing_swap,0,3,121,Asset_121,Group_2,0.004,0.0,-0.004,0,0.0,0.2
discrete__simulated_annealing_swap__rep000__seed3,discrete,simulated_annealing_swap,0,3,122,Asset_122,Group_5,0.004,0.0,-0.004,0,0.0,0.2
discrete__simulated_annealing_swap__rep000__seed3,discrete,simulated_annealing_swap,0,3,123,Asset_123,Group_7,0.004,0.0,-0.004,0,0.0,0.2
discrete__simulated_annealing_swap__rep000__seed3,discrete,simulated_annealing_swap,0,3,124,Asset_124,Group_4,0.004,0.0,-0.004,0,0.0,0.2
discrete__simulated_annealing_swap__rep000__seed3,discrete,simulated_annealing_swap,0,3,125,Asset_125,Group_0,0.004,0.0,-0.004,0,0.0,0.2
discrete__simulated_annealing_swap__rep000__seed3,discrete,simulated_annealing_swap,0,3,126,Asset_126,Group_4,0.004,0.0,-0.004,0,0.0,0.2
discrete__simulated_annealing_swap__rep000__seed3,discrete,simulated_annealing_swap,0,3,127,Asset_127,Group_4,0.004,0.0,-0.004,0,0.0,0.2
discrete__simulated_annealing_swap__rep000__seed3,discrete,simulated_annealing_swap,0,3,128,Asset_128,Group_0,0.004,0.004,0.0,4,0.0,0.2
discrete__simulated_annealing_swap__rep000__seed3,discrete,simulated_annealing_swap,0,3,129,Asset_129,Group_1,0.004,0.0,-0.004,0,0.0,0.2
discrete__simulated_annealing_swap__rep000__seed3,discrete,simulated_annealing_swap,0,3,130,Asset_130,Group_2,0.004,0.0,-0.004,0,0.0,0.2
discrete__simulated_annealing_swap__rep000__seed3,discrete,simulated_annealing_swap,0,3,131,Asset_131,Group_6,0.004,0.0,-0.004,0,0.0,0.2
discrete__simulated_annealing_swap__rep000__seed3,discrete,simulated_annealing_swap,0,3,132,Asset_132,Group_6,0.004,0.0,-0.004,0,0.0,0.2
discrete__simulated_annealing_swap__rep000__seed3,discrete,simulated_annealing_swap,0,3,133,Asset_133,Group_0,0.004,0.004,0.0,4,0.0,0.2
discrete__simulated_annealing_swap__rep000__seed3,discrete,simulated_annealing_swap,0,3,134,Asset_134,Group_2,0.004,0.0,-0.004,0,0.0,0.2
discrete__simulated_annealing_swap__rep000__seed3,discrete,simulated_annealing_swap,0,3,135,Asset_135,Group_5,0.004,0.0,-0.004,0,0.0,0.2
discrete__simulated_annealing_swap__rep000__seed3,discrete,simulated_annealing_swap,0,3,136,Asset_136,Group_4,0.004,0.0,-0.004,0,0.0,0.2
discrete__simulated_annealing_swap__rep000__seed3,discrete,simulated_annealing_swap,0,3,137,Asset_137,Group_7,0.004,0.0,-0.004,0,0.0,0.2
discrete__simulated_annealing_swap__rep000__seed3,discrete,simulated_annealing_swap,0,3,138,Asset_138,Group_4,0.004,0.0,-0.004,0,0.0,0.2
discrete__simulated_annealing_swap__rep000__seed3,discrete,simulated_annealing_swap,0,3,139,Asset_139,Group_2,0.004,0.0,-0.004,0,0.0,0.2
discrete__simulated_annealing_swap__rep000__seed3,discrete,simulated_annealing_swap,0,3,140,Asset_140,Group_6,0.004,0.0,-0.004,0,0.0,0.2
discrete__simulated_annealing_swap__rep000__seed3,discrete,simulated_annealing_swap,0,3,141,Asset_141,Group_0,0.004,0.0,-0.004,0,0.0,0.2
discrete__simulated_annealing_swap__rep000__seed3,discrete,simulated_annealing_swap,0,3,142,Asset_142,Group_2,0.004,0.0,-0.004,0,0.0,0.2
discrete__simulated_annealing_swap__rep000__seed3,discrete,simulated_annealing_swap,0,3,143,Asset_143,Group_3,0.004,0.0,-0.004,0,0.0,0.2
discrete__simulated_annealing_swap__rep000__seed3,discrete,simulated_annealing_swap,0,3,144,Asset_144,Group_1,0.004,0.0,-0.004,0,0.0,0.2
discrete__simulated_annealing_swap__rep000__seed3,discrete,simulated_annealing_swap,0,3,145,Asset_145,Group_1,0.004,0.0,-0.004,0,0.0,0.2
discrete__simulated_annealing_swap__rep000__seed3,discrete,simulated_annealing_swap,0,3,146,Asset_146,Group_0,0.004,0.0,-0.004,0,0.0,0.2
discrete__simulated_annealing_swap__rep000__seed3,discrete,simulated_annealing_swap,0,3,147,Asset_147,Group_7,0.004,0.0,-0.004,0,0.0,0.2
discrete__simulated_annealing_swap__rep000__seed3,discrete,simulated_annealing_swap,0,3,148,Asset_148,Group_3,0.004,0.004,0.0,4,0.0,0.2
discrete__simulated_annealing_swap__rep000__seed3,discrete,simulated_annealing_swap,0,3,149,Asset_149,Group_4,0.004,0.0,-0.004,0,0.0,0.2
discrete__simulated_annealing_swap__rep000__seed3,discrete,simulated_annealing_swap,0,3,150,Asset_150,Group_0,0.004,0.0,-0.004,0,0.0,0.2
discrete__simulated_annealing_swap__rep000__seed3,discrete,simulated_annealing_swap,0,3,151,Asset_151,Group_1,0.004,0.0,-0.004,0,0.0,0.2
discrete__simulated_annealing_swap__rep000__seed3,discrete,simulated_annealing_swap,0,3,152,Asset_152,Group_4,0.004,0.0,-0.004,0,0.0,0.2
discrete__simulated_annealing_swap__rep000__seed3,discrete,simulated_annealing_swap,0,3,153,Asset_153,Group_4,0.004,0.0,-0.004,0,0.0,0.2
discrete__simulated_annealing_swap__rep000__seed3,discrete,simulated_annealing_swap,0,3,154,Asset_154,Group_6,0.004,0.088,0.08399999999999999,88,0.0,0.2
discrete__simulated_annealing_swap__rep000__seed3,discrete,simulated_annealing_swap,0,3,155,Asset_155,Group_1,0.004,0.048,0.044,48,0.0,0.2
discrete__simulated_annealing_swap__rep000__seed3,discrete,simulated_annealing_swap,0,3,156,Asset_156,Group_5,0.004,0.0,-0.004,0,0.0,0.2
discrete__simulated_annealing_swap__rep000__seed3,discrete,simulated_annealing_swap,0,3,157,Asset_157,Group_5,0.004,0.0,-0.004,0,0.0,0.2
discrete__simulated_annealing_swap__rep000__seed3,discrete,simulated_annealing_swap,0,3,158,Asset_158,Group_6,0.004,0.032,0.028,32,0.0,0.2
discrete__simulated_annealing_swap__rep000__seed3,discrete,simulated_annealing_swap,0,3,159,Asset_159,Group_0,0.004,0.0,-0.004,0,0.0,0.2
discrete__simulated_annealing_swap__rep000__seed3,discrete,simulated_annealing_swap,0,3,160,Asset_160,Group_5,0.004,0.0,-0.004,0,0.0,0.2
discrete__simulated_annealing_swap__rep000__seed3,discrete,simulated_annealing_swap,0,3,161,Asset_161,Group_0,0.004,0.0,-0.004,0,0.0,0.2
discrete__simulated_annealing_swap__rep000__seed3,discrete,simulated_annealing_swap,0,3,162,Asset_162,Group_0,0.004,0.0,-0.004,0,0.0,0.2
discrete__simulated_annealing_swap__rep000__seed3,discrete,simulated_annealing_swap,0,3,163,Asset_163,Group_6,0.004,0.0,-0.004,0,0.0,0.2
discrete__simulated_annealing_swap__rep000__seed3,discrete,simulated_annealing_swap,0,3,164,Asset_164,Group_3,0.004,0.0,-0.004,0,0.0,0.2
discrete__simulated_annealing_swap__rep000__seed3,discrete,simulated_annealing_swap,0,3,165,Asset_165,Group_2,0.004,0.0,-0.004,0,0.0,0.2
discrete__simulated_annealing_swap__rep000__seed3,discrete,simulated_annealing_swap,0,3,166,Asset_166,Group_3,0.004,0.0,-0.004,0,0.0,0.2
discrete__simulated_annealing_swap__rep000__seed3,discrete,simulated_annealing_swap,0,3,167,Asset_167,Group_6,0.004,0.0,-0.004,0,0.0,0.2
discrete__simulated_annealing_swap__rep000__seed3,discrete,simulated_annealing_swap,0,3,168,Asset_168,Group_1,0.004,0.0,-0.004,0,0.0,0.2
discrete__simulated_annealing_swap__rep000__seed3,discrete,simulated_annealing_swap,0,3,169,Asset_169,Group_3,0.004,0.0,-0.004,0,0.0,0.2
discrete__simulated_annealing_swap__rep000__seed3,discrete,simulated_annealing_swap,0,3,170,Asset_170,Group_5,0.004,0.0,-0.004,0,0.0,0.2
discrete__simulated_annealing_swap__rep000__seed3,discrete,simulated_annealing_swap,0,3,171,Asset_171,Group_3,0.004,0.0,-0.004,0,0.0,0.2
discrete__simulated_annealing_swap__rep000__seed3,discrete,simulated_annealing_swap,0,3,172,Asset_172,Group_4,0.004,0.0,-0.004,0,0.0,0.2
discrete__simulated_annealing_swap__rep000__seed3,discrete,simulated_annealing_swap,0,3,173,Asset_173,Group_7,0.004,0.0,-0.004,0,0.0,0.2
discrete__simulated_annealing_swap__rep000__seed3,discrete,simulated_annealing_swap,0,3,174,Asset_174,Group_3,0.004,0.0,-0.004,0,0.0,0.2
discrete__simulated_annealing_swap__rep000__seed3,discrete,simulated_annealing_swap,0,3,175,Asset_175,Group_5,0.004,0.0,-0.004,0,0.0,0.2
discrete__simulated_annealing_swap__rep000__seed3,discrete,simulated_annealing_swap,0,3,176,Asset_176,Group_4,0.004,0.0,-0.004,0,0.0,0.2
discrete__simulated_annealing_swap__rep000__seed3,discrete,simulated_annealing_swap,0,3,177,Asset_177,Group_1,0.004,0.0,-0.004,0,0.0,0.2
discrete__simulated_annealing_swap__rep000__seed3,discrete,simulated_annealing_swap,0,3,178,Asset_178,Group_7,0.004,0.0,-0.004,0,0.0,0.2
discrete__simulated_annealing_swap__rep000__seed3,discrete,simulated_annealing_swap,0,3,179,Asset_179,Group_6,0.004,0.0,-0.004,0,0.0,0.2
discrete__simulated_annealing_swap__rep000__seed3,discrete,simulated_annealing_swap,0,3,180,Asset_180,Group_0,0.004,0.0,-0.004,0,0.0,0.2
discrete__simulated_annealing_swap__rep000__seed3,discrete,simulated_annealing_swap,0,3,181,Asset_181,Group_7,0.004,0.0,-0.004,0,0.0,0.2
discrete__simulated_annealing_swap__rep000__seed3,discrete,simulated_annealing_swap,0,3,182,Asset_182,Group_1,0.004,0.0,-0.004,0,0.0,0.2
discrete__simulated_annealing_swap__rep000__seed3,discrete,simulated_annealing_swap,0,3,183,Asset_183,Group_5,0.004,0.0,-0.004,0,0.0,0.2
discrete__simulated_annealing_swap__rep000__seed3,discrete,simulated_annealing_swap,0,3,184,Asset_184,Group_0,0.004,0.0,-0.004,0,0.0,0.2
discrete__simulated_annealing_swap__rep000__seed3,discrete,simulated_annealing_swap,0,3,185,Asset_185,Group_7,0.004,0.0,-0.004,0,0.0,0.2
discrete__simulated_annealing_swap__rep000__seed3,discrete,simulated_annealing_swap,0,3,186,Asset_186,Group_1,0.004,0.0,-0.004,0,0.0,0.2
discrete__simulated_annealing_swap__rep000__seed3,discrete,simulated_annealing_swap,0,3,187,Asset_187,Group_4,0.004,0.0,-0.004,0,0.0,0.2
discrete__simulated_annealing_swap__rep000__seed3,discrete,simulated_annealing_swap,0,3,188,Asset_188,Group_7,0.004,0.0,-0.004,0,0.0,0.2
discrete__simulated_annealing_swap__rep000__seed3,discrete,simulated_annealing_swap,0,3,189,Asset_189,Group_3,0.004,0.0,-0.004,0,0.0,0.2
discrete__simulated_annealing_swap__rep000__seed3,discrete,simulated_annealing_swap,0,3,190,Asset_190,Group_7,0.004,0.0,-0.004,0,0.0,0.2
discrete__simulated_annealing_swap__rep000__seed3,discrete,simulated_annealing_swap,0,3,191,Asset_191,Group_5,0.004,0.0,-0.004,0,0.0,0.2
discrete__simulated_annealing_swap__rep000__seed3,discrete,simulated_annealing_swap,0,3,192,Asset_192,Group_6,0.004,0.0,-0.004,0,0.0,0.2
discrete__simulated_annealing_swap__rep000__seed3,discrete,simulated_annealing_swap,0,3,193,Asset_193,Group_5,0.004,0.0,-0.004,0,0.0,0.2
discrete__simulated_annealing_swap__rep000__seed3,discrete,simulated_annealing_swap,0,3,194,Asset_194,Group_1,0.004,0.0,-0.004,0,0.0,0.2
discrete__simulated_annealing_swap__rep000__seed3,discrete,simulated_annealing_swap,0,3,195,Asset_195,Group_7,0.004,0.2,0.196,200,0.0,0.2
discrete__simulated_annealing_swap__rep000__seed3,discrete,simulated_annealing_swap,0,3,196,Asset_196,Group_4,0.004,0.0,-0.004,0,0.0,0.2
discrete__simulated_annealing_swap__rep000__seed3,discrete,simulated_annealing_swap,0,3,197,Asset_197,Group_5,0.004,0.0,-0.004,0,0.0,0.2
discrete__simulated_annealing_swap__rep000__seed3,discrete,simulated_annealing_swap,0,3,198,Asset_198,Group_1,0.004,0.0,-0.004,0,0.0,0.2
discrete__simulated_annealing_swap__rep000__seed3,discrete,simulated_annealing_swap,0,3,199,Asset_199,Group_3,0.004,0.0,-0.004,0,0.0,0.2
discrete__simulated_annealing_swap__rep000__seed3,discrete,simulated_annealing_swap,0,3,200,Asset_200,Group_6,0.004,0.0,-0.004,0,0.0,0.2
discrete__simulated_annealing_swap__rep000__seed3,discrete,simulated_annealing_swap,0,3,201,Asset_201,Group_0,0.004,0.0,-0.004,0,0.0,0.2
discrete__simulated_annealing_swap__rep000__seed3,discrete,simulated_annealing_swap,0,3,202,Asset_202,Group_6,0.004,0.0,-0.004,0,0.0,0.2
discrete__simulated_annealing_swap__rep000__seed3,discrete,simulated_annealing_swap,0,3,203,Asset_203,Group_0,0.004,0.0,-0.004,0,0.0,0.2
discrete__simulated_annealing_swap__rep000__seed3,discrete,simulated_annealing_swap,0,3,204,Asset_204,Group_1,0.004,0.0,-0.004,0,0.0,0.2
discrete__simulated_annealing_swap__rep000__seed3,discrete,simulated_annealing_swap,0,3,205,Asset_205,Group_2,0.004,0.0,-0.004,0,0.0,0.2
discrete__simulated_annealing_swap__rep000__seed3,discrete,simulated_annealing_swap,0,3,206,Asset_206,Group_0,0.004,0.0,-0.004,0,0.0,0.2
discrete__simulated_annealing_swap__rep000__seed3,discrete,simulated_annealing_swap,0,3,207,Asset_207,Group_3,0.004,0.0,-0.004,0,0.0,0.2
discrete__simulated_annealing_swap__rep000__seed3,discrete,simulated_annealing_swap,0,3,208,Asset_208,Group_0,0.004,0.0,-0.004,0,0.0,0.2
discrete__simulated_annealing_swap__rep000__seed3,discrete,simulated_annealing_swap,0,3,209,Asset_209,Group_5,0.004,0.0,-0.004,0,0.0,0.2
discrete__simulated_annealing_swap__rep000__seed3,discrete,simulated_annealing_swap,0,3,210,Asset_210,Group_2,0.004,0.0,-0.004,0,0.0,0.2
discrete__simulated_annealing_swap__rep000__seed3,discrete,simulated_annealing_swap,0,3,211,Asset_211,Group_5,0.004,0.0,-0.004,0,0.0,0.2
discrete__simulated_annealing_swap__rep000__seed3,discrete,simulated_annealing_swap,0,3,212,Asset_212,Group_2,0.004,0.0,-0.004,0,0.0,0.2
discrete__simulated_annealing_swap__rep000__seed3,discrete,simulated_annealing_swap,0,3,213,Asset_213,Group_5,0.004,0.0,-0.004,0,0.0,0.2
discrete__simulated_annealing_swap__rep000__seed3,discrete,simulated_annealing_swap,0,3,214,Asset_214,Group_1,0.004,0.0,-0.004,0,0.0,0.2
discrete__simulated_annealing_swap__rep000__seed3,discrete,simulated_annealing_swap,0,3,215,Asset_215,Group_2,0.004,0.0,-0.004,0,0.0,0.2
discrete__simulated_annealing_swap__rep000__seed3,discrete,simulated_annealing_swap,0,3,216,Asset_216,Group_1,0.004,0.0,-0.004,0,0.0,0.2
discrete__simulated_annealing_swap__rep000__seed3,discrete,simulated_annealing_swap,0,3,217,Asset_217,Group_1,0.004,0.0,-0.004,0,0.0,0.2
discrete__simulated_annealing_swap__rep000__seed3,discrete,simulated_annealing_swap,0,3,218,Asset_218,Group_6,0.004,0.0,-0.004,0,0.0,0.2
discrete__simulated_annealing_swap__rep000__seed3,discrete,simulated_annealing_swap,0,3,219,Asset_219,Group_2,0.004,0.0,-0.004,0,0.0,0.2
discrete__simulated_annealing_swap__rep000__seed3,discrete,simulated_annealing_swap,0,3,220,Asset_220,Group_5,0.004,0.0,-0.004,0,0.0,0.2
discrete__simulated_annealing_swap__rep000__seed3,discrete,simulated_annealing_swap,0,3,221,Asset_221,Group_1,0.004,0.0,-0.004,0,0.0,0.2
discrete__simulated_annealing_swap__rep000__seed3,discrete,simulated_annealing_swap,0,3,222,Asset_222,Group_3,0.004,0.0,-0.004,0,0.0,0.2
discrete__simulated_annealing_swap__rep000__seed3,discrete,simulated_annealing_swap,0,3,223,Asset_223,Group_0,0.004,0.0,-0.004,0,0.0,0.2
discrete__simulated_annealing_swap__rep000__seed3,discrete,simulated_annealing_swap,0,3,224,Asset_224,Group_0,0.004,0.0,-0.004,0,0.0,0.2
discrete__simulated_annealing_swap__rep000__seed3,discrete,simulated_annealing_swap,0,3,225,Asset_225,Group_0,0.004,0.0,-0.004,0,0.0,0.2
discrete__simulated_annealing_swap__rep000__seed3,discrete,simulated_annealing_swap,0,3,226,Asset_226,Group_6,0.004,0.0,-0.004,0,0.0,0.2
discrete__simulated_annealing_swap__rep000__seed3,discrete,simulated_annealing_swap,0,3,227,Asset_227,Group_7,0.004,0.0,-0.004,0,0.0,0.2
discrete__simulated_annealing_swap__rep000__seed3,discrete,simulated_annealing_swap,0,3,228,Asset_228,Group_3,0.004,0.0,-0.004,0,0.0,0.2
discrete__simulated_annealing_swap__rep000__seed3,discrete,simulated_annealing_swap,0,3,229,Asset_229,Group_6,0.004,0.0,-0.004,0,0.0,0.2
discrete__simulated_annealing_swap__rep000__seed3,discrete,simulated_annealing_swap,0,3,230,Asset_230,Group_4,0.004,0.002,-0.002,2,0.0,0.2
discrete__simulated_annealing_swap__rep000__seed3,discrete,simulated_annealing_swap,0,3,231,Asset_231,Group_5,0.004,0.0,-0.004,0,0.0,0.2
discrete__simulated_annealing_swap__rep000__seed3,discrete,simulated_annealing_swap,0,3,232,Asset_232,Group_5,0.004,0.0,-0.004,0,0.0,0.2
discrete__simulated_annealing_swap__rep000__seed3,discrete,simulated_annealing_swap,0,3,233,Asset_233,Group_2,0.004,0.093,0.089,93,0.0,0.2
discrete__simulated_annealing_swap__rep000__seed3,discrete,simulated_annealing_swap,0,3,234,Asset_234,Group_2,0.004,0.0,-0.004,0,0.0,0.2
discrete__simulated_annealing_swap__rep000__seed3,discrete,simulated_annealing_swap,0,3,235,Asset_235,Group_7,0.004,0.0,-0.004,0,0.0,0.2
discrete__simulated_annealing_swap__rep000__seed3,discrete,simulated_annealing_swap,0,3,236,Asset_236,Group_2,0.004,0.0,-0.004,0,0.0,0.2
discrete__simulated_annealing_swap__rep000__seed3,discrete,simulated_annealing_swap,0,3,237,Asset_237,Group_0,0.004,0.0,-0.004,0,0.0,0.2
discrete__simulated_annealing_swap__rep000__seed3,discrete,simulated_annealing_swap,0,3,238,Asset_238,Group_5,0.004,0.0,-0.004,0,0.0,0.2
discrete__simulated_annealing_swap__rep000__seed3,discrete,simulated_annealing_swap,0,3,239,Asset_239,Group_5,0.004,0.004,0.0,4,0.0,0.2
discrete__simulated_annealing_swap__rep000__seed3,discrete,simulated_annealing_swap,0,3,240,Asset_240,Group_7,0.004,0.0,-0.004,0,0.0,0.2
discrete__simulated_annealing_swap__rep000__seed3,discrete,simulated_annealing_swap,0,3,241,Asset_241,Group_6,0.004,0.0,-0.004,0,0.0,0.2
discrete__simulated_annealing_swap__rep000__seed3,discrete,simulated_annealing_swap,0,3,242,Asset_242,Group_0,0.004,0.0,-0.004,0,0.0,0.2
discrete__simulated_annealing_swap__rep000__seed3,discrete,simulated_annealing_swap,0,3,243,Asset_243,Group_2,0.004,0.0,-0.004,0,0.0,0.2
discrete__simulated_annealing_swap__rep000__seed3,discrete,simulated_annealing_swap,0,3,244,Asset_244,Group_7,0.004,0.0,-0.004,0,0.0,0.2
discrete__simulated_annealing_swap__rep000__seed3,discrete,simulated_annealing_swap,0,3,245,Asset_245,Group_7,0.004,0.0,-0.004,0,0.0,0.2
discrete__simulated_annealing_swap__rep000__seed3,discrete,simulated_annealing_swap,0,3,246,Asset_246,Group_0,0.004,0.0,-0.004,0,0.0,0.2
discrete__simulated_annealing_swap__rep000__seed3,discrete,simulated_annealing_swap,0,3,247,Asset_247,Group_3,0.004,0.0,-0.004,0,0.0,0.2
discrete__simulated_annealing_swap__rep000__seed3,discrete,simulated_annealing_swap,0,3,248,Asset_248,Group_2,0.004,0.0,-0.004,0,0.0,0.2
discrete__simulated_annealing_swap__rep000__seed3,discrete,simulated_annealing_swap,0,3,249,Asset_249,Group_0,0.004,0.0,-0.004,0,0.0,0.2
discrete__simulated_annealing_swap__rep000__seed4,discrete,simulated_annealing_swap,0,4,0,Asset_000,Group_3,0.004,0.0,-0.004,0,0.0,0.2
discrete__simulated_annealing_swap__rep000__seed4,discrete,simulated_annealing_swap,0,4,1,Asset_001,Group_7,0.004,0.0,-0.004,0,0.0,0.2
discrete__simulated_annealing_swap__rep000__seed4,discrete,simulated_annealing_swap,0,4,2,Asset_002,Group_7,0.004,0.0,-0.004,0,0.0,0.2
discrete__simulated_annealing_swap__rep000__seed4,discrete,simulated_annealing_swap,0,4,3,Asset_003,Group_2,0.004,0.0,-0.004,0,0.0,0.2
discrete__simulated_annealing_swap__rep000__seed4,discrete,simulated_annealing_swap,0,4,4,Asset_004,Group_6,0.004,0.0,-0.004,0,0.0,0.2
discrete__simulated_annealing_swap__rep000__seed4,discrete,simulated_annealing_swap,0,4,5,Asset_005,Group_7,0.004,0.0,-0.004,0,0.0,0.2
discrete__simulated_annealing_swap__rep000__seed4,discrete,simulated_annealing_swap,0,4,6,Asset_006,Group_3,0.004,0.0,-0.004,0,0.0,0.2
discrete__simulated_annealing_swap__rep000__seed4,discrete,simulated_annealing_swap,0,4,7,Asset_007,Group_0,0.004,0.0,-0.004,0,0.0,0.2
discrete__simulated_annealing_swap__rep000__seed4,discrete,simulated_annealing_swap,0,4,8,Asset_008,Group_2,0.004,0.0,-0.004,0,0.0,0.2
discrete__simulated_annealing_swap__rep000__seed4,discrete,simulated_annealing_swap,0,4,9,Asset_009,Group_6,0.004,0.0,-0.004,0,0.0,0.2
discrete__simulated_annealing_swap__rep000__seed4,discrete,simulated_annealing_swap,0,4,10,Asset_010,Group_0,0.004,0.0,-0.004,0,0.0,0.2
discrete__simulated_annealing_swap__rep000__seed4,discrete,simulated_annealing_swap,0,4,11,Asset_011,Group_5,0.004,0.0,-0.004,0,0.0,0.2
discrete__simulated_annealing_swap__rep000__seed4,discrete,simulated_annealing_swap,0,4,12,Asset_012,Group_7,0.004,0.0,-0.004,0,0.0,0.2
discrete__simulated_annealing_swap__rep000__seed4,discrete,simulated_annealing_swap,0,4,13,Asset_013,Group_2,0.004,0.0,-0.004,0,0.0,0.2
discrete__simulated_annealing_swap__rep000__seed4,discrete,simulated_annealing_swap,0,4,14,Asset_014,Group_4,0.004,0.0,-0.004,0,0.0,0.2
discrete__simulated_annealing_swap__rep000__seed4,discrete,simulated_annealing_swap,0,4,15,Asset_015,Group_4,0.004,0.0,-0.004,0,0.0,0.2
discrete__simulated_annealing_swap__rep000__seed4,discrete,simulated_annealing_swap,0,4,16,Asset_016,Group_1,0.004,0.0,-0.004,0,0.0,0.2
discrete__simulated_annealing_swap__rep000__seed4,discrete,simulated_annealing_swap,0,4,17,Asset_017,Group_4,0.004,0.0,-0.004,0,0.0,0.2
discrete__simulated_annealing_swap__rep000__seed4,discrete,simulated_annealing_swap,0,4,18,Asset_018,Group_3,0.004,0.0,-0.004,0,0.0,0.2
discrete__simulated_annealing_swap__rep000__seed4,discrete,simulated_annealing_swap,0,4,19,Asset_019,Group_2,0.004,0.0,-0.004,0,0.0,0.2
discrete__simulated_annealing_swap__rep000__seed4,discrete,simulated_annealing_swap,0,4,20,Asset_020,Group_1,0.004,0.0,-0.004,0,0.0,0.2
discrete__simulated_annealing_swap__rep000__seed4,discrete,simulated_annealing_swap,0,4,21,Asset_021,Group_1,0.004,0.0,-0.004,0,0.0,0.2
discrete__simulated_annealing_swap__rep000__seed4,discrete,simulated_annealing_swap,0,4,22,Asset_022,Group_3,0.004,0.016,0.012,16,0.0,0.2
discrete__simulated_annealing_swap__rep000__seed4,discrete,simulated_annealing_swap,0,4,23,Asset_023,Group_6,0.004,0.0,-0.004,0,0.0,0.2
discrete__simulated_annealing_swap__rep000__seed4,discrete,simulated_annealing_swap,0,4,24,Asset_024,Group_4,0.004,0.0,-0.004,0,0.0,0.2
discrete__simulated_annealing_swap__rep000__seed4,discrete,simulated_annealing_swap,0,4,25,Asset_025,Group_5,0.004,0.0,-0.004,0,0.0,0.2
discrete__simulated_annealing_swap__rep000__seed4,discrete,simulated_annealing_swap,0,4,26,Asset_026,Group_1,0.004,0.0,-0.004,0,0.0,0.2
discrete__simulated_annealing_swap__rep000__seed4,discrete,simulated_annealing_swap,0,4,27,Asset_027,Group_7,0.004,0.0,-0.004,0,0.0,0.2
discrete__simulated_annealing_swap__rep000__seed4,discrete,simulated_annealing_swap,0,4,28,Asset_028,Group_1,0.004,0.0,-0.004,0,0.0,0.2
discrete__simulated_annealing_swap__rep000__seed4,discrete,simulated_annealing_swap,0,4,29,Asset_029,Group_4,0.004,0.0,-0.004,0,0.0,0.2
discrete__simulated_annealing_swap__rep000__seed4,discrete,simulated_annealing_swap,0,4,30,Asset_030,Group_1,0.004,0.0,-0.004,0,0.0,0.2
discrete__simulated_annealing_swap__rep000__seed4,discrete,simulated_annealing_swap,0,4,31,Asset_031,Group_2,0.004,0.0,-0.004,0,0.0,0.2
discrete__simulated_annealing_swap__rep000__seed4,discrete,simulated_annealing_swap,0,4,32,Asset_032,Group_1,0.004,0.0,-0.004,0,0.0,0.2
discrete__simulated_annealing_swap__rep000__seed4,discrete,simulated_annealing_swap,0,4,33,Asset_033,Group_3,0.004,0.0,-0.004,0,0.0,0.2
discrete__simulated_annealing_swap__rep000__seed4,discrete,simulated_annealing_swap,0,4,34,Asset_034,Group_4,0.004,0.0,-0.004,0,0.0,0.2
discrete__simulated_annealing_swap__rep000__seed4,discrete,simulated_annealing_swap,0,4,35,Asset_035,Group_6,0.004,0.0,-0.004,0,0.0,0.2
discrete__simulated_annealing_swap__rep000__seed4,discrete,simulated_annealing_swap,0,4,36,Asset_036,Group_3,0.004,0.0,-0.004,0,0.0,0.2
discrete__simulated_annealing_swap__rep000__seed4,discrete,simulated_annealing_swap,0,4,37,Asset_037,Group_1,0.004,0.0,-0.004,0,0.0,0.2
discrete__simulated_annealing_swap__rep000__seed4,discrete,simulated_annealing_swap,0,4,38,Asset_038,Group_5,0.004,0.0,-0.004,0,0.0,0.2
discrete__simulated_annealing_swap__rep000__seed4,discrete,simulated_annealing_swap,0,4,39,Asset_039,Group_7,0.004,0.0,-0.004,0,0.0,0.2
discrete__simulated_annealing_swap__rep000__seed4,discrete,simulated_annealing_swap,0,4,40,Asset_040,Group_1,0.004,0.0,-0.004,0,0.0,0.2
discrete__simulated_annealing_swap__rep000__seed4,discrete,simulated_annealing_swap,0,4,41,Asset_041,Group_5,0.004,0.0,-0.004,0,0.0,0.2
discrete__simulated_annealing_swap__rep000__seed4,discrete,simulated_annealing_swap,0,4,42,Asset_042,Group_5,0.004,0.0,-0.004,0,0.0,0.2
discrete__simulated_annealing_swap__rep000__seed4,discrete,simulated_annealing_swap,0,4,43,Asset_043,Group_6,0.004,0.01,0.006,10,0.0,0.2
discrete__simulated_annealing_swap__rep000__seed4,discrete,simulated_annealing_swap,0,4,44,Asset_044,Group_3,0.004,0.0,-0.004,0,0.0,0.2
discrete__simulated_annealing_swap__rep000__seed4,discrete,simulated_annealing_swap,0,4,45,Asset_045,Group_3,0.004,0.0,-0.004,0,0.0,0.2
discrete__simulated_annealing_swap__rep000__seed4,discrete,simulated_annealing_swap,0,4,46,Asset_046,Group_6,0.004,0.111,0.107,111,0.0,0.2
discrete__simulated_annealing_swap__rep000__seed4,discrete,simulated_annealing_swap,0,4,47,Asset_047,Group_7,0.004,0.0,-0.004,0,0.0,0.2
discrete__simulated_annealing_swap__rep000__seed4,discrete,simulated_annealing_swap,0,4,48,Asset_048,Group_7,0.004,0.0,-0.004,0,0.0,0.2
discrete__simulated_annealing_swap__rep000__seed4,discrete,simulated_annealing_swap,0,4,49,Asset_049,Group_7,0.004,0.0,-0.004,0,0.0,0.2
discrete__simulated_annealing_swap__rep000__seed4,discrete,simulated_annealing_swap,0,4,50,Asset_050,Group_1,0.004,0.0,-0.004,0,0.0,0.2
discrete__simulated_annealing_swap__rep000__seed4,discrete,simulated_annealing_swap,0,4,51,Asset_051,Group_3,0.004,0.0,-0.004,0,0.0,0.2
discrete__simulated_annealing_swap__rep000__seed4,discrete,simulated_annealing_swap,0,4,52,Asset_052,Group_3,0.004,0.0,-0.004,0,0.0,0.2
discrete__simulated_annealing_swap__rep000__seed4,discrete,simulated_annealing_swap,0,4,53,Asset_053,Group_2,0.004,0.0,-0.004,0,0.0,0.2
discrete__simulated_annealing_swap__rep000__seed4,discrete,simulated_annealing_swap,0,4,54,Asset_054,Group_3,0.004,0.0,-0.004,0,0.0,0.2
discrete__simulated_annealing_swap__rep000__seed4,discrete,simulated_annealing_swap,0,4,55,Asset_055,Group_2,0.004,0.0,-0.004,0,0.0,0.2
discrete__simulated_annealing_swap__rep000__seed4,discrete,simulated_annealing_swap,0,4,56,Asset_056,Group_4,0.004,0.083,0.079,83,0.0,0.2
discrete__simulated_annealing_swap__rep000__seed4,discrete,simulated_annealing_swap,0,4,57,Asset_057,Group_4,0.004,0.0,-0.004,0,0.0,0.2
discrete__simulated_annealing_swap__rep000__seed4,discrete,simulated_annealing_swap,0,4,58,Asset_058,Group_4,0.004,0.0,-0.004,0,0.0,0.2
discrete__simulated_annealing_swap__rep000__seed4,discrete,simulated_annealing_swap,0,4,59,Asset_059,Group_0,0.004,0.0,-0.004,0,0.0,0.2
discrete__simulated_annealing_swap__rep000__seed4,discrete,simulated_annealing_swap,0,4,60,Asset_060,Group_6,0.004,0.0,-0.004,0,0.0,0.2
discrete__simulated_annealing_swap__rep000__seed4,discrete,simulated_annealing_swap,0,4,61,Asset_061,Group_7,0.004,0.0,-0.004,0,0.0,0.2
discrete__simulated_annealing_swap__rep000__seed4,discrete,simulated_annealing_swap,0,4,62,Asset_062,Group_5,0.004,0.0,-0.004,0,0.0,0.2
discrete__simulated_annealing_swap__rep000__seed4,discrete,simulated_annealing_swap,0,4,63,Asset_063,Group_1,0.004,0.0,-0.004,0,0.0,0.2
discrete__simulated_annealing_swap__rep000__seed4,discrete,simulated_annealing_swap,0,4,64,Asset_064,Group_4,0.004,0.0,-0.004,0,0.0,0.2
discrete__simulated_annealing_swap__rep000__seed4,discrete,simulated_annealing_swap,0,4,65,Asset_065,Group_3,0.004,0.0,-0.004,0,0.0,0.2
discrete__simulated_annealing_swap__rep000__seed4,discrete,simulated_annealing_swap,0,4,66,Asset_066,Group_0,0.004,0.0,-0.004,0,0.0,0.2
discrete__simulated_annealing_swap__rep000__seed4,discrete,simulated_annealing_swap,0,4,67,Asset_067,Group_1,0.004,0.0,-0.004,0,0.0,0.2
discrete__simulated_annealing_swap__rep000__seed4,discrete,simulated_annealing_swap,0,4,68,Asset_068,Group_4,0.004,0.0,-0.004,0,0.0,0.2
discrete__simulated_annealing_swap__rep000__seed4,discrete,simulated_annealing_swap,0,4,69,Asset_069,Group_4,0.004,0.0,-0.004,0,0.0,0.2
discrete__simulated_annealing_swap__rep000__seed4,discrete,simulated_annealing_swap,0,4,70,Asset_070,Group_6,0.004,0.0,-0.004,0,0.0,0.2
discrete__simulated_annealing_swap__rep000__seed4,discrete,simulated_annealing_swap,0,4,71,Asset_071,Group_4,0.004,0.0,-0.004,0,0.0,0.2
discrete__simulated_annealing_swap__rep000__seed4,discrete,simulated_annealing_swap,0,4,72,Asset_072,Group_0,0.004,0.02,0.016,20,0.0,0.2
discrete__simulated_annealing_swap__rep000__seed4,discrete,simulated_annealing_swap,0,4,73,Asset_073,Group_2,0.004,0.0,-0.004,0,0.0,0.2
discrete__simulated_annealing_swap__rep000__seed4,discrete,simulated_annealing_swap,0,4,74,Asset_074,Group_1,0.004,0.0,-0.004,0,0.0,0.2
discrete__simulated_annealing_swap__rep000__seed4,discrete,simulated_annealing_swap,0,4,75,Asset_075,Group_6,0.004,0.0,-0.004,0,0.0,0.2
discrete__simulated_annealing_swap__rep000__seed4,discrete,simulated_annealing_swap,0,4,76,Asset_076,Group_5,0.004,0.0,-0.004,0,0.0,0.2
discrete__simulated_annealing_swap__rep000__seed4,discrete,simulated_annealing_swap,0,4,77,Asset_077,Group_0,0.004,0.0,-0.004,0,0.0,0.2
discrete__simulated_annealing_swap__rep000__seed4,discrete,simulated_annealing_swap,0,4,78,Asset_078,Group_1,0.004,0.0,-0.004,0,0.0,0.2
discrete__simulated_annealing_swap__rep000__seed4,discrete,simulated_annealing_swap,0,4,79,Asset_079,Group_6,0.004,0.0,-0.004,0,0.0,0.2
discrete__simulated_annealing_swap__rep000__seed4,discrete,simulated_annealing_swap,0,4,80,Asset_080,Group_5,0.004,0.0,-0.004,0,0.0,0.2
discrete__simulated_annealing_swap__rep000__seed4,discrete,simulated_annealing_swap,0,4,81,Asset_081,Group_4,0.004,0.0,-0.004,0,0.0,0.2
discrete__simulated_annealing_swap__rep000__seed4,discrete,simulated_annealing_swap,0,4,82,Asset_082,Group_0,0.004,0.0,-0.004,0,0.0,0.2
discrete__simulated_annealing_swap__rep000__seed4,discrete,simulated_annealing_swap,0,4,83,Asset_083,Group_2,0.004,0.0,-0.004,0,0.0,0.2
discrete__simulated_annealing_swap__rep000__seed4,discrete,simulated_annealing_swap,0,4,84,Asset_084,Group_0,0.004,0.0,-0.004,0,0.0,0.2
discrete__simulated_annealing_swap__rep000__seed4,discrete,simulated_annealing_swap,0,4,85,Asset_085,Group_6,0.004,0.0,-0.004,0,0.0,0.2
discrete__simulated_annealing_swap__rep000__seed4,discrete,simulated_annealing_swap,0,4,86,Asset_086,Group_6,0.004,0.033,0.029,33,0.0,0.2
discrete__simulated_annealing_swap__rep000__seed4,discrete,simulated_annealing_swap,0,4,87,Asset_087,Group_5,0.004,0.0,-0.004,0,0.0,0.2
discrete__simulated_annealing_swap__rep000__seed4,discrete,simulated_annealing_swap,0,4,88,Asset_088,Group_7,0.004,0.004,0.0,4,0.0,0.2
discrete__simulated_annealing_swap__rep000__seed4,discrete,simulated_annealing_swap,0,4,89,Asset_089,Group_2,0.004,0.0,-0.004,0,0.0,0.2
discrete__simulated_annealing_swap__rep000__seed4,discrete,simulated_annealing_swap,0,4,90,Asset_090,Group_1,0.004,0.0,-0.004,0,0.0,0.2
discrete__simulated_annealing_swap__rep000__seed4,discrete,simulated_annealing_swap,0,4,91,Asset_091,Group_3,0.004,0.0,-0.004,0,0.0,0.2
discrete__simulated_annealing_swap__rep000__seed4,discrete,simulated_annealing_swap,0,4,92,Asset_092,Group_2,0.004,0.0,-0.004,0,0.0,0.2
discrete__simulated_annealing_swap__rep000__seed4,discrete,simulated_annealing_swap,0,4,93,Asset_093,Group_6,0.004,0.0,-0.004,0,0.0,0.2
discrete__simulated_annealing_swap__rep000__seed4,discrete,simulated_annealing_swap,0,4,94,Asset_094,Group_5,0.004,0.165,0.161,165,0.0,0.2
discrete__simulated_annealing_swap__rep000__seed4,discrete,simulated_annealing_swap,0,4,95,Asset_095,Group_7,0.004,0.0,-0.004,0,0.0,0.2
discrete__simulated_annealing_swap__rep000__seed4,discrete,simulated_annealing_swap,0,4,96,Asset_096,Group_5,0.004,0.0,-0.004,0,0.0,0.2
discrete__simulated_annealing_swap__rep000__seed4,discrete,simulated_annealing_swap,0,4,97,Asset_097,Group_2,0.004,0.0,-0.004,0,0.0,0.2
discrete__simulated_annealing_swap__rep000__seed4,discrete,simulated_annealing_swap,0,4,98,Asset_098,Group_3,0.004,0.0,-0.004,0,0.0,0.2
discrete__simulated_annealing_swap__rep000__seed4,discrete,simulated_annealing_swap,0,4,99,Asset_099,Group_7,0.004,0.0,-0.004,0,0.0,0.2
discrete__simulated_annealing_swap__rep000__seed4,discrete,simulated_annealing_swap,0,4,100,Asset_100,Group_7,0.004,0.0,-0.004,0,0.0,0.2
discrete__simulated_annealing_swap__rep000__seed4,discrete,simulated_annealing_swap,0,4,101,Asset_101,Group_1,0.004,0.075,0.071,75,0.0,0.2
discrete__simulated_annealing_swap__rep000__seed4,discrete,simulated_annealing_swap,0,4,102,Asset_102,Group_3,0.004,0.004,0.0,4,0.0,0.2
discrete__simulated_annealing_swap__rep000__seed4,discrete,simulated_annealing_swap,0,4,103,Asset_103,Group_6,0.004,0.0,-0.004,0,0.0,0.2
discrete__simulated_annealing_swap__rep000__seed4,discrete,simulated_annealing_swap,0,4,104,Asset_104,Group_0,0.004,0.0,-0.004,0,0.0,0.2
discrete__simulated_annealing_swap__rep000__seed4,discrete,simulated_annealing_swap,0,4,105,Asset_105,Group_2,0.004,0.0,-0.004,0,0.0,0.2
discrete__simulated_annealing_swap__rep000__seed4,discrete,simulated_annealing_swap,0,4,106,Asset_106,Group_4,0.004,0.0,-0.004,0,0.0,0.2
discrete__simulated_annealing_swap__rep000__seed4,discrete,simulated_annealing_swap,0,4,107,Asset_107,Group_4,0.004,0.0,-0.004,0,0.0,0.2
discrete__simulated_annealing_swap__rep000__seed4,discrete,simulated_annealing_swap,0,4,108,Asset_108,Group_4,0.004,0.0,-0.004,0,0.0,0.2
discrete__simulated_annealing_swap__rep000__seed4,discrete,simulated_annealing_swap,0,4,109,Asset_109,Group_4,0.004,0.0,-0.004,0,0.0,0.2
discrete__simulated_annealing_swap__rep000__seed4,discrete,simulated_annealing_swap,0,4,110,Asset_110,Group_3,0.004,0.0,-0.004,0,0.0,0.2
discrete__simulated_annealing_swap__rep000__seed4,discrete,simulated_annealing_swap,0,4,111,Asset_111,Group_2,0.004,0.0,-0.004,0,0.0,0.2
discrete__simulated_annealing_swap__rep000__seed4,discrete,simulated_annealing_swap,0,4,112,Asset_112,Group_0,0.004,0.0,-0.004,0,0.0,0.2
discrete__simulated_annealing_swap__rep000__seed4,discrete,simulated_annealing_swap,0,4,113,Asset_113,Group_7,0.004,0.0,-0.004,0,0.0,0.2
discrete__simulated_annealing_swap__rep000__seed4,discrete,simulated_annealing_swap,0,4,114,Asset_114,Group_7,0.004,0.0,-0.004,0,0.0,0.2
discrete__simulated_annealing_swap__rep000__seed4,discrete,simulated_annealing_swap,0,4,115,Asset_115,Group_2,0.004,0.0,-0.004,0,0.0,0.2
discrete__simulated_annealing_swap__rep000__seed4,discrete,simulated_annealing_swap,0,4,116,Asset_116,Group_3,0.004,0.0,-0.004,0,0.0,0.2
discrete__simulated_annealing_swap__rep000__seed4,discrete,simulated_annealing_swap,0,4,117,Asset_117,Group_6,0.004,0.0,-0.004,0,0.0,0.2
discrete__simulated_annealing_swap__rep000__seed4,discrete,simulated_annealing_swap,0,4,118,Asset_118,Group_3,0.004,0.0,-0.004,0,0.0,0.2
discrete__simulated_annealing_swap__rep000__seed4,discrete,simulated_annealing_swap,0,4,119,Asset_119,Group_5,0.004,0.0,-0.004,0,0.0,0.2
discrete__simulated_annealing_swap__rep000__seed4,discrete,simulated_annealing_swap,0,4,120,Asset_120,Group_6,0.004,0.0,-0.004,0,0.0,0.2
discrete__simulated_annealing_swap__rep000__seed4,discrete,simulated_annealing_swap,0,4,121,Asset_121,Group_2,0.004,0.0,-0.004,0,0.0,0.2
discrete__simulated_annealing_swap__rep000__seed4,discrete,simulated_annealing_swap,0,4,122,Asset_122,Group_5,0.004,0.0,-0.004,0,0.0,0.2
discrete__simulated_annealing_swap__rep000__seed4,discrete,simulated_annealing_swap,0,4,123,Asset_123,Group_7,0.004,0.0,-0.004,0,0.0,0.2
discrete__simulated_annealing_swap__rep000__seed4,discrete,simulated_annealing_swap,0,4,124,Asset_124,Group_4,0.004,0.0,-0.004,0,0.0,0.2
discrete__simulated_annealing_swap__rep000__seed4,discrete,simulated_annealing_swap,0,4,125,Asset_125,Group_0,0.004,0.0,-0.004,0,0.0,0.2
discrete__simulated_annealing_swap__rep000__seed4,discrete,simulated_annealing_swap,0,4,126,Asset_126,Group_4,0.004,0.0,-0.004,0,0.0,0.2
discrete__simulated_annealing_swap__rep000__seed4,discrete,simulated_annealing_swap,0,4,127,Asset_127,Group_4,0.004,0.0,-0.004,0,0.0,0.2
discrete__simulated_annealing_swap__rep000__seed4,discrete,simulated_annealing_swap,0,4,128,Asset_128,Group_0,0.004,0.004,0.0,4,0.0,0.2
discrete__simulated_annealing_swap__rep000__seed4,discrete,simulated_annealing_swap,0,4,129,Asset_129,Group_1,0.004,0.0,-0.004,0,0.0,0.2
discrete__simulated_annealing_swap__rep000__seed4,discrete,simulated_annealing_swap,0,4,130,Asset_130,Group_2,0.004,0.0,-0.004,0,0.0,0.2
discrete__simulated_annealing_swap__rep000__seed4,discrete,simulated_annealing_swap,0,4,131,Asset_131,Group_6,0.004,0.0,-0.004,0,0.0,0.2
discrete__simulated_annealing_swap__rep000__seed4,discrete,simulated_annealing_swap,0,4,132,Asset_132,Group_6,0.004,0.0,-0.004,0,0.0,0.2
discrete__simulated_annealing_swap__rep000__seed4,discrete,simulated_annealing_swap,0,4,133,Asset_133,Group_0,0.004,0.004,0.0,4,0.0,0.2
discrete__simulated_annealing_swap__rep000__seed4,discrete,simulated_annealing_swap,0,4,134,Asset_134,Group_2,0.004,0.0,-0.004,0,0.0,0.2
discrete__simulated_annealing_swap__rep000__seed4,discrete,simulated_annealing_swap,0,4,135,Asset_135,Group_5,0.004,0.0,-0.004,0,0.0,0.2
discrete__simulated_annealing_swap__rep000__seed4,discrete,simulated_annealing_swap,0,4,136,Asset_136,Group_4,0.004,0.0,-0.004,0,0.0,0.2
discrete__simulated_annealing_swap__rep000__seed4,discrete,simulated_annealing_swap,0,4,137,Asset_137,Group_7,0.004,0.0,-0.004,0,0.0,0.2
discrete__simulated_annealing_swap__rep000__seed4,discrete,simulated_annealing_swap,0,4,138,Asset_138,Group_4,0.004,0.0,-0.004,0,0.0,0.2
discrete__simulated_annealing_swap__rep000__seed4,discrete,simulated_annealing_swap,0,4,139,Asset_139,Group_2,0.004,0.0,-0.004,0,0.0,0.2
discrete__simulated_annealing_swap__rep000__seed4,discrete,simulated_annealing_swap,0,4,140,Asset_140,Group_6,0.004,0.0,-0.004,0,0.0,0.2
discrete__simulated_annealing_swap__rep000__seed4,discrete,simulated_annealing_swap,0,4,141,Asset_141,Group_0,0.004,0.0,-0.004,0,0.0,0.2
discrete__simulated_annealing_swap__rep000__seed4,discrete,simulated_annealing_swap,0,4,142,Asset_142,Group_2,0.004,0.0,-0.004,0,0.0,0.2
discrete__simulated_annealing_swap__rep000__seed4,discrete,simulated_annealing_swap,0,4,143,Asset_143,Group_3,0.004,0.0,-0.004,0,0.0,0.2
discrete__simulated_annealing_swap__rep000__seed4,discrete,simulated_annealing_swap,0,4,144,Asset_144,Group_1,0.004,0.0,-0.004,0,0.0,0.2
discrete__simulated_annealing_swap__rep000__seed4,discrete,simulated_annealing_swap,0,4,145,Asset_145,Group_1,0.004,0.0,-0.004,0,0.0,0.2
discrete__simulated_annealing_swap__rep000__seed4,discrete,simulated_annealing_swap,0,4,146,Asset_146,Group_0,0.004,0.0,-0.004,0,0.0,0.2
discrete__simulated_annealing_swap__rep000__seed4,discrete,simulated_annealing_swap,0,4,147,Asset_147,Group_7,0.004,0.0,-0.004,0,0.0,0.2
discrete__simulated_annealing_swap__rep000__seed4,discrete,simulated_annealing_swap,0,4,148,Asset_148,Group_3,0.004,0.004,0.0,4,0.0,0.2
discrete__simulated_annealing_swap__rep000__seed4,discrete,simulated_annealing_swap,0,4,149,Asset_149,Group_4,0.004,0.0,-0.004,0,0.0,0.2
discrete__simulated_annealing_swap__rep000__seed4,discrete,simulated_annealing_swap,0,4,150,Asset_150,Group_0,0.004,0.0,-0.004,0,0.0,0.2
discrete__simulated_annealing_swap__rep000__seed4,discrete,simulated_annealing_swap,0,4,151,Asset_151,Group_1,0.004,0.0,-0.004,0,0.0,0.2
discrete__simulated_annealing_swap__rep000__seed4,discrete,simulated_annealing_swap,0,4,152,Asset_152,Group_4,0.004,0.0,-0.004,0,0.0,0.2
discrete__simulated_annealing_swap__rep000__seed4,discrete,simulated_annealing_swap,0,4,153,Asset_153,Group_4,0.004,0.0,-0.004,0,0.0,0.2
discrete__simulated_annealing_swap__rep000__seed4,discrete,simulated_annealing_swap,0,4,154,Asset_154,Group_6,0.004,0.088,0.08399999999999999,88,0.0,0.2
discrete__simulated_annealing_swap__rep000__seed4,discrete,simulated_annealing_swap,0,4,155,Asset_155,Group_1,0.004,0.048,0.044,48,0.0,0.2
discrete__simulated_annealing_swap__rep000__seed4,discrete,simulated_annealing_swap,0,4,156,Asset_156,Group_5,0.004,0.0,-0.004,0,0.0,0.2
discrete__simulated_annealing_swap__rep000__seed4,discrete,simulated_annealing_swap,0,4,157,Asset_157,Group_5,0.004,0.0,-0.004,0,0.0,0.2
discrete__simulated_annealing_swap__rep000__seed4,discrete,simulated_annealing_swap,0,4,158,Asset_158,Group_6,0.004,0.032,0.028,32,0.0,0.2
discrete__simulated_annealing_swap__rep000__seed4,discrete,simulated_annealing_swap,0,4,159,Asset_159,Group_0,0.004,0.0,-0.004,0,0.0,0.2
discrete__simulated_annealing_swap__rep000__seed4,discrete,simulated_annealing_swap,0,4,160,Asset_160,Group_5,0.004,0.0,-0.004,0,0.0,0.2
discrete__simulated_annealing_swap__rep000__seed4,discrete,simulated_annealing_swap,0,4,161,Asset_161,Group_0,0.004,0.0,-0.004,0,0.0,0.2
discrete__simulated_annealing_swap__rep000__seed4,discrete,simulated_annealing_swap,0,4,162,Asset_162,Group_0,0.004,0.0,-0.004,0,0.0,0.2
discrete__simulated_annealing_swap__rep000__seed4,discrete,simulated_annealing_swap,0,4,163,Asset_163,Group_6,0.004,0.0,-0.004,0,0.0,0.2
discrete__simulated_annealing_swap__rep000__seed4,discrete,simulated_annealing_swap,0,4,164,Asset_164,Group_3,0.004,0.0,-0.004,0,0.0,0.2
discrete__simulated_annealing_swap__rep000__seed4,discrete,simulated_annealing_swap,0,4,165,Asset_165,Group_2,0.004,0.0,-0.004,0,0.0,0.2
discrete__simulated_annealing_swap__rep000__seed4,discrete,simulated_annealing_swap,0,4,166,Asset_166,Group_3,0.004,0.0,-0.004,0,0.0,0.2
discrete__simulated_annealing_swap__rep000__seed4,discrete,simulated_annealing_swap,0,4,167,Asset_167,Group_6,0.004,0.0,-0.004,0,0.0,0.2
discrete__simulated_annealing_swap__rep000__seed4,discrete,simulated_annealing_swap,0,4,168,Asset_168,Group_1,0.004,0.0,-0.004,0,0.0,0.2
discrete__simulated_annealing_swap__rep000__seed4,discrete,simulated_annealing_swap,0,4,169,Asset_169,Group_3,0.004,0.0,-0.004,0,0.0,0.2
discrete__simulated_annealing_swap__rep000__seed4,discrete,simulated_annealing_swap,0,4,170,Asset_170,Group_5,0.004,0.0,-0.004,0,0.0,0.2
discrete__simulated_annealing_swap__rep000__seed4,discrete,simulated_annealing_swap,0,4,171,Asset_171,Group_3,0.004,0.0,-0.004,0,0.0,0.2
discrete__simulated_annealing_swap__rep000__seed4,discrete,simulated_annealing_swap,0,4,172,Asset_172,Group_4,0.004,0.0,-0.004,0,0.0,0.2
discrete__simulated_annealing_swap__rep000__seed4,discrete,simulated_annealing_swap,0,4,173,Asset_173,Group_7,0.004,0.0,-0.004,0,0.0,0.2
discrete__simulated_annealing_swap__rep000__seed4,discrete,simulated_annealing_swap,0,4,174,Asset_174,Group_3,0.004,0.0,-0.004,0,0.0,0.2
discrete__simulated_annealing_swap__rep000__seed4,discrete,simulated_annealing_swap,0,4,175,Asset_175,Group_5,0.004,0.0,-0.004,0,0.0,0.2
discrete__simulated_annealing_swap__rep000__seed4,discrete,simulated_annealing_swap,0,4,176,Asset_176,Group_4,0.004,0.0,-0.004,0,0.0,0.2
discrete__simulated_annealing_swap__rep000__seed4,discrete,simulated_annealing_swap,0,4,177,Asset_177,Group_1,0.004,0.0,-0.004,0,0.0,0.2
discrete__simulated_annealing_swap__rep000__seed4,discrete,simulated_annealing_swap,0,4,178,Asset_178,Group_7,0.004,0.0,-0.004,0,0.0,0.2
discrete__simulated_annealing_swap__rep000__seed4,discrete,simulated_annealing_swap,0,4,179,Asset_179,Group_6,0.004,0.0,-0.004,0,0.0,0.2
discrete__simulated_annealing_swap__rep000__seed4,discrete,simulated_annealing_swap,0,4,180,Asset_180,Group_0,0.004,0.0,-0.004,0,0.0,0.2
discrete__simulated_annealing_swap__rep000__seed4,discrete,simulated_annealing_swap,0,4,181,Asset_181,Group_7,0.004,0.0,-0.004,0,0.0,0.2
discrete__simulated_annealing_swap__rep000__seed4,discrete,simulated_annealing_swap,0,4,182,Asset_182,Group_1,0.004,0.0,-0.004,0,0.0,0.2
discrete__simulated_annealing_swap__rep000__seed4,discrete,simulated_annealing_swap,0,4,183,Asset_183,Group_5,0.004,0.0,-0.004,0,0.0,0.2
discrete__simulated_annealing_swap__rep000__seed4,discrete,simulated_annealing_swap,0,4,184,Asset_184,Group_0,0.004,0.0,-0.004,0,0.0,0.2
discrete__simulated_annealing_swap__rep000__seed4,discrete,simulated_annealing_swap,0,4,185,Asset_185,Group_7,0.004,0.0,-0.004,0,0.0,0.2
discrete__simulated_annealing_swap__rep000__seed4,discrete,simulated_annealing_swap,0,4,186,Asset_186,Group_1,0.004,0.0,-0.004,0,0.0,0.2
discrete__simulated_annealing_swap__rep000__seed4,discrete,simulated_annealing_swap,0,4,187,Asset_187,Group_4,0.004,0.0,-0.004,0,0.0,0.2
discrete__simulated_annealing_swap__rep000__seed4,discrete,simulated_annealing_swap,0,4,188,Asset_188,Group_7,0.004,0.0,-0.004,0,0.0,0.2
discrete__simulated_annealing_swap__rep000__seed4,discrete,simulated_annealing_swap,0,4,189,Asset_189,Group_3,0.004,0.0,-0.004,0,0.0,0.2
discrete__simulated_annealing_swap__rep000__seed4,discrete,simulated_annealing_swap,0,4,190,Asset_190,Group_7,0.004,0.0,-0.004,0,0.0,0.2
discrete__simulated_annealing_swap__rep000__seed4,discrete,simulated_annealing_swap,0,4,191,Asset_191,Group_5,0.004,0.0,-0.004,0,0.0,0.2
discrete__simulated_annealing_swap__rep000__seed4,discrete,simulated_annealing_swap,0,4,192,Asset_192,Group_6,0.004,0.0,-0.004,0,0.0,0.2
discrete__simulated_annealing_swap__rep000__seed4,discrete,simulated_annealing_swap,0,4,193,Asset_193,Group_5,0.004,0.0,-0.004,0,0.0,0.2
discrete__simulated_annealing_swap__rep000__seed4,discrete,simulated_annealing_swap,0,4,194,Asset_194,Group_1,0.004,0.0,-0.004,0,0.0,0.2
discrete__simulated_annealing_swap__rep000__seed4,discrete,simulated_annealing_swap,0,4,195,Asset_195,Group_7,0.004,0.2,0.196,200,0.0,0.2
discrete__simulated_annealing_swap__rep000__seed4,discrete,simulated_annealing_swap,0,4,196,Asset_196,Group_4,0.004,0.0,-0.004,0,0.0,0.2
discrete__simulated_annealing_swap__rep000__seed4,discrete,simulated_annealing_swap,0,4,197,Asset_197,Group_5,0.004,0.0,-0.004,0,0.0,0.2
discrete__simulated_annealing_swap__rep000__seed4,discrete,simulated_annealing_swap,0,4,198,Asset_198,Group_1,0.004,0.0,-0.004,0,0.0,0.2
discrete__simulated_annealing_swap__rep000__seed4,discrete,simulated_annealing_swap,0,4,199,Asset_199,Group_3,0.004,0.0,-0.004,0,0.0,0.2
discrete__simulated_annealing_swap__rep000__seed4,discrete,simulated_annealing_swap,0,4,200,Asset_200,Group_6,0.004,0.0,-0.004,0,0.0,0.2
discrete__simulated_annealing_swap__rep000__seed4,discrete,simulated_annealing_swap,0,4,201,Asset_201,Group_0,0.004,0.0,-0.004,0,0.0,0.2
discrete__simulated_annealing_swap__rep000__seed4,discrete,simulated_annealing_swap,0,4,202,Asset_202,Group_6,0.004,0.0,-0.004,0,0.0,0.2
discrete__simulated_annealing_swap__rep000__seed4,discrete,simulated_annealing_swap,0,4,203,Asset_203,Group_0,0.004,0.0,-0.004,0,0.0,0.2
discrete__simulated_annealing_swap__rep000__seed4,discrete,simulated_annealing_swap,0,4,204,Asset_204,Group_1,0.004,0.0,-0.004,0,0.0,0.2
discrete__simulated_annealing_swap__rep000__seed4,discrete,simulated_annealing_swap,0,4,205,Asset_205,Group_2,0.004,0.0,-0.004,0,0.0,0.2
discrete__simulated_annealing_swap__rep000__seed4,discrete,simulated_annealing_swap,0,4,206,Asset_206,Group_0,0.004,0.0,-0.004,0,0.0,0.2
discrete__simulated_annealing_swap__rep000__seed4,discrete,simulated_annealing_swap,0,4,207,Asset_207,Group_3,0.004,0.0,-0.004,0,0.0,0.2
discrete__simulated_annealing_swap__rep000__seed4,discrete,simulated_annealing_swap,0,4,208,Asset_208,Group_0,0.004,0.0,-0.004,0,0.0,0.2
discrete__simulated_annealing_swap__rep000__seed4,discrete,simulated_annealing_swap,0,4,209,Asset_209,Group_5,0.004,0.0,-0.004,0,0.0,0.2
discrete__simulated_annealing_swap__rep000__seed4,discrete,simulated_annealing_swap,0,4,210,Asset_210,Group_2,0.004,0.0,-0.004,0,0.0,0.2
discrete__simulated_annealing_swap__rep000__seed4,discrete,simulated_annealing_swap,0,4,211,Asset_211,Group_5,0.004,0.0,-0.004,0,0.0,0.2
discrete__simulated_annealing_swap__rep000__seed4,discrete,simulated_annealing_swap,0,4,212,Asset_212,Group_2,0.004,0.0,-0.004,0,0.0,0.2
discrete__simulated_annealing_swap__rep000__seed4,discrete,simulated_annealing_swap,0,4,213,Asset_213,Group_5,0.004,0.0,-0.004,0,0.0,0.2
discrete__simulated_annealing_swap__rep000__seed4,discrete,simulated_annealing_swap,0,4,214,Asset_214,Group_1,0.004,0.0,-0.004,0,0.0,0.2
discrete__simulated_annealing_swap__rep000__seed4,discrete,simulated_annealing_swap,0,4,215,Asset_215,Group_2,0.004,0.0,-0.004,0,0.0,0.2
discrete__simulated_annealing_swap__rep000__seed4,discrete,simulated_annealing_swap,0,4,216,Asset_216,Group_1,0.004,0.0,-0.004,0,0.0,0.2
discrete__simulated_annealing_swap__rep000__seed4,discrete,simulated_annealing_swap,0,4,217,Asset_217,Group_1,0.004,0.0,-0.004,0,0.0,0.2
discrete__simulated_annealing_swap__rep000__seed4,discrete,simulated_annealing_swap,0,4,218,Asset_218,Group_6,0.004,0.0,-0.004,0,0.0,0.2
discrete__simulated_annealing_swap__rep000__seed4,discrete,simulated_annealing_swap,0,4,219,Asset_219,Group_2,0.004,0.0,-0.004,0,0.0,0.2
discrete__simulated_annealing_swap__rep000__seed4,discrete,simulated_annealing_swap,0,4,220,Asset_220,Group_5,0.004,0.0,-0.004,0,0.0,0.2
discrete__simulated_annealing_swap__rep000__seed4,discrete,simulated_annealing_swap,0,4,221,Asset_221,Group_1,0.004,0.0,-0.004,0,0.0,0.2
discrete__simulated_annealing_swap__rep000__seed4,discrete,simulated_annealing_swap,0,4,222,Asset_222,Group_3,0.004,0.0,-0.004,0,0.0,0.2
discrete__simulated_annealing_swap__rep000__seed4,discrete,simulated_annealing_swap,0,4,223,Asset_223,Group_0,0.004,0.0,-0.004,0,0.0,0.2
discrete__simulated_annealing_swap__rep000__seed4,discrete,simulated_annealing_swap,0,4,224,Asset_224,Group_0,0.004,0.0,-0.004,0,0.0,0.2
discrete__simulated_annealing_swap__rep000__seed4,discrete,simulated_annealing_swap,0,4,225,Asset_225,Group_0,0.004,0.0,-0.004,0,0.0,0.2
discrete__simulated_annealing_swap__rep000__seed4,discrete,simulated_annealing_swap,0,4,226,Asset_226,Group_6,0.004,0.0,-0.004,0,0.0,0.2
discrete__simulated_annealing_swap__rep000__seed4,discrete,simulated_annealing_swap,0,4,227,Asset_227,Group_7,0.004,0.0,-0.004,0,0.0,0.2
discrete__simulated_annealing_swap__rep000__seed4,discrete,simulated_annealing_swap,0,4,228,Asset_228,Group_3,0.004,0.0,-0.004,0,0.0,0.2
discrete__simulated_annealing_swap__rep000__seed4,discrete,simulated_annealing_swap,0,4,229,Asset_229,Group_6,0.004,0.0,-0.004,0,0.0,0.2
discrete__simulated_annealing_swap__rep000__seed4,discrete,simulated_annealing_swap,0,4,230,Asset_230,Group_4,0.004,0.002,-0.002,2,0.0,0.2
discrete__simulated_annealing_swap__rep000__seed4,discrete,simulated_annealing_swap,0,4,231,Asset_231,Group_5,0.004,0.0,-0.004,0,0.0,0.2
discrete__simulated_annealing_swap__rep000__seed4,discrete,simulated_annealing_swap,0,4,232,Asset_232,Group_5,0.004,0.0,-0.004,0,0.0,0.2
discrete__simulated_annealing_swap__rep000__seed4,discrete,simulated_annealing_swap,0,4,233,Asset_233,Group_2,0.004,0.093,0.089,93,0.0,0.2
discrete__simulated_annealing_swap__rep000__seed4,discrete,simulated_annealing_swap,0,4,234,Asset_234,Group_2,0.004,0.0,-0.004,0,0.0,0.2
discrete__simulated_annealing_swap__rep000__seed4,discrete,simulated_annealing_swap,0,4,235,Asset_235,Group_7,0.004,0.0,-0.004,0,0.0,0.2
discrete__simulated_annealing_swap__rep000__seed4,discrete,simulated_annealing_swap,0,4,236,Asset_236,Group_2,0.004,0.0,-0.004,0,0.0,0.2
discrete__simulated_annealing_swap__rep000__seed4,discrete,simulated_annealing_swap,0,4,237,Asset_237,Group_0,0.004,0.0,-0.004,0,0.0,0.2
discrete__simulated_annealing_swap__rep000__seed4,discrete,simulated_annealing_swap,0,4,238,Asset_238,Group_5,0.004,0.0,-0.004,0,0.0,0.2
discrete__simulated_annealing_swap__rep000__seed4,discrete,simulated_annealing_swap,0,4,239,Asset_239,Group_5,0.004,0.004,0.0,4,0.0,0.2
discrete__simulated_annealing_swap__rep000__seed4,discrete,simulated_annealing_swap,0,4,240,Asset_240,Group_7,0.004,0.0,-0.004,0,0.0,0.2
discrete__simulated_annealing_swap__rep000__seed4,discrete,simulated_annealing_swap,0,4,241,Asset_241,Group_6,0.004,0.0,-0.004,0,0.0,0.2
discrete__simulated_annealing_swap__rep000__seed4,discrete,simulated_annealing_swap,0,4,242,Asset_242,Group_0,0.004,0.0,-0.004,0,0.0,0.2
discrete__simulated_annealing_swap__rep000__seed4,discrete,simulated_annealing_swap,0,4,243,Asset_243,Group_2,0.004,0.0,-0.004,0,0.0,0.2
discrete__simulated_annealing_swap__rep000__seed4,discrete,simulated_annealing_swap,0,4,244,Asset_244,Group_7,0.004,0.0,-0.004,0,0.0,0.2
discrete__simulated_annealing_swap__rep000__seed4,discrete,simulated_annealing_swap,0,4,245,Asset_245,Group_7,0.004,0.0,-0.004,0,0.0,0.2
discrete__simulated_annealing_swap__rep000__seed4,discrete,simulated_annealing_swap,0,4,246,Asset_246,Group_0,0.004,0.0,-0.004,0,0.0,0.2
discrete__simulated_annealing_swap__rep000__seed4,discrete,simulated_annealing_swap,0,4,247,Asset_247,Group_3,0.004,0.0,-0.004,0,0.0,0.2
discrete__simulated_annealing_swap__rep000__seed4,discrete,simulated_annealing_swap,0,4,248,Asset_248,Group_2,0.004,0.0,-0.004,0,0.0,0.2
discrete__simulated_annealing_swap__rep000__seed4,discrete,simulated_annealing_swap,0,4,249,Asset_249,Group_0,0.004,0.0,-0.004,0,0.0,0.2
discrete__simulated_annealing_swap__rep000__seed5,discrete,simulated_annealing_swap,0,5,0,Asset_000,Group_3,0.004,0.0,-0.004,0,0.0,0.2
discrete__simulated_annealing_swap__rep000__seed5,discrete,simulated_annealing_swap,0,5,1,Asset_001,Group_7,0.004,0.0,-0.004,0,0.0,0.2
discrete__simulated_annealing_swap__rep000__seed5,discrete,simulated_annealing_swap,0,5,2,Asset_002,Group_7,0.004,0.0,-0.004,0,0.0,0.2
discrete__simulated_annealing_swap__rep000__seed5,discrete,simulated_annealing_swap,0,5,3,Asset_003,Group_2,0.004,0.0,-0.004,0,0.0,0.2
discrete__simulated_annealing_swap__rep000__seed5,discrete,simulated_annealing_swap,0,5,4,Asset_004,Group_6,0.004,0.0,-0.004,0,0.0,0.2
discrete__simulated_annealing_swap__rep000__seed5,discrete,simulated_annealing_swap,0,5,5,Asset_005,Group_7,0.004,0.0,-0.004,0,0.0,0.2
discrete__simulated_annealing_swap__rep000__seed5,discrete,simulated_annealing_swap,0,5,6,Asset_006,Group_3,0.004,0.0,-0.004,0,0.0,0.2
discrete__simulated_annealing_swap__rep000__seed5,discrete,simulated_annealing_swap,0,5,7,Asset_007,Group_0,0.004,0.0,-0.004,0,0.0,0.2
discrete__simulated_annealing_swap__rep000__seed5,discrete,simulated_annealing_swap,0,5,8,Asset_008,Group_2,0.004,0.0,-0.004,0,0.0,0.2
discrete__simulated_annealing_swap__rep000__seed5,discrete,simulated_annealing_swap,0,5,9,Asset_009,Group_6,0.004,0.0,-0.004,0,0.0,0.2
discrete__simulated_annealing_swap__rep000__seed5,discrete,simulated_annealing_swap,0,5,10,Asset_010,Group_0,0.004,0.0,-0.004,0,0.0,0.2
discrete__simulated_annealing_swap__rep000__seed5,discrete,simulated_annealing_swap,0,5,11,Asset_011,Group_5,0.004,0.0,-0.004,0,0.0,0.2
discrete__simulated_annealing_swap__rep000__seed5,discrete,simulated_annealing_swap,0,5,12,Asset_012,Group_7,0.004,0.0,-0.004,0,0.0,0.2
discrete__simulated_annealing_swap__rep000__seed5,discrete,simulated_annealing_swap,0,5,13,Asset_013,Group_2,0.004,0.0,-0.004,0,0.0,0.2
discrete__simulated_annealing_swap__rep000__seed5,discrete,simulated_annealing_swap,0,5,14,Asset_014,Group_4,0.004,0.0,-0.004,0,0.0,0.2
discrete__simulated_annealing_swap__rep000__seed5,discrete,simulated_annealing_swap,0,5,15,Asset_015,Group_4,0.004,0.0,-0.004,0,0.0,0.2
discrete__simulated_annealing_swap__rep000__seed5,discrete,simulated_annealing_swap,0,5,16,Asset_016,Group_1,0.004,0.0,-0.004,0,0.0,0.2
discrete__simulated_annealing_swap__rep000__seed5,discrete,simulated_annealing_swap,0,5,17,Asset_017,Group_4,0.004,0.0,-0.004,0,0.0,0.2
discrete__simulated_annealing_swap__rep000__seed5,discrete,simulated_annealing_swap,0,5,18,Asset_018,Group_3,0.004,0.0,-0.004,0,0.0,0.2
discrete__simulated_annealing_swap__rep000__seed5,discrete,simulated_annealing_swap,0,5,19,Asset_019,Group_2,0.004,0.0,-0.004,0,0.0,0.2
discrete__simulated_annealing_swap__rep000__seed5,discrete,simulated_annealing_swap,0,5,20,Asset_020,Group_1,0.004,0.0,-0.004,0,0.0,0.2
discrete__simulated_annealing_swap__rep000__seed5,discrete,simulated_annealing_swap,0,5,21,Asset_021,Group_1,0.004,0.0,-0.004,0,0.0,0.2
discrete__simulated_annealing_swap__rep000__seed5,discrete,simulated_annealing_swap,0,5,22,Asset_022,Group_3,0.004,0.016,0.012,16,0.0,0.2
discrete__simulated_annealing_swap__rep000__seed5,discrete,simulated_annealing_swap,0,5,23,Asset_023,Group_6,0.004,0.0,-0.004,0,0.0,0.2
discrete__simulated_annealing_swap__rep000__seed5,discrete,simulated_annealing_swap,0,5,24,Asset_024,Group_4,0.004,0.0,-0.004,0,0.0,0.2
discrete__simulated_annealing_swap__rep000__seed5,discrete,simulated_annealing_swap,0,5,25,Asset_025,Group_5,0.004,0.0,-0.004,0,0.0,0.2
discrete__simulated_annealing_swap__rep000__seed5,discrete,simulated_annealing_swap,0,5,26,Asset_026,Group_1,0.004,0.0,-0.004,0,0.0,0.2
discrete__simulated_annealing_swap__rep000__seed5,discrete,simulated_annealing_swap,0,5,27,Asset_027,Group_7,0.004,0.0,-0.004,0,0.0,0.2
discrete__simulated_annealing_swap__rep000__seed5,discrete,simulated_annealing_swap,0,5,28,Asset_028,Group_1,0.004,0.0,-0.004,0,0.0,0.2
discrete__simulated_annealing_swap__rep000__seed5,discrete,simulated_annealing_swap,0,5,29,Asset_029,Group_4,0.004,0.0,-0.004,0,0.0,0.2
discrete__simulated_annealing_swap__rep000__seed5,discrete,simulated_annealing_swap,0,5,30,Asset_030,Group_1,0.004,0.0,-0.004,0,0.0,0.2
discrete__simulated_annealing_swap__rep000__seed5,discrete,simulated_annealing_swap,0,5,31,Asset_031,Group_2,0.004,0.0,-0.004,0,0.0,0.2
discrete__simulated_annealing_swap__rep000__seed5,discrete,simulated_annealing_swap,0,5,32,Asset_032,Group_1,0.004,0.0,-0.004,0,0.0,0.2
discrete__simulated_annealing_swap__rep000__seed5,discrete,simulated_annealing_swap,0,5,33,Asset_033,Group_3,0.004,0.0,-0.004,0,0.0,0.2
discrete__simulated_annealing_swap__rep000__seed5,discrete,simulated_annealing_swap,0,5,34,Asset_034,Group_4,0.004,0.0,-0.004,0,0.0,0.2
discrete__simulated_annealing_swap__rep000__seed5,discrete,simulated_annealing_swap,0,5,35,Asset_035,Group_6,0.004,0.0,-0.004,0,0.0,0.2
discrete__simulated_annealing_swap__rep000__seed5,discrete,simulated_annealing_swap,0,5,36,Asset_036,Group_3,0.004,0.0,-0.004,0,0.0,0.2
discrete__simulated_annealing_swap__rep000__seed5,discrete,simulated_annealing_swap,0,5,37,Asset_037,Group_1,0.004,0.0,-0.004,0,0.0,0.2
discrete__simulated_annealing_swap__rep000__seed5,discrete,simulated_annealing_swap,0,5,38,Asset_038,Group_5,0.004,0.0,-0.004,0,0.0,0.2
discrete__simulated_annealing_swap__rep000__seed5,discrete,simulated_annealing_swap,0,5,39,Asset_039,Group_7,0.004,0.0,-0.004,0,0.0,0.2
discrete__simulated_annealing_swap__rep000__seed5,discrete,simulated_annealing_swap,0,5,40,Asset_040,Group_1,0.004,0.0,-0.004,0,0.0,0.2
discrete__simulated_annealing_swap__rep000__seed5,discrete,simulated_annealing_swap,0,5,41,Asset_041,Group_5,0.004,0.0,-0.004,0,0.0,0.2
discrete__simulated_annealing_swap__rep000__seed5,discrete,simulated_annealing_swap,0,5,42,Asset_042,Group_5,0.004,0.0,-0.004,0,0.0,0.2
discrete__simulated_annealing_swap__rep000__seed5,discrete,simulated_annealing_swap,0,5,43,Asset_043,Group_6,0.004,0.011,0.006999999999999999,11,0.0,0.2
discrete__simulated_annealing_swap__rep000__seed5,discrete,simulated_annealing_swap,0,5,44,Asset_044,Group_3,0.004,0.0,-0.004,0,0.0,0.2
discrete__simulated_annealing_swap__rep000__seed5,discrete,simulated_annealing_swap,0,5,45,Asset_045,Group_3,0.004,0.0,-0.004,0,0.0,0.2
discrete__simulated_annealing_swap__rep000__seed5,discrete,simulated_annealing_swap,0,5,46,Asset_046,Group_6,0.004,0.111,0.107,111,0.0,0.2
discrete__simulated_annealing_swap__rep000__seed5,discrete,simulated_annealing_swap,0,5,47,Asset_047,Group_7,0.004,0.0,-0.004,0,0.0,0.2
discrete__simulated_annealing_swap__rep000__seed5,discrete,simulated_annealing_swap,0,5,48,Asset_048,Group_7,0.004,0.0,-0.004,0,0.0,0.2
discrete__simulated_annealing_swap__rep000__seed5,discrete,simulated_annealing_swap,0,5,49,Asset_049,Group_7,0.004,0.0,-0.004,0,0.0,0.2
discrete__simulated_annealing_swap__rep000__seed5,discrete,simulated_annealing_swap,0,5,50,Asset_050,Group_1,0.004,0.0,-0.004,0,0.0,0.2
discrete__simulated_annealing_swap__rep000__seed5,discrete,simulated_annealing_swap,0,5,51,Asset_051,Group_3,0.004,0.0,-0.004,0,0.0,0.2
discrete__simulated_annealing_swap__rep000__seed5,discrete,simulated_annealing_swap,0,5,52,Asset_052,Group_3,0.004,0.0,-0.004,0,0.0,0.2
discrete__simulated_annealing_swap__rep000__seed5,discrete,simulated_annealing_swap,0,5,53,Asset_053,Group_2,0.004,0.0,-0.004,0,0.0,0.2
discrete__simulated_annealing_swap__rep000__seed5,discrete,simulated_annealing_swap,0,5,54,Asset_054,Group_3,0.004,0.0,-0.004,0,0.0,0.2
discrete__simulated_annealing_swap__rep000__seed5,discrete,simulated_annealing_swap,0,5,55,Asset_055,Group_2,0.004,0.0,-0.004,0,0.0,0.2
discrete__simulated_annealing_swap__rep000__seed5,discrete,simulated_annealing_swap,0,5,56,Asset_056,Group_4,0.004,0.082,0.078,82,0.0,0.2
discrete__simulated_annealing_swap__rep000__seed5,discrete,simulated_annealing_swap,0,5,57,Asset_057,Group_4,0.004,0.0,-0.004,0,0.0,0.2
discrete__simulated_annealing_swap__rep000__seed5,discrete,simulated_annealing_swap,0,5,58,Asset_058,Group_4,0.004,0.0,-0.004,0,0.0,0.2
discrete__simulated_annealing_swap__rep000__seed5,discrete,simulated_annealing_swap,0,5,59,Asset_059,Group_0,0.004,0.0,-0.004,0,0.0,0.2
discrete__simulated_annealing_swap__rep000__seed5,discrete,simulated_annealing_swap,0,5,60,Asset_060,Group_6,0.004,0.0,-0.004,0,0.0,0.2
discrete__simulated_annealing_swap__rep000__seed5,discrete,simulated_annealing_swap,0,5,61,Asset_061,Group_7,0.004,0.0,-0.004,0,0.0,0.2
discrete__simulated_annealing_swap__rep000__seed5,discrete,simulated_annealing_swap,0,5,62,Asset_062,Group_5,0.004,0.0,-0.004,0,0.0,0.2
discrete__simulated_annealing_swap__rep000__seed5,discrete,simulated_annealing_swap,0,5,63,Asset_063,Group_1,0.004,0.0,-0.004,0,0.0,0.2
discrete__simulated_annealing_swap__rep000__seed5,discrete,simulated_annealing_swap,0,5,64,Asset_064,Group_4,0.004,0.0,-0.004,0,0.0,0.2
discrete__simulated_annealing_swap__rep000__seed5,discrete,simulated_annealing_swap,0,5,65,Asset_065,Group_3,0.004,0.0,-0.004,0,0.0,0.2
discrete__simulated_annealing_swap__rep000__seed5,discrete,simulated_annealing_swap,0,5,66,Asset_066,Group_0,0.004,0.0,-0.004,0,0.0,0.2
discrete__simulated_annealing_swap__rep000__seed5,discrete,simulated_annealing_swap,0,5,67,Asset_067,Group_1,0.004,0.0,-0.004,0,0.0,0.2
discrete__simulated_annealing_swap__rep000__seed5,discrete,simulated_annealing_swap,0,5,68,Asset_068,Group_4,0.004,0.0,-0.004,0,0.0,0.2
discrete__simulated_annealing_swap__rep000__seed5,discrete,simulated_annealing_swap,0,5,69,Asset_069,Group_4,0.004,0.0,-0.004,0,0.0,0.2
discrete__simulated_annealing_swap__rep000__seed5,discrete,simulated_annealing_swap,0,5,70,Asset_070,Group_6,0.004,0.0,-0.004,0,0.0,0.2
discrete__simulated_annealing_swap__rep000__seed5,discrete,simulated_annealing_swap,0,5,71,Asset_071,Group_4,0.004,0.0,-0.004,0,0.0,0.2
discrete__simulated_annealing_swap__rep000__seed5,discrete,simulated_annealing_swap,0,5,72,Asset_072,Group_0,0.004,0.02,0.016,20,0.0,0.2
discrete__simulated_annealing_swap__rep000__seed5,discrete,simulated_annealing_swap,0,5,73,Asset_073,Group_2,0.004,0.0,-0.004,0,0.0,0.2
discrete__simulated_annealing_swap__rep000__seed5,discrete,simulated_annealing_swap,0,5,74,Asset_074,Group_1,0.004,0.0,-0.004,0,0.0,0.2
discrete__simulated_annealing_swap__rep000__seed5,discrete,simulated_annealing_swap,0,5,75,Asset_075,Group_6,0.004,0.0,-0.004,0,0.0,0.2
discrete__simulated_annealing_swap__rep000__seed5,discrete,simulated_annealing_swap,0,5,76,Asset_076,Group_5,0.004,0.0,-0.004,0,0.0,0.2
discrete__simulated_annealing_swap__rep000__seed5,discrete,simulated_annealing_swap,0,5,77,Asset_077,Group_0,0.004,0.0,-0.004,0,0.0,0.2
discrete__simulated_annealing_swap__rep000__seed5,discrete,simulated_annealing_swap,0,5,78,Asset_078,Group_1,0.004,0.0,-0.004,0,0.0,0.2
discrete__simulated_annealing_swap__rep000__seed5,discrete,simulated_annealing_swap,0,5,79,Asset_079,Group_6,0.004,0.0,-0.004,0,0.0,0.2
discrete__simulated_annealing_swap__rep000__seed5,discrete,simulated_annealing_swap,0,5,80,Asset_080,Group_5,0.004,0.0,-0.004,0,0.0,0.2
discrete__simulated_annealing_swap__rep000__seed5,discrete,simulated_annealing_swap,0,5,81,Asset_081,Group_4,0.004,0.0,-0.004,0,0.0,0.2
discrete__simulated_annealing_swap__rep000__seed5,discrete,simulated_annealing_swap,0,5,82,Asset_082,Group_0,0.004,0.0,-0.004,0,0.0,0.2
discrete__simulated_annealing_swap__rep000__seed5,discrete,simulated_annealing_swap,0,5,83,Asset_083,Group_2,0.004,0.0,-0.004,0,0.0,0.2
discrete__simulated_annealing_swap__rep000__seed5,discrete,simulated_annealing_swap,0,5,84,Asset_084,Group_0,0.004,0.0,-0.004,0,0.0,0.2
discrete__simulated_annealing_swap__rep000__seed5,discrete,simulated_annealing_swap,0,5,85,Asset_085,Group_6,0.004,0.0,-0.004,0,0.0,0.2
discrete__simulated_annealing_swap__rep000__seed5,discrete,simulated_annealing_swap,0,5,86,Asset_086,Group_6,0.004,0.033,0.029,33,0.0,0.2
discrete__simulated_annealing_swap__rep000__seed5,discrete,simulated_annealing_swap,0,5,87,Asset_087,Group_5,0.004,0.0,-0.004,0,0.0,0.2
discrete__simulated_annealing_swap__rep000__seed5,discrete,simulated_annealing_swap,0,5,88,Asset_088,Group_7,0.004,0.004,0.0,4,0.0,0.2
discrete__simulated_annealing_swap__rep000__seed5,discrete,simulated_annealing_swap,0,5,89,Asset_089,Group_2,0.004,0.0,-0.004,0,0.0,0.2
discrete__simulated_annealing_swap__rep000__seed5,discrete,simulated_annealing_swap,0,5,90,Asset_090,Group_1,0.004,0.0,-0.004,0,0.0,0.2
discrete__simulated_annealing_swap__rep000__seed5,discrete,simulated_annealing_swap,0,5,91,Asset_091,Group_3,0.004,0.0,-0.004,0,0.0,0.2
discrete__simulated_annealing_swap__rep000__seed5,discrete,simulated_annealing_swap,0,5,92,Asset_092,Group_2,0.004,0.0,-0.004,0,0.0,0.2
discrete__simulated_annealing_swap__rep000__seed5,discrete,simulated_annealing_swap,0,5,93,Asset_093,Group_6,0.004,0.0,-0.004,0,0.0,0.2
discrete__simulated_annealing_swap__rep000__seed5,discrete,simulated_annealing_swap,0,5,94,Asset_094,Group_5,0.004,0.165,0.161,165,0.0,0.2
discrete__simulated_annealing_swap__rep000__seed5,discrete,simulated_annealing_swap,0,5,95,Asset_095,Group_7,0.004,0.0,-0.004,0,0.0,0.2
discrete__simulated_annealing_swap__rep000__seed5,discrete,simulated_annealing_swap,0,5,96,Asset_096,Group_5,0.004,0.0,-0.004,0,0.0,0.2
discrete__simulated_annealing_swap__rep000__seed5,discrete,simulated_annealing_swap,0,5,97,Asset_097,Group_2,0.004,0.0,-0.004,0,0.0,0.2
discrete__simulated_annealing_swap__rep000__seed5,discrete,simulated_annealing_swap,0,5,98,Asset_098,Group_3,0.004,0.0,-0.004,0,0.0,0.2
discrete__simulated_annealing_swap__rep000__seed5,discrete,simulated_annealing_swap,0,5,99,Asset_099,Group_7,0.004,0.0,-0.004,0,0.0,0.2
discrete__simulated_annealing_swap__rep000__seed5,discrete,simulated_annealing_swap,0,5,100,Asset_100,Group_7,0.004,0.0,-0.004,0,0.0,0.2
discrete__simulated_annealing_swap__rep000__seed5,discrete,simulated_annealing_swap,0,5,101,Asset_101,Group_1,0.004,0.075,0.071,75,0.0,0.2
discrete__simulated_annealing_swap__rep000__seed5,discrete,simulated_annealing_swap,0,5,102,Asset_102,Group_3,0.004,0.004,0.0,4,0.0,0.2
discrete__simulated_annealing_swap__rep000__seed5,discrete,simulated_annealing_swap,0,5,103,Asset_103,Group_6,0.004,0.0,-0.004,0,0.0,0.2
discrete__simulated_annealing_swap__rep000__seed5,discrete,simulated_annealing_swap,0,5,104,Asset_104,Group_0,0.004,0.0,-0.004,0,0.0,0.2
discrete__simulated_annealing_swap__rep000__seed5,discrete,simulated_annealing_swap,0,5,105,Asset_105,Group_2,0.004,0.0,-0.004,0,0.0,0.2
discrete__simulated_annealing_swap__rep000__seed5,discrete,simulated_annealing_swap,0,5,106,Asset_106,Group_4,0.004,0.0,-0.004,0,0.0,0.2
discrete__simulated_annealing_swap__rep000__seed5,discrete,simulated_annealing_swap,0,5,107,Asset_107,Group_4,0.004,0.0,-0.004,0,0.0,0.2
discrete__simulated_annealing_swap__rep000__seed5,discrete,simulated_annealing_swap,0,5,108,Asset_108,Group_4,0.004,0.0,-0.004,0,0.0,0.2
discrete__simulated_annealing_swap__rep000__seed5,discrete,simulated_annealing_swap,0,5,109,Asset_109,Group_4,0.004,0.0,-0.004,0,0.0,0.2
discrete__simulated_annealing_swap__rep000__seed5,discrete,simulated_annealing_swap,0,5,110,Asset_110,Group_3,0.004,0.0,-0.004,0,0.0,0.2
discrete__simulated_annealing_swap__rep000__seed5,discrete,simulated_annealing_swap,0,5,111,Asset_111,Group_2,0.004,0.0,-0.004,0,0.0,0.2
discrete__simulated_annealing_swap__rep000__seed5,discrete,simulated_annealing_swap,0,5,112,Asset_112,Group_0,0.004,0.0,-0.004,0,0.0,0.2
discrete__simulated_annealing_swap__rep000__seed5,discrete,simulated_annealing_swap,0,5,113,Asset_113,Group_7,0.004,0.0,-0.004,0,0.0,0.2
discrete__simulated_annealing_swap__rep000__seed5,discrete,simulated_annealing_swap,0,5,114,Asset_114,Group_7,0.004,0.0,-0.004,0,0.0,0.2
discrete__simulated_annealing_swap__rep000__seed5,discrete,simulated_annealing_swap,0,5,115,Asset_115,Group_2,0.004,0.0,-0.004,0,0.0,0.2
discrete__simulated_annealing_swap__rep000__seed5,discrete,simulated_annealing_swap,0,5,116,Asset_116,Group_3,0.004,0.0,-0.004,0,0.0,0.2
discrete__simulated_annealing_swap__rep000__seed5,discrete,simulated_annealing_swap,0,5,117,Asset_117,Group_6,0.004,0.0,-0.004,0,0.0,0.2
discrete__simulated_annealing_swap__rep000__seed5,discrete,simulated_annealing_swap,0,5,118,Asset_118,Group_3,0.004,0.0,-0.004,0,0.0,0.2
discrete__simulated_annealing_swap__rep000__seed5,discrete,simulated_annealing_swap,0,5,119,Asset_119,Group_5,0.004,0.0,-0.004,0,0.0,0.2
discrete__simulated_annealing_swap__rep000__seed5,discrete,simulated_annealing_swap,0,5,120,Asset_120,Group_6,0.004,0.0,-0.004,0,0.0,0.2
discrete__simulated_annealing_swap__rep000__seed5,discrete,simulated_annealing_swap,0,5,121,Asset_121,Group_2,0.004,0.0,-0.004,0,0.0,0.2
discrete__simulated_annealing_swap__rep000__seed5,discrete,simulated_annealing_swap,0,5,122,Asset_122,Group_5,0.004,0.0,-0.004,0,0.0,0.2
discrete__simulated_annealing_swap__rep000__seed5,discrete,simulated_annealing_swap,0,5,123,Asset_123,Group_7,0.004,0.0,-0.004,0,0.0,0.2
discrete__simulated_annealing_swap__rep000__seed5,discrete,simulated_annealing_swap,0,5,124,Asset_124,Group_4,0.004,0.0,-0.004,0,0.0,0.2
discrete__simulated_annealing_swap__rep000__seed5,discrete,simulated_annealing_swap,0,5,125,Asset_125,Group_0,0.004,0.0,-0.004,0,0.0,0.2
discrete__simulated_annealing_swap__rep000__seed5,discrete,simulated_annealing_swap,0,5,126,Asset_126,Group_4,0.004,0.0,-0.004,0,0.0,0.2
discrete__simulated_annealing_swap__rep000__seed5,discrete,simulated_annealing_swap,0,5,127,Asset_127,Group_4,0.004,0.0,-0.004,0,0.0,0.2
discrete__simulated_annealing_swap__rep000__seed5,discrete,simulated_annealing_swap,0,5,128,Asset_128,Group_0,0.004,0.004,0.0,4,0.0,0.2
discrete__simulated_annealing_swap__rep000__seed5,discrete,simulated_annealing_swap,0,5,129,Asset_129,Group_1,0.004,0.0,-0.004,0,0.0,0.2
discrete__simulated_annealing_swap__rep000__seed5,discrete,simulated_annealing_swap,0,5,130,Asset_130,Group_2,0.004,0.0,-0.004,0,0.0,0.2
discrete__simulated_annealing_swap__rep000__seed5,discrete,simulated_annealing_swap,0,5,131,Asset_131,Group_6,0.004,0.0,-0.004,0,0.0,0.2
discrete__simulated_annealing_swap__rep000__seed5,discrete,simulated_annealing_swap,0,5,132,Asset_132,Group_6,0.004,0.0,-0.004,0,0.0,0.2
discrete__simulated_annealing_swap__rep000__seed5,discrete,simulated_annealing_swap,0,5,133,Asset_133,Group_0,0.004,0.004,0.0,4,0.0,0.2
discrete__simulated_annealing_swap__rep000__seed5,discrete,simulated_annealing_swap,0,5,134,Asset_134,Group_2,0.004,0.0,-0.004,0,0.0,0.2
discrete__simulated_annealing_swap__rep000__seed5,discrete,simulated_annealing_swap,0,5,135,Asset_135,Group_5,0.004,0.0,-0.004,0,0.0,0.2
discrete__simulated_annealing_swap__rep000__seed5,discrete,simulated_annealing_swap,0,5,136,Asset_136,Group_4,0.004,0.0,-0.004,0,0.0,0.2
discrete__simulated_annealing_swap__rep000__seed5,discrete,simulated_annealing_swap,0,5,137,Asset_137,Group_7,0.004,0.0,-0.004,0,0.0,0.2
discrete__simulated_annealing_swap__rep000__seed5,discrete,simulated_annealing_swap,0,5,138,Asset_138,Group_4,0.004,0.0,-0.004,0,0.0,0.2
discrete__simulated_annealing_swap__rep000__seed5,discrete,simulated_annealing_swap,0,5,139,Asset_139,Group_2,0.004,0.0,-0.004,0,0.0,0.2
discrete__simulated_annealing_swap__rep000__seed5,discrete,simulated_annealing_swap,0,5,140,Asset_140,Group_6,0.004,0.0,-0.004,0,0.0,0.2
discrete__simulated_annealing_swap__rep000__seed5,discrete,simulated_annealing_swap,0,5,141,Asset_141,Group_0,0.004,0.0,-0.004,0,0.0,0.2
discrete__simulated_annealing_swap__rep000__seed5,discrete,simulated_annealing_swap,0,5,142,Asset_142,Group_2,0.004,0.0,-0.004,0,0.0,0.2
discrete__simulated_annealing_swap__rep000__seed5,discrete,simulated_annealing_swap,0,5,143,Asset_143,Group_3,0.004,0.0,-0.004,0,0.0,0.2
discrete__simulated_annealing_swap__rep000__seed5,discrete,simulated_annealing_swap,0,5,144,Asset_144,Group_1,0.004,0.0,-0.004,0,0.0,0.2
discrete__simulated_annealing_swap__rep000__seed5,discrete,simulated_annealing_swap,0,5,145,Asset_145,Group_1,0.004,0.0,-0.004,0,0.0,0.2
discrete__simulated_annealing_swap__rep000__seed5,discrete,simulated_annealing_swap,0,5,146,Asset_146,Group_0,0.004,0.0,-0.004,0,0.0,0.2
discrete__simulated_annealing_swap__rep000__seed5,discrete,simulated_annealing_swap,0,5,147,Asset_147,Group_7,0.004,0.0,-0.004,0,0.0,0.2
discrete__simulated_annealing_swap__rep000__seed5,discrete,simulated_annealing_swap,0,5,148,Asset_148,Group_3,0.004,0.004,0.0,4,0.0,0.2
discrete__simulated_annealing_swap__rep000__seed5,discrete,simulated_annealing_swap,0,5,149,Asset_149,Group_4,0.004,0.0,-0.004,0,0.0,0.2
discrete__simulated_annealing_swap__rep000__seed5,discrete,simulated_annealing_swap,0,5,150,Asset_150,Group_0,0.004,0.0,-0.004,0,0.0,0.2
discrete__simulated_annealing_swap__rep000__seed5,discrete,simulated_annealing_swap,0,5,151,Asset_151,Group_1,0.004,0.0,-0.004,0,0.0,0.2
discrete__simulated_annealing_swap__rep000__seed5,discrete,simulated_annealing_swap,0,5,152,Asset_152,Group_4,0.004,0.0,-0.004,0,0.0,0.2
discrete__simulated_annealing_swap__rep000__seed5,discrete,simulated_annealing_swap,0,5,153,Asset_153,Group_4,0.004,0.0,-0.004,0,0.0,0.2
discrete__simulated_annealing_swap__rep000__seed5,discrete,simulated_annealing_swap,0,5,154,Asset_154,Group_6,0.004,0.08700000000000001,0.083,87,0.0,0.2
discrete__simulated_annealing_swap__rep000__seed5,discrete,simulated_annealing_swap,0,5,155,Asset_155,Group_1,0.004,0.05,0.046,50,0.0,0.2
discrete__simulated_annealing_swap__rep000__seed5,discrete,simulated_annealing_swap,0,5,156,Asset_156,Group_5,0.004,0.0,-0.004,0,0.0,0.2
discrete__simulated_annealing_swap__rep000__seed5,discrete,simulated_annealing_swap,0,5,157,Asset_157,Group_5,0.004,0.0,-0.004,0,0.0,0.2
discrete__simulated_annealing_swap__rep000__seed5,discrete,simulated_annealing_swap,0,5,158,Asset_158,Group_6,0.004,0.032,0.028,32,0.0,0.2
discrete__simulated_annealing_swap__rep000__seed5,discrete,simulated_annealing_swap,0,5,159,Asset_159,Group_0,0.004,0.0,-0.004,0,0.0,0.2
discrete__simulated_annealing_swap__rep000__seed5,discrete,simulated_annealing_swap,0,5,160,Asset_160,Group_5,0.004,0.0,-0.004,0,0.0,0.2
discrete__simulated_annealing_swap__rep000__seed5,discrete,simulated_annealing_swap,0,5,161,Asset_161,Group_0,0.004,0.0,-0.004,0,0.0,0.2
discrete__simulated_annealing_swap__rep000__seed5,discrete,simulated_annealing_swap,0,5,162,Asset_162,Group_0,0.004,0.0,-0.004,0,0.0,0.2
discrete__simulated_annealing_swap__rep000__seed5,discrete,simulated_annealing_swap,0,5,163,Asset_163,Group_6,0.004,0.0,-0.004,0,0.0,0.2
discrete__simulated_annealing_swap__rep000__seed5,discrete,simulated_annealing_swap,0,5,164,Asset_164,Group_3,0.004,0.0,-0.004,0,0.0,0.2
discrete__simulated_annealing_swap__rep000__seed5,discrete,simulated_annealing_swap,0,5,165,Asset_165,Group_2,0.004,0.0,-0.004,0,0.0,0.2
discrete__simulated_annealing_swap__rep000__seed5,discrete,simulated_annealing_swap,0,5,166,Asset_166,Group_3,0.004,0.0,-0.004,0,0.0,0.2
discrete__simulated_annealing_swap__rep000__seed5,discrete,simulated_annealing_swap,0,5,167,Asset_167,Group_6,0.004,0.0,-0.004,0,0.0,0.2
discrete__simulated_annealing_swap__rep000__seed5,discrete,simulated_annealing_swap,0,5,168,Asset_168,Group_1,0.004,0.0,-0.004,0,0.0,0.2
discrete__simulated_annealing_swap__rep000__seed5,discrete,simulated_annealing_swap,0,5,169,Asset_169,Group_3,0.004,0.0,-0.004,0,0.0,0.2
discrete__simulated_annealing_swap__rep000__seed5,discrete,simulated_annealing_swap,0,5,170,Asset_170,Group_5,0.004,0.0,-0.004,0,0.0,0.2
discrete__simulated_annealing_swap__rep000__seed5,discrete,simulated_annealing_swap,0,5,171,Asset_171,Group_3,0.004,0.0,-0.004,0,0.0,0.2
discrete__simulated_annealing_swap__rep000__seed5,discrete,simulated_annealing_swap,0,5,172,Asset_172,Group_4,0.004,0.0,-0.004,0,0.0,0.2
discrete__simulated_annealing_swap__rep000__seed5,discrete,simulated_annealing_swap,0,5,173,Asset_173,Group_7,0.004,0.0,-0.004,0,0.0,0.2
discrete__simulated_annealing_swap__rep000__seed5,discrete,simulated_annealing_swap,0,5,174,Asset_174,Group_3,0.004,0.0,-0.004,0,0.0,0.2
discrete__simulated_annealing_swap__rep000__seed5,discrete,simulated_annealing_swap,0,5,175,Asset_175,Group_5,0.004,0.0,-0.004,0,0.0,0.2
discrete__simulated_annealing_swap__rep000__seed5,discrete,simulated_annealing_swap,0,5,176,Asset_176,Group_4,0.004,0.0,-0.004,0,0.0,0.2
discrete__simulated_annealing_swap__rep000__seed5,discrete,simulated_annealing_swap,0,5,177,Asset_177,Group_1,0.004,0.0,-0.004,0,0.0,0.2
discrete__simulated_annealing_swap__rep000__seed5,discrete,simulated_annealing_swap,0,5,178,Asset_178,Group_7,0.004,0.0,-0.004,0,0.0,0.2
discrete__simulated_annealing_swap__rep000__seed5,discrete,simulated_annealing_swap,0,5,179,Asset_179,Group_6,0.004,0.0,-0.004,0,0.0,0.2
discrete__simulated_annealing_swap__rep000__seed5,discrete,simulated_annealing_swap,0,5,180,Asset_180,Group_0,0.004,0.0,-0.004,0,0.0,0.2
discrete__simulated_annealing_swap__rep000__seed5,discrete,simulated_annealing_swap,0,5,181,Asset_181,Group_7,0.004,0.0,-0.004,0,0.0,0.2
discrete__simulated_annealing_swap__rep000__seed5,discrete,simulated_annealing_swap,0,5,182,Asset_182,Group_1,0.004,0.0,-0.004,0,0.0,0.2
discrete__simulated_annealing_swap__rep000__seed5,discrete,simulated_annealing_swap,0,5,183,Asset_183,Group_5,0.004,0.0,-0.004,0,0.0,0.2
discrete__simulated_annealing_swap__rep000__seed5,discrete,simulated_annealing_swap,0,5,184,Asset_184,Group_0,0.004,0.0,-0.004,0,0.0,0.2
discrete__simulated_annealing_swap__rep000__seed5,discrete,simulated_annealing_swap,0,5,185,Asset_185,Group_7,0.004,0.0,-0.004,0,0.0,0.2
discrete__simulated_annealing_swap__rep000__seed5,discrete,simulated_annealing_swap,0,5,186,Asset_186,Group_1,0.004,0.0,-0.004,0,0.0,0.2
discrete__simulated_annealing_swap__rep000__seed5,discrete,simulated_annealing_swap,0,5,187,Asset_187,Group_4,0.004,0.0,-0.004,0,0.0,0.2
discrete__simulated_annealing_swap__rep000__seed5,discrete,simulated_annealing_swap,0,5,188,Asset_188,Group_7,0.004,0.0,-0.004,0,0.0,0.2
discrete__simulated_annealing_swap__rep000__seed5,discrete,simulated_annealing_swap,0,5,189,Asset_189,Group_3,0.004,0.0,-0.004,0,0.0,0.2
discrete__simulated_annealing_swap__rep000__seed5,discrete,simulated_annealing_swap,0,5,190,Asset_190,Group_7,0.004,0.0,-0.004,0,0.0,0.2
discrete__simulated_annealing_swap__rep000__seed5,discrete,simulated_annealing_swap,0,5,191,Asset_191,Group_5,0.004,0.0,-0.004,0,0.0,0.2
discrete__simulated_annealing_swap__rep000__seed5,discrete,simulated_annealing_swap,0,5,192,Asset_192,Group_6,0.004,0.0,-0.004,0,0.0,0.2
discrete__simulated_annealing_swap__rep000__seed5,discrete,simulated_annealing_swap,0,5,193,Asset_193,Group_5,0.004,0.0,-0.004,0,0.0,0.2
discrete__simulated_annealing_swap__rep000__seed5,discrete,simulated_annealing_swap,0,5,194,Asset_194,Group_1,0.004,0.0,-0.004,0,0.0,0.2
discrete__simulated_annealing_swap__rep000__seed5,discrete,simulated_annealing_swap,0,5,195,Asset_195,Group_7,0.004,0.2,0.196,200,0.0,0.2
discrete__simulated_annealing_swap__rep000__seed5,discrete,simulated_annealing_swap,0,5,196,Asset_196,Group_4,0.004,0.0,-0.004,0,0.0,0.2
discrete__simulated_annealing_swap__rep000__seed5,discrete,simulated_annealing_swap,0,5,197,Asset_197,Group_5,0.004,0.0,-0.004,0,0.0,0.2
discrete__simulated_annealing_swap__rep000__seed5,discrete,simulated_annealing_swap,0,5,198,Asset_198,Group_1,0.004,0.0,-0.004,0,0.0,0.2
discrete__simulated_annealing_swap__rep000__seed5,discrete,simulated_annealing_swap,0,5,199,Asset_199,Group_3,0.004,0.0,-0.004,0,0.0,0.2
discrete__simulated_annealing_swap__rep000__seed5,discrete,simulated_annealing_swap,0,5,200,Asset_200,Group_6,0.004,0.0,-0.004,0,0.0,0.2
discrete__simulated_annealing_swap__rep000__seed5,discrete,simulated_annealing_swap,0,5,201,Asset_201,Group_0,0.004,0.0,-0.004,0,0.0,0.2
discrete__simulated_annealing_swap__rep000__seed5,discrete,simulated_annealing_swap,0,5,202,Asset_202,Group_6,0.004,0.0,-0.004,0,0.0,0.2
discrete__simulated_annealing_swap__rep000__seed5,discrete,simulated_annealing_swap,0,5,203,Asset_203,Group_0,0.004,0.0,-0.004,0,0.0,0.2
discrete__simulated_annealing_swap__rep000__seed5,discrete,simulated_annealing_swap,0,5,204,Asset_204,Group_1,0.004,0.0,-0.004,0,0.0,0.2
discrete__simulated_annealing_swap__rep000__seed5,discrete,simulated_annealing_swap,0,5,205,Asset_205,Group_2,0.004,0.0,-0.004,0,0.0,0.2
discrete__simulated_annealing_swap__rep000__seed5,discrete,simulated_annealing_swap,0,5,206,Asset_206,Group_0,0.004,0.0,-0.004,0,0.0,0.2
discrete__simulated_annealing_swap__rep000__seed5,discrete,simulated_annealing_swap,0,5,207,Asset_207,Group_3,0.004,0.0,-0.004,0,0.0,0.2
discrete__simulated_annealing_swap__rep000__seed5,discrete,simulated_annealing_swap,0,5,208,Asset_208,Group_0,0.004,0.0,-0.004,0,0.0,0.2
discrete__simulated_annealing_swap__rep000__seed5,discrete,simulated_annealing_swap,0,5,209,Asset_209,Group_5,0.004,0.0,-0.004,0,0.0,0.2
discrete__simulated_annealing_swap__rep000__seed5,discrete,simulated_annealing_swap,0,5,210,Asset_210,Group_2,0.004,0.0,-0.004,0,0.0,0.2
discrete__simulated_annealing_swap__rep000__seed5,discrete,simulated_annealing_swap,0,5,211,Asset_211,Group_5,0.004,0.0,-0.004,0,0.0,0.2
discrete__simulated_annealing_swap__rep000__seed5,discrete,simulated_annealing_swap,0,5,212,Asset_212,Group_2,0.004,0.0,-0.004,0,0.0,0.2
discrete__simulated_annealing_swap__rep000__seed5,discrete,simulated_annealing_swap,0,5,213,Asset_213,Group_5,0.004,0.0,-0.004,0,0.0,0.2
discrete__simulated_annealing_swap__rep000__seed5,discrete,simulated_annealing_swap,0,5,214,Asset_214,Group_1,0.004,0.0,-0.004,0,0.0,0.2
discrete__simulated_annealing_swap__rep000__seed5,discrete,simulated_annealing_swap,0,5,215,Asset_215,Group_2,0.004,0.0,-0.004,0,0.0,0.2
discrete__simulated_annealing_swap__rep000__seed5,discrete,simulated_annealing_swap,0,5,216,Asset_216,Group_1,0.004,0.0,-0.004,0,0.0,0.2
discrete__simulated_annealing_swap__rep000__seed5,discrete,simulated_annealing_swap,0,5,217,Asset_217,Group_1,0.004,0.0,-0.004,0,0.0,0.2
discrete__simulated_annealing_swap__rep000__seed5,discrete,simulated_annealing_swap,0,5,218,Asset_218,Group_6,0.004,0.0,-0.004,0,0.0,0.2
discrete__simulated_annealing_swap__rep000__seed5,discrete,simulated_annealing_swap,0,5,219,Asset_219,Group_2,0.004,0.0,-0.004,0,0.0,0.2
discrete__simulated_annealing_swap__rep000__seed5,discrete,simulated_annealing_swap,0,5,220,Asset_220,Group_5,0.004,0.0,-0.004,0,0.0,0.2
discrete__simulated_annealing_swap__rep000__seed5,discrete,simulated_annealing_swap,0,5,221,Asset_221,Group_1,0.004,0.0,-0.004,0,0.0,0.2
discrete__simulated_annealing_swap__rep000__seed5,discrete,simulated_annealing_swap,0,5,222,Asset_222,Group_3,0.004,0.0,-0.004,0,0.0,0.2
discrete__simulated_annealing_swap__rep000__seed5,discrete,simulated_annealing_swap,0,5,223,Asset_223,Group_0,0.004,0.0,-0.004,0,0.0,0.2
discrete__simulated_annealing_swap__rep000__seed5,discrete,simulated_annealing_swap,0,5,224,Asset_224,Group_0,0.004,0.0,-0.004,0,0.0,0.2
discrete__simulated_annealing_swap__rep000__seed5,discrete,simulated_annealing_swap,0,5,225,Asset_225,Group_0,0.004,0.0,-0.004,0,0.0,0.2
discrete__simulated_annealing_swap__rep000__seed5,discrete,simulated_annealing_swap,0,5,226,Asset_226,Group_6,0.004,0.0,-0.004,0,0.0,0.2
discrete__simulated_annealing_swap__rep000__seed5,discrete,simulated_annealing_swap,0,5,227,Asset_227,Group_7,0.004,0.0,-0.004,0,0.0,0.2
discrete__simulated_annealing_swap__rep000__seed5,discrete,simulated_annealing_swap,0,5,228,Asset_228,Group_3,0.004,0.0,-0.004,0,0.0,0.2
discrete__simulated_annealing_swap__rep000__seed5,discrete,simulated_annealing_swap,0,5,229,Asset_229,Group_6,0.004,0.0,-0.004,0,0.0,0.2
discrete__simulated_annealing_swap__rep000__seed5,discrete,simulated_annealing_swap,0,5,230,Asset_230,Group_4,0.004,0.001,-0.003,1,0.0,0.2
discrete__simulated_annealing_swap__rep000__seed5,discrete,simulated_annealing_swap,0,5,231,Asset_231,Group_5,0.004,0.0,-0.004,0,0.0,0.2
discrete__simulated_annealing_swap__rep000__seed5,discrete,simulated_annealing_swap,0,5,232,Asset_232,Group_5,0.004,0.0,-0.004,0,0.0,0.2
discrete__simulated_annealing_swap__rep000__seed5,discrete,simulated_annealing_swap,0,5,233,Asset_233,Group_2,0.004,0.093,0.089,93,0.0,0.2
discrete__simulated_annealing_swap__rep000__seed5,discrete,simulated_annealing_swap,0,5,234,Asset_234,Group_2,0.004,0.0,-0.004,0,0.0,0.2
discrete__simulated_annealing_swap__rep000__seed5,discrete,simulated_annealing_swap,0,5,235,Asset_235,Group_7,0.004,0.0,-0.004,0,0.0,0.2
discrete__simulated_annealing_swap__rep000__seed5,discrete,simulated_annealing_swap,0,5,236,Asset_236,Group_2,0.004,0.0,-0.004,0,0.0,0.2
discrete__simulated_annealing_swap__rep000__seed5,discrete,simulated_annealing_swap,0,5,237,Asset_237,Group_0,0.004,0.0,-0.004,0,0.0,0.2
discrete__simulated_annealing_swap__rep000__seed5,discrete,simulated_annealing_swap,0,5,238,Asset_238,Group_5,0.004,0.0,-0.004,0,0.0,0.2
discrete__simulated_annealing_swap__rep000__seed5,discrete,simulated_annealing_swap,0,5,239,Asset_239,Group_5,0.004,0.004,0.0,4,0.0,0.2
discrete__simulated_annealing_swap__rep000__seed5,discrete,simulated_annealing_swap,0,5,240,Asset_240,Group_7,0.004,0.0,-0.004,0,0.0,0.2
discrete__simulated_annealing_swap__rep000__seed5,discrete,simulated_annealing_swap,0,5,241,Asset_241,Group_6,0.004,0.0,-0.004,0,0.0,0.2
discrete__simulated_annealing_swap__rep000__seed5,discrete,simulated_annealing_swap,0,5,242,Asset_242,Group_0,0.004,0.0,-0.004,0,0.0,0.2
discrete__simulated_annealing_swap__rep000__seed5,discrete,simulated_annealing_swap,0,5,243,Asset_243,Group_2,0.004,0.0,-0.004,0,0.0,0.2
discrete__simulated_annealing_swap__rep000__seed5,discrete,simulated_annealing_swap,0,5,244,Asset_244,Group_7,0.004,0.0,-0.004,0,0.0,0.2
discrete__simulated_annealing_swap__rep000__seed5,discrete,simulated_annealing_swap,0,5,245,Asset_245,Group_7,0.004,0.0,-0.004,0,0.0,0.2
discrete__simulated_annealing_swap__rep000__seed5,discrete,simulated_annealing_swap,0,5,246,Asset_246,Group_0,0.004,0.0,-0.004,0,0.0,0.2
discrete__simulated_annealing_swap__rep000__seed5,discrete,simulated_annealing_swap,0,5,247,Asset_247,Group_3,0.004,0.0,-0.004,0,0.0,0.2
discrete__simulated_annealing_swap__rep000__seed5,discrete,simulated_annealing_swap,0,5,248,Asset_248,Group_2,0.004,0.0,-0.004,0,0.0,0.2
discrete__simulated_annealing_swap__rep000__seed5,discrete,simulated_annealing_swap,0,5,249,Asset_249,Group_0,0.004,0.0,-0.004,0,0.0,0.2
discrete__simulated_annealing_swap__rep000__seed6,discrete,simulated_annealing_swap,0,6,0,Asset_000,Group_3,0.004,0.0,-0.004,0,0.0,0.2
discrete__simulated_annealing_swap__rep000__seed6,discrete,simulated_annealing_swap,0,6,1,Asset_001,Group_7,0.004,0.0,-0.004,0,0.0,0.2
discrete__simulated_annealing_swap__rep000__seed6,discrete,simulated_annealing_swap,0,6,2,Asset_002,Group_7,0.004,0.0,-0.004,0,0.0,0.2
discrete__simulated_annealing_swap__rep000__seed6,discrete,simulated_annealing_swap,0,6,3,Asset_003,Group_2,0.004,0.0,-0.004,0,0.0,0.2
discrete__simulated_annealing_swap__rep000__seed6,discrete,simulated_annealing_swap,0,6,4,Asset_004,Group_6,0.004,0.0,-0.004,0,0.0,0.2
discrete__simulated_annealing_swap__rep000__seed6,discrete,simulated_annealing_swap,0,6,5,Asset_005,Group_7,0.004,0.0,-0.004,0,0.0,0.2
discrete__simulated_annealing_swap__rep000__seed6,discrete,simulated_annealing_swap,0,6,6,Asset_006,Group_3,0.004,0.0,-0.004,0,0.0,0.2
discrete__simulated_annealing_swap__rep000__seed6,discrete,simulated_annealing_swap,0,6,7,Asset_007,Group_0,0.004,0.0,-0.004,0,0.0,0.2
discrete__simulated_annealing_swap__rep000__seed6,discrete,simulated_annealing_swap,0,6,8,Asset_008,Group_2,0.004,0.0,-0.004,0,0.0,0.2
discrete__simulated_annealing_swap__rep000__seed6,discrete,simulated_annealing_swap,0,6,9,Asset_009,Group_6,0.004,0.0,-0.004,0,0.0,0.2
discrete__simulated_annealing_swap__rep000__seed6,discrete,simulated_annealing_swap,0,6,10,Asset_010,Group_0,0.004,0.0,-0.004,0,0.0,0.2
discrete__simulated_annealing_swap__rep000__seed6,discrete,simulated_annealing_swap,0,6,11,Asset_011,Group_5,0.004,0.0,-0.004,0,0.0,0.2
discrete__simulated_annealing_swap__rep000__seed6,discrete,simulated_annealing_swap,0,6,12,Asset_012,Group_7,0.004,0.0,-0.004,0,0.0,0.2
discrete__simulated_annealing_swap__rep000__seed6,discrete,simulated_annealing_swap,0,6,13,Asset_013,Group_2,0.004,0.0,-0.004,0,0.0,0.2
discrete__simulated_annealing_swap__rep000__seed6,discrete,simulated_annealing_swap,0,6,14,Asset_014,Group_4,0.004,0.0,-0.004,0,0.0,0.2
discrete__simulated_annealing_swap__rep000__seed6,discrete,simulated_annealing_swap,0,6,15,Asset_015,Group_4,0.004,0.0,-0.004,0,0.0,0.2
discrete__simulated_annealing_swap__rep000__seed6,discrete,simulated_annealing_swap,0,6,16,Asset_016,Group_1,0.004,0.0,-0.004,0,0.0,0.2
discrete__simulated_annealing_swap__rep000__seed6,discrete,simulated_annealing_swap,0,6,17,Asset_017,Group_4,0.004,0.0,-0.004,0,0.0,0.2
discrete__simulated_annealing_swap__rep000__seed6,discrete,simulated_annealing_swap,0,6,18,Asset_018,Group_3,0.004,0.0,-0.004,0,0.0,0.2
discrete__simulated_annealing_swap__rep000__seed6,discrete,simulated_annealing_swap,0,6,19,Asset_019,Group_2,0.004,0.0,-0.004,0,0.0,0.2
discrete__simulated_annealing_swap__rep000__seed6,discrete,simulated_annealing_swap,0,6,20,Asset_020,Group_1,0.004,0.0,-0.004,0,0.0,0.2
discrete__simulated_annealing_swap__rep000__seed6,discrete,simulated_annealing_swap,0,6,21,Asset_021,Group_1,0.004,0.0,-0.004,0,0.0,0.2
discrete__simulated_annealing_swap__rep000__seed6,discrete,simulated_annealing_swap,0,6,22,Asset_022,Group_3,0.004,0.016,0.012,16,0.0,0.2
discrete__simulated_annealing_swap__rep000__seed6,discrete,simulated_annealing_swap,0,6,23,Asset_023,Group_6,0.004,0.0,-0.004,0,0.0,0.2
discrete__simulated_annealing_swap__rep000__seed6,discrete,simulated_annealing_swap,0,6,24,Asset_024,Group_4,0.004,0.0,-0.004,0,0.0,0.2
discrete__simulated_annealing_swap__rep000__seed6,discrete,simulated_annealing_swap,0,6,25,Asset_025,Group_5,0.004,0.0,-0.004,0,0.0,0.2
discrete__simulated_annealing_swap__rep000__seed6,discrete,simulated_annealing_swap,0,6,26,Asset_026,Group_1,0.004,0.0,-0.004,0,0.0,0.2
discrete__simulated_annealing_swap__rep000__seed6,discrete,simulated_annealing_swap,0,6,27,Asset_027,Group_7,0.004,0.0,-0.004,0,0.0,0.2
discrete__simulated_annealing_swap__rep000__seed6,discrete,simulated_annealing_swap,0,6,28,Asset_028,Group_1,0.004,0.0,-0.004,0,0.0,0.2
discrete__simulated_annealing_swap__rep000__seed6,discrete,simulated_annealing_swap,0,6,29,Asset_029,Group_4,0.004,0.0,-0.004,0,0.0,0.2
discrete__simulated_annealing_swap__rep000__seed6,discrete,simulated_annealing_swap,0,6,30,Asset_030,Group_1,0.004,0.0,-0.004,0,0.0,0.2
discrete__simulated_annealing_swap__rep000__seed6,discrete,simulated_annealing_swap,0,6,31,Asset_031,Group_2,0.004,0.0,-0.004,0,0.0,0.2
discrete__simulated_annealing_swap__rep000__seed6,discrete,simulated_annealing_swap,0,6,32,Asset_032,Group_1,0.004,0.0,-0.004,0,0.0,0.2
discrete__simulated_annealing_swap__rep000__seed6,discrete,simulated_annealing_swap,0,6,33,Asset_033,Group_3,0.004,0.0,-0.004,0,0.0,0.2
discrete__simulated_annealing_swap__rep000__seed6,discrete,simulated_annealing_swap,0,6,34,Asset_034,Group_4,0.004,0.0,-0.004,0,0.0,0.2
discrete__simulated_annealing_swap__rep000__seed6,discrete,simulated_annealing_swap,0,6,35,Asset_035,Group_6,0.004,0.0,-0.004,0,0.0,0.2
discrete__simulated_annealing_swap__rep000__seed6,discrete,simulated_annealing_swap,0,6,36,Asset_036,Group_3,0.004,0.0,-0.004,0,0.0,0.2
discrete__simulated_annealing_swap__rep000__seed6,discrete,simulated_annealing_swap,0,6,37,Asset_037,Group_1,0.004,0.0,-0.004,0,0.0,0.2
discrete__simulated_annealing_swap__rep000__seed6,discrete,simulated_annealing_swap,0,6,38,Asset_038,Group_5,0.004,0.0,-0.004,0,0.0,0.2
discrete__simulated_annealing_swap__rep000__seed6,discrete,simulated_annealing_swap,0,6,39,Asset_039,Group_7,0.004,0.0,-0.004,0,0.0,0.2
discrete__simulated_annealing_swap__rep000__seed6,discrete,simulated_annealing_swap,0,6,40,Asset_040,Group_1,0.004,0.0,-0.004,0,0.0,0.2
discrete__simulated_annealing_swap__rep000__seed6,discrete,simulated_annealing_swap,0,6,41,Asset_041,Group_5,0.004,0.0,-0.004,0,0.0,0.2
discrete__simulated_annealing_swap__rep000__seed6,discrete,simulated_annealing_swap,0,6,42,Asset_042,Group_5,0.004,0.0,-0.004,0,0.0,0.2
discrete__simulated_annealing_swap__rep000__seed6,discrete,simulated_annealing_swap,0,6,43,Asset_043,Group_6,0.004,0.011,0.006999999999999999,11,0.0,0.2
discrete__simulated_annealing_swap__rep000__seed6,discrete,simulated_annealing_swap,0,6,44,Asset_044,Group_3,0.004,0.0,-0.004,0,0.0,0.2
discrete__simulated_annealing_swap__rep000__seed6,discrete,simulated_annealing_swap,0,6,45,Asset_045,Group_3,0.004,0.0,-0.004,0,0.0,0.2
discrete__simulated_annealing_swap__rep000__seed6,discrete,simulated_annealing_swap,0,6,46,Asset_046,Group_6,0.004,0.111,0.107,111,0.0,0.2
discrete__simulated_annealing_swap__rep000__seed6,discrete,simulated_annealing_swap,0,6,47,Asset_047,Group_7,0.004,0.0,-0.004,0,0.0,0.2
discrete__simulated_annealing_swap__rep000__seed6,discrete,simulated_annealing_swap,0,6,48,Asset_048,Group_7,0.004,0.0,-0.004,0,0.0,0.2
discrete__simulated_annealing_swap__rep000__seed6,discrete,simulated_annealing_swap,0,6,49,Asset_049,Group_7,0.004,0.0,-0.004,0,0.0,0.2
discrete__simulated_annealing_swap__rep000__seed6,discrete,simulated_annealing_swap,0,6,50,Asset_050,Group_1,0.004,0.0,-0.004,0,0.0,0.2
discrete__simulated_annealing_swap__rep000__seed6,discrete,simulated_annealing_swap,0,6,51,Asset_051,Group_3,0.004,0.0,-0.004,0,0.0,0.2
discrete__simulated_annealing_swap__rep000__seed6,discrete,simulated_annealing_swap,0,6,52,Asset_052,Group_3,0.004,0.0,-0.004,0,0.0,0.2
discrete__simulated_annealing_swap__rep000__seed6,discrete,simulated_annealing_swap,0,6,53,Asset_053,Group_2,0.004,0.0,-0.004,0,0.0,0.2
discrete__simulated_annealing_swap__rep000__seed6,discrete,simulated_annealing_swap,0,6,54,Asset_054,Group_3,0.004,0.0,-0.004,0,0.0,0.2
discrete__simulated_annealing_swap__rep000__seed6,discrete,simulated_annealing_swap,0,6,55,Asset_055,Group_2,0.004,0.0,-0.004,0,0.0,0.2
discrete__simulated_annealing_swap__rep000__seed6,discrete,simulated_annealing_swap,0,6,56,Asset_056,Group_4,0.004,0.082,0.078,82,0.0,0.2
discrete__simulated_annealing_swap__rep000__seed6,discrete,simulated_annealing_swap,0,6,57,Asset_057,Group_4,0.004,0.0,-0.004,0,0.0,0.2
discrete__simulated_annealing_swap__rep000__seed6,discrete,simulated_annealing_swap,0,6,58,Asset_058,Group_4,0.004,0.0,-0.004,0,0.0,0.2
discrete__simulated_annealing_swap__rep000__seed6,discrete,simulated_annealing_swap,0,6,59,Asset_059,Group_0,0.004,0.0,-0.004,0,0.0,0.2
discrete__simulated_annealing_swap__rep000__seed6,discrete,simulated_annealing_swap,0,6,60,Asset_060,Group_6,0.004,0.0,-0.004,0,0.0,0.2
discrete__simulated_annealing_swap__rep000__seed6,discrete,simulated_annealing_swap,0,6,61,Asset_061,Group_7,0.004,0.0,-0.004,0,0.0,0.2
discrete__simulated_annealing_swap__rep000__seed6,discrete,simulated_annealing_swap,0,6,62,Asset_062,Group_5,0.004,0.0,-0.004,0,0.0,0.2
discrete__simulated_annealing_swap__rep000__seed6,discrete,simulated_annealing_swap,0,6,63,Asset_063,Group_1,0.004,0.0,-0.004,0,0.0,0.2
discrete__simulated_annealing_swap__rep000__seed6,discrete,simulated_annealing_swap,0,6,64,Asset_064,Group_4,0.004,0.0,-0.004,0,0.0,0.2
discrete__simulated_annealing_swap__rep000__seed6,discrete,simulated_annealing_swap,0,6,65,Asset_065,Group_3,0.004,0.0,-0.004,0,0.0,0.2
discrete__simulated_annealing_swap__rep000__seed6,discrete,simulated_annealing_swap,0,6,66,Asset_066,Group_0,0.004,0.0,-0.004,0,0.0,0.2
discrete__simulated_annealing_swap__rep000__seed6,discrete,simulated_annealing_swap,0,6,67,Asset_067,Group_1,0.004,0.0,-0.004,0,0.0,0.2
discrete__simulated_annealing_swap__rep000__seed6,discrete,simulated_annealing_swap,0,6,68,Asset_068,Group_4,0.004,0.0,-0.004,0,0.0,0.2
discrete__simulated_annealing_swap__rep000__seed6,discrete,simulated_annealing_swap,0,6,69,Asset_069,Group_4,0.004,0.0,-0.004,0,0.0,0.2
discrete__simulated_annealing_swap__rep000__seed6,discrete,simulated_annealing_swap,0,6,70,Asset_070,Group_6,0.004,0.0,-0.004,0,0.0,0.2
discrete__simulated_annealing_swap__rep000__seed6,discrete,simulated_annealing_swap,0,6,71,Asset_071,Group_4,0.004,0.0,-0.004,0,0.0,0.2
discrete__simulated_annealing_swap__rep000__seed6,discrete,simulated_annealing_swap,0,6,72,Asset_072,Group_0,0.004,0.02,0.016,20,0.0,0.2
discrete__simulated_annealing_swap__rep000__seed6,discrete,simulated_annealing_swap,0,6,73,Asset_073,Group_2,0.004,0.0,-0.004,0,0.0,0.2
discrete__simulated_annealing_swap__rep000__seed6,discrete,simulated_annealing_swap,0,6,74,Asset_074,Group_1,0.004,0.0,-0.004,0,0.0,0.2
discrete__simulated_annealing_swap__rep000__seed6,discrete,simulated_annealing_swap,0,6,75,Asset_075,Group_6,0.004,0.0,-0.004,0,0.0,0.2
discrete__simulated_annealing_swap__rep000__seed6,discrete,simulated_annealing_swap,0,6,76,Asset_076,Group_5,0.004,0.0,-0.004,0,0.0,0.2
discrete__simulated_annealing_swap__rep000__seed6,discrete,simulated_annealing_swap,0,6,77,Asset_077,Group_0,0.004,0.0,-0.004,0,0.0,0.2
discrete__simulated_annealing_swap__rep000__seed6,discrete,simulated_annealing_swap,0,6,78,Asset_078,Group_1,0.004,0.0,-0.004,0,0.0,0.2
discrete__simulated_annealing_swap__rep000__seed6,discrete,simulated_annealing_swap,0,6,79,Asset_079,Group_6,0.004,0.0,-0.004,0,0.0,0.2
discrete__simulated_annealing_swap__rep000__seed6,discrete,simulated_annealing_swap,0,6,80,Asset_080,Group_5,0.004,0.0,-0.004,0,0.0,0.2
discrete__simulated_annealing_swap__rep000__seed6,discrete,simulated_annealing_swap,0,6,81,Asset_081,Group_4,0.004,0.0,-0.004,0,0.0,0.2
discrete__simulated_annealing_swap__rep000__seed6,discrete,simulated_annealing_swap,0,6,82,Asset_082,Group_0,0.004,0.0,-0.004,0,0.0,0.2
discrete__simulated_annealing_swap__rep000__seed6,discrete,simulated_annealing_swap,0,6,83,Asset_083,Group_2,0.004,0.0,-0.004,0,0.0,0.2
discrete__simulated_annealing_swap__rep000__seed6,discrete,simulated_annealing_swap,0,6,84,Asset_084,Group_0,0.004,0.0,-0.004,0,0.0,0.2
discrete__simulated_annealing_swap__rep000__seed6,discrete,simulated_annealing_swap,0,6,85,Asset_085,Group_6,0.004,0.0,-0.004,0,0.0,0.2
discrete__simulated_annealing_swap__rep000__seed6,discrete,simulated_annealing_swap,0,6,86,Asset_086,Group_6,0.004,0.033,0.029,33,0.0,0.2
discrete__simulated_annealing_swap__rep000__seed6,discrete,simulated_annealing_swap,0,6,87,Asset_087,Group_5,0.004,0.0,-0.004,0,0.0,0.2
discrete__simulated_annealing_swap__rep000__seed6,discrete,simulated_annealing_swap,0,6,88,Asset_088,Group_7,0.004,0.004,0.0,4,0.0,0.2
discrete__simulated_annealing_swap__rep000__seed6,discrete,simulated_annealing_swap,0,6,89,Asset_089,Group_2,0.004,0.0,-0.004,0,0.0,0.2
discrete__simulated_annealing_swap__rep000__seed6,discrete,simulated_annealing_swap,0,6,90,Asset_090,Group_1,0.004,0.0,-0.004,0,0.0,0.2
discrete__simulated_annealing_swap__rep000__seed6,discrete,simulated_annealing_swap,0,6,91,Asset_091,Group_3,0.004,0.0,-0.004,0,0.0,0.2
discrete__simulated_annealing_swap__rep000__seed6,discrete,simulated_annealing_swap,0,6,92,Asset_092,Group_2,0.004,0.0,-0.004,0,0.0,0.2
discrete__simulated_annealing_swap__rep000__seed6,discrete,simulated_annealing_swap,0,6,93,Asset_093,Group_6,0.004,0.0,-0.004,0,0.0,0.2
discrete__simulated_annealing_swap__rep000__seed6,discrete,simulated_annealing_swap,0,6,94,Asset_094,Group_5,0.004,0.165,0.161,165,0.0,0.2
discrete__simulated_annealing_swap__rep000__seed6,discrete,simulated_annealing_swap,0,6,95,Asset_095,Group_7,0.004,0.0,-0.004,0,0.0,0.2
discrete__simulated_annealing_swap__rep000__seed6,discrete,simulated_annealing_swap,0,6,96,Asset_096,Group_5,0.004,0.0,-0.004,0,0.0,0.2
discrete__simulated_annealing_swap__rep000__seed6,discrete,simulated_annealing_swap,0,6,97,Asset_097,Group_2,0.004,0.0,-0.004,0,0.0,0.2
discrete__simulated_annealing_swap__rep000__seed6,discrete,simulated_annealing_swap,0,6,98,Asset_098,Group_3,0.004,0.0,-0.004,0,0.0,0.2
discrete__simulated_annealing_swap__rep000__seed6,discrete,simulated_annealing_swap,0,6,99,Asset_099,Group_7,0.004,0.0,-0.004,0,0.0,0.2
discrete__simulated_annealing_swap__rep000__seed6,discrete,simulated_annealing_swap,0,6,100,Asset_100,Group_7,0.004,0.0,-0.004,0,0.0,0.2
discrete__simulated_annealing_swap__rep000__seed6,discrete,simulated_annealing_swap,0,6,101,Asset_101,Group_1,0.004,0.075,0.071,75,0.0,0.2
discrete__simulated_annealing_swap__rep000__seed6,discrete,simulated_annealing_swap,0,6,102,Asset_102,Group_3,0.004,0.004,0.0,4,0.0,0.2
discrete__simulated_annealing_swap__rep000__seed6,discrete,simulated_annealing_swap,0,6,103,Asset_103,Group_6,0.004,0.0,-0.004,0,0.0,0.2
discrete__simulated_annealing_swap__rep000__seed6,discrete,simulated_annealing_swap,0,6,104,Asset_104,Group_0,0.004,0.0,-0.004,0,0.0,0.2
discrete__simulated_annealing_swap__rep000__seed6,discrete,simulated_annealing_swap,0,6,105,Asset_105,Group_2,0.004,0.0,-0.004,0,0.0,0.2
discrete__simulated_annealing_swap__rep000__seed6,discrete,simulated_annealing_swap,0,6,106,Asset_106,Group_4,0.004,0.0,-0.004,0,0.0,0.2
discrete__simulated_annealing_swap__rep000__seed6,discrete,simulated_annealing_swap,0,6,107,Asset_107,Group_4,0.004,0.0,-0.004,0,0.0,0.2
discrete__simulated_annealing_swap__rep000__seed6,discrete,simulated_annealing_swap,0,6,108,Asset_108,Group_4,0.004,0.0,-0.004,0,0.0,0.2
discrete__simulated_annealing_swap__rep000__seed6,discrete,simulated_annealing_swap,0,6,109,Asset_109,Group_4,0.004,0.0,-0.004,0,0.0,0.2
discrete__simulated_annealing_swap__rep000__seed6,discrete,simulated_annealing_swap,0,6,110,Asset_110,Group_3,0.004,0.0,-0.004,0,0.0,0.2
discrete__simulated_annealing_swap__rep000__seed6,discrete,simulated_annealing_swap,0,6,111,Asset_111,Group_2,0.004,0.0,-0.004,0,0.0,0.2
discrete__simulated_annealing_swap__rep000__seed6,discrete,simulated_annealing_swap,0,6,112,Asset_112,Group_0,0.004,0.0,-0.004,0,0.0,0.2
discrete__simulated_annealing_swap__rep000__seed6,discrete,simulated_annealing_swap,0,6,113,Asset_113,Group_7,0.004,0.0,-0.004,0,0.0,0.2
discrete__simulated_annealing_swap__rep000__seed6,discrete,simulated_annealing_swap,0,6,114,Asset_114,Group_7,0.004,0.0,-0.004,0,0.0,0.2
discrete__simulated_annealing_swap__rep000__seed6,discrete,simulated_annealing_swap,0,6,115,Asset_115,Group_2,0.004,0.0,-0.004,0,0.0,0.2
discrete__simulated_annealing_swap__rep000__seed6,discrete,simulated_annealing_swap,0,6,116,Asset_116,Group_3,0.004,0.0,-0.004,0,0.0,0.2
discrete__simulated_annealing_swap__rep000__seed6,discrete,simulated_annealing_swap,0,6,117,Asset_117,Group_6,0.004,0.0,-0.004,0,0.0,0.2
discrete__simulated_annealing_swap__rep000__seed6,discrete,simulated_annealing_swap,0,6,118,Asset_118,Group_3,0.004,0.0,-0.004,0,0.0,0.2
discrete__simulated_annealing_swap__rep000__seed6,discrete,simulated_annealing_swap,0,6,119,Asset_119,Group_5,0.004,0.0,-0.004,0,0.0,0.2
discrete__simulated_annealing_swap__rep000__seed6,discrete,simulated_annealing_swap,0,6,120,Asset_120,Group_6,0.004,0.0,-0.004,0,0.0,0.2
discrete__simulated_annealing_swap__rep000__seed6,discrete,simulated_annealing_swap,0,6,121,Asset_121,Group_2,0.004,0.0,-0.004,0,0.0,0.2
discrete__simulated_annealing_swap__rep000__seed6,discrete,simulated_annealing_swap,0,6,122,Asset_122,Group_5,0.004,0.0,-0.004,0,0.0,0.2
discrete__simulated_annealing_swap__rep000__seed6,discrete,simulated_annealing_swap,0,6,123,Asset_123,Group_7,0.004,0.0,-0.004,0,0.0,0.2
discrete__simulated_annealing_swap__rep000__seed6,discrete,simulated_annealing_swap,0,6,124,Asset_124,Group_4,0.004,0.0,-0.004,0,0.0,0.2
discrete__simulated_annealing_swap__rep000__seed6,discrete,simulated_annealing_swap,0,6,125,Asset_125,Group_0,0.004,0.0,-0.004,0,0.0,0.2
discrete__simulated_annealing_swap__rep000__seed6,discrete,simulated_annealing_swap,0,6,126,Asset_126,Group_4,0.004,0.0,-0.004,0,0.0,0.2
discrete__simulated_annealing_swap__rep000__seed6,discrete,simulated_annealing_swap,0,6,127,Asset_127,Group_4,0.004,0.0,-0.004,0,0.0,0.2
discrete__simulated_annealing_swap__rep000__seed6,discrete,simulated_annealing_swap,0,6,128,Asset_128,Group_0,0.004,0.004,0.0,4,0.0,0.2
discrete__simulated_annealing_swap__rep000__seed6,discrete,simulated_annealing_swap,0,6,129,Asset_129,Group_1,0.004,0.0,-0.004,0,0.0,0.2
discrete__simulated_annealing_swap__rep000__seed6,discrete,simulated_annealing_swap,0,6,130,Asset_130,Group_2,0.004,0.0,-0.004,0,0.0,0.2
discrete__simulated_annealing_swap__rep000__seed6,discrete,simulated_annealing_swap,0,6,131,Asset_131,Group_6,0.004,0.0,-0.004,0,0.0,0.2
discrete__simulated_annealing_swap__rep000__seed6,discrete,simulated_annealing_swap,0,6,132,Asset_132,Group_6,0.004,0.0,-0.004,0,0.0,0.2
discrete__simulated_annealing_swap__rep000__seed6,discrete,simulated_annealing_swap,0,6,133,Asset_133,Group_0,0.004,0.004,0.0,4,0.0,0.2
discrete__simulated_annealing_swap__rep000__seed6,discrete,simulated_annealing_swap,0,6,134,Asset_134,Group_2,0.004,0.0,-0.004,0,0.0,0.2
discrete__simulated_annealing_swap__rep000__seed6,discrete,simulated_annealing_swap,0,6,135,Asset_135,Group_5,0.004,0.0,-0.004,0,0.0,0.2
discrete__simulated_annealing_swap__rep000__seed6,discrete,simulated_annealing_swap,0,6,136,Asset_136,Group_4,0.004,0.0,-0.004,0,0.0,0.2
discrete__simulated_annealing_swap__rep000__seed6,discrete,simulated_annealing_swap,0,6,137,Asset_137,Group_7,0.004,0.0,-0.004,0,0.0,0.2
discrete__simulated_annealing_swap__rep000__seed6,discrete,simulated_annealing_swap,0,6,138,Asset_138,Group_4,0.004,0.0,-0.004,0,0.0,0.2
discrete__simulated_annealing_swap__rep000__seed6,discrete,simulated_annealing_swap,0,6,139,Asset_139,Group_2,0.004,0.0,-0.004,0,0.0,0.2
discrete__simulated_annealing_swap__rep000__seed6,discrete,simulated_annealing_swap,0,6,140,Asset_140,Group_6,0.004,0.0,-0.004,0,0.0,0.2
discrete__simulated_annealing_swap__rep000__seed6,discrete,simulated_annealing_swap,0,6,141,Asset_141,Group_0,0.004,0.0,-0.004,0,0.0,0.2
discrete__simulated_annealing_swap__rep000__seed6,discrete,simulated_annealing_swap,0,6,142,Asset_142,Group_2,0.004,0.0,-0.004,0,0.0,0.2
discrete__simulated_annealing_swap__rep000__seed6,discrete,simulated_annealing_swap,0,6,143,Asset_143,Group_3,0.004,0.0,-0.004,0,0.0,0.2
discrete__simulated_annealing_swap__rep000__seed6,discrete,simulated_annealing_swap,0,6,144,Asset_144,Group_1,0.004,0.0,-0.004,0,0.0,0.2
discrete__simulated_annealing_swap__rep000__seed6,discrete,simulated_annealing_swap,0,6,145,Asset_145,Group_1,0.004,0.0,-0.004,0,0.0,0.2
discrete__simulated_annealing_swap__rep000__seed6,discrete,simulated_annealing_swap,0,6,146,Asset_146,Group_0,0.004,0.0,-0.004,0,0.0,0.2
discrete__simulated_annealing_swap__rep000__seed6,discrete,simulated_annealing_swap,0,6,147,Asset_147,Group_7,0.004,0.0,-0.004,0,0.0,0.2
discrete__simulated_annealing_swap__rep000__seed6,discrete,simulated_annealing_swap,0,6,148,Asset_148,Group_3,0.004,0.004,0.0,4,0.0,0.2
discrete__simulated_annealing_swap__rep000__seed6,discrete,simulated_annealing_swap,0,6,149,Asset_149,Group_4,0.004,0.0,-0.004,0,0.0,0.2
discrete__simulated_annealing_swap__rep000__seed6,discrete,simulated_annealing_swap,0,6,150,Asset_150,Group_0,0.004,0.0,-0.004,0,0.0,0.2
discrete__simulated_annealing_swap__rep000__seed6,discrete,simulated_annealing_swap,0,6,151,Asset_151,Group_1,0.004,0.0,-0.004,0,0.0,0.2
discrete__simulated_annealing_swap__rep000__seed6,discrete,simulated_annealing_swap,0,6,152,Asset_152,Group_4,0.004,0.0,-0.004,0,0.0,0.2
discrete__simulated_annealing_swap__rep000__seed6,discrete,simulated_annealing_swap,0,6,153,Asset_153,Group_4,0.004,0.0,-0.004,0,0.0,0.2
discrete__simulated_annealing_swap__rep000__seed6,discrete,simulated_annealing_swap,0,6,154,Asset_154,Group_6,0.004,0.08700000000000001,0.083,87,0.0,0.2
discrete__simulated_annealing_swap__rep000__seed6,discrete,simulated_annealing_swap,0,6,155,Asset_155,Group_1,0.004,0.05,0.046,50,0.0,0.2
discrete__simulated_annealing_swap__rep000__seed6,discrete,simulated_annealing_swap,0,6,156,Asset_156,Group_5,0.004,0.0,-0.004,0,0.0,0.2
discrete__simulated_annealing_swap__rep000__seed6,discrete,simulated_annealing_swap,0,6,157,Asset_157,Group_5,0.004,0.0,-0.004,0,0.0,0.2
discrete__simulated_annealing_swap__rep000__seed6,discrete,simulated_annealing_swap,0,6,158,Asset_158,Group_6,0.004,0.032,0.028,32,0.0,0.2
discrete__simulated_annealing_swap__rep000__seed6,discrete,simulated_annealing_swap,0,6,159,Asset_159,Group_0,0.004,0.0,-0.004,0,0.0,0.2
discrete__simulated_annealing_swap__rep000__seed6,discrete,simulated_annealing_swap,0,6,160,Asset_160,Group_5,0.004,0.0,-0.004,0,0.0,0.2
discrete__simulated_annealing_swap__rep000__seed6,discrete,simulated_annealing_swap,0,6,161,Asset_161,Group_0,0.004,0.0,-0.004,0,0.0,0.2
discrete__simulated_annealing_swap__rep000__seed6,discrete,simulated_annealing_swap,0,6,162,Asset_162,Group_0,0.004,0.0,-0.004,0,0.0,0.2
discrete__simulated_annealing_swap__rep000__seed6,discrete,simulated_annealing_swap,0,6,163,Asset_163,Group_6,0.004,0.0,-0.004,0,0.0,0.2
discrete__simulated_annealing_swap__rep000__seed6,discrete,simulated_annealing_swap,0,6,164,Asset_164,Group_3,0.004,0.0,-0.004,0,0.0,0.2
discrete__simulated_annealing_swap__rep000__seed6,discrete,simulated_annealing_swap,0,6,165,Asset_165,Group_2,0.004,0.0,-0.004,0,0.0,0.2
discrete__simulated_annealing_swap__rep000__seed6,discrete,simulated_annealing_swap,0,6,166,Asset_166,Group_3,0.004,0.0,-0.004,0,0.0,0.2
discrete__simulated_annealing_swap__rep000__seed6,discrete,simulated_annealing_swap,0,6,167,Asset_167,Group_6,0.004,0.0,-0.004,0,0.0,0.2
discrete__simulated_annealing_swap__rep000__seed6,discrete,simulated_annealing_swap,0,6,168,Asset_168,Group_1,0.004,0.0,-0.004,0,0.0,0.2
discrete__simulated_annealing_swap__rep000__seed6,discrete,simulated_annealing_swap,0,6,169,Asset_169,Group_3,0.004,0.0,-0.004,0,0.0,0.2
discrete__simulated_annealing_swap__rep000__seed6,discrete,simulated_annealing_swap,0,6,170,Asset_170,Group_5,0.004,0.0,-0.004,0,0.0,0.2
discrete__simulated_annealing_swap__rep000__seed6,discrete,simulated_annealing_swap,0,6,171,Asset_171,Group_3,0.004,0.0,-0.004,0,0.0,0.2
discrete__simulated_annealing_swap__rep000__seed6,discrete,simulated_annealing_swap,0,6,172,Asset_172,Group_4,0.004,0.0,-0.004,0,0.0,0.2
discrete__simulated_annealing_swap__rep000__seed6,discrete,simulated_annealing_swap,0,6,173,Asset_173,Group_7,0.004,0.0,-0.004,0,0.0,0.2
discrete__simulated_annealing_swap__rep000__seed6,discrete,simulated_annealing_swap,0,6,174,Asset_174,Group_3,0.004,0.0,-0.004,0,0.0,0.2
discrete__simulated_annealing_swap__rep000__seed6,discrete,simulated_annealing_swap,0,6,175,Asset_175,Group_5,0.004,0.0,-0.004,0,0.0,0.2
discrete__simulated_annealing_swap__rep000__seed6,discrete,simulated_annealing_swap,0,6,176,Asset_176,Group_4,0.004,0.0,-0.004,0,0.0,0.2
discrete__simulated_annealing_swap__rep000__seed6,discrete,simulated_annealing_swap,0,6,177,Asset_177,Group_1,0.004,0.0,-0.004,0,0.0,0.2
discrete__simulated_annealing_swap__rep000__seed6,discrete,simulated_annealing_swap,0,6,178,Asset_178,Group_7,0.004,0.0,-0.004,0,0.0,0.2
discrete__simulated_annealing_swap__rep000__seed6,discrete,simulated_annealing_swap,0,6,179,Asset_179,Group_6,0.004,0.0,-0.004,0,0.0,0.2
discrete__simulated_annealing_swap__rep000__seed6,discrete,simulated_annealing_swap,0,6,180,Asset_180,Group_0,0.004,0.0,-0.004,0,0.0,0.2
discrete__simulated_annealing_swap__rep000__seed6,discrete,simulated_annealing_swap,0,6,181,Asset_181,Group_7,0.004,0.0,-0.004,0,0.0,0.2
discrete__simulated_annealing_swap__rep000__seed6,discrete,simulated_annealing_swap,0,6,182,Asset_182,Group_1,0.004,0.0,-0.004,0,0.0,0.2
discrete__simulated_annealing_swap__rep000__seed6,discrete,simulated_annealing_swap,0,6,183,Asset_183,Group_5,0.004,0.0,-0.004,0,0.0,0.2
discrete__simulated_annealing_swap__rep000__seed6,discrete,simulated_annealing_swap,0,6,184,Asset_184,Group_0,0.004,0.0,-0.004,0,0.0,0.2
discrete__simulated_annealing_swap__rep000__seed6,discrete,simulated_annealing_swap,0,6,185,Asset_185,Group_7,0.004,0.0,-0.004,0,0.0,0.2
discrete__simulated_annealing_swap__rep000__seed6,discrete,simulated_annealing_swap,0,6,186,Asset_186,Group_1,0.004,0.0,-0.004,0,0.0,0.2
discrete__simulated_annealing_swap__rep000__seed6,discrete,simulated_annealing_swap,0,6,187,Asset_187,Group_4,0.004,0.0,-0.004,0,0.0,0.2
discrete__simulated_annealing_swap__rep000__seed6,discrete,simulated_annealing_swap,0,6,188,Asset_188,Group_7,0.004,0.0,-0.004,0,0.0,0.2
discrete__simulated_annealing_swap__rep000__seed6,discrete,simulated_annealing_swap,0,6,189,Asset_189,Group_3,0.004,0.0,-0.004,0,0.0,0.2
discrete__simulated_annealing_swap__rep000__seed6,discrete,simulated_annealing_swap,0,6,190,Asset_190,Group_7,0.004,0.0,-0.004,0,0.0,0.2
discrete__simulated_annealing_swap__rep000__seed6,discrete,simulated_annealing_swap,0,6,191,Asset_191,Group_5,0.004,0.0,-0.004,0,0.0,0.2
discrete__simulated_annealing_swap__rep000__seed6,discrete,simulated_annealing_swap,0,6,192,Asset_192,Group_6,0.004,0.0,-0.004,0,0.0,0.2
discrete__simulated_annealing_swap__rep000__seed6,discrete,simulated_annealing_swap,0,6,193,Asset_193,Group_5,0.004,0.0,-0.004,0,0.0,0.2
discrete__simulated_annealing_swap__rep000__seed6,discrete,simulated_annealing_swap,0,6,194,Asset_194,Group_1,0.004,0.0,-0.004,0,0.0,0.2
discrete__simulated_annealing_swap__rep000__seed6,discrete,simulated_annealing_swap,0,6,195,Asset_195,Group_7,0.004,0.2,0.196,200,0.0,0.2
discrete__simulated_annealing_swap__rep000__seed6,discrete,simulated_annealing_swap,0,6,196,Asset_196,Group_4,0.004,0.0,-0.004,0,0.0,0.2
discrete__simulated_annealing_swap__rep000__seed6,discrete,simulated_annealing_swap,0,6,197,Asset_197,Group_5,0.004,0.0,-0.004,0,0.0,0.2
discrete__simulated_annealing_swap__rep000__seed6,discrete,simulated_annealing_swap,0,6,198,Asset_198,Group_1,0.004,0.0,-0.004,0,0.0,0.2
discrete__simulated_annealing_swap__rep000__seed6,discrete,simulated_annealing_swap,0,6,199,Asset_199,Group_3,0.004,0.0,-0.004,0,0.0,0.2
discrete__simulated_annealing_swap__rep000__seed6,discrete,simulated_annealing_swap,0,6,200,Asset_200,Group_6,0.004,0.0,-0.004,0,0.0,0.2
discrete__simulated_annealing_swap__rep000__seed6,discrete,simulated_annealing_swap,0,6,201,Asset_201,Group_0,0.004,0.0,-0.004,0,0.0,0.2
discrete__simulated_annealing_swap__rep000__seed6,discrete,simulated_annealing_swap,0,6,202,Asset_202,Group_6,0.004,0.0,-0.004,0,0.0,0.2
discrete__simulated_annealing_swap__rep000__seed6,discrete,simulated_annealing_swap,0,6,203,Asset_203,Group_0,0.004,0.0,-0.004,0,0.0,0.2
discrete__simulated_annealing_swap__rep000__seed6,discrete,simulated_annealing_swap,0,6,204,Asset_204,Group_1,0.004,0.0,-0.004,0,0.0,0.2
discrete__simulated_annealing_swap__rep000__seed6,discrete,simulated_annealing_swap,0,6,205,Asset_205,Group_2,0.004,0.0,-0.004,0,0.0,0.2
discrete__simulated_annealing_swap__rep000__seed6,discrete,simulated_annealing_swap,0,6,206,Asset_206,Group_0,0.004,0.0,-0.004,0,0.0,0.2
discrete__simulated_annealing_swap__rep000__seed6,discrete,simulated_annealing_swap,0,6,207,Asset_207,Group_3,0.004,0.0,-0.004,0,0.0,0.2
discrete__simulated_annealing_swap__rep000__seed6,discrete,simulated_annealing_swap,0,6,208,Asset_208,Group_0,0.004,0.0,-0.004,0,0.0,0.2
discrete__simulated_annealing_swap__rep000__seed6,discrete,simulated_annealing_swap,0,6,209,Asset_209,Group_5,0.004,0.0,-0.004,0,0.0,0.2
discrete__simulated_annealing_swap__rep000__seed6,discrete,simulated_annealing_swap,0,6,210,Asset_210,Group_2,0.004,0.0,-0.004,0,0.0,0.2
discrete__simulated_annealing_swap__rep000__seed6,discrete,simulated_annealing_swap,0,6,211,Asset_211,Group_5,0.004,0.0,-0.004,0,0.0,0.2
discrete__simulated_annealing_swap__rep000__seed6,discrete,simulated_annealing_swap,0,6,212,Asset_212,Group_2,0.004,0.0,-0.004,0,0.0,0.2
discrete__simulated_annealing_swap__rep000__seed6,discrete,simulated_annealing_swap,0,6,213,Asset_213,Group_5,0.004,0.0,-0.004,0,0.0,0.2
discrete__simulated_annealing_swap__rep000__seed6,discrete,simulated_annealing_swap,0,6,214,Asset_214,Group_1,0.004,0.0,-0.004,0,0.0,0.2
discrete__simulated_annealing_swap__rep000__seed6,discrete,simulated_annealing_swap,0,6,215,Asset_215,Group_2,0.004,0.0,-0.004,0,0.0,0.2
discrete__simulated_annealing_swap__rep000__seed6,discrete,simulated_annealing_swap,0,6,216,Asset_216,Group_1,0.004,0.0,-0.004,0,0.0,0.2
discrete__simulated_annealing_swap__rep000__seed6,discrete,simulated_annealing_swap,0,6,217,Asset_217,Group_1,0.004,0.0,-0.004,0,0.0,0.2
discrete__simulated_annealing_swap__rep000__seed6,discrete,simulated_annealing_swap,0,6,218,Asset_218,Group_6,0.004,0.0,-0.004,0,0.0,0.2
discrete__simulated_annealing_swap__rep000__seed6,discrete,simulated_annealing_swap,0,6,219,Asset_219,Group_2,0.004,0.0,-0.004,0,0.0,0.2
discrete__simulated_annealing_swap__rep000__seed6,discrete,simulated_annealing_swap,0,6,220,Asset_220,Group_5,0.004,0.0,-0.004,0,0.0,0.2
discrete__simulated_annealing_swap__rep000__seed6,discrete,simulated_annealing_swap,0,6,221,Asset_221,Group_1,0.004,0.0,-0.004,0,0.0,0.2
discrete__simulated_annealing_swap__rep000__seed6,discrete,simulated_annealing_swap,0,6,222,Asset_222,Group_3,0.004,0.0,-0.004,0,0.0,0.2
discrete__simulated_annealing_swap__rep000__seed6,discrete,simulated_annealing_swap,0,6,223,Asset_223,Group_0,0.004,0.0,-0.004,0,0.0,0.2
discrete__simulated_annealing_swap__rep000__seed6,discrete,simulated_annealing_swap,0,6,224,Asset_224,Group_0,0.004,0.0,-0.004,0,0.0,0.2
discrete__simulated_annealing_swap__rep000__seed6,discrete,simulated_annealing_swap,0,6,225,Asset_225,Group_0,0.004,0.0,-0.004,0,0.0,0.2
discrete__simulated_annealing_swap__rep000__seed6,discrete,simulated_annealing_swap,0,6,226,Asset_226,Group_6,0.004,0.0,-0.004,0,0.0,0.2
discrete__simulated_annealing_swap__rep000__seed6,discrete,simulated_annealing_swap,0,6,227,Asset_227,Group_7,0.004,0.0,-0.004,0,0.0,0.2
discrete__simulated_annealing_swap__rep000__seed6,discrete,simulated_annealing_swap,0,6,228,Asset_228,Group_3,0.004,0.0,-0.004,0,0.0,0.2
discrete__simulated_annealing_swap__rep000__seed6,discrete,simulated_annealing_swap,0,6,229,Asset_229,Group_6,0.004,0.0,-0.004,0,0.0,0.2
discrete__simulated_annealing_swap__rep000__seed6,discrete,simulated_annealing_swap,0,6,230,Asset_230,Group_4,0.004,0.001,-0.003,1,0.0,0.2
discrete__simulated_annealing_swap__rep000__seed6,discrete,simulated_annealing_swap,0,6,231,Asset_231,Group_5,0.004,0.0,-0.004,0,0.0,0.2
discrete__simulated_annealing_swap__rep000__seed6,discrete,simulated_annealing_swap,0,6,232,Asset_232,Group_5,0.004,0.0,-0.004,0,0.0,0.2
discrete__simulated_annealing_swap__rep000__seed6,discrete,simulated_annealing_swap,0,6,233,Asset_233,Group_2,0.004,0.093,0.089,93,0.0,0.2
discrete__simulated_annealing_swap__rep000__seed6,discrete,simulated_annealing_swap,0,6,234,Asset_234,Group_2,0.004,0.0,-0.004,0,0.0,0.2
discrete__simulated_annealing_swap__rep000__seed6,discrete,simulated_annealing_swap,0,6,235,Asset_235,Group_7,0.004,0.0,-0.004,0,0.0,0.2
discrete__simulated_annealing_swap__rep000__seed6,discrete,simulated_annealing_swap,0,6,236,Asset_236,Group_2,0.004,0.0,-0.004,0,0.0,0.2
discrete__simulated_annealing_swap__rep000__seed6,discrete,simulated_annealing_swap,0,6,237,Asset_237,Group_0,0.004,0.0,-0.004,0,0.0,0.2
discrete__simulated_annealing_swap__rep000__seed6,discrete,simulated_annealing_swap,0,6,238,Asset_238,Group_5,0.004,0.0,-0.004,0,0.0,0.2
discrete__simulated_annealing_swap__rep000__seed6,discrete,simulated_annealing_swap,0,6,239,Asset_239,Group_5,0.004,0.004,0.0,4,0.0,0.2
discrete__simulated_annealing_swap__rep000__seed6,discrete,simulated_annealing_swap,0,6,240,Asset_240,Group_7,0.004,0.0,-0.004,0,0.0,0.2
discrete__simulated_annealing_swap__rep000__seed6,discrete,simulated_annealing_swap,0,6,241,Asset_241,Group_6,0.004,0.0,-0.004,0,0.0,0.2
discrete__simulated_annealing_swap__rep000__seed6,discrete,simulated_annealing_swap,0,6,242,Asset_242,Group_0,0.004,0.0,-0.004,0,0.0,0.2
discrete__simulated_annealing_swap__rep000__seed6,discrete,simulated_annealing_swap,0,6,243,Asset_243,Group_2,0.004,0.0,-0.004,0,0.0,0.2
discrete__simulated_annealing_swap__rep000__seed6,discrete,simulated_annealing_swap,0,6,244,Asset_244,Group_7,0.004,0.0,-0.004,0,0.0,0.2
discrete__simulated_annealing_swap__rep000__seed6,discrete,simulated_annealing_swap,0,6,245,Asset_245,Group_7,0.004,0.0,-0.004,0,0.0,0.2
discrete__simulated_annealing_swap__rep000__seed6,discrete,simulated_annealing_swap,0,6,246,Asset_246,Group_0,0.004,0.0,-0.004,0,0.0,0.2
discrete__simulated_annealing_swap__rep000__seed6,discrete,simulated_annealing_swap,0,6,247,Asset_247,Group_3,0.004,0.0,-0.004,0,0.0,0.2
discrete__simulated_annealing_swap__rep000__seed6,discrete,simulated_annealing_swap,0,6,248,Asset_248,Group_2,0.004,0.0,-0.004,0,0.0,0.2
discrete__simulated_annealing_swap__rep000__seed6,discrete,simulated_annealing_swap,0,6,249,Asset_249,Group_0,0.004,0.0,-0.004,0,0.0,0.2
discrete__simulated_annealing_swap__rep000__seed7,discrete,simulated_annealing_swap,0,7,0,Asset_000,Group_3,0.004,0.0,-0.004,0,0.0,0.2
discrete__simulated_annealing_swap__rep000__seed7,discrete,simulated_annealing_swap,0,7,1,Asset_001,Group_7,0.004,0.0,-0.004,0,0.0,0.2
discrete__simulated_annealing_swap__rep000__seed7,discrete,simulated_annealing_swap,0,7,2,Asset_002,Group_7,0.004,0.0,-0.004,0,0.0,0.2
discrete__simulated_annealing_swap__rep000__seed7,discrete,simulated_annealing_swap,0,7,3,Asset_003,Group_2,0.004,0.0,-0.004,0,0.0,0.2
discrete__simulated_annealing_swap__rep000__seed7,discrete,simulated_annealing_swap,0,7,4,Asset_004,Group_6,0.004,0.0,-0.004,0,0.0,0.2
discrete__simulated_annealing_swap__rep000__seed7,discrete,simulated_annealing_swap,0,7,5,Asset_005,Group_7,0.004,0.0,-0.004,0,0.0,0.2
discrete__simulated_annealing_swap__rep000__seed7,discrete,simulated_annealing_swap,0,7,6,Asset_006,Group_3,0.004,0.0,-0.004,0,0.0,0.2
discrete__simulated_annealing_swap__rep000__seed7,discrete,simulated_annealing_swap,0,7,7,Asset_007,Group_0,0.004,0.0,-0.004,0,0.0,0.2
discrete__simulated_annealing_swap__rep000__seed7,discrete,simulated_annealing_swap,0,7,8,Asset_008,Group_2,0.004,0.0,-0.004,0,0.0,0.2
discrete__simulated_annealing_swap__rep000__seed7,discrete,simulated_annealing_swap,0,7,9,Asset_009,Group_6,0.004,0.0,-0.004,0,0.0,0.2
discrete__simulated_annealing_swap__rep000__seed7,discrete,simulated_annealing_swap,0,7,10,Asset_010,Group_0,0.004,0.0,-0.004,0,0.0,0.2
discrete__simulated_annealing_swap__rep000__seed7,discrete,simulated_annealing_swap,0,7,11,Asset_011,Group_5,0.004,0.0,-0.004,0,0.0,0.2
discrete__simulated_annealing_swap__rep000__seed7,discrete,simulated_annealing_swap,0,7,12,Asset_012,Group_7,0.004,0.0,-0.004,0,0.0,0.2
discrete__simulated_annealing_swap__rep000__seed7,discrete,simulated_annealing_swap,0,7,13,Asset_013,Group_2,0.004,0.0,-0.004,0,0.0,0.2
discrete__simulated_annealing_swap__rep000__seed7,discrete,simulated_annealing_swap,0,7,14,Asset_014,Group_4,0.004,0.0,-0.004,0,0.0,0.2
discrete__simulated_annealing_swap__rep000__seed7,discrete,simulated_annealing_swap,0,7,15,Asset_015,Group_4,0.004,0.0,-0.004,0,0.0,0.2
discrete__simulated_annealing_swap__rep000__seed7,discrete,simulated_annealing_swap,0,7,16,Asset_016,Group_1,0.004,0.0,-0.004,0,0.0,0.2
discrete__simulated_annealing_swap__rep000__seed7,discrete,simulated_annealing_swap,0,7,17,Asset_017,Group_4,0.004,0.0,-0.004,0,0.0,0.2
discrete__simulated_annealing_swap__rep000__seed7,discrete,simulated_annealing_swap,0,7,18,Asset_018,Group_3,0.004,0.0,-0.004,0,0.0,0.2
discrete__simulated_annealing_swap__rep000__seed7,discrete,simulated_annealing_swap,0,7,19,Asset_019,Group_2,0.004,0.0,-0.004,0,0.0,0.2
discrete__simulated_annealing_swap__rep000__seed7,discrete,simulated_annealing_swap,0,7,20,Asset_020,Group_1,0.004,0.0,-0.004,0,0.0,0.2
discrete__simulated_annealing_swap__rep000__seed7,discrete,simulated_annealing_swap,0,7,21,Asset_021,Group_1,0.004,0.0,-0.004,0,0.0,0.2
discrete__simulated_annealing_swap__rep000__seed7,discrete,simulated_annealing_swap,0,7,22,Asset_022,Group_3,0.004,0.016,0.012,16,0.0,0.2
discrete__simulated_annealing_swap__rep000__seed7,discrete,simulated_annealing_swap,0,7,23,Asset_023,Group_6,0.004,0.0,-0.004,0,0.0,0.2
discrete__simulated_annealing_swap__rep000__seed7,discrete,simulated_annealing_swap,0,7,24,Asset_024,Group_4,0.004,0.0,-0.004,0,0.0,0.2
discrete__simulated_annealing_swap__rep000__seed7,discrete,simulated_annealing_swap,0,7,25,Asset_025,Group_5,0.004,0.0,-0.004,0,0.0,0.2
discrete__simulated_annealing_swap__rep000__seed7,discrete,simulated_annealing_swap,0,7,26,Asset_026,Group_1,0.004,0.0,-0.004,0,0.0,0.2
discrete__simulated_annealing_swap__rep000__seed7,discrete,simulated_annealing_swap,0,7,27,Asset_027,Group_7,0.004,0.0,-0.004,0,0.0,0.2
discrete__simulated_annealing_swap__rep000__seed7,discrete,simulated_annealing_swap,0,7,28,Asset_028,Group_1,0.004,0.0,-0.004,0,0.0,0.2
discrete__simulated_annealing_swap__rep000__seed7,discrete,simulated_annealing_swap,0,7,29,Asset_029,Group_4,0.004,0.0,-0.004,0,0.0,0.2
discrete__simulated_annealing_swap__rep000__seed7,discrete,simulated_annealing_swap,0,7,30,Asset_030,Group_1,0.004,0.0,-0.004,0,0.0,0.2
discrete__simulated_annealing_swap__rep000__seed7,discrete,simulated_annealing_swap,0,7,31,Asset_031,Group_2,0.004,0.0,-0.004,0,0.0,0.2
discrete__simulated_annealing_swap__rep000__seed7,discrete,simulated_annealing_swap,0,7,32,Asset_032,Group_1,0.004,0.0,-0.004,0,0.0,0.2
discrete__simulated_annealing_swap__rep000__seed7,discrete,simulated_annealing_swap,0,7,33,Asset_033,Group_3,0.004,0.0,-0.004,0,0.0,0.2
discrete__simulated_annealing_swap__rep000__seed7,discrete,simulated_annealing_swap,0,7,34,Asset_034,Group_4,0.004,0.0,-0.004,0,0.0,0.2
discrete__simulated_annealing_swap__rep000__seed7,discrete,simulated_annealing_swap,0,7,35,Asset_035,Group_6,0.004,0.0,-0.004,0,0.0,0.2
discrete__simulated_annealing_swap__rep000__seed7,discrete,simulated_annealing_swap,0,7,36,Asset_036,Group_3,0.004,0.0,-0.004,0,0.0,0.2
discrete__simulated_annealing_swap__rep000__seed7,discrete,simulated_annealing_swap,0,7,37,Asset_037,Group_1,0.004,0.0,-0.004,0,0.0,0.2
discrete__simulated_annealing_swap__rep000__seed7,discrete,simulated_annealing_swap,0,7,38,Asset_038,Group_5,0.004,0.0,-0.004,0,0.0,0.2
discrete__simulated_annealing_swap__rep000__seed7,discrete,simulated_annealing_swap,0,7,39,Asset_039,Group_7,0.004,0.0,-0.004,0,0.0,0.2
discrete__simulated_annealing_swap__rep000__seed7,discrete,simulated_annealing_swap,0,7,40,Asset_040,Group_1,0.004,0.0,-0.004,0,0.0,0.2
discrete__simulated_annealing_swap__rep000__seed7,discrete,simulated_annealing_swap,0,7,41,Asset_041,Group_5,0.004,0.0,-0.004,0,0.0,0.2
discrete__simulated_annealing_swap__rep000__seed7,discrete,simulated_annealing_swap,0,7,42,Asset_042,Group_5,0.004,0.0,-0.004,0,0.0,0.2
discrete__simulated_annealing_swap__rep000__seed7,discrete,simulated_annealing_swap,0,7,43,Asset_043,Group_6,0.004,0.017,0.013000000000000001,17,0.0,0.2
discrete__simulated_annealing_swap__rep000__seed7,discrete,simulated_annealing_swap,0,7,44,Asset_044,Group_3,0.004,0.0,-0.004,0,0.0,0.2
discrete__simulated_annealing_swap__rep000__seed7,discrete,simulated_annealing_swap,0,7,45,Asset_045,Group_3,0.004,0.0,-0.004,0,0.0,0.2
discrete__simulated_annealing_swap__rep000__seed7,discrete,simulated_annealing_swap,0,7,46,Asset_046,Group_6,0.004,0.105,0.10099999999999999,105,0.0,0.2
discrete__simulated_annealing_swap__rep000__seed7,discrete,simulated_annealing_swap,0,7,47,Asset_047,Group_7,0.004,0.0,-0.004,0,0.0,0.2
discrete__simulated_annealing_swap__rep000__seed7,discrete,simulated_annealing_swap,0,7,48,Asset_048,Group_7,0.004,0.0,-0.004,0,0.0,0.2
discrete__simulated_annealing_swap__rep000__seed7,discrete,simulated_annealing_swap,0,7,49,Asset_049,Group_7,0.004,0.0,-0.004,0,0.0,0.2
discrete__simulated_annealing_swap__rep000__seed7,discrete,simulated_annealing_swap,0,7,50,Asset_050,Group_1,0.004,0.0,-0.004,0,0.0,0.2
discrete__simulated_annealing_swap__rep000__seed7,discrete,simulated_annealing_swap,0,7,51,Asset_051,Group_3,0.004,0.0,-0.004,0,0.0,0.2
discrete__simulated_annealing_swap__rep000__seed7,discrete,simulated_annealing_swap,0,7,52,Asset_052,Group_3,0.004,0.0,-0.004,0,0.0,0.2
discrete__simulated_annealing_swap__rep000__seed7,discrete,simulated_annealing_swap,0,7,53,Asset_053,Group_2,0.004,0.0,-0.004,0,0.0,0.2
discrete__simulated_annealing_swap__rep000__seed7,discrete,simulated_annealing_swap,0,7,54,Asset_054,Group_3,0.004,0.0,-0.004,0,0.0,0.2
discrete__simulated_annealing_swap__rep000__seed7,discrete,simulated_annealing_swap,0,7,55,Asset_055,Group_2,0.004,0.0,-0.004,0,0.0,0.2
discrete__simulated_annealing_swap__rep000__seed7,discrete,simulated_annealing_swap,0,7,56,Asset_056,Group_4,0.004,0.08,0.076,80,0.0,0.2
discrete__simulated_annealing_swap__rep000__seed7,discrete,simulated_annealing_swap,0,7,57,Asset_057,Group_4,0.004,0.0,-0.004,0,0.0,0.2
discrete__simulated_annealing_swap__rep000__seed7,discrete,simulated_annealing_swap,0,7,58,Asset_058,Group_4,0.004,0.0,-0.004,0,0.0,0.2
discrete__simulated_annealing_swap__rep000__seed7,discrete,simulated_annealing_swap,0,7,59,Asset_059,Group_0,0.004,0.0,-0.004,0,0.0,0.2
discrete__simulated_annealing_swap__rep000__seed7,discrete,simulated_annealing_swap,0,7,60,Asset_060,Group_6,0.004,0.0,-0.004,0,0.0,0.2
discrete__simulated_annealing_swap__rep000__seed7,discrete,simulated_annealing_swap,0,7,61,Asset_061,Group_7,0.004,0.0,-0.004,0,0.0,0.2
discrete__simulated_annealing_swap__rep000__seed7,discrete,simulated_annealing_swap,0,7,62,Asset_062,Group_5,0.004,0.0,-0.004,0,0.0,0.2
discrete__simulated_annealing_swap__rep000__seed7,discrete,simulated_annealing_swap,0,7,63,Asset_063,Group_1,0.004,0.0,-0.004,0,0.0,0.2
discrete__simulated_annealing_swap__rep000__seed7,discrete,simulated_annealing_swap,0,7,64,Asset_064,Group_4,0.004,0.0,-0.004,0,0.0,0.2
discrete__simulated_annealing_swap__rep000__seed7,discrete,simulated_annealing_swap,0,7,65,Asset_065,Group_3,0.004,0.0,-0.004,0,0.0,0.2
discrete__simulated_annealing_swap__rep000__seed7,discrete,simulated_annealing_swap,0,7,66,Asset_066,Group_0,0.004,0.0,-0.004,0,0.0,0.2
discrete__simulated_annealing_swap__rep000__seed7,discrete,simulated_annealing_swap,0,7,67,Asset_067,Group_1,0.004,0.0,-0.004,0,0.0,0.2
discrete__simulated_annealing_swap__rep000__seed7,discrete,simulated_annealing_swap,0,7,68,Asset_068,Group_4,0.004,0.0,-0.004,0,0.0,0.2
discrete__simulated_annealing_swap__rep000__seed7,discrete,simulated_annealing_swap,0,7,69,Asset_069,Group_4,0.004,0.0,-0.004,0,0.0,0.2
discrete__simulated_annealing_swap__rep000__seed7,discrete,simulated_annealing_swap,0,7,70,Asset_070,Group_6,0.004,0.0,-0.004,0,0.0,0.2
discrete__simulated_annealing_swap__rep000__seed7,discrete,simulated_annealing_swap,0,7,71,Asset_071,Group_4,0.004,0.0,-0.004,0,0.0,0.2
discrete__simulated_annealing_swap__rep000__seed7,discrete,simulated_annealing_swap,0,7,72,Asset_072,Group_0,0.004,0.02,0.016,20,0.0,0.2
discrete__simulated_annealing_swap__rep000__seed7,discrete,simulated_annealing_swap,0,7,73,Asset_073,Group_2,0.004,0.0,-0.004,0,0.0,0.2
discrete__simulated_annealing_swap__rep000__seed7,discrete,simulated_annealing_swap,0,7,74,Asset_074,Group_1,0.004,0.0,-0.004,0,0.0,0.2
discrete__simulated_annealing_swap__rep000__seed7,discrete,simulated_annealing_swap,0,7,75,Asset_075,Group_6,0.004,0.0,-0.004,0,0.0,0.2
discrete__simulated_annealing_swap__rep000__seed7,discrete,simulated_annealing_swap,0,7,76,Asset_076,Group_5,0.004,0.0,-0.004,0,0.0,0.2
discrete__simulated_annealing_swap__rep000__seed7,discrete,simulated_annealing_swap,0,7,77,Asset_077,Group_0,0.004,0.0,-0.004,0,0.0,0.2
discrete__simulated_annealing_swap__rep000__seed7,discrete,simulated_annealing_swap,0,7,78,Asset_078,Group_1,0.004,0.0,-0.004,0,0.0,0.2
discrete__simulated_annealing_swap__rep000__seed7,discrete,simulated_annealing_swap,0,7,79,Asset_079,Group_6,0.004,0.0,-0.004,0,0.0,0.2
discrete__simulated_annealing_swap__rep000__seed7,discrete,simulated_annealing_swap,0,7,80,Asset_080,Group_5,0.004,0.0,-0.004,0,0.0,0.2
discrete__simulated_annealing_swap__rep000__seed7,discrete,simulated_annealing_swap,0,7,81,Asset_081,Group_4,0.004,0.0,-0.004,0,0.0,0.2
discrete__simulated_annealing_swap__rep000__seed7,discrete,simulated_annealing_swap,0,7,82,Asset_082,Group_0,0.004,0.0,-0.004,0,0.0,0.2
discrete__simulated_annealing_swap__rep000__seed7,discrete,simulated_annealing_swap,0,7,83,Asset_083,Group_2,0.004,0.0,-0.004,0,0.0,0.2
discrete__simulated_annealing_swap__rep000__seed7,discrete,simulated_annealing_swap,0,7,84,Asset_084,Group_0,0.004,0.0,-0.004,0,0.0,0.2
discrete__simulated_annealing_swap__rep000__seed7,discrete,simulated_annealing_swap,0,7,85,Asset_085,Group_6,0.004,0.0,-0.004,0,0.0,0.2
discrete__simulated_annealing_swap__rep000__seed7,discrete,simulated_annealing_swap,0,7,86,Asset_086,Group_6,0.004,0.029,0.025,29,0.0,0.2
discrete__simulated_annealing_swap__rep000__seed7,discrete,simulated_annealing_swap,0,7,87,Asset_087,Group_5,0.004,0.0,-0.004,0,0.0,0.2
discrete__simulated_annealing_swap__rep000__seed7,discrete,simulated_annealing_swap,0,7,88,Asset_088,Group_7,0.004,0.004,0.0,4,0.0,0.2
discrete__simulated_annealing_swap__rep000__seed7,discrete,simulated_annealing_swap,0,7,89,Asset_089,Group_2,0.004,0.0,-0.004,0,0.0,0.2
discrete__simulated_annealing_swap__rep000__seed7,discrete,simulated_annealing_swap,0,7,90,Asset_090,Group_1,0.004,0.0,-0.004,0,0.0,0.2
discrete__simulated_annealing_swap__rep000__seed7,discrete,simulated_annealing_swap,0,7,91,Asset_091,Group_3,0.004,0.0,-0.004,0,0.0,0.2
discrete__simulated_annealing_swap__rep000__seed7,discrete,simulated_annealing_swap,0,7,92,Asset_092,Group_2,0.004,0.0,-0.004,0,0.0,0.2
discrete__simulated_annealing_swap__rep000__seed7,discrete,simulated_annealing_swap,0,7,93,Asset_093,Group_6,0.004,0.0,-0.004,0,0.0,0.2
discrete__simulated_annealing_swap__rep000__seed7,discrete,simulated_annealing_swap,0,7,94,Asset_094,Group_5,0.004,0.161,0.157,161,0.0,0.2
discrete__simulated_annealing_swap__rep000__seed7,discrete,simulated_annealing_swap,0,7,95,Asset_095,Group_7,0.004,0.0,-0.004,0,0.0,0.2
discrete__simulated_annealing_swap__rep000__seed7,discrete,simulated_annealing_swap,0,7,96,Asset_096,Group_5,0.004,0.0,-0.004,0,0.0,0.2
discrete__simulated_annealing_swap__rep000__seed7,discrete,simulated_annealing_swap,0,7,97,Asset_097,Group_2,0.004,0.0,-0.004,0,0.0,0.2
discrete__simulated_annealing_swap__rep000__seed7,discrete,simulated_annealing_swap,0,7,98,Asset_098,Group_3,0.004,0.0,-0.004,0,0.0,0.2
discrete__simulated_annealing_swap__rep000__seed7,discrete,simulated_annealing_swap,0,7,99,Asset_099,Group_7,0.004,0.0,-0.004,0,0.0,0.2
discrete__simulated_annealing_swap__rep000__seed7,discrete,simulated_annealing_swap,0,7,100,Asset_100,Group_7,0.004,0.0,-0.004,0,0.0,0.2
discrete__simulated_annealing_swap__rep000__seed7,discrete,simulated_annealing_swap,0,7,101,Asset_101,Group_1,0.004,0.077,0.073,77,0.0,0.2
discrete__simulated_annealing_swap__rep000__seed7,discrete,simulated_annealing_swap,0,7,102,Asset_102,Group_3,0.004,0.004,0.0,4,0.0,0.2
discrete__simulated_annealing_swap__rep000__seed7,discrete,simulated_annealing_swap,0,7,103,Asset_103,Group_6,0.004,0.0,-0.004,0,0.0,0.2
discrete__simulated_annealing_swap__rep000__seed7,discrete,simulated_annealing_swap,0,7,104,Asset_104,Group_0,0.004,0.0,-0.004,0,0.0,0.2
discrete__simulated_annealing_swap__rep000__seed7,discrete,simulated_annealing_swap,0,7,105,Asset_105,Group_2,0.004,0.0,-0.004,0,0.0,0.2
discrete__simulated_annealing_swap__rep000__seed7,discrete,simulated_annealing_swap,0,7,106,Asset_106,Group_4,0.004,0.0,-0.004,0,0.0,0.2
discrete__simulated_annealing_swap__rep000__seed7,discrete,simulated_annealing_swap,0,7,107,Asset_107,Group_4,0.004,0.0,-0.004,0,0.0,0.2
discrete__simulated_annealing_swap__rep000__seed7,discrete,simulated_annealing_swap,0,7,108,Asset_108,Group_4,0.004,0.0,-0.004,0,0.0,0.2
discrete__simulated_annealing_swap__rep000__seed7,discrete,simulated_annealing_swap,0,7,109,Asset_109,Group_4,0.004,0.0,-0.004,0,0.0,0.2
discrete__simulated_annealing_swap__rep000__seed7,discrete,simulated_annealing_swap,0,7,110,Asset_110,Group_3,0.004,0.0,-0.004,0,0.0,0.2
discrete__simulated_annealing_swap__rep000__seed7,discrete,simulated_annealing_swap,0,7,111,Asset_111,Group_2,0.004,0.0,-0.004,0,0.0,0.2
discrete__simulated_annealing_swap__rep000__seed7,discrete,simulated_annealing_swap,0,7,112,Asset_112,Group_0,0.004,0.0,-0.004,0,0.0,0.2
discrete__simulated_annealing_swap__rep000__seed7,discrete,simulated_annealing_swap,0,7,113,Asset_113,Group_7,0.004,0.0,-0.004,0,0.0,0.2
discrete__simulated_annealing_swap__rep000__seed7,discrete,simulated_annealing_swap,0,7,114,Asset_114,Group_7,0.004,0.0,-0.004,0,0.0,0.2
discrete__simulated_annealing_swap__rep000__seed7,discrete,simulated_annealing_swap,0,7,115,Asset_115,Group_2,0.004,0.0,-0.004,0,0.0,0.2
discrete__simulated_annealing_swap__rep000__seed7,discrete,simulated_annealing_swap,0,7,116,Asset_116,Group_3,0.004,0.0,-0.004,0,0.0,0.2
discrete__simulated_annealing_swap__rep000__seed7,discrete,simulated_annealing_swap,0,7,117,Asset_117,Group_6,0.004,0.0,-0.004,0,0.0,0.2
discrete__simulated_annealing_swap__rep000__seed7,discrete,simulated_annealing_swap,0,7,118,Asset_118,Group_3,0.004,0.0,-0.004,0,0.0,0.2
discrete__simulated_annealing_swap__rep000__seed7,discrete,simulated_annealing_swap,0,7,119,Asset_119,Group_5,0.004,0.0,-0.004,0,0.0,0.2
discrete__simulated_annealing_swap__rep000__seed7,discrete,simulated_annealing_swap,0,7,120,Asset_120,Group_6,0.004,0.0,-0.004,0,0.0,0.2
discrete__simulated_annealing_swap__rep000__seed7,discrete,simulated_annealing_swap,0,7,121,Asset_121,Group_2,0.004,0.0,-0.004,0,0.0,0.2
discrete__simulated_annealing_swap__rep000__seed7,discrete,simulated_annealing_swap,0,7,122,Asset_122,Group_5,0.004,0.0,-0.004,0,0.0,0.2
discrete__simulated_annealing_swap__rep000__seed7,discrete,simulated_annealing_swap,0,7,123,Asset_123,Group_7,0.004,0.0,-0.004,0,0.0,0.2
discrete__simulated_annealing_swap__rep000__seed7,discrete,simulated_annealing_swap,0,7,124,Asset_124,Group_4,0.004,0.0,-0.004,0,0.0,0.2
discrete__simulated_annealing_swap__rep000__seed7,discrete,simulated_annealing_swap,0,7,125,Asset_125,Group_0,0.004,0.0,-0.004,0,0.0,0.2
discrete__simulated_annealing_swap__rep000__seed7,discrete,simulated_annealing_swap,0,7,126,Asset_126,Group_4,0.004,0.0,-0.004,0,0.0,0.2
discrete__simulated_annealing_swap__rep000__seed7,discrete,simulated_annealing_swap,0,7,127,Asset_127,Group_4,0.004,0.0,-0.004,0,0.0,0.2
discrete__simulated_annealing_swap__rep000__seed7,discrete,simulated_annealing_swap,0,7,128,Asset_128,Group_0,0.004,0.004,0.0,4,0.0,0.2
discrete__simulated_annealing_swap__rep000__seed7,discrete,simulated_annealing_swap,0,7,129,Asset_129,Group_1,0.004,0.0,-0.004,0,0.0,0.2
discrete__simulated_annealing_swap__rep000__seed7,discrete,simulated_annealing_swap,0,7,130,Asset_130,Group_2,0.004,0.0,-0.004,0,0.0,0.2
discrete__simulated_annealing_swap__rep000__seed7,discrete,simulated_annealing_swap,0,7,131,Asset_131,Group_6,0.004,0.0,-0.004,0,0.0,0.2
discrete__simulated_annealing_swap__rep000__seed7,discrete,simulated_annealing_swap,0,7,132,Asset_132,Group_6,0.004,0.0,-0.004,0,0.0,0.2
discrete__simulated_annealing_swap__rep000__seed7,discrete,simulated_annealing_swap,0,7,133,Asset_133,Group_0,0.004,0.004,0.0,4,0.0,0.2
discrete__simulated_annealing_swap__rep000__seed7,discrete,simulated_annealing_swap,0,7,134,Asset_134,Group_2,0.004,0.0,-0.004,0,0.0,0.2
discrete__simulated_annealing_swap__rep000__seed7,discrete,simulated_annealing_swap,0,7,135,Asset_135,Group_5,0.004,0.0,-0.004,0,0.0,0.2
discrete__simulated_annealing_swap__rep000__seed7,discrete,simulated_annealing_swap,0,7,136,Asset_136,Group_4,0.004,0.0,-0.004,0,0.0,0.2
discrete__simulated_annealing_swap__rep000__seed7,discrete,simulated_annealing_swap,0,7,137,Asset_137,Group_7,0.004,0.0,-0.004,0,0.0,0.2
discrete__simulated_annealing_swap__rep000__seed7,discrete,simulated_annealing_swap,0,7,138,Asset_138,Group_4,0.004,0.0,-0.004,0,0.0,0.2
discrete__simulated_annealing_swap__rep000__seed7,discrete,simulated_annealing_swap,0,7,139,Asset_139,Group_2,0.004,0.0,-0.004,0,0.0,0.2
discrete__simulated_annealing_swap__rep000__seed7,discrete,simulated_annealing_swap,0,7,140,Asset_140,Group_6,0.004,0.0,-0.004,0,0.0,0.2
discrete__simulated_annealing_swap__rep000__seed7,discrete,simulated_annealing_swap,0,7,141,Asset_141,Group_0,0.004,0.0,-0.004,0,0.0,0.2
discrete__simulated_annealing_swap__rep000__seed7,discrete,simulated_annealing_swap,0,7,142,Asset_142,Group_2,0.004,0.0,-0.004,0,0.0,0.2
discrete__simulated_annealing_swap__rep000__seed7,discrete,simulated_annealing_swap,0,7,143,Asset_143,Group_3,0.004,0.0,-0.004,0,0.0,0.2
discrete__simulated_annealing_swap__rep000__seed7,discrete,simulated_annealing_swap,0,7,144,Asset_144,Group_1,0.004,0.0,-0.004,0,0.0,0.2
discrete__simulated_annealing_swap__rep000__seed7,discrete,simulated_annealing_swap,0,7,145,Asset_145,Group_1,0.004,0.0,-0.004,0,0.0,0.2
discrete__simulated_annealing_swap__rep000__seed7,discrete,simulated_annealing_swap,0,7,146,Asset_146,Group_0,0.004,0.0,-0.004,0,0.0,0.2
discrete__simulated_annealing_swap__rep000__seed7,discrete,simulated_annealing_swap,0,7,147,Asset_147,Group_7,0.004,0.0,-0.004,0,0.0,0.2
discrete__simulated_annealing_swap__rep000__seed7,discrete,simulated_annealing_swap,0,7,148,Asset_148,Group_3,0.004,0.004,0.0,4,0.0,0.2
discrete__simulated_annealing_swap__rep000__seed7,discrete,simulated_annealing_swap,0,7,149,Asset_149,Group_4,0.004,0.0,-0.004,0,0.0,0.2
discrete__simulated_annealing_swap__rep000__seed7,discrete,simulated_annealing_swap,0,7,150,Asset_150,Group_0,0.004,0.0,-0.004,0,0.0,0.2
discrete__simulated_annealing_swap__rep000__seed7,discrete,simulated_annealing_swap,0,7,151,Asset_151,Group_1,0.004,0.0,-0.004,0,0.0,0.2
discrete__simulated_annealing_swap__rep000__seed7,discrete,simulated_annealing_swap,0,7,152,Asset_152,Group_4,0.004,0.0,-0.004,0,0.0,0.2
discrete__simulated_annealing_swap__rep000__seed7,discrete,simulated_annealing_swap,0,7,153,Asset_153,Group_4,0.004,0.0,-0.004,0,0.0,0.2
discrete__simulated_annealing_swap__rep000__seed7,discrete,simulated_annealing_swap,0,7,154,Asset_154,Group_6,0.004,0.085,0.081,85,0.0,0.2
discrete__simulated_annealing_swap__rep000__seed7,discrete,simulated_annealing_swap,0,7,155,Asset_155,Group_1,0.004,0.057,0.053000000000000005,57,0.0,0.2
discrete__simulated_annealing_swap__rep000__seed7,discrete,simulated_annealing_swap,0,7,156,Asset_156,Group_5,0.004,0.0,-0.004,0,0.0,0.2
discrete__simulated_annealing_swap__rep000__seed7,discrete,simulated_annealing_swap,0,7,157,Asset_157,Group_5,0.004,0.0,-0.004,0,0.0,0.2
discrete__simulated_annealing_swap__rep000__seed7,discrete,simulated_annealing_swap,0,7,158,Asset_158,Group_6,0.004,0.038,0.034,38,0.0,0.2
discrete__simulated_annealing_swap__rep000__seed7,discrete,simulated_annealing_swap,0,7,159,Asset_159,Group_0,0.004,0.0,-0.004,0,0.0,0.2
discrete__simulated_annealing_swap__rep000__seed7,discrete,simulated_annealing_swap,0,7,160,Asset_160,Group_5,0.004,0.0,-0.004,0,0.0,0.2
discrete__simulated_annealing_swap__rep000__seed7,discrete,simulated_annealing_swap,0,7,161,Asset_161,Group_0,0.004,0.0,-0.004,0,0.0,0.2
discrete__simulated_annealing_swap__rep000__seed7,discrete,simulated_annealing_swap,0,7,162,Asset_162,Group_0,0.004,0.0,-0.004,0,0.0,0.2
discrete__simulated_annealing_swap__rep000__seed7,discrete,simulated_annealing_swap,0,7,163,Asset_163,Group_6,0.004,0.0,-0.004,0,0.0,0.2
discrete__simulated_annealing_swap__rep000__seed7,discrete,simulated_annealing_swap,0,7,164,Asset_164,Group_3,0.004,0.0,-0.004,0,0.0,0.2
discrete__simulated_annealing_swap__rep000__seed7,discrete,simulated_annealing_swap,0,7,165,Asset_165,Group_2,0.004,0.0,-0.004,0,0.0,0.2
discrete__simulated_annealing_swap__rep000__seed7,discrete,simulated_annealing_swap,0,7,166,Asset_166,Group_3,0.004,0.0,-0.004,0,0.0,0.2
discrete__simulated_annealing_swap__rep000__seed7,discrete,simulated_annealing_swap,0,7,167,Asset_167,Group_6,0.004,0.0,-0.004,0,0.0,0.2
discrete__simulated_annealing_swap__rep000__seed7,discrete,simulated_annealing_swap,0,7,168,Asset_168,Group_1,0.004,0.0,-0.004,0,0.0,0.2
discrete__simulated_annealing_swap__rep000__seed7,discrete,simulated_annealing_swap,0,7,169,Asset_169,Group_3,0.004,0.0,-0.004,0,0.0,0.2
discrete__simulated_annealing_swap__rep000__seed7,discrete,simulated_annealing_swap,0,7,170,Asset_170,Group_5,0.004,0.0,-0.004,0,0.0,0.2
discrete__simulated_annealing_swap__rep000__seed7,discrete,simulated_annealing_swap,0,7,171,Asset_171,Group_3,0.004,0.0,-0.004,0,0.0,0.2
discrete__simulated_annealing_swap__rep000__seed7,discrete,simulated_annealing_swap,0,7,172,Asset_172,Group_4,0.004,0.0,-0.004,0,0.0,0.2
discrete__simulated_annealing_swap__rep000__seed7,discrete,simulated_annealing_swap,0,7,173,Asset_173,Group_7,0.004,0.0,-0.004,0,0.0,0.2
discrete__simulated_annealing_swap__rep000__seed7,discrete,simulated_annealing_swap,0,7,174,Asset_174,Group_3,0.004,0.0,-0.004,0,0.0,0.2
discrete__simulated_annealing_swap__rep000__seed7,discrete,simulated_annealing_swap,0,7,175,Asset_175,Group_5,0.004,0.0,-0.004,0,0.0,0.2
discrete__simulated_annealing_swap__rep000__seed7,discrete,simulated_annealing_swap,0,7,176,Asset_176,Group_4,0.004,0.0,-0.004,0,0.0,0.2
discrete__simulated_annealing_swap__rep000__seed7,discrete,simulated_annealing_swap,0,7,177,Asset_177,Group_1,0.004,0.0,-0.004,0,0.0,0.2
discrete__simulated_annealing_swap__rep000__seed7,discrete,simulated_annealing_swap,0,7,178,Asset_178,Group_7,0.004,0.0,-0.004,0,0.0,0.2
discrete__simulated_annealing_swap__rep000__seed7,discrete,simulated_annealing_swap,0,7,179,Asset_179,Group_6,0.004,0.0,-0.004,0,0.0,0.2
discrete__simulated_annealing_swap__rep000__seed7,discrete,simulated_annealing_swap,0,7,180,Asset_180,Group_0,0.004,0.0,-0.004,0,0.0,0.2
discrete__simulated_annealing_swap__rep000__seed7,discrete,simulated_annealing_swap,0,7,181,Asset_181,Group_7,0.004,0.0,-0.004,0,0.0,0.2
discrete__simulated_annealing_swap__rep000__seed7,discrete,simulated_annealing_swap,0,7,182,Asset_182,Group_1,0.004,0.0,-0.004,0,0.0,0.2
discrete__simulated_annealing_swap__rep000__seed7,discrete,simulated_annealing_swap,0,7,183,Asset_183,Group_5,0.004,0.0,-0.004,0,0.0,0.2
discrete__simulated_annealing_swap__rep000__seed7,discrete,simulated_annealing_swap,0,7,184,Asset_184,Group_0,0.004,0.0,-0.004,0,0.0,0.2
discrete__simulated_annealing_swap__rep000__seed7,discrete,simulated_annealing_swap,0,7,185,Asset_185,Group_7,0.004,0.0,-0.004,0,0.0,0.2
discrete__simulated_annealing_swap__rep000__seed7,discrete,simulated_annealing_swap,0,7,186,Asset_186,Group_1,0.004,0.0,-0.004,0,0.0,0.2
discrete__simulated_annealing_swap__rep000__seed7,discrete,simulated_annealing_swap,0,7,187,Asset_187,Group_4,0.004,0.0,-0.004,0,0.0,0.2
discrete__simulated_annealing_swap__rep000__seed7,discrete,simulated_annealing_swap,0,7,188,Asset_188,Group_7,0.004,0.0,-0.004,0,0.0,0.2
discrete__simulated_annealing_swap__rep000__seed7,discrete,simulated_annealing_swap,0,7,189,Asset_189,Group_3,0.004,0.0,-0.004,0,0.0,0.2
discrete__simulated_annealing_swap__rep000__seed7,discrete,simulated_annealing_swap,0,7,190,Asset_190,Group_7,0.004,0.0,-0.004,0,0.0,0.2
discrete__simulated_annealing_swap__rep000__seed7,discrete,simulated_annealing_swap,0,7,191,Asset_191,Group_5,0.004,0.0,-0.004,0,0.0,0.2
discrete__simulated_annealing_swap__rep000__seed7,discrete,simulated_annealing_swap,0,7,192,Asset_192,Group_6,0.004,0.0,-0.004,0,0.0,0.2
discrete__simulated_annealing_swap__rep000__seed7,discrete,simulated_annealing_swap,0,7,193,Asset_193,Group_5,0.004,0.0,-0.004,0,0.0,0.2
discrete__simulated_annealing_swap__rep000__seed7,discrete,simulated_annealing_swap,0,7,194,Asset_194,Group_1,0.004,0.0,-0.004,0,0.0,0.2
discrete__simulated_annealing_swap__rep000__seed7,discrete,simulated_annealing_swap,0,7,195,Asset_195,Group_7,0.004,0.2,0.196,200,0.0,0.2
discrete__simulated_annealing_swap__rep000__seed7,discrete,simulated_annealing_swap,0,7,196,Asset_196,Group_4,0.004,0.0,-0.004,0,0.0,0.2
discrete__simulated_annealing_swap__rep000__seed7,discrete,simulated_annealing_swap,0,7,197,Asset_197,Group_5,0.004,0.0,-0.004,0,0.0,0.2
discrete__simulated_annealing_swap__rep000__seed7,discrete,simulated_annealing_swap,0,7,198,Asset_198,Group_1,0.004,0.0,-0.004,0,0.0,0.2
discrete__simulated_annealing_swap__rep000__seed7,discrete,simulated_annealing_swap,0,7,199,Asset_199,Group_3,0.004,0.0,-0.004,0,0.0,0.2
discrete__simulated_annealing_swap__rep000__seed7,discrete,simulated_annealing_swap,0,7,200,Asset_200,Group_6,0.004,0.0,-0.004,0,0.0,0.2
discrete__simulated_annealing_swap__rep000__seed7,discrete,simulated_annealing_swap,0,7,201,Asset_201,Group_0,0.004,0.0,-0.004,0,0.0,0.2
discrete__simulated_annealing_swap__rep000__seed7,discrete,simulated_annealing_swap,0,7,202,Asset_202,Group_6,0.004,0.0,-0.004,0,0.0,0.2
discrete__simulated_annealing_swap__rep000__seed7,discrete,simulated_annealing_swap,0,7,203,Asset_203,Group_0,0.004,0.0,-0.004,0,0.0,0.2
discrete__simulated_annealing_swap__rep000__seed7,discrete,simulated_annealing_swap,0,7,204,Asset_204,Group_1,0.004,0.0,-0.004,0,0.0,0.2
discrete__simulated_annealing_swap__rep000__seed7,discrete,simulated_annealing_swap,0,7,205,Asset_205,Group_2,0.004,0.0,-0.004,0,0.0,0.2
discrete__simulated_annealing_swap__rep000__seed7,discrete,simulated_annealing_swap,0,7,206,Asset_206,Group_0,0.004,0.0,-0.004,0,0.0,0.2
discrete__simulated_annealing_swap__rep000__seed7,discrete,simulated_annealing_swap,0,7,207,Asset_207,Group_3,0.004,0.0,-0.004,0,0.0,0.2
discrete__simulated_annealing_swap__rep000__seed7,discrete,simulated_annealing_swap,0,7,208,Asset_208,Group_0,0.004,0.0,-0.004,0,0.0,0.2
discrete__simulated_annealing_swap__rep000__seed7,discrete,simulated_annealing_swap,0,7,209,Asset_209,Group_5,0.004,0.0,-0.004,0,0.0,0.2
discrete__simulated_annealing_swap__rep000__seed7,discrete,simulated_annealing_swap,0,7,210,Asset_210,Group_2,0.004,0.0,-0.004,0,0.0,0.2
discrete__simulated_annealing_swap__rep000__seed7,discrete,simulated_annealing_swap,0,7,211,Asset_211,Group_5,0.004,0.0,-0.004,0,0.0,0.2
discrete__simulated_annealing_swap__rep000__seed7,discrete,simulated_annealing_swap,0,7,212,Asset_212,Group_2,0.004,0.0,-0.004,0,0.0,0.2
discrete__simulated_annealing_swap__rep000__seed7,discrete,simulated_annealing_swap,0,7,213,Asset_213,Group_5,0.004,0.0,-0.004,0,0.0,0.2
discrete__simulated_annealing_swap__rep000__seed7,discrete,simulated_annealing_swap,0,7,214,Asset_214,Group_1,0.004,0.0,-0.004,0,0.0,0.2
discrete__simulated_annealing_swap__rep000__seed7,discrete,simulated_annealing_swap,0,7,215,Asset_215,Group_2,0.004,0.0,-0.004,0,0.0,0.2
discrete__simulated_annealing_swap__rep000__seed7,discrete,simulated_annealing_swap,0,7,216,Asset_216,Group_1,0.004,0.0,-0.004,0,0.0,0.2
discrete__simulated_annealing_swap__rep000__seed7,discrete,simulated_annealing_swap,0,7,217,Asset_217,Group_1,0.004,0.0,-0.004,0,0.0,0.2
discrete__simulated_annealing_swap__rep000__seed7,discrete,simulated_annealing_swap,0,7,218,Asset_218,Group_6,0.004,0.0,-0.004,0,0.0,0.2
discrete__simulated_annealing_swap__rep000__seed7,discrete,simulated_annealing_swap,0,7,219,Asset_219,Group_2,0.004,0.0,-0.004,0,0.0,0.2
discrete__simulated_annealing_swap__rep000__seed7,discrete,simulated_annealing_swap,0,7,220,Asset_220,Group_5,0.004,0.0,-0.004,0,0.0,0.2
discrete__simulated_annealing_swap__rep000__seed7,discrete,simulated_annealing_swap,0,7,221,Asset_221,Group_1,0.004,0.0,-0.004,0,0.0,0.2
discrete__simulated_annealing_swap__rep000__seed7,discrete,simulated_annealing_swap,0,7,222,Asset_222,Group_3,0.004,0.0,-0.004,0,0.0,0.2
discrete__simulated_annealing_swap__rep000__seed7,discrete,simulated_annealing_swap,0,7,223,Asset_223,Group_0,0.004,0.0,-0.004,0,0.0,0.2
discrete__simulated_annealing_swap__rep000__seed7,discrete,simulated_annealing_swap,0,7,224,Asset_224,Group_0,0.004,0.0,-0.004,0,0.0,0.2
discrete__simulated_annealing_swap__rep000__seed7,discrete,simulated_annealing_swap,0,7,225,Asset_225,Group_0,0.004,0.0,-0.004,0,0.0,0.2
discrete__simulated_annealing_swap__rep000__seed7,discrete,simulated_annealing_swap,0,7,226,Asset_226,Group_6,0.004,0.0,-0.004,0,0.0,0.2
discrete__simulated_annealing_swap__rep000__seed7,discrete,simulated_annealing_swap,0,7,227,Asset_227,Group_7,0.004,0.0,-0.004,0,0.0,0.2
discrete__simulated_annealing_swap__rep000__seed7,discrete,simulated_annealing_swap,0,7,228,Asset_228,Group_3,0.004,0.0,-0.004,0,0.0,0.2
discrete__simulated_annealing_swap__rep000__seed7,discrete,simulated_annealing_swap,0,7,229,Asset_229,Group_6,0.004,0.0,-0.004,0,0.0,0.2
discrete__simulated_annealing_swap__rep000__seed7,discrete,simulated_annealing_swap,0,7,230,Asset_230,Group_4,0.004,0.002,-0.002,2,0.0,0.2
discrete__simulated_annealing_swap__rep000__seed7,discrete,simulated_annealing_swap,0,7,231,Asset_231,Group_5,0.004,0.0,-0.004,0,0.0,0.2
discrete__simulated_annealing_swap__rep000__seed7,discrete,simulated_annealing_swap,0,7,232,Asset_232,Group_5,0.004,0.0,-0.004,0,0.0,0.2
discrete__simulated_annealing_swap__rep000__seed7,discrete,simulated_annealing_swap,0,7,233,Asset_233,Group_2,0.004,0.089,0.08499999999999999,89,0.0,0.2
discrete__simulated_annealing_swap__rep000__seed7,discrete,simulated_annealing_swap,0,7,234,Asset_234,Group_2,0.004,0.0,-0.004,0,0.0,0.2
discrete__simulated_annealing_swap__rep000__seed7,discrete,simulated_annealing_swap,0,7,235,Asset_235,Group_7,0.004,0.0,-0.004,0,0.0,0.2
discrete__simulated_annealing_swap__rep000__seed7,discrete,simulated_annealing_swap,0,7,236,Asset_236,Group_2,0.004,0.0,-0.004,0,0.0,0.2
discrete__simulated_annealing_swap__rep000__seed7,discrete,simulated_annealing_swap,0,7,237,Asset_237,Group_0,0.004,0.0,-0.004,0,0.0,0.2
discrete__simulated_annealing_swap__rep000__seed7,discrete,simulated_annealing_swap,0,7,238,Asset_238,Group_5,0.004,0.0,-0.004,0,0.0,0.2
discrete__simulated_annealing_swap__rep000__seed7,discrete,simulated_annealing_swap,0,7,239,Asset_239,Group_5,0.004,0.004,0.0,4,0.0,0.2
discrete__simulated_annealing_swap__rep000__seed7,discrete,simulated_annealing_swap,0,7,240,Asset_240,Group_7,0.004,0.0,-0.004,0,0.0,0.2
discrete__simulated_annealing_swap__rep000__seed7,discrete,simulated_annealing_swap,0,7,241,Asset_241,Group_6,0.004,0.0,-0.004,0,0.0,0.2
discrete__simulated_annealing_swap__rep000__seed7,discrete,simulated_annealing_swap,0,7,242,Asset_242,Group_0,0.004,0.0,-0.004,0,0.0,0.2
discrete__simulated_annealing_swap__rep000__seed7,discrete,simulated_annealing_swap,0,7,243,Asset_243,Group_2,0.004,0.0,-0.004,0,0.0,0.2
discrete__simulated_annealing_swap__rep000__seed7,discrete,simulated_annealing_swap,0,7,244,Asset_244,Group_7,0.004,0.0,-0.004,0,0.0,0.2
discrete__simulated_annealing_swap__rep000__seed7,discrete,simulated_annealing_swap,0,7,245,Asset_245,Group_7,0.004,0.0,-0.004,0,0.0,0.2
discrete__simulated_annealing_swap__rep000__seed7,discrete,simulated_annealing_swap,0,7,246,Asset_246,Group_0,0.004,0.0,-0.004,0,0.0,0.2
discrete__simulated_annealing_swap__rep000__seed7,discrete,simulated_annealing_swap,0,7,247,Asset_247,Group_3,0.004,0.0,-0.004,0,0.0,0.2
discrete__simulated_annealing_swap__rep000__seed7,discrete,simulated_annealing_swap,0,7,248,Asset_248,Group_2,0.004,0.0,-0.004,0,0.0,0.2
discrete__simulated_annealing_swap__rep000__seed7,discrete,simulated_annealing_swap,0,7,249,Asset_249,Group_0,0.004,0.0,-0.004,0,0.0,0.2
discrete__simulated_annealing_swap__rep000__seed8,discrete,simulated_annealing_swap,0,8,0,Asset_000,Group_3,0.004,0.0,-0.004,0,0.0,0.2
discrete__simulated_annealing_swap__rep000__seed8,discrete,simulated_annealing_swap,0,8,1,Asset_001,Group_7,0.004,0.0,-0.004,0,0.0,0.2
discrete__simulated_annealing_swap__rep000__seed8,discrete,simulated_annealing_swap,0,8,2,Asset_002,Group_7,0.004,0.0,-0.004,0,0.0,0.2
discrete__simulated_annealing_swap__rep000__seed8,discrete,simulated_annealing_swap,0,8,3,Asset_003,Group_2,0.004,0.0,-0.004,0,0.0,0.2
discrete__simulated_annealing_swap__rep000__seed8,discrete,simulated_annealing_swap,0,8,4,Asset_004,Group_6,0.004,0.0,-0.004,0,0.0,0.2
discrete__simulated_annealing_swap__rep000__seed8,discrete,simulated_annealing_swap,0,8,5,Asset_005,Group_7,0.004,0.0,-0.004,0,0.0,0.2
discrete__simulated_annealing_swap__rep000__seed8,discrete,simulated_annealing_swap,0,8,6,Asset_006,Group_3,0.004,0.0,-0.004,0,0.0,0.2
discrete__simulated_annealing_swap__rep000__seed8,discrete,simulated_annealing_swap,0,8,7,Asset_007,Group_0,0.004,0.0,-0.004,0,0.0,0.2
discrete__simulated_annealing_swap__rep000__seed8,discrete,simulated_annealing_swap,0,8,8,Asset_008,Group_2,0.004,0.0,-0.004,0,0.0,0.2
discrete__simulated_annealing_swap__rep000__seed8,discrete,simulated_annealing_swap,0,8,9,Asset_009,Group_6,0.004,0.0,-0.004,0,0.0,0.2
discrete__simulated_annealing_swap__rep000__seed8,discrete,simulated_annealing_swap,0,8,10,Asset_010,Group_0,0.004,0.0,-0.004,0,0.0,0.2
discrete__simulated_annealing_swap__rep000__seed8,discrete,simulated_annealing_swap,0,8,11,Asset_011,Group_5,0.004,0.0,-0.004,0,0.0,0.2
discrete__simulated_annealing_swap__rep000__seed8,discrete,simulated_annealing_swap,0,8,12,Asset_012,Group_7,0.004,0.0,-0.004,0,0.0,0.2
discrete__simulated_annealing_swap__rep000__seed8,discrete,simulated_annealing_swap,0,8,13,Asset_013,Group_2,0.004,0.0,-0.004,0,0.0,0.2
discrete__simulated_annealing_swap__rep000__seed8,discrete,simulated_annealing_swap,0,8,14,Asset_014,Group_4,0.004,0.0,-0.004,0,0.0,0.2
discrete__simulated_annealing_swap__rep000__seed8,discrete,simulated_annealing_swap,0,8,15,Asset_015,Group_4,0.004,0.0,-0.004,0,0.0,0.2
discrete__simulated_annealing_swap__rep000__seed8,discrete,simulated_annealing_swap,0,8,16,Asset_016,Group_1,0.004,0.0,-0.004,0,0.0,0.2
discrete__simulated_annealing_swap__rep000__seed8,discrete,simulated_annealing_swap,0,8,17,Asset_017,Group_4,0.004,0.0,-0.004,0,0.0,0.2
discrete__simulated_annealing_swap__rep000__seed8,discrete,simulated_annealing_swap,0,8,18,Asset_018,Group_3,0.004,0.0,-0.004,0,0.0,0.2
discrete__simulated_annealing_swap__rep000__seed8,discrete,simulated_annealing_swap,0,8,19,Asset_019,Group_2,0.004,0.0,-0.004,0,0.0,0.2
discrete__simulated_annealing_swap__rep000__seed8,discrete,simulated_annealing_swap,0,8,20,Asset_020,Group_1,0.004,0.0,-0.004,0,0.0,0.2
discrete__simulated_annealing_swap__rep000__seed8,discrete,simulated_annealing_swap,0,8,21,Asset_021,Group_1,0.004,0.0,-0.004,0,0.0,0.2
discrete__simulated_annealing_swap__rep000__seed8,discrete,simulated_annealing_swap,0,8,22,Asset_022,Group_3,0.004,0.016,0.012,16,0.0,0.2
discrete__simulated_annealing_swap__rep000__seed8,discrete,simulated_annealing_swap,0,8,23,Asset_023,Group_6,0.004,0.0,-0.004,0,0.0,0.2
discrete__simulated_annealing_swap__rep000__seed8,discrete,simulated_annealing_swap,0,8,24,Asset_024,Group_4,0.004,0.0,-0.004,0,0.0,0.2
discrete__simulated_annealing_swap__rep000__seed8,discrete,simulated_annealing_swap,0,8,25,Asset_025,Group_5,0.004,0.0,-0.004,0,0.0,0.2
discrete__simulated_annealing_swap__rep000__seed8,discrete,simulated_annealing_swap,0,8,26,Asset_026,Group_1,0.004,0.0,-0.004,0,0.0,0.2
discrete__simulated_annealing_swap__rep000__seed8,discrete,simulated_annealing_swap,0,8,27,Asset_027,Group_7,0.004,0.0,-0.004,0,0.0,0.2
discrete__simulated_annealing_swap__rep000__seed8,discrete,simulated_annealing_swap,0,8,28,Asset_028,Group_1,0.004,0.0,-0.004,0,0.0,0.2
discrete__simulated_annealing_swap__rep000__seed8,discrete,simulated_annealing_swap,0,8,29,Asset_029,Group_4,0.004,0.0,-0.004,0,0.0,0.2
discrete__simulated_annealing_swap__rep000__seed8,discrete,simulated_annealing_swap,0,8,30,Asset_030,Group_1,0.004,0.0,-0.004,0,0.0,0.2
discrete__simulated_annealing_swap__rep000__seed8,discrete,simulated_annealing_swap,0,8,31,Asset_031,Group_2,0.004,0.0,-0.004,0,0.0,0.2
discrete__simulated_annealing_swap__rep000__seed8,discrete,simulated_annealing_swap,0,8,32,Asset_032,Group_1,0.004,0.0,-0.004,0,0.0,0.2
discrete__simulated_annealing_swap__rep000__seed8,discrete,simulated_annealing_swap,0,8,33,Asset_033,Group_3,0.004,0.0,-0.004,0,0.0,0.2
discrete__simulated_annealing_swap__rep000__seed8,discrete,simulated_annealing_swap,0,8,34,Asset_034,Group_4,0.004,0.0,-0.004,0,0.0,0.2
discrete__simulated_annealing_swap__rep000__seed8,discrete,simulated_annealing_swap,0,8,35,Asset_035,Group_6,0.004,0.0,-0.004,0,0.0,0.2
discrete__simulated_annealing_swap__rep000__seed8,discrete,simulated_annealing_swap,0,8,36,Asset_036,Group_3,0.004,0.0,-0.004,0,0.0,0.2
discrete__simulated_annealing_swap__rep000__seed8,discrete,simulated_annealing_swap,0,8,37,Asset_037,Group_1,0.004,0.0,-0.004,0,0.0,0.2
discrete__simulated_annealing_swap__rep000__seed8,discrete,simulated_annealing_swap,0,8,38,Asset_038,Group_5,0.004,0.0,-0.004,0,0.0,0.2
discrete__simulated_annealing_swap__rep000__seed8,discrete,simulated_annealing_swap,0,8,39,Asset_039,Group_7,0.004,0.0,-0.004,0,0.0,0.2
discrete__simulated_annealing_swap__rep000__seed8,discrete,simulated_annealing_swap,0,8,40,Asset_040,Group_1,0.004,0.0,-0.004,0,0.0,0.2
discrete__simulated_annealing_swap__rep000__seed8,discrete,simulated_annealing_swap,0,8,41,Asset_041,Group_5,0.004,0.0,-0.004,0,0.0,0.2
discrete__simulated_annealing_swap__rep000__seed8,discrete,simulated_annealing_swap,0,8,42,Asset_042,Group_5,0.004,0.0,-0.004,0,0.0,0.2
discrete__simulated_annealing_swap__rep000__seed8,discrete,simulated_annealing_swap,0,8,43,Asset_043,Group_6,0.004,0.02,0.016,20,0.0,0.2
discrete__simulated_annealing_swap__rep000__seed8,discrete,simulated_annealing_swap,0,8,44,Asset_044,Group_3,0.004,0.0,-0.004,0,0.0,0.2
discrete__simulated_annealing_swap__rep000__seed8,discrete,simulated_annealing_swap,0,8,45,Asset_045,Group_3,0.004,0.0,-0.004,0,0.0,0.2
discrete__simulated_annealing_swap__rep000__seed8,discrete,simulated_annealing_swap,0,8,46,Asset_046,Group_6,0.004,0.092,0.088,92,0.0,0.2
discrete__simulated_annealing_swap__rep000__seed8,discrete,simulated_annealing_swap,0,8,47,Asset_047,Group_7,0.004,0.0,-0.004,0,0.0,0.2
discrete__simulated_annealing_swap__rep000__seed8,discrete,simulated_annealing_swap,0,8,48,Asset_048,Group_7,0.004,0.0,-0.004,0,0.0,0.2
discrete__simulated_annealing_swap__rep000__seed8,discrete,simulated_annealing_swap,0,8,49,Asset_049,Group_7,0.004,0.0,-0.004,0,0.0,0.2
discrete__simulated_annealing_swap__rep000__seed8,discrete,simulated_annealing_swap,0,8,50,Asset_050,Group_1,0.004,0.0,-0.004,0,0.0,0.2
discrete__simulated_annealing_swap__rep000__seed8,discrete,simulated_annealing_swap,0,8,51,Asset_051,Group_3,0.004,0.0,-0.004,0,0.0,0.2
discrete__simulated_annealing_swap__rep000__seed8,discrete,simulated_annealing_swap,0,8,52,Asset_052,Group_3,0.004,0.0,-0.004,0,0.0,0.2
discrete__simulated_annealing_swap__rep000__seed8,discrete,simulated_annealing_swap,0,8,53,Asset_053,Group_2,0.004,0.0,-0.004,0,0.0,0.2
discrete__simulated_annealing_swap__rep000__seed8,discrete,simulated_annealing_swap,0,8,54,Asset_054,Group_3,0.004,0.0,-0.004,0,0.0,0.2
discrete__simulated_annealing_swap__rep000__seed8,discrete,simulated_annealing_swap,0,8,55,Asset_055,Group_2,0.004,0.0,-0.004,0,0.0,0.2
discrete__simulated_annealing_swap__rep000__seed8,discrete,simulated_annealing_swap,0,8,56,Asset_056,Group_4,0.004,0.082,0.078,82,0.0,0.2
discrete__simulated_annealing_swap__rep000__seed8,discrete,simulated_annealing_swap,0,8,57,Asset_057,Group_4,0.004,0.0,-0.004,0,0.0,0.2
discrete__simulated_annealing_swap__rep000__seed8,discrete,simulated_annealing_swap,0,8,58,Asset_058,Group_4,0.004,0.0,-0.004,0,0.0,0.2
discrete__simulated_annealing_swap__rep000__seed8,discrete,simulated_annealing_swap,0,8,59,Asset_059,Group_0,0.004,0.0,-0.004,0,0.0,0.2
discrete__simulated_annealing_swap__rep000__seed8,discrete,simulated_annealing_swap,0,8,60,Asset_060,Group_6,0.004,0.0,-0.004,0,0.0,0.2
discrete__simulated_annealing_swap__rep000__seed8,discrete,simulated_annealing_swap,0,8,61,Asset_061,Group_7,0.004,0.0,-0.004,0,0.0,0.2
discrete__simulated_annealing_swap__rep000__seed8,discrete,simulated_annealing_swap,0,8,62,Asset_062,Group_5,0.004,0.0,-0.004,0,0.0,0.2
discrete__simulated_annealing_swap__rep000__seed8,discrete,simulated_annealing_swap,0,8,63,Asset_063,Group_1,0.004,0.0,-0.004,0,0.0,0.2
discrete__simulated_annealing_swap__rep000__seed8,discrete,simulated_annealing_swap,0,8,64,Asset_064,Group_4,0.004,0.0,-0.004,0,0.0,0.2
discrete__simulated_annealing_swap__rep000__seed8,discrete,simulated_annealing_swap,0,8,65,Asset_065,Group_3,0.004,0.0,-0.004,0,0.0,0.2
discrete__simulated_annealing_swap__rep000__seed8,discrete,simulated_annealing_swap,0,8,66,Asset_066,Group_0,0.004,0.0,-0.004,0,0.0,0.2
discrete__simulated_annealing_swap__rep000__seed8,discrete,simulated_annealing_swap,0,8,67,Asset_067,Group_1,0.004,0.0,-0.004,0,0.0,0.2
discrete__simulated_annealing_swap__rep000__seed8,discrete,simulated_annealing_swap,0,8,68,Asset_068,Group_4,0.004,0.0,-0.004,0,0.0,0.2
discrete__simulated_annealing_swap__rep000__seed8,discrete,simulated_annealing_swap,0,8,69,Asset_069,Group_4,0.004,0.0,-0.004,0,0.0,0.2
discrete__simulated_annealing_swap__rep000__seed8,discrete,simulated_annealing_swap,0,8,70,Asset_070,Group_6,0.004,0.0,-0.004,0,0.0,0.2
discrete__simulated_annealing_swap__rep000__seed8,discrete,simulated_annealing_swap,0,8,71,Asset_071,Group_4,0.004,0.0,-0.004,0,0.0,0.2
discrete__simulated_annealing_swap__rep000__seed8,discrete,simulated_annealing_swap,0,8,72,Asset_072,Group_0,0.004,0.024,0.02,24,0.0,0.2
discrete__simulated_annealing_swap__rep000__seed8,discrete,simulated_annealing_swap,0,8,73,Asset_073,Group_2,0.004,0.0,-0.004,0,0.0,0.2
discrete__simulated_annealing_swap__rep000__seed8,discrete,simulated_annealing_swap,0,8,74,Asset_074,Group_1,0.004,0.0,-0.004,0,0.0,0.2
discrete__simulated_annealing_swap__rep000__seed8,discrete,simulated_annealing_swap,0,8,75,Asset_075,Group_6,0.004,0.0,-0.004,0,0.0,0.2
discrete__simulated_annealing_swap__rep000__seed8,discrete,simulated_annealing_swap,0,8,76,Asset_076,Group_5,0.004,0.0,-0.004,0,0.0,0.2
discrete__simulated_annealing_swap__rep000__seed8,discrete,simulated_annealing_swap,0,8,77,Asset_077,Group_0,0.004,0.0,-0.004,0,0.0,0.2
discrete__simulated_annealing_swap__rep000__seed8,discrete,simulated_annealing_swap,0,8,78,Asset_078,Group_1,0.004,0.0,-0.004,0,0.0,0.2
discrete__simulated_annealing_swap__rep000__seed8,discrete,simulated_annealing_swap,0,8,79,Asset_079,Group_6,0.004,0.0,-0.004,0,0.0,0.2
discrete__simulated_annealing_swap__rep000__seed8,discrete,simulated_annealing_swap,0,8,80,Asset_080,Group_5,0.004,0.0,-0.004,0,0.0,0.2
discrete__simulated_annealing_swap__rep000__seed8,discrete,simulated_annealing_swap,0,8,81,Asset_081,Group_4,0.004,0.0,-0.004,0,0.0,0.2
discrete__simulated_annealing_swap__rep000__seed8,discrete,simulated_annealing_swap,0,8,82,Asset_082,Group_0,0.004,0.0,-0.004,0,0.0,0.2
discrete__simulated_annealing_swap__rep000__seed8,discrete,simulated_annealing_swap,0,8,83,Asset_083,Group_2,0.004,0.0,-0.004,0,0.0,0.2
discrete__simulated_annealing_swap__rep000__seed8,discrete,simulated_annealing_swap,0,8,84,Asset_084,Group_0,0.004,0.0,-0.004,0,0.0,0.2
discrete__simulated_annealing_swap__rep000__seed8,discrete,simulated_annealing_swap,0,8,85,Asset_085,Group_6,0.004,0.0,-0.004,0,0.0,0.2
discrete__simulated_annealing_swap__rep000__seed8,discrete,simulated_annealing_swap,0,8,86,Asset_086,Group_6,0.004,0.029,0.025,29,0.0,0.2
discrete__simulated_annealing_swap__rep000__seed8,discrete,simulated_annealing_swap,0,8,87,Asset_087,Group_5,0.004,0.0,-0.004,0,0.0,0.2
discrete__simulated_annealing_swap__rep000__seed8,discrete,simulated_annealing_swap,0,8,88,Asset_088,Group_7,0.004,0.004,0.0,4,0.0,0.2
discrete__simulated_annealing_swap__rep000__seed8,discrete,simulated_annealing_swap,0,8,89,Asset_089,Group_2,0.004,0.0,-0.004,0,0.0,0.2
discrete__simulated_annealing_swap__rep000__seed8,discrete,simulated_annealing_swap,0,8,90,Asset_090,Group_1,0.004,0.0,-0.004,0,0.0,0.2
discrete__simulated_annealing_swap__rep000__seed8,discrete,simulated_annealing_swap,0,8,91,Asset_091,Group_3,0.004,0.0,-0.004,0,0.0,0.2
discrete__simulated_annealing_swap__rep000__seed8,discrete,simulated_annealing_swap,0,8,92,Asset_092,Group_2,0.004,0.0,-0.004,0,0.0,0.2
discrete__simulated_annealing_swap__rep000__seed8,discrete,simulated_annealing_swap,0,8,93,Asset_093,Group_6,0.004,0.0,-0.004,0,0.0,0.2
discrete__simulated_annealing_swap__rep000__seed8,discrete,simulated_annealing_swap,0,8,94,Asset_094,Group_5,0.004,0.155,0.151,155,0.0,0.2
discrete__simulated_annealing_swap__rep000__seed8,discrete,simulated_annealing_swap,0,8,95,Asset_095,Group_7,0.004,0.0,-0.004,0,0.0,0.2
discrete__simulated_annealing_swap__rep000__seed8,discrete,simulated_annealing_swap,0,8,96,Asset_096,Group_5,0.004,0.0,-0.004,0,0.0,0.2
discrete__simulated_annealing_swap__rep000__seed8,discrete,simulated_annealing_swap,0,8,97,Asset_097,Group_2,0.004,0.0,-0.004,0,0.0,0.2
discrete__simulated_annealing_swap__rep000__seed8,discrete,simulated_annealing_swap,0,8,98,Asset_098,Group_3,0.004,0.0,-0.004,0,0.0,0.2
discrete__simulated_annealing_swap__rep000__seed8,discrete,simulated_annealing_swap,0,8,99,Asset_099,Group_7,0.004,0.0,-0.004,0,0.0,0.2
discrete__simulated_annealing_swap__rep000__seed8,discrete,simulated_annealing_swap,0,8,100,Asset_100,Group_7,0.004,0.0,-0.004,0,0.0,0.2
discrete__simulated_annealing_swap__rep000__seed8,discrete,simulated_annealing_swap,0,8,101,Asset_101,Group_1,0.004,0.075,0.071,75,0.0,0.2
discrete__simulated_annealing_swap__rep000__seed8,discrete,simulated_annealing_swap,0,8,102,Asset_102,Group_3,0.004,0.004,0.0,4,0.0,0.2
discrete__simulated_annealing_swap__rep000__seed8,discrete,simulated_annealing_swap,0,8,103,Asset_103,Group_6,0.004,0.0,-0.004,0,0.0,0.2
discrete__simulated_annealing_swap__rep000__seed8,discrete,simulated_annealing_swap,0,8,104,Asset_104,Group_0,0.004,0.0,-0.004,0,0.0,0.2
discrete__simulated_annealing_swap__rep000__seed8,discrete,simulated_annealing_swap,0,8,105,Asset_105,Group_2,0.004,0.0,-0.004,0,0.0,0.2
discrete__simulated_annealing_swap__rep000__seed8,discrete,simulated_annealing_swap,0,8,106,Asset_106,Group_4,0.004,0.0,-0.004,0,0.0,0.2
discrete__simulated_annealing_swap__rep000__seed8,discrete,simulated_annealing_swap,0,8,107,Asset_107,Group_4,0.004,0.0,-0.004,0,0.0,0.2
discrete__simulated_annealing_swap__rep000__seed8,discrete,simulated_annealing_swap,0,8,108,Asset_108,Group_4,0.004,0.0,-0.004,0,0.0,0.2
discrete__simulated_annealing_swap__rep000__seed8,discrete,simulated_annealing_swap,0,8,109,Asset_109,Group_4,0.004,0.0,-0.004,0,0.0,0.2
discrete__simulated_annealing_swap__rep000__seed8,discrete,simulated_annealing_swap,0,8,110,Asset_110,Group_3,0.004,0.0,-0.004,0,0.0,0.2
discrete__simulated_annealing_swap__rep000__seed8,discrete,simulated_annealing_swap,0,8,111,Asset_111,Group_2,0.004,0.0,-0.004,0,0.0,0.2
discrete__simulated_annealing_swap__rep000__seed8,discrete,simulated_annealing_swap,0,8,112,Asset_112,Group_0,0.004,0.0,-0.004,0,0.0,0.2
discrete__simulated_annealing_swap__rep000__seed8,discrete,simulated_annealing_swap,0,8,113,Asset_113,Group_7,0.004,0.0,-0.004,0,0.0,0.2
discrete__simulated_annealing_swap__rep000__seed8,discrete,simulated_annealing_swap,0,8,114,Asset_114,Group_7,0.004,0.0,-0.004,0,0.0,0.2
discrete__simulated_annealing_swap__rep000__seed8,discrete,simulated_annealing_swap,0,8,115,Asset_115,Group_2,0.004,0.0,-0.004,0,0.0,0.2
discrete__simulated_annealing_swap__rep000__seed8,discrete,simulated_annealing_swap,0,8,116,Asset_116,Group_3,0.004,0.0,-0.004,0,0.0,0.2
discrete__simulated_annealing_swap__rep000__seed8,discrete,simulated_annealing_swap,0,8,117,Asset_117,Group_6,0.004,0.0,-0.004,0,0.0,0.2
discrete__simulated_annealing_swap__rep000__seed8,discrete,simulated_annealing_swap,0,8,118,Asset_118,Group_3,0.004,0.0,-0.004,0,0.0,0.2
discrete__simulated_annealing_swap__rep000__seed8,discrete,simulated_annealing_swap,0,8,119,Asset_119,Group_5,0.004,0.0,-0.004,0,0.0,0.2
discrete__simulated_annealing_swap__rep000__seed8,discrete,simulated_annealing_swap,0,8,120,Asset_120,Group_6,0.004,0.0,-0.004,0,0.0,0.2
discrete__simulated_annealing_swap__rep000__seed8,discrete,simulated_annealing_swap,0,8,121,Asset_121,Group_2,0.004,0.0,-0.004,0,0.0,0.2
discrete__simulated_annealing_swap__rep000__seed8,discrete,simulated_annealing_swap,0,8,122,Asset_122,Group_5,0.004,0.0,-0.004,0,0.0,0.2
discrete__simulated_annealing_swap__rep000__seed8,discrete,simulated_annealing_swap,0,8,123,Asset_123,Group_7,0.004,0.0,-0.004,0,0.0,0.2
discrete__simulated_annealing_swap__rep000__seed8,discrete,simulated_annealing_swap,0,8,124,Asset_124,Group_4,0.004,0.0,-0.004,0,0.0,0.2
discrete__simulated_annealing_swap__rep000__seed8,discrete,simulated_annealing_swap,0,8,125,Asset_125,Group_0,0.004,0.0,-0.004,0,0.0,0.2
discrete__simulated_annealing_swap__rep000__seed8,discrete,simulated_annealing_swap,0,8,126,Asset_126,Group_4,0.004,0.0,-0.004,0,0.0,0.2
discrete__simulated_annealing_swap__rep000__seed8,discrete,simulated_annealing_swap,0,8,127,Asset_127,Group_4,0.004,0.0,-0.004,0,0.0,0.2
discrete__simulated_annealing_swap__rep000__seed8,discrete,simulated_annealing_swap,0,8,128,Asset_128,Group_0,0.004,0.004,0.0,4,0.0,0.2
discrete__simulated_annealing_swap__rep000__seed8,discrete,simulated_annealing_swap,0,8,129,Asset_129,Group_1,0.004,0.0,-0.004,0,0.0,0.2
discrete__simulated_annealing_swap__rep000__seed8,discrete,simulated_annealing_swap,0,8,130,Asset_130,Group_2,0.004,0.0,-0.004,0,0.0,0.2
discrete__simulated_annealing_swap__rep000__seed8,discrete,simulated_annealing_swap,0,8,131,Asset_131,Group_6,0.004,0.0,-0.004,0,0.0,0.2
discrete__simulated_annealing_swap__rep000__seed8,discrete,simulated_annealing_swap,0,8,132,Asset_132,Group_6,0.004,0.0,-0.004,0,0.0,0.2
discrete__simulated_annealing_swap__rep000__seed8,discrete,simulated_annealing_swap,0,8,133,Asset_133,Group_0,0.004,0.004,0.0,4,0.0,0.2
discrete__simulated_annealing_swap__rep000__seed8,discrete,simulated_annealing_swap,0,8,134,Asset_134,Group_2,0.004,0.0,-0.004,0,0.0,0.2
discrete__simulated_annealing_swap__rep000__seed8,discrete,simulated_annealing_swap,0,8,135,Asset_135,Group_5,0.004,0.0,-0.004,0,0.0,0.2
discrete__simulated_annealing_swap__rep000__seed8,discrete,simulated_annealing_swap,0,8,136,Asset_136,Group_4,0.004,0.0,-0.004,0,0.0,0.2
discrete__simulated_annealing_swap__rep000__seed8,discrete,simulated_annealing_swap,0,8,137,Asset_137,Group_7,0.004,0.0,-0.004,0,0.0,0.2
discrete__simulated_annealing_swap__rep000__seed8,discrete,simulated_annealing_swap,0,8,138,Asset_138,Group_4,0.004,0.0,-0.004,0,0.0,0.2
discrete__simulated_annealing_swap__rep000__seed8,discrete,simulated_annealing_swap,0,8,139,Asset_139,Group_2,0.004,0.0,-0.004,0,0.0,0.2
discrete__simulated_annealing_swap__rep000__seed8,discrete,simulated_annealing_swap,0,8,140,Asset_140,Group_6,0.004,0.0,-0.004,0,0.0,0.2
discrete__simulated_annealing_swap__rep000__seed8,discrete,simulated_annealing_swap,0,8,141,Asset_141,Group_0,0.004,0.0,-0.004,0,0.0,0.2
discrete__simulated_annealing_swap__rep000__seed8,discrete,simulated_annealing_swap,0,8,142,Asset_142,Group_2,0.004,0.0,-0.004,0,0.0,0.2
discrete__simulated_annealing_swap__rep000__seed8,discrete,simulated_annealing_swap,0,8,143,Asset_143,Group_3,0.004,0.0,-0.004,0,0.0,0.2
discrete__simulated_annealing_swap__rep000__seed8,discrete,simulated_annealing_swap,0,8,144,Asset_144,Group_1,0.004,0.0,-0.004,0,0.0,0.2
discrete__simulated_annealing_swap__rep000__seed8,discrete,simulated_annealing_swap,0,8,145,Asset_145,Group_1,0.004,0.0,-0.004,0,0.0,0.2
discrete__simulated_annealing_swap__rep000__seed8,discrete,simulated_annealing_swap,0,8,146,Asset_146,Group_0,0.004,0.0,-0.004,0,0.0,0.2
discrete__simulated_annealing_swap__rep000__seed8,discrete,simulated_annealing_swap,0,8,147,Asset_147,Group_7,0.004,0.0,-0.004,0,0.0,0.2
discrete__simulated_annealing_swap__rep000__seed8,discrete,simulated_annealing_swap,0,8,148,Asset_148,Group_3,0.004,0.004,0.0,4,0.0,0.2
discrete__simulated_annealing_swap__rep000__seed8,discrete,simulated_annealing_swap,0,8,149,Asset_149,Group_4,0.004,0.0,-0.004,0,0.0,0.2
discrete__simulated_annealing_swap__rep000__seed8,discrete,simulated_annealing_swap,0,8,150,Asset_150,Group_0,0.004,0.0,-0.004,0,0.0,0.2
discrete__simulated_annealing_swap__rep000__seed8,discrete,simulated_annealing_swap,0,8,151,Asset_151,Group_1,0.004,0.0,-0.004,0,0.0,0.2
discrete__simulated_annealing_swap__rep000__seed8,discrete,simulated_annealing_swap,0,8,152,Asset_152,Group_4,0.004,0.0,-0.004,0,0.0,0.2
discrete__simulated_annealing_swap__rep000__seed8,discrete,simulated_annealing_swap,0,8,153,Asset_153,Group_4,0.004,0.0,-0.004,0,0.0,0.2
discrete__simulated_annealing_swap__rep000__seed8,discrete,simulated_annealing_swap,0,8,154,Asset_154,Group_6,0.004,0.084,0.08,84,0.0,0.2
discrete__simulated_annealing_swap__rep000__seed8,discrete,simulated_annealing_swap,0,8,155,Asset_155,Group_1,0.004,0.06,0.055999999999999994,60,0.0,0.2
discrete__simulated_annealing_swap__rep000__seed8,discrete,simulated_annealing_swap,0,8,156,Asset_156,Group_5,0.004,0.0,-0.004,0,0.0,0.2
discrete__simulated_annealing_swap__rep000__seed8,discrete,simulated_annealing_swap,0,8,157,Asset_157,Group_5,0.004,0.0,-0.004,0,0.0,0.2
discrete__simulated_annealing_swap__rep000__seed8,discrete,simulated_annealing_swap,0,8,158,Asset_158,Group_6,0.004,0.049,0.045,49,0.0,0.2
discrete__simulated_annealing_swap__rep000__seed8,discrete,simulated_annealing_swap,0,8,159,Asset_159,Group_0,0.004,0.0,-0.004,0,0.0,0.2
discrete__simulated_annealing_swap__rep000__seed8,discrete,simulated_annealing_swap,0,8,160,Asset_160,Group_5,0.004,0.0,-0.004,0,0.0,0.2
discrete__simulated_annealing_swap__rep000__seed8,discrete,simulated_annealing_swap,0,8,161,Asset_161,Group_0,0.004,0.0,-0.004,0,0.0,0.2
discrete__simulated_annealing_swap__rep000__seed8,discrete,simulated_annealing_swap,0,8,162,Asset_162,Group_0,0.004,0.0,-0.004,0,0.0,0.2
discrete__simulated_annealing_swap__rep000__seed8,discrete,simulated_annealing_swap,0,8,163,Asset_163,Group_6,0.004,0.0,-0.004,0,0.0,0.2
discrete__simulated_annealing_swap__rep000__seed8,discrete,simulated_annealing_swap,0,8,164,Asset_164,Group_3,0.004,0.0,-0.004,0,0.0,0.2
discrete__simulated_annealing_swap__rep000__seed8,discrete,simulated_annealing_swap,0,8,165,Asset_165,Group_2,0.004,0.0,-0.004,0,0.0,0.2
discrete__simulated_annealing_swap__rep000__seed8,discrete,simulated_annealing_swap,0,8,166,Asset_166,Group_3,0.004,0.0,-0.004,0,0.0,0.2
discrete__simulated_annealing_swap__rep000__seed8,discrete,simulated_annealing_swap,0,8,167,Asset_167,Group_6,0.004,0.0,-0.004,0,0.0,0.2
discrete__simulated_annealing_swap__rep000__seed8,discrete,simulated_annealing_swap,0,8,168,Asset_168,Group_1,0.004,0.0,-0.004,0,0.0,0.2
discrete__simulated_annealing_swap__rep000__seed8,discrete,simulated_annealing_swap,0,8,169,Asset_169,Group_3,0.004,0.0,-0.004,0,0.0,0.2
discrete__simulated_annealing_swap__rep000__seed8,discrete,simulated_annealing_swap,0,8,170,Asset_170,Group_5,0.004,0.0,-0.004,0,0.0,0.2
discrete__simulated_annealing_swap__rep000__seed8,discrete,simulated_annealing_swap,0,8,171,Asset_171,Group_3,0.004,0.0,-0.004,0,0.0,0.2
discrete__simulated_annealing_swap__rep000__seed8,discrete,simulated_annealing_swap,0,8,172,Asset_172,Group_4,0.004,0.0,-0.004,0,0.0,0.2
discrete__simulated_annealing_swap__rep000__seed8,discrete,simulated_annealing_swap,0,8,173,Asset_173,Group_7,0.004,0.0,-0.004,0,0.0,0.2
discrete__simulated_annealing_swap__rep000__seed8,discrete,simulated_annealing_swap,0,8,174,Asset_174,Group_3,0.004,0.0,-0.004,0,0.0,0.2
discrete__simulated_annealing_swap__rep000__seed8,discrete,simulated_annealing_swap,0,8,175,Asset_175,Group_5,0.004,0.0,-0.004,0,0.0,0.2
discrete__simulated_annealing_swap__rep000__seed8,discrete,simulated_annealing_swap,0,8,176,Asset_176,Group_4,0.004,0.0,-0.004,0,0.0,0.2
discrete__simulated_annealing_swap__rep000__seed8,discrete,simulated_annealing_swap,0,8,177,Asset_177,Group_1,0.004,0.0,-0.004,0,0.0,0.2
discrete__simulated_annealing_swap__rep000__seed8,discrete,simulated_annealing_swap,0,8,178,Asset_178,Group_7,0.004,0.0,-0.004,0,0.0,0.2
discrete__simulated_annealing_swap__rep000__seed8,discrete,simulated_annealing_swap,0,8,179,Asset_179,Group_6,0.004,0.0,-0.004,0,0.0,0.2
discrete__simulated_annealing_swap__rep000__seed8,discrete,simulated_annealing_swap,0,8,180,Asset_180,Group_0,0.004,0.0,-0.004,0,0.0,0.2
discrete__simulated_annealing_swap__rep000__seed8,discrete,simulated_annealing_swap,0,8,181,Asset_181,Group_7,0.004,0.0,-0.004,0,0.0,0.2
discrete__simulated_annealing_swap__rep000__seed8,discrete,simulated_annealing_swap,0,8,182,Asset_182,Group_1,0.004,0.0,-0.004,0,0.0,0.2
discrete__simulated_annealing_swap__rep000__seed8,discrete,simulated_annealing_swap,0,8,183,Asset_183,Group_5,0.004,0.0,-0.004,0,0.0,0.2
discrete__simulated_annealing_swap__rep000__seed8,discrete,simulated_annealing_swap,0,8,184,Asset_184,Group_0,0.004,0.0,-0.004,0,0.0,0.2
discrete__simulated_annealing_swap__rep000__seed8,discrete,simulated_annealing_swap,0,8,185,Asset_185,Group_7,0.004,0.0,-0.004,0,0.0,0.2
discrete__simulated_annealing_swap__rep000__seed8,discrete,simulated_annealing_swap,0,8,186,Asset_186,Group_1,0.004,0.0,-0.004,0,0.0,0.2
discrete__simulated_annealing_swap__rep000__seed8,discrete,simulated_annealing_swap,0,8,187,Asset_187,Group_4,0.004,0.0,-0.004,0,0.0,0.2
discrete__simulated_annealing_swap__rep000__seed8,discrete,simulated_annealing_swap,0,8,188,Asset_188,Group_7,0.004,0.0,-0.004,0,0.0,0.2
discrete__simulated_annealing_swap__rep000__seed8,discrete,simulated_annealing_swap,0,8,189,Asset_189,Group_3,0.004,0.0,-0.004,0,0.0,0.2
discrete__simulated_annealing_swap__rep000__seed8,discrete,simulated_annealing_swap,0,8,190,Asset_190,Group_7,0.004,0.0,-0.004,0,0.0,0.2
discrete__simulated_annealing_swap__rep000__seed8,discrete,simulated_annealing_swap,0,8,191,Asset_191,Group_5,0.004,0.0,-0.004,0,0.0,0.2
discrete__simulated_annealing_swap__rep000__seed8,discrete,simulated_annealing_swap,0,8,192,Asset_192,Group_6,0.004,0.0,-0.004,0,0.0,0.2
discrete__simulated_annealing_swap__rep000__seed8,discrete,simulated_annealing_swap,0,8,193,Asset_193,Group_5,0.004,0.0,-0.004,0,0.0,0.2
discrete__simulated_annealing_swap__rep000__seed8,discrete,simulated_annealing_swap,0,8,194,Asset_194,Group_1,0.004,0.0,-0.004,0,0.0,0.2
discrete__simulated_annealing_swap__rep000__seed8,discrete,simulated_annealing_swap,0,8,195,Asset_195,Group_7,0.004,0.2,0.196,200,0.0,0.2
discrete__simulated_annealing_swap__rep000__seed8,discrete,simulated_annealing_swap,0,8,196,Asset_196,Group_4,0.004,0.0,-0.004,0,0.0,0.2
discrete__simulated_annealing_swap__rep000__seed8,discrete,simulated_annealing_swap,0,8,197,Asset_197,Group_5,0.004,0.0,-0.004,0,0.0,0.2
discrete__simulated_annealing_swap__rep000__seed8,discrete,simulated_annealing_swap,0,8,198,Asset_198,Group_1,0.004,0.0,-0.004,0,0.0,0.2
discrete__simulated_annealing_swap__rep000__seed8,discrete,simulated_annealing_swap,0,8,199,Asset_199,Group_3,0.004,0.0,-0.004,0,0.0,0.2
discrete__simulated_annealing_swap__rep000__seed8,discrete,simulated_annealing_swap,0,8,200,Asset_200,Group_6,0.004,0.0,-0.004,0,0.0,0.2
discrete__simulated_annealing_swap__rep000__seed8,discrete,simulated_annealing_swap,0,8,201,Asset_201,Group_0,0.004,0.0,-0.004,0,0.0,0.2
discrete__simulated_annealing_swap__rep000__seed8,discrete,simulated_annealing_swap,0,8,202,Asset_202,Group_6,0.004,0.0,-0.004,0,0.0,0.2
discrete__simulated_annealing_swap__rep000__seed8,discrete,simulated_annealing_swap,0,8,203,Asset_203,Group_0,0.004,0.0,-0.004,0,0.0,0.2
discrete__simulated_annealing_swap__rep000__seed8,discrete,simulated_annealing_swap,0,8,204,Asset_204,Group_1,0.004,0.0,-0.004,0,0.0,0.2
discrete__simulated_annealing_swap__rep000__seed8,discrete,simulated_annealing_swap,0,8,205,Asset_205,Group_2,0.004,0.0,-0.004,0,0.0,0.2
discrete__simulated_annealing_swap__rep000__seed8,discrete,simulated_annealing_swap,0,8,206,Asset_206,Group_0,0.004,0.0,-0.004,0,0.0,0.2
discrete__simulated_annealing_swap__rep000__seed8,discrete,simulated_annealing_swap,0,8,207,Asset_207,Group_3,0.004,0.0,-0.004,0,0.0,0.2
discrete__simulated_annealing_swap__rep000__seed8,discrete,simulated_annealing_swap,0,8,208,Asset_208,Group_0,0.004,0.0,-0.004,0,0.0,0.2
discrete__simulated_annealing_swap__rep000__seed8,discrete,simulated_annealing_swap,0,8,209,Asset_209,Group_5,0.004,0.0,-0.004,0,0.0,0.2
discrete__simulated_annealing_swap__rep000__seed8,discrete,simulated_annealing_swap,0,8,210,Asset_210,Group_2,0.004,0.0,-0.004,0,0.0,0.2
discrete__simulated_annealing_swap__rep000__seed8,discrete,simulated_annealing_swap,0,8,211,Asset_211,Group_5,0.004,0.0,-0.004,0,0.0,0.2
discrete__simulated_annealing_swap__rep000__seed8,discrete,simulated_annealing_swap,0,8,212,Asset_212,Group_2,0.004,0.0,-0.004,0,0.0,0.2
discrete__simulated_annealing_swap__rep000__seed8,discrete,simulated_annealing_swap,0,8,213,Asset_213,Group_5,0.004,0.0,-0.004,0,0.0,0.2
discrete__simulated_annealing_swap__rep000__seed8,discrete,simulated_annealing_swap,0,8,214,Asset_214,Group_1,0.004,0.0,-0.004,0,0.0,0.2
discrete__simulated_annealing_swap__rep000__seed8,discrete,simulated_annealing_swap,0,8,215,Asset_215,Group_2,0.004,0.0,-0.004,0,0.0,0.2
discrete__simulated_annealing_swap__rep000__seed8,discrete,simulated_annealing_swap,0,8,216,Asset_216,Group_1,0.004,0.0,-0.004,0,0.0,0.2
discrete__simulated_annealing_swap__rep000__seed8,discrete,simulated_annealing_swap,0,8,217,Asset_217,Group_1,0.004,0.0,-0.004,0,0.0,0.2
discrete__simulated_annealing_swap__rep000__seed8,discrete,simulated_annealing_swap,0,8,218,Asset_218,Group_6,0.004,0.0,-0.004,0,0.0,0.2
discrete__simulated_annealing_swap__rep000__seed8,discrete,simulated_annealing_swap,0,8,219,Asset_219,Group_2,0.004,0.0,-0.004,0,0.0,0.2
discrete__simulated_annealing_swap__rep000__seed8,discrete,simulated_annealing_swap,0,8,220,Asset_220,Group_5,0.004,0.0,-0.004,0,0.0,0.2
discrete__simulated_annealing_swap__rep000__seed8,discrete,simulated_annealing_swap,0,8,221,Asset_221,Group_1,0.004,0.0,-0.004,0,0.0,0.2
discrete__simulated_annealing_swap__rep000__seed8,discrete,simulated_annealing_swap,0,8,222,Asset_222,Group_3,0.004,0.0,-0.004,0,0.0,0.2
discrete__simulated_annealing_swap__rep000__seed8,discrete,simulated_annealing_swap,0,8,223,Asset_223,Group_0,0.004,0.0,-0.004,0,0.0,0.2
discrete__simulated_annealing_swap__rep000__seed8,discrete,simulated_annealing_swap,0,8,224,Asset_224,Group_0,0.004,0.0,-0.004,0,0.0,0.2
discrete__simulated_annealing_swap__rep000__seed8,discrete,simulated_annealing_swap,0,8,225,Asset_225,Group_0,0.004,0.0,-0.004,0,0.0,0.2
discrete__simulated_annealing_swap__rep000__seed8,discrete,simulated_annealing_swap,0,8,226,Asset_226,Group_6,0.004,0.0,-0.004,0,0.0,0.2
discrete__simulated_annealing_swap__rep000__seed8,discrete,simulated_annealing_swap,0,8,227,Asset_227,Group_7,0.004,0.0,-0.004,0,0.0,0.2
discrete__simulated_annealing_swap__rep000__seed8,discrete,simulated_annealing_swap,0,8,228,Asset_228,Group_3,0.004,0.0,-0.004,0,0.0,0.2
discrete__simulated_annealing_swap__rep000__seed8,discrete,simulated_annealing_swap,0,8,229,Asset_229,Group_6,0.004,0.0,-0.004,0,0.0,0.2
discrete__simulated_annealing_swap__rep000__seed8,discrete,simulated_annealing_swap,0,8,230,Asset_230,Group_4,0.004,0.004,0.0,4,0.0,0.2
discrete__simulated_annealing_swap__rep000__seed8,discrete,simulated_annealing_swap,0,8,231,Asset_231,Group_5,0.004,0.0,-0.004,0,0.0,0.2
discrete__simulated_annealing_swap__rep000__seed8,discrete,simulated_annealing_swap,0,8,232,Asset_232,Group_5,0.004,0.0,-0.004,0,0.0,0.2
discrete__simulated_annealing_swap__rep000__seed8,discrete,simulated_annealing_swap,0,8,233,Asset_233,Group_2,0.004,0.08600000000000001,0.082,86,0.0,0.2
discrete__simulated_annealing_swap__rep000__seed8,discrete,simulated_annealing_swap,0,8,234,Asset_234,Group_2,0.004,0.0,-0.004,0,0.0,0.2
discrete__simulated_annealing_swap__rep000__seed8,discrete,simulated_annealing_swap,0,8,235,Asset_235,Group_7,0.004,0.0,-0.004,0,0.0,0.2
discrete__simulated_annealing_swap__rep000__seed8,discrete,simulated_annealing_swap,0,8,236,Asset_236,Group_2,0.004,0.0,-0.004,0,0.0,0.2
discrete__simulated_annealing_swap__rep000__seed8,discrete,simulated_annealing_swap,0,8,237,Asset_237,Group_0,0.004,0.0,-0.004,0,0.0,0.2
discrete__simulated_annealing_swap__rep000__seed8,discrete,simulated_annealing_swap,0,8,238,Asset_238,Group_5,0.004,0.0,-0.004,0,0.0,0.2
discrete__simulated_annealing_swap__rep000__seed8,discrete,simulated_annealing_swap,0,8,239,Asset_239,Group_5,0.004,0.004,0.0,4,0.0,0.2
discrete__simulated_annealing_swap__rep000__seed8,discrete,simulated_annealing_swap,0,8,240,Asset_240,Group_7,0.004,0.0,-0.004,0,0.0,0.2
discrete__simulated_annealing_swap__rep000__seed8,discrete,simulated_annealing_swap,0,8,241,Asset_241,Group_6,0.004,0.0,-0.004,0,0.0,0.2
discrete__simulated_annealing_swap__rep000__seed8,discrete,simulated_annealing_swap,0,8,242,Asset_242,Group_0,0.004,0.0,-0.004,0,0.0,0.2
discrete__simulated_annealing_swap__rep000__seed8,discrete,simulated_annealing_swap,0,8,243,Asset_243,Group_2,0.004,0.0,-0.004,0,0.0,0.2
discrete__simulated_annealing_swap__rep000__seed8,discrete,simulated_annealing_swap,0,8,244,Asset_244,Group_7,0.004,0.0,-0.004,0,0.0,0.2
discrete__simulated_annealing_swap__rep000__seed8,discrete,simulated_annealing_swap,0,8,245,Asset_245,Group_7,0.004,0.0,-0.004,0,0.0,0.2
discrete__simulated_annealing_swap__rep000__seed8,discrete,simulated_annealing_swap,0,8,246,Asset_246,Group_0,0.004,0.0,-0.004,0,0.0,0.2
discrete__simulated_annealing_swap__rep000__seed8,discrete,simulated_annealing_swap,0,8,247,Asset_247,Group_3,0.004,0.0,-0.004,0,0.0,0.2
discrete__simulated_annealing_swap__rep000__seed8,discrete,simulated_annealing_swap,0,8,248,Asset_248,Group_2,0.004,0.0,-0.004,0,0.0,0.2
discrete__simulated_annealing_swap__rep000__seed8,discrete,simulated_annealing_swap,0,8,249,Asset_249,Group_0,0.004,0.0,-0.004,0,0.0,0.2
discrete__simulated_annealing_swap__rep000__seed9,discrete,simulated_annealing_swap,0,9,0,Asset_000,Group_3,0.004,0.0,-0.004,0,0.0,0.2
discrete__simulated_annealing_swap__rep000__seed9,discrete,simulated_annealing_swap,0,9,1,Asset_001,Group_7,0.004,0.0,-0.004,0,0.0,0.2
discrete__simulated_annealing_swap__rep000__seed9,discrete,simulated_annealing_swap,0,9,2,Asset_002,Group_7,0.004,0.0,-0.004,0,0.0,0.2
discrete__simulated_annealing_swap__rep000__seed9,discrete,simulated_annealing_swap,0,9,3,Asset_003,Group_2,0.004,0.0,-0.004,0,0.0,0.2
discrete__simulated_annealing_swap__rep000__seed9,discrete,simulated_annealing_swap,0,9,4,Asset_004,Group_6,0.004,0.0,-0.004,0,0.0,0.2
discrete__simulated_annealing_swap__rep000__seed9,discrete,simulated_annealing_swap,0,9,5,Asset_005,Group_7,0.004,0.0,-0.004,0,0.0,0.2
discrete__simulated_annealing_swap__rep000__seed9,discrete,simulated_annealing_swap,0,9,6,Asset_006,Group_3,0.004,0.0,-0.004,0,0.0,0.2
discrete__simulated_annealing_swap__rep000__seed9,discrete,simulated_annealing_swap,0,9,7,Asset_007,Group_0,0.004,0.0,-0.004,0,0.0,0.2
discrete__simulated_annealing_swap__rep000__seed9,discrete,simulated_annealing_swap,0,9,8,Asset_008,Group_2,0.004,0.0,-0.004,0,0.0,0.2
discrete__simulated_annealing_swap__rep000__seed9,discrete,simulated_annealing_swap,0,9,9,Asset_009,Group_6,0.004,0.0,-0.004,0,0.0,0.2
discrete__simulated_annealing_swap__rep000__seed9,discrete,simulated_annealing_swap,0,9,10,Asset_010,Group_0,0.004,0.0,-0.004,0,0.0,0.2
discrete__simulated_annealing_swap__rep000__seed9,discrete,simulated_annealing_swap,0,9,11,Asset_011,Group_5,0.004,0.0,-0.004,0,0.0,0.2
discrete__simulated_annealing_swap__rep000__seed9,discrete,simulated_annealing_swap,0,9,12,Asset_012,Group_7,0.004,0.0,-0.004,0,0.0,0.2
discrete__simulated_annealing_swap__rep000__seed9,discrete,simulated_annealing_swap,0,9,13,Asset_013,Group_2,0.004,0.0,-0.004,0,0.0,0.2
discrete__simulated_annealing_swap__rep000__seed9,discrete,simulated_annealing_swap,0,9,14,Asset_014,Group_4,0.004,0.0,-0.004,0,0.0,0.2
discrete__simulated_annealing_swap__rep000__seed9,discrete,simulated_annealing_swap,0,9,15,Asset_015,Group_4,0.004,0.0,-0.004,0,0.0,0.2
discrete__simulated_annealing_swap__rep000__seed9,discrete,simulated_annealing_swap,0,9,16,Asset_016,Group_1,0.004,0.0,-0.004,0,0.0,0.2
discrete__simulated_annealing_swap__rep000__seed9,discrete,simulated_annealing_swap,0,9,17,Asset_017,Group_4,0.004,0.0,-0.004,0,0.0,0.2
discrete__simulated_annealing_swap__rep000__seed9,discrete,simulated_annealing_swap,0,9,18,Asset_018,Group_3,0.004,0.0,-0.004,0,0.0,0.2
discrete__simulated_annealing_swap__rep000__seed9,discrete,simulated_annealing_swap,0,9,19,Asset_019,Group_2,0.004,0.0,-0.004,0,0.0,0.2
discrete__simulated_annealing_swap__rep000__seed9,discrete,simulated_annealing_swap,0,9,20,Asset_020,Group_1,0.004,0.0,-0.004,0,0.0,0.2
discrete__simulated_annealing_swap__rep000__seed9,discrete,simulated_annealing_swap,0,9,21,Asset_021,Group_1,0.004,0.0,-0.004,0,0.0,0.2
discrete__simulated_annealing_swap__rep000__seed9,discrete,simulated_annealing_swap,0,9,22,Asset_022,Group_3,0.004,0.016,0.012,16,0.0,0.2
discrete__simulated_annealing_swap__rep000__seed9,discrete,simulated_annealing_swap,0,9,23,Asset_023,Group_6,0.004,0.0,-0.004,0,0.0,0.2
discrete__simulated_annealing_swap__rep000__seed9,discrete,simulated_annealing_swap,0,9,24,Asset_024,Group_4,0.004,0.0,-0.004,0,0.0,0.2
discrete__simulated_annealing_swap__rep000__seed9,discrete,simulated_annealing_swap,0,9,25,Asset_025,Group_5,0.004,0.0,-0.004,0,0.0,0.2
discrete__simulated_annealing_swap__rep000__seed9,discrete,simulated_annealing_swap,0,9,26,Asset_026,Group_1,0.004,0.0,-0.004,0,0.0,0.2
discrete__simulated_annealing_swap__rep000__seed9,discrete,simulated_annealing_swap,0,9,27,Asset_027,Group_7,0.004,0.0,-0.004,0,0.0,0.2
discrete__simulated_annealing_swap__rep000__seed9,discrete,simulated_annealing_swap,0,9,28,Asset_028,Group_1,0.004,0.0,-0.004,0,0.0,0.2
discrete__simulated_annealing_swap__rep000__seed9,discrete,simulated_annealing_swap,0,9,29,Asset_029,Group_4,0.004,0.0,-0.004,0,0.0,0.2
discrete__simulated_annealing_swap__rep000__seed9,discrete,simulated_annealing_swap,0,9,30,Asset_030,Group_1,0.004,0.0,-0.004,0,0.0,0.2
discrete__simulated_annealing_swap__rep000__seed9,discrete,simulated_annealing_swap,0,9,31,Asset_031,Group_2,0.004,0.0,-0.004,0,0.0,0.2
discrete__simulated_annealing_swap__rep000__seed9,discrete,simulated_annealing_swap,0,9,32,Asset_032,Group_1,0.004,0.0,-0.004,0,0.0,0.2
discrete__simulated_annealing_swap__rep000__seed9,discrete,simulated_annealing_swap,0,9,33,Asset_033,Group_3,0.004,0.0,-0.004,0,0.0,0.2
discrete__simulated_annealing_swap__rep000__seed9,discrete,simulated_annealing_swap,0,9,34,Asset_034,Group_4,0.004,0.0,-0.004,0,0.0,0.2
discrete__simulated_annealing_swap__rep000__seed9,discrete,simulated_annealing_swap,0,9,35,Asset_035,Group_6,0.004,0.0,-0.004,0,0.0,0.2
discrete__simulated_annealing_swap__rep000__seed9,discrete,simulated_annealing_swap,0,9,36,Asset_036,Group_3,0.004,0.0,-0.004,0,0.0,0.2
discrete__simulated_annealing_swap__rep000__seed9,discrete,simulated_annealing_swap,0,9,37,Asset_037,Group_1,0.004,0.0,-0.004,0,0.0,0.2
discrete__simulated_annealing_swap__rep000__seed9,discrete,simulated_annealing_swap,0,9,38,Asset_038,Group_5,0.004,0.0,-0.004,0,0.0,0.2
discrete__simulated_annealing_swap__rep000__seed9,discrete,simulated_annealing_swap,0,9,39,Asset_039,Group_7,0.004,0.0,-0.004,0,0.0,0.2
discrete__simulated_annealing_swap__rep000__seed9,discrete,simulated_annealing_swap,0,9,40,Asset_040,Group_1,0.004,0.0,-0.004,0,0.0,0.2
discrete__simulated_annealing_swap__rep000__seed9,discrete,simulated_annealing_swap,0,9,41,Asset_041,Group_5,0.004,0.0,-0.004,0,0.0,0.2
discrete__simulated_annealing_swap__rep000__seed9,discrete,simulated_annealing_swap,0,9,42,Asset_042,Group_5,0.004,0.0,-0.004,0,0.0,0.2
discrete__simulated_annealing_swap__rep000__seed9,discrete,simulated_annealing_swap,0,9,43,Asset_043,Group_6,0.004,0.01,0.006,10,0.0,0.2
discrete__simulated_annealing_swap__rep000__seed9,discrete,simulated_annealing_swap,0,9,44,Asset_044,Group_3,0.004,0.0,-0.004,0,0.0,0.2
discrete__simulated_annealing_swap__rep000__seed9,discrete,simulated_annealing_swap,0,9,45,Asset_045,Group_3,0.004,0.0,-0.004,0,0.0,0.2
discrete__simulated_annealing_swap__rep000__seed9,discrete,simulated_annealing_swap,0,9,46,Asset_046,Group_6,0.004,0.111,0.107,111,0.0,0.2
discrete__simulated_annealing_swap__rep000__seed9,discrete,simulated_annealing_swap,0,9,47,Asset_047,Group_7,0.004,0.0,-0.004,0,0.0,0.2
discrete__simulated_annealing_swap__rep000__seed9,discrete,simulated_annealing_swap,0,9,48,Asset_048,Group_7,0.004,0.0,-0.004,0,0.0,0.2
discrete__simulated_annealing_swap__rep000__seed9,discrete,simulated_annealing_swap,0,9,49,Asset_049,Group_7,0.004,0.0,-0.004,0,0.0,0.2
discrete__simulated_annealing_swap__rep000__seed9,discrete,simulated_annealing_swap,0,9,50,Asset_050,Group_1,0.004,0.0,-0.004,0,0.0,0.2
discrete__simulated_annealing_swap__rep000__seed9,discrete,simulated_annealing_swap,0,9,51,Asset_051,Group_3,0.004,0.0,-0.004,0,0.0,0.2
discrete__simulated_annealing_swap__rep000__seed9,discrete,simulated_annealing_swap,0,9,52,Asset_052,Group_3,0.004,0.0,-0.004,0,0.0,0.2
discrete__simulated_annealing_swap__rep000__seed9,discrete,simulated_annealing_swap,0,9,53,Asset_053,Group_2,0.004,0.0,-0.004,0,0.0,0.2
discrete__simulated_annealing_swap__rep000__seed9,discrete,simulated_annealing_swap,0,9,54,Asset_054,Group_3,0.004,0.0,-0.004,0,0.0,0.2
discrete__simulated_annealing_swap__rep000__seed9,discrete,simulated_annealing_swap,0,9,55,Asset_055,Group_2,0.004,0.0,-0.004,0,0.0,0.2
discrete__simulated_annealing_swap__rep000__seed9,discrete,simulated_annealing_swap,0,9,56,Asset_056,Group_4,0.004,0.082,0.078,82,0.0,0.2
discrete__simulated_annealing_swap__rep000__seed9,discrete,simulated_annealing_swap,0,9,57,Asset_057,Group_4,0.004,0.0,-0.004,0,0.0,0.2
discrete__simulated_annealing_swap__rep000__seed9,discrete,simulated_annealing_swap,0,9,58,Asset_058,Group_4,0.004,0.0,-0.004,0,0.0,0.2
discrete__simulated_annealing_swap__rep000__seed9,discrete,simulated_annealing_swap,0,9,59,Asset_059,Group_0,0.004,0.0,-0.004,0,0.0,0.2
discrete__simulated_annealing_swap__rep000__seed9,discrete,simulated_annealing_swap,0,9,60,Asset_060,Group_6,0.004,0.0,-0.004,0,0.0,0.2
discrete__simulated_annealing_swap__rep000__seed9,discrete,simulated_annealing_swap,0,9,61,Asset_061,Group_7,0.004,0.0,-0.004,0,0.0,0.2
discrete__simulated_annealing_swap__rep000__seed9,discrete,simulated_annealing_swap,0,9,62,Asset_062,Group_5,0.004,0.0,-0.004,0,0.0,0.2
discrete__simulated_annealing_swap__rep000__seed9,discrete,simulated_annealing_swap,0,9,63,Asset_063,Group_1,0.004,0.0,-0.004,0,0.0,0.2
discrete__simulated_annealing_swap__rep000__seed9,discrete,simulated_annealing_swap,0,9,64,Asset_064,Group_4,0.004,0.0,-0.004,0,0.0,0.2
discrete__simulated_annealing_swap__rep000__seed9,discrete,simulated_annealing_swap,0,9,65,Asset_065,Group_3,0.004,0.0,-0.004,0,0.0,0.2
discrete__simulated_annealing_swap__rep000__seed9,discrete,simulated_annealing_swap,0,9,66,Asset_066,Group_0,0.004,0.0,-0.004,0,0.0,0.2
discrete__simulated_annealing_swap__rep000__seed9,discrete,simulated_annealing_swap,0,9,67,Asset_067,Group_1,0.004,0.0,-0.004,0,0.0,0.2
discrete__simulated_annealing_swap__rep000__seed9,discrete,simulated_annealing_swap,0,9,68,Asset_068,Group_4,0.004,0.0,-0.004,0,0.0,0.2
discrete__simulated_annealing_swap__rep000__seed9,discrete,simulated_annealing_swap,0,9,69,Asset_069,Group_4,0.004,0.0,-0.004,0,0.0,0.2
discrete__simulated_annealing_swap__rep000__seed9,discrete,simulated_annealing_swap,0,9,70,Asset_070,Group_6,0.004,0.0,-0.004,0,0.0,0.2
discrete__simulated_annealing_swap__rep000__seed9,discrete,simulated_annealing_swap,0,9,71,Asset_071,Group_4,0.004,0.0,-0.004,0,0.0,0.2
discrete__simulated_annealing_swap__rep000__seed9,discrete,simulated_annealing_swap,0,9,72,Asset_072,Group_0,0.004,0.02,0.016,20,0.0,0.2
discrete__simulated_annealing_swap__rep000__seed9,discrete,simulated_annealing_swap,0,9,73,Asset_073,Group_2,0.004,0.0,-0.004,0,0.0,0.2
discrete__simulated_annealing_swap__rep000__seed9,discrete,simulated_annealing_swap,0,9,74,Asset_074,Group_1,0.004,0.0,-0.004,0,0.0,0.2
discrete__simulated_annealing_swap__rep000__seed9,discrete,simulated_annealing_swap,0,9,75,Asset_075,Group_6,0.004,0.0,-0.004,0,0.0,0.2
discrete__simulated_annealing_swap__rep000__seed9,discrete,simulated_annealing_swap,0,9,76,Asset_076,Group_5,0.004,0.0,-0.004,0,0.0,0.2
discrete__simulated_annealing_swap__rep000__seed9,discrete,simulated_annealing_swap,0,9,77,Asset_077,Group_0,0.004,0.0,-0.004,0,0.0,0.2
discrete__simulated_annealing_swap__rep000__seed9,discrete,simulated_annealing_swap,0,9,78,Asset_078,Group_1,0.004,0.0,-0.004,0,0.0,0.2
discrete__simulated_annealing_swap__rep000__seed9,discrete,simulated_annealing_swap,0,9,79,Asset_079,Group_6,0.004,0.0,-0.004,0,0.0,0.2
discrete__simulated_annealing_swap__rep000__seed9,discrete,simulated_annealing_swap,0,9,80,Asset_080,Group_5,0.004,0.0,-0.004,0,0.0,0.2
discrete__simulated_annealing_swap__rep000__seed9,discrete,simulated_annealing_swap,0,9,81,Asset_081,Group_4,0.004,0.0,-0.004,0,0.0,0.2
discrete__simulated_annealing_swap__rep000__seed9,discrete,simulated_annealing_swap,0,9,82,Asset_082,Group_0,0.004,0.0,-0.004,0,0.0,0.2
discrete__simulated_annealing_swap__rep000__seed9,discrete,simulated_annealing_swap,0,9,83,Asset_083,Group_2,0.004,0.0,-0.004,0,0.0,0.2
discrete__simulated_annealing_swap__rep000__seed9,discrete,simulated_annealing_swap,0,9,84,Asset_084,Group_0,0.004,0.0,-0.004,0,0.0,0.2
discrete__simulated_annealing_swap__rep000__seed9,discrete,simulated_annealing_swap,0,9,85,Asset_085,Group_6,0.004,0.0,-0.004,0,0.0,0.2
discrete__simulated_annealing_swap__rep000__seed9,discrete,simulated_annealing_swap,0,9,86,Asset_086,Group_6,0.004,0.034,0.030000000000000002,34,0.0,0.2
discrete__simulated_annealing_swap__rep000__seed9,discrete,simulated_annealing_swap,0,9,87,Asset_087,Group_5,0.004,0.0,-0.004,0,0.0,0.2
discrete__simulated_annealing_swap__rep000__seed9,discrete,simulated_annealing_swap,0,9,88,Asset_088,Group_7,0.004,0.004,0.0,4,0.0,0.2
discrete__simulated_annealing_swap__rep000__seed9,discrete,simulated_annealing_swap,0,9,89,Asset_089,Group_2,0.004,0.0,-0.004,0,0.0,0.2
discrete__simulated_annealing_swap__rep000__seed9,discrete,simulated_annealing_swap,0,9,90,Asset_090,Group_1,0.004,0.0,-0.004,0,0.0,0.2
discrete__simulated_annealing_swap__rep000__seed9,discrete,simulated_annealing_swap,0,9,91,Asset_091,Group_3,0.004,0.0,-0.004,0,0.0,0.2
discrete__simulated_annealing_swap__rep000__seed9,discrete,simulated_annealing_swap,0,9,92,Asset_092,Group_2,0.004,0.0,-0.004,0,0.0,0.2
discrete__simulated_annealing_swap__rep000__seed9,discrete,simulated_annealing_swap,0,9,93,Asset_093,Group_6,0.004,0.0,-0.004,0,0.0,0.2
discrete__simulated_annealing_swap__rep000__seed9,discrete,simulated_annealing_swap,0,9,94,Asset_094,Group_5,0.004,0.166,0.162,166,0.0,0.2
discrete__simulated_annealing_swap__rep000__seed9,discrete,simulated_annealing_swap,0,9,95,Asset_095,Group_7,0.004,0.0,-0.004,0,0.0,0.2
discrete__simulated_annealing_swap__rep000__seed9,discrete,simulated_annealing_swap,0,9,96,Asset_096,Group_5,0.004,0.0,-0.004,0,0.0,0.2
discrete__simulated_annealing_swap__rep000__seed9,discrete,simulated_annealing_swap,0,9,97,Asset_097,Group_2,0.004,0.0,-0.004,0,0.0,0.2
discrete__simulated_annealing_swap__rep000__seed9,discrete,simulated_annealing_swap,0,9,98,Asset_098,Group_3,0.004,0.0,-0.004,0,0.0,0.2
discrete__simulated_annealing_swap__rep000__seed9,discrete,simulated_annealing_swap,0,9,99,Asset_099,Group_7,0.004,0.0,-0.004,0,0.0,0.2
discrete__simulated_annealing_swap__rep000__seed9,discrete,simulated_annealing_swap,0,9,100,Asset_100,Group_7,0.004,0.0,-0.004,0,0.0,0.2
discrete__simulated_annealing_swap__rep000__seed9,discrete,simulated_annealing_swap,0,9,101,Asset_101,Group_1,0.004,0.074,0.06999999999999999,74,0.0,0.2
discrete__simulated_annealing_swap__rep000__seed9,discrete,simulated_annealing_swap,0,9,102,Asset_102,Group_3,0.004,0.004,0.0,4,0.0,0.2
discrete__simulated_annealing_swap__rep000__seed9,discrete,simulated_annealing_swap,0,9,103,Asset_103,Group_6,0.004,0.0,-0.004,0,0.0,0.2
discrete__simulated_annealing_swap__rep000__seed9,discrete,simulated_annealing_swap,0,9,104,Asset_104,Group_0,0.004,0.0,-0.004,0,0.0,0.2
discrete__simulated_annealing_swap__rep000__seed9,discrete,simulated_annealing_swap,0,9,105,Asset_105,Group_2,0.004,0.0,-0.004,0,0.0,0.2
discrete__simulated_annealing_swap__rep000__seed9,discrete,simulated_annealing_swap,0,9,106,Asset_106,Group_4,0.004,0.0,-0.004,0,0.0,0.2
discrete__simulated_annealing_swap__rep000__seed9,discrete,simulated_annealing_swap,0,9,107,Asset_107,Group_4,0.004,0.0,-0.004,0,0.0,0.2
discrete__simulated_annealing_swap__rep000__seed9,discrete,simulated_annealing_swap,0,9,108,Asset_108,Group_4,0.004,0.0,-0.004,0,0.0,0.2
discrete__simulated_annealing_swap__rep000__seed9,discrete,simulated_annealing_swap,0,9,109,Asset_109,Group_4,0.004,0.0,-0.004,0,0.0,0.2
discrete__simulated_annealing_swap__rep000__seed9,discrete,simulated_annealing_swap,0,9,110,Asset_110,Group_3,0.004,0.0,-0.004,0,0.0,0.2
discrete__simulated_annealing_swap__rep000__seed9,discrete,simulated_annealing_swap,0,9,111,Asset_111,Group_2,0.004,0.0,-0.004,0,0.0,0.2
discrete__simulated_annealing_swap__rep000__seed9,discrete,simulated_annealing_swap,0,9,112,Asset_112,Group_0,0.004,0.0,-0.004,0,0.0,0.2
discrete__simulated_annealing_swap__rep000__seed9,discrete,simulated_annealing_swap,0,9,113,Asset_113,Group_7,0.004,0.0,-0.004,0,0.0,0.2
discrete__simulated_annealing_swap__rep000__seed9,discrete,simulated_annealing_swap,0,9,114,Asset_114,Group_7,0.004,0.0,-0.004,0,0.0,0.2
discrete__simulated_annealing_swap__rep000__seed9,discrete,simulated_annealing_swap,0,9,115,Asset_115,Group_2,0.004,0.0,-0.004,0,0.0,0.2
discrete__simulated_annealing_swap__rep000__seed9,discrete,simulated_annealing_swap,0,9,116,Asset_116,Group_3,0.004,0.0,-0.004,0,0.0,0.2
discrete__simulated_annealing_swap__rep000__seed9,discrete,simulated_annealing_swap,0,9,117,Asset_117,Group_6,0.004,0.0,-0.004,0,0.0,0.2
discrete__simulated_annealing_swap__rep000__seed9,discrete,simulated_annealing_swap,0,9,118,Asset_118,Group_3,0.004,0.0,-0.004,0,0.0,0.2
discrete__simulated_annealing_swap__rep000__seed9,discrete,simulated_annealing_swap,0,9,119,Asset_119,Group_5,0.004,0.0,-0.004,0,0.0,0.2
discrete__simulated_annealing_swap__rep000__seed9,discrete,simulated_annealing_swap,0,9,120,Asset_120,Group_6,0.004,0.0,-0.004,0,0.0,0.2
discrete__simulated_annealing_swap__rep000__seed9,discrete,simulated_annealing_swap,0,9,121,Asset_121,Group_2,0.004,0.0,-0.004,0,0.0,0.2
discrete__simulated_annealing_swap__rep000__seed9,discrete,simulated_annealing_swap,0,9,122,Asset_122,Group_5,0.004,0.0,-0.004,0,0.0,0.2
discrete__simulated_annealing_swap__rep000__seed9,discrete,simulated_annealing_swap,0,9,123,Asset_123,Group_7,0.004,0.0,-0.004,0,0.0,0.2
discrete__simulated_annealing_swap__rep000__seed9,discrete,simulated_annealing_swap,0,9,124,Asset_124,Group_4,0.004,0.0,-0.004,0,0.0,0.2
discrete__simulated_annealing_swap__rep000__seed9,discrete,simulated_annealing_swap,0,9,125,Asset_125,Group_0,0.004,0.0,-0.004,0,0.0,0.2
discrete__simulated_annealing_swap__rep000__seed9,discrete,simulated_annealing_swap,0,9,126,Asset_126,Group_4,0.004,0.0,-0.004,0,0.0,0.2
discrete__simulated_annealing_swap__rep000__seed9,discrete,simulated_annealing_swap,0,9,127,Asset_127,Group_4,0.004,0.0,-0.004,0,0.0,0.2
discrete__simulated_annealing_swap__rep000__seed9,discrete,simulated_annealing_swap,0,9,128,Asset_128,Group_0,0.004,0.004,0.0,4,0.0,0.2
discrete__simulated_annealing_swap__rep000__seed9,discrete,simulated_annealing_swap,0,9,129,Asset_129,Group_1,0.004,0.0,-0.004,0,0.0,0.2
discrete__simulated_annealing_swap__rep000__seed9,discrete,simulated_annealing_swap,0,9,130,Asset_130,Group_2,0.004,0.0,-0.004,0,0.0,0.2
discrete__simulated_annealing_swap__rep000__seed9,discrete,simulated_annealing_swap,0,9,131,Asset_131,Group_6,0.004,0.0,-0.004,0,0.0,0.2
discrete__simulated_annealing_swap__rep000__seed9,discrete,simulated_annealing_swap,0,9,132,Asset_132,Group_6,0.004,0.0,-0.004,0,0.0,0.2
discrete__simulated_annealing_swap__rep000__seed9,discrete,simulated_annealing_swap,0,9,133,Asset_133,Group_0,0.004,0.004,0.0,4,0.0,0.2
discrete__simulated_annealing_swap__rep000__seed9,discrete,simulated_annealing_swap,0,9,134,Asset_134,Group_2,0.004,0.0,-0.004,0,0.0,0.2
discrete__simulated_annealing_swap__rep000__seed9,discrete,simulated_annealing_swap,0,9,135,Asset_135,Group_5,0.004,0.0,-0.004,0,0.0,0.2
discrete__simulated_annealing_swap__rep000__seed9,discrete,simulated_annealing_swap,0,9,136,Asset_136,Group_4,0.004,0.0,-0.004,0,0.0,0.2
discrete__simulated_annealing_swap__rep000__seed9,discrete,simulated_annealing_swap,0,9,137,Asset_137,Group_7,0.004,0.0,-0.004,0,0.0,0.2
discrete__simulated_annealing_swap__rep000__seed9,discrete,simulated_annealing_swap,0,9,138,Asset_138,Group_4,0.004,0.0,-0.004,0,0.0,0.2
discrete__simulated_annealing_swap__rep000__seed9,discrete,simulated_annealing_swap,0,9,139,Asset_139,Group_2,0.004,0.0,-0.004,0,0.0,0.2
discrete__simulated_annealing_swap__rep000__seed9,discrete,simulated_annealing_swap,0,9,140,Asset_140,Group_6,0.004,0.0,-0.004,0,0.0,0.2
discrete__simulated_annealing_swap__rep000__seed9,discrete,simulated_annealing_swap,0,9,141,Asset_141,Group_0,0.004,0.0,-0.004,0,0.0,0.2
discrete__simulated_annealing_swap__rep000__seed9,discrete,simulated_annealing_swap,0,9,142,Asset_142,Group_2,0.004,0.0,-0.004,0,0.0,0.2
discrete__simulated_annealing_swap__rep000__seed9,discrete,simulated_annealing_swap,0,9,143,Asset_143,Group_3,0.004,0.0,-0.004,0,0.0,0.2
discrete__simulated_annealing_swap__rep000__seed9,discrete,simulated_annealing_swap,0,9,144,Asset_144,Group_1,0.004,0.0,-0.004,0,0.0,0.2
discrete__simulated_annealing_swap__rep000__seed9,discrete,simulated_annealing_swap,0,9,145,Asset_145,Group_1,0.004,0.0,-0.004,0,0.0,0.2
discrete__simulated_annealing_swap__rep000__seed9,discrete,simulated_annealing_swap,0,9,146,Asset_146,Group_0,0.004,0.0,-0.004,0,0.0,0.2
discrete__simulated_annealing_swap__rep000__seed9,discrete,simulated_annealing_swap,0,9,147,Asset_147,Group_7,0.004,0.0,-0.004,0,0.0,0.2
discrete__simulated_annealing_swap__rep000__seed9,discrete,simulated_annealing_swap,0,9,148,Asset_148,Group_3,0.004,0.004,0.0,4,0.0,0.2
discrete__simulated_annealing_swap__rep000__seed9,discrete,simulated_annealing_swap,0,9,149,Asset_149,Group_4,0.004,0.0,-0.004,0,0.0,0.2
discrete__simulated_annealing_swap__rep000__seed9,discrete,simulated_annealing_swap,0,9,150,Asset_150,Group_0,0.004,0.0,-0.004,0,0.0,0.2
discrete__simulated_annealing_swap__rep000__seed9,discrete,simulated_annealing_swap,0,9,151,Asset_151,Group_1,0.004,0.0,-0.004,0,0.0,0.2
discrete__simulated_annealing_swap__rep000__seed9,discrete,simulated_annealing_swap,0,9,152,Asset_152,Group_4,0.004,0.0,-0.004,0,0.0,0.2
discrete__simulated_annealing_swap__rep000__seed9,discrete,simulated_annealing_swap,0,9,153,Asset_153,Group_4,0.004,0.0,-0.004,0,0.0,0.2
discrete__simulated_annealing_swap__rep000__seed9,discrete,simulated_annealing_swap,0,9,154,Asset_154,Group_6,0.004,0.08700000000000001,0.083,87,0.0,0.2
discrete__simulated_annealing_swap__rep000__seed9,discrete,simulated_annealing_swap,0,9,155,Asset_155,Group_1,0.004,0.049,0.045,49,0.0,0.2
discrete__simulated_annealing_swap__rep000__seed9,discrete,simulated_annealing_swap,0,9,156,Asset_156,Group_5,0.004,0.0,-0.004,0,0.0,0.2
discrete__simulated_annealing_swap__rep000__seed9,discrete,simulated_annealing_swap,0,9,157,Asset_157,Group_5,0.004,0.0,-0.004,0,0.0,0.2
discrete__simulated_annealing_swap__rep000__seed9,discrete,simulated_annealing_swap,0,9,158,Asset_158,Group_6,0.004,0.032,0.028,32,0.0,0.2
discrete__simulated_annealing_swap__rep000__seed9,discrete,simulated_annealing_swap,0,9,159,Asset_159,Group_0,0.004,0.0,-0.004,0,0.0,0.2
discrete__simulated_annealing_swap__rep000__seed9,discrete,simulated_annealing_swap,0,9,160,Asset_160,Group_5,0.004,0.0,-0.004,0,0.0,0.2
discrete__simulated_annealing_swap__rep000__seed9,discrete,simulated_annealing_swap,0,9,161,Asset_161,Group_0,0.004,0.0,-0.004,0,0.0,0.2
discrete__simulated_annealing_swap__rep000__seed9,discrete,simulated_annealing_swap,0,9,162,Asset_162,Group_0,0.004,0.0,-0.004,0,0.0,0.2
discrete__simulated_annealing_swap__rep000__seed9,discrete,simulated_annealing_swap,0,9,163,Asset_163,Group_6,0.004,0.0,-0.004,0,0.0,0.2
discrete__simulated_annealing_swap__rep000__seed9,discrete,simulated_annealing_swap,0,9,164,Asset_164,Group_3,0.004,0.0,-0.004,0,0.0,0.2
discrete__simulated_annealing_swap__rep000__seed9,discrete,simulated_annealing_swap,0,9,165,Asset_165,Group_2,0.004,0.0,-0.004,0,0.0,0.2
discrete__simulated_annealing_swap__rep000__seed9,discrete,simulated_annealing_swap,0,9,166,Asset_166,Group_3,0.004,0.0,-0.004,0,0.0,0.2
discrete__simulated_annealing_swap__rep000__seed9,discrete,simulated_annealing_swap,0,9,167,Asset_167,Group_6,0.004,0.0,-0.004,0,0.0,0.2
discrete__simulated_annealing_swap__rep000__seed9,discrete,simulated_annealing_swap,0,9,168,Asset_168,Group_1,0.004,0.0,-0.004,0,0.0,0.2
discrete__simulated_annealing_swap__rep000__seed9,discrete,simulated_annealing_swap,0,9,169,Asset_169,Group_3,0.004,0.0,-0.004,0,0.0,0.2
discrete__simulated_annealing_swap__rep000__seed9,discrete,simulated_annealing_swap,0,9,170,Asset_170,Group_5,0.004,0.0,-0.004,0,0.0,0.2
discrete__simulated_annealing_swap__rep000__seed9,discrete,simulated_annealing_swap,0,9,171,Asset_171,Group_3,0.004,0.0,-0.004,0,0.0,0.2
discrete__simulated_annealing_swap__rep000__seed9,discrete,simulated_annealing_swap,0,9,172,Asset_172,Group_4,0.004,0.0,-0.004,0,0.0,0.2
discrete__simulated_annealing_swap__rep000__seed9,discrete,simulated_annealing_swap,0,9,173,Asset_173,Group_7,0.004,0.0,-0.004,0,0.0,0.2
discrete__simulated_annealing_swap__rep000__seed9,discrete,simulated_annealing_swap,0,9,174,Asset_174,Group_3,0.004,0.0,-0.004,0,0.0,0.2
discrete__simulated_annealing_swap__rep000__seed9,discrete,simulated_annealing_swap,0,9,175,Asset_175,Group_5,0.004,0.0,-0.004,0,0.0,0.2
discrete__simulated_annealing_swap__rep000__seed9,discrete,simulated_annealing_swap,0,9,176,Asset_176,Group_4,0.004,0.0,-0.004,0,0.0,0.2
discrete__simulated_annealing_swap__rep000__seed9,discrete,simulated_annealing_swap,0,9,177,Asset_177,Group_1,0.004,0.0,-0.004,0,0.0,0.2
discrete__simulated_annealing_swap__rep000__seed9,discrete,simulated_annealing_swap,0,9,178,Asset_178,Group_7,0.004,0.0,-0.004,0,0.0,0.2
discrete__simulated_annealing_swap__rep000__seed9,discrete,simulated_annealing_swap,0,9,179,Asset_179,Group_6,0.004,0.0,-0.004,0,0.0,0.2
discrete__simulated_annealing_swap__rep000__seed9,discrete,simulated_annealing_swap,0,9,180,Asset_180,Group_0,0.004,0.0,-0.004,0,0.0,0.2
discrete__simulated_annealing_swap__rep000__seed9,discrete,simulated_annealing_swap,0,9,181,Asset_181,Group_7,0.004,0.0,-0.004,0,0.0,0.2
discrete__simulated_annealing_swap__rep000__seed9,discrete,simulated_annealing_swap,0,9,182,Asset_182,Group_1,0.004,0.0,-0.004,0,0.0,0.2
discrete__simulated_annealing_swap__rep000__seed9,discrete,simulated_annealing_swap,0,9,183,Asset_183,Group_5,0.004,0.0,-0.004,0,0.0,0.2
discrete__simulated_annealing_swap__rep000__seed9,discrete,simulated_annealing_swap,0,9,184,Asset_184,Group_0,0.004,0.0,-0.004,0,0.0,0.2
discrete__simulated_annealing_swap__rep000__seed9,discrete,simulated_annealing_swap,0,9,185,Asset_185,Group_7,0.004,0.0,-0.004,0,0.0,0.2
discrete__simulated_annealing_swap__rep000__seed9,discrete,simulated_annealing_swap,0,9,186,Asset_186,Group_1,0.004,0.0,-0.004,0,0.0,0.2
discrete__simulated_annealing_swap__rep000__seed9,discrete,simulated_annealing_swap,0,9,187,Asset_187,Group_4,0.004,0.0,-0.004,0,0.0,0.2
discrete__simulated_annealing_swap__rep000__seed9,discrete,simulated_annealing_swap,0,9,188,Asset_188,Group_7,0.004,0.0,-0.004,0,0.0,0.2
discrete__simulated_annealing_swap__rep000__seed9,discrete,simulated_annealing_swap,0,9,189,Asset_189,Group_3,0.004,0.0,-0.004,0,0.0,0.2
discrete__simulated_annealing_swap__rep000__seed9,discrete,simulated_annealing_swap,0,9,190,Asset_190,Group_7,0.004,0.0,-0.004,0,0.0,0.2
discrete__simulated_annealing_swap__rep000__seed9,discrete,simulated_annealing_swap,0,9,191,Asset_191,Group_5,0.004,0.0,-0.004,0,0.0,0.2
discrete__simulated_annealing_swap__rep000__seed9,discrete,simulated_annealing_swap,0,9,192,Asset_192,Group_6,0.004,0.0,-0.004,0,0.0,0.2
discrete__simulated_annealing_swap__rep000__seed9,discrete,simulated_annealing_swap,0,9,193,Asset_193,Group_5,0.004,0.0,-0.004,0,0.0,0.2
discrete__simulated_annealing_swap__rep000__seed9,discrete,simulated_annealing_swap,0,9,194,Asset_194,Group_1,0.004,0.0,-0.004,0,0.0,0.2
discrete__simulated_annealing_swap__rep000__seed9,discrete,simulated_annealing_swap,0,9,195,Asset_195,Group_7,0.004,0.2,0.196,200,0.0,0.2
discrete__simulated_annealing_swap__rep000__seed9,discrete,simulated_annealing_swap,0,9,196,Asset_196,Group_4,0.004,0.0,-0.004,0,0.0,0.2
discrete__simulated_annealing_swap__rep000__seed9,discrete,simulated_annealing_swap,0,9,197,Asset_197,Group_5,0.004,0.0,-0.004,0,0.0,0.2
discrete__simulated_annealing_swap__rep000__seed9,discrete,simulated_annealing_swap,0,9,198,Asset_198,Group_1,0.004,0.0,-0.004,0,0.0,0.2
discrete__simulated_annealing_swap__rep000__seed9,discrete,simulated_annealing_swap,0,9,199,Asset_199,Group_3,0.004,0.0,-0.004,0,0.0,0.2
discrete__simulated_annealing_swap__rep000__seed9,discrete,simulated_annealing_swap,0,9,200,Asset_200,Group_6,0.004,0.0,-0.004,0,0.0,0.2
discrete__simulated_annealing_swap__rep000__seed9,discrete,simulated_annealing_swap,0,9,201,Asset_201,Group_0,0.004,0.0,-0.004,0,0.0,0.2
discrete__simulated_annealing_swap__rep000__seed9,discrete,simulated_annealing_swap,0,9,202,Asset_202,Group_6,0.004,0.0,-0.004,0,0.0,0.2
discrete__simulated_annealing_swap__rep000__seed9,discrete,simulated_annealing_swap,0,9,203,Asset_203,Group_0,0.004,0.0,-0.004,0,0.0,0.2
discrete__simulated_annealing_swap__rep000__seed9,discrete,simulated_annealing_swap,0,9,204,Asset_204,Group_1,0.004,0.0,-0.004,0,0.0,0.2
discrete__simulated_annealing_swap__rep000__seed9,discrete,simulated_annealing_swap,0,9,205,Asset_205,Group_2,0.004,0.0,-0.004,0,0.0,0.2
discrete__simulated_annealing_swap__rep000__seed9,discrete,simulated_annealing_swap,0,9,206,Asset_206,Group_0,0.004,0.0,-0.004,0,0.0,0.2
discrete__simulated_annealing_swap__rep000__seed9,discrete,simulated_annealing_swap,0,9,207,Asset_207,Group_3,0.004,0.0,-0.004,0,0.0,0.2
discrete__simulated_annealing_swap__rep000__seed9,discrete,simulated_annealing_swap,0,9,208,Asset_208,Group_0,0.004,0.0,-0.004,0,0.0,0.2
discrete__simulated_annealing_swap__rep000__seed9,discrete,simulated_annealing_swap,0,9,209,Asset_209,Group_5,0.004,0.0,-0.004,0,0.0,0.2
discrete__simulated_annealing_swap__rep000__seed9,discrete,simulated_annealing_swap,0,9,210,Asset_210,Group_2,0.004,0.0,-0.004,0,0.0,0.2
discrete__simulated_annealing_swap__rep000__seed9,discrete,simulated_annealing_swap,0,9,211,Asset_211,Group_5,0.004,0.0,-0.004,0,0.0,0.2
discrete__simulated_annealing_swap__rep000__seed9,discrete,simulated_annealing_swap,0,9,212,Asset_212,Group_2,0.004,0.0,-0.004,0,0.0,0.2
discrete__simulated_annealing_swap__rep000__seed9,discrete,simulated_annealing_swap,0,9,213,Asset_213,Group_5,0.004,0.0,-0.004,0,0.0,0.2
discrete__simulated_annealing_swap__rep000__seed9,discrete,simulated_annealing_swap,0,9,214,Asset_214,Group_1,0.004,0.0,-0.004,0,0.0,0.2
discrete__simulated_annealing_swap__rep000__seed9,discrete,simulated_annealing_swap,0,9,215,Asset_215,Group_2,0.004,0.0,-0.004,0,0.0,0.2
discrete__simulated_annealing_swap__rep000__seed9,discrete,simulated_annealing_swap,0,9,216,Asset_216,Group_1,0.004,0.0,-0.004,0,0.0,0.2
discrete__simulated_annealing_swap__rep000__seed9,discrete,simulated_annealing_swap,0,9,217,Asset_217,Group_1,0.004,0.0,-0.004,0,0.0,0.2
discrete__simulated_annealing_swap__rep000__seed9,discrete,simulated_annealing_swap,0,9,218,Asset_218,Group_6,0.004,0.0,-0.004,0,0.0,0.2
discrete__simulated_annealing_swap__rep000__seed9,discrete,simulated_annealing_swap,0,9,219,Asset_219,Group_2,0.004,0.0,-0.004,0,0.0,0.2
discrete__simulated_annealing_swap__rep000__seed9,discrete,simulated_annealing_swap,0,9,220,Asset_220,Group_5,0.004,0.0,-0.004,0,0.0,0.2
discrete__simulated_annealing_swap__rep000__seed9,discrete,simulated_annealing_swap,0,9,221,Asset_221,Group_1,0.004,0.0,-0.004,0,0.0,0.2
discrete__simulated_annealing_swap__rep000__seed9,discrete,simulated_annealing_swap,0,9,222,Asset_222,Group_3,0.004,0.0,-0.004,0,0.0,0.2
discrete__simulated_annealing_swap__rep000__seed9,discrete,simulated_annealing_swap,0,9,223,Asset_223,Group_0,0.004,0.0,-0.004,0,0.0,0.2
discrete__simulated_annealing_swap__rep000__seed9,discrete,simulated_annealing_swap,0,9,224,Asset_224,Group_0,0.004,0.0,-0.004,0,0.0,0.2
discrete__simulated_annealing_swap__rep000__seed9,discrete,simulated_annealing_swap,0,9,225,Asset_225,Group_0,0.004,0.0,-0.004,0,0.0,0.2
discrete__simulated_annealing_swap__rep000__seed9,discrete,simulated_annealing_swap,0,9,226,Asset_226,Group_6,0.004,0.0,-0.004,0,0.0,0.2
discrete__simulated_annealing_swap__rep000__seed9,discrete,simulated_annealing_swap,0,9,227,Asset_227,Group_7,0.004,0.0,-0.004,0,0.0,0.2
discrete__simulated_annealing_swap__rep000__seed9,discrete,simulated_annealing_swap,0,9,228,Asset_228,Group_3,0.004,0.0,-0.004,0,0.0,0.2
discrete__simulated_annealing_swap__rep000__seed9,discrete,simulated_annealing_swap,0,9,229,Asset_229,Group_6,0.004,0.0,-0.004,0,0.0,0.2
discrete__simulated_annealing_swap__rep000__seed9,discrete,simulated_annealing_swap,0,9,230,Asset_230,Group_4,0.004,0.001,-0.003,1,0.0,0.2
discrete__simulated_annealing_swap__rep000__seed9,discrete,simulated_annealing_swap,0,9,231,Asset_231,Group_5,0.004,0.0,-0.004,0,0.0,0.2
discrete__simulated_annealing_swap__rep000__seed9,discrete,simulated_annealing_swap,0,9,232,Asset_232,Group_5,0.004,0.0,-0.004,0,0.0,0.2
discrete__simulated_annealing_swap__rep000__seed9,discrete,simulated_annealing_swap,0,9,233,Asset_233,Group_2,0.004,0.094,0.09,94,0.0,0.2
discrete__simulated_annealing_swap__rep000__seed9,discrete,simulated_annealing_swap,0,9,234,Asset_234,Group_2,0.004,0.0,-0.004,0,0.0,0.2
discrete__simulated_annealing_swap__rep000__seed9,discrete,simulated_annealing_swap,0,9,235,Asset_235,Group_7,0.004,0.0,-0.004,0,0.0,0.2
discrete__simulated_annealing_swap__rep000__seed9,discrete,simulated_annealing_swap,0,9,236,Asset_236,Group_2,0.004,0.0,-0.004,0,0.0,0.2
discrete__simulated_annealing_swap__rep000__seed9,discrete,simulated_annealing_swap,0,9,237,Asset_237,Group_0,0.004,0.0,-0.004,0,0.0,0.2
discrete__simulated_annealing_swap__rep000__seed9,discrete,simulated_annealing_swap,0,9,238,Asset_238,Group_5,0.004,0.0,-0.004,0,0.0,0.2
discrete__simulated_annealing_swap__rep000__seed9,discrete,simulated_annealing_swap,0,9,239,Asset_239,Group_5,0.004,0.004,0.0,4,0.0,0.2
discrete__simulated_annealing_swap__rep000__seed9,discrete,simulated_annealing_swap,0,9,240,Asset_240,Group_7,0.004,0.0,-0.004,0,0.0,0.2
discrete__simulated_annealing_swap__rep000__seed9,discrete,simulated_annealing_swap,0,9,241,Asset_241,Group_6,0.004,0.0,-0.004,0,0.0,0.2
discrete__simulated_annealing_swap__rep000__seed9,discrete,simulated_annealing_swap,0,9,242,Asset_242,Group_0,0.004,0.0,-0.004,0,0.0,0.2
discrete__simulated_annealing_swap__rep000__seed9,discrete,simulated_annealing_swap,0,9,243,Asset_243,Group_2,0.004,0.0,-0.004,0,0.0,0.2
discrete__simulated_annealing_swap__rep000__seed9,discrete,simulated_annealing_swap,0,9,244,Asset_244,Group_7,0.004,0.0,-0.004,0,0.0,0.2
discrete__simulated_annealing_swap__rep000__seed9,discrete,simulated_annealing_swap,0,9,245,Asset_245,Group_7,0.004,0.0,-0.004,0,0.0,0.2
discrete__simulated_annealing_swap__rep000__seed9,discrete,simulated_annealing_swap,0,9,246,Asset_246,Group_0,0.004,0.0,-0.004,0,0.0,0.2
discrete__simulated_annealing_swap__rep000__seed9,discrete,simulated_annealing_swap,0,9,247,Asset_247,Group_3,0.004,0.0,-0.004,0,0.0,0.2
discrete__simulated_annealing_swap__rep000__seed9,discrete,simulated_annealing_swap,0,9,248,Asset_248,Group_2,0.004,0.0,-0.004,0,0.0,0.2
discrete__simulated_annealing_swap__rep000__seed9,discrete,simulated_annealing_swap,0,9,249,Asset_249,Group_0,0.004,0.0,-0.004,0,0.0,0.2
discrete__gurobi_miqp__rep000__seed0,discrete,gurobi_miqp,0,0,0,Asset_000,Group_3,0.004,0.0,-0.004,0,0.0,0.2
discrete__gurobi_miqp__rep000__seed0,discrete,gurobi_miqp,0,0,1,Asset_001,Group_7,0.004,0.0,-0.004,0,0.0,0.2
discrete__gurobi_miqp__rep000__seed0,discrete,gurobi_miqp,0,0,2,Asset_002,Group_7,0.004,0.0,-0.004,0,0.0,0.2
discrete__gurobi_miqp__rep000__seed0,discrete,gurobi_miqp,0,0,3,Asset_003,Group_2,0.004,0.0,-0.004,0,0.0,0.2
discrete__gurobi_miqp__rep000__seed0,discrete,gurobi_miqp,0,0,4,Asset_004,Group_6,0.004,0.0,-0.004,0,0.0,0.2
discrete__gurobi_miqp__rep000__seed0,discrete,gurobi_miqp,0,0,5,Asset_005,Group_7,0.004,0.0,-0.004,0,0.0,0.2
discrete__gurobi_miqp__rep000__seed0,discrete,gurobi_miqp,0,0,6,Asset_006,Group_3,0.004,0.0,-0.004,0,0.0,0.2
discrete__gurobi_miqp__rep000__seed0,discrete,gurobi_miqp,0,0,7,Asset_007,Group_0,0.004,0.0,-0.004,0,0.0,0.2
discrete__gurobi_miqp__rep000__seed0,discrete,gurobi_miqp,0,0,8,Asset_008,Group_2,0.004,0.0,-0.004,0,0.0,0.2
discrete__gurobi_miqp__rep000__seed0,discrete,gurobi_miqp,0,0,9,Asset_009,Group_6,0.004,0.0,-0.004,0,0.0,0.2
discrete__gurobi_miqp__rep000__seed0,discrete,gurobi_miqp,0,0,10,Asset_010,Group_0,0.004,0.0,-0.004,0,0.0,0.2
discrete__gurobi_miqp__rep000__seed0,discrete,gurobi_miqp,0,0,11,Asset_011,Group_5,0.004,0.0,-0.004,0,0.0,0.2
discrete__gurobi_miqp__rep000__seed0,discrete,gurobi_miqp,0,0,12,Asset_012,Group_7,0.004,0.0,-0.004,0,0.0,0.2
discrete__gurobi_miqp__rep000__seed0,discrete,gurobi_miqp,0,0,13,Asset_013,Group_2,0.004,0.0,-0.004,0,0.0,0.2
discrete__gurobi_miqp__rep000__seed0,discrete,gurobi_miqp,0,0,14,Asset_014,Group_4,0.004,0.0,-0.004,0,0.0,0.2
discrete__gurobi_miqp__rep000__seed0,discrete,gurobi_miqp,0,0,15,Asset_015,Group_4,0.004,0.0,-0.004,0,0.0,0.2
discrete__gurobi_miqp__rep000__seed0,discrete,gurobi_miqp,0,0,16,Asset_016,Group_1,0.004,0.0,-0.004,0,0.0,0.2
discrete__gurobi_miqp__rep000__seed0,discrete,gurobi_miqp,0,0,17,Asset_017,Group_4,0.004,0.0,-0.004,0,0.0,0.2
discrete__gurobi_miqp__rep000__seed0,discrete,gurobi_miqp,0,0,18,Asset_018,Group_3,0.004,0.0,-0.004,0,0.0,0.2
discrete__gurobi_miqp__rep000__seed0,discrete,gurobi_miqp,0,0,19,Asset_019,Group_2,0.004,0.0,-0.004,0,0.0,0.2
discrete__gurobi_miqp__rep000__seed0,discrete,gurobi_miqp,0,0,20,Asset_020,Group_1,0.004,0.0,-0.004,0,0.0,0.2
discrete__gurobi_miqp__rep000__seed0,discrete,gurobi_miqp,0,0,21,Asset_021,Group_1,0.004,0.0,-0.004,0,0.0,0.2
discrete__gurobi_miqp__rep000__seed0,discrete,gurobi_miqp,0,0,22,Asset_022,Group_3,0.004,0.016,0.012,16,0.0,0.2
discrete__gurobi_miqp__rep000__seed0,discrete,gurobi_miqp,0,0,23,Asset_023,Group_6,0.004,0.0,-0.004,0,0.0,0.2
discrete__gurobi_miqp__rep000__seed0,discrete,gurobi_miqp,0,0,24,Asset_024,Group_4,0.004,0.0,-0.004,0,0.0,0.2
discrete__gurobi_miqp__rep000__seed0,discrete,gurobi_miqp,0,0,25,Asset_025,Group_5,0.004,0.0,-0.004,0,0.0,0.2
discrete__gurobi_miqp__rep000__seed0,discrete,gurobi_miqp,0,0,26,Asset_026,Group_1,0.004,0.0,-0.004,0,0.0,0.2
discrete__gurobi_miqp__rep000__seed0,discrete,gurobi_miqp,0,0,27,Asset_027,Group_7,0.004,0.0,-0.004,0,0.0,0.2
discrete__gurobi_miqp__rep000__seed0,discrete,gurobi_miqp,0,0,28,Asset_028,Group_1,0.004,0.0,-0.004,0,0.0,0.2
discrete__gurobi_miqp__rep000__seed0,discrete,gurobi_miqp,0,0,29,Asset_029,Group_4,0.004,0.0,-0.004,0,0.0,0.2
discrete__gurobi_miqp__rep000__seed0,discrete,gurobi_miqp,0,0,30,Asset_030,Group_1,0.004,0.0,-0.004,0,0.0,0.2
discrete__gurobi_miqp__rep000__seed0,discrete,gurobi_miqp,0,0,31,Asset_031,Group_2,0.004,0.0,-0.004,0,0.0,0.2
discrete__gurobi_miqp__rep000__seed0,discrete,gurobi_miqp,0,0,32,Asset_032,Group_1,0.004,0.0,-0.004,0,0.0,0.2
discrete__gurobi_miqp__rep000__seed0,discrete,gurobi_miqp,0,0,33,Asset_033,Group_3,0.004,0.0,-0.004,0,0.0,0.2
discrete__gurobi_miqp__rep000__seed0,discrete,gurobi_miqp,0,0,34,Asset_034,Group_4,0.004,0.0,-0.004,0,0.0,0.2
discrete__gurobi_miqp__rep000__seed0,discrete,gurobi_miqp,0,0,35,Asset_035,Group_6,0.004,0.0,-0.004,0,0.0,0.2
discrete__gurobi_miqp__rep000__seed0,discrete,gurobi_miqp,0,0,36,Asset_036,Group_3,0.004,0.0,-0.004,0,0.0,0.2
discrete__gurobi_miqp__rep000__seed0,discrete,gurobi_miqp,0,0,37,Asset_037,Group_1,0.004,0.0,-0.004,0,0.0,0.2
discrete__gurobi_miqp__rep000__seed0,discrete,gurobi_miqp,0,0,38,Asset_038,Group_5,0.004,0.0,-0.004,0,0.0,0.2
discrete__gurobi_miqp__rep000__seed0,discrete,gurobi_miqp,0,0,39,Asset_039,Group_7,0.004,0.0,-0.004,0,0.0,0.2
discrete__gurobi_miqp__rep000__seed0,discrete,gurobi_miqp,0,0,40,Asset_040,Group_1,0.004,0.0,-0.004,0,0.0,0.2
discrete__gurobi_miqp__rep000__seed0,discrete,gurobi_miqp,0,0,41,Asset_041,Group_5,0.004,0.0,-0.004,0,0.0,0.2
discrete__gurobi_miqp__rep000__seed0,discrete,gurobi_miqp,0,0,42,Asset_042,Group_5,0.004,0.0,-0.004,0,0.0,0.2
discrete__gurobi_miqp__rep000__seed0,discrete,gurobi_miqp,0,0,43,Asset_043,Group_6,0.004,0.006,0.002,6,0.0,0.2
discrete__gurobi_miqp__rep000__seed0,discrete,gurobi_miqp,0,0,44,Asset_044,Group_3,0.004,0.0,-0.004,0,0.0,0.2
discrete__gurobi_miqp__rep000__seed0,discrete,gurobi_miqp,0,0,45,Asset_045,Group_3,0.004,0.0,-0.004,0,0.0,0.2
discrete__gurobi_miqp__rep000__seed0,discrete,gurobi_miqp,0,0,46,Asset_046,Group_6,0.004,0.111,0.107,111,0.0,0.2
discrete__gurobi_miqp__rep000__seed0,discrete,gurobi_miqp,0,0,47,Asset_047,Group_7,0.004,0.0,-0.004,0,0.0,0.2
discrete__gurobi_miqp__rep000__seed0,discrete,gurobi_miqp,0,0,48,Asset_048,Group_7,0.004,0.0,-0.004,0,0.0,0.2
discrete__gurobi_miqp__rep000__seed0,discrete,gurobi_miqp,0,0,49,Asset_049,Group_7,0.004,0.0,-0.004,0,0.0,0.2
discrete__gurobi_miqp__rep000__seed0,discrete,gurobi_miqp,0,0,50,Asset_050,Group_1,0.004,0.0,-0.004,0,0.0,0.2
discrete__gurobi_miqp__rep000__seed0,discrete,gurobi_miqp,0,0,51,Asset_051,Group_3,0.004,0.0,-0.004,0,0.0,0.2
discrete__gurobi_miqp__rep000__seed0,discrete,gurobi_miqp,0,0,52,Asset_052,Group_3,0.004,0.0,-0.004,0,0.0,0.2
discrete__gurobi_miqp__rep000__seed0,discrete,gurobi_miqp,0,0,53,Asset_053,Group_2,0.004,0.0,-0.004,0,0.0,0.2
discrete__gurobi_miqp__rep000__seed0,discrete,gurobi_miqp,0,0,54,Asset_054,Group_3,0.004,0.0,-0.004,0,0.0,0.2
discrete__gurobi_miqp__rep000__seed0,discrete,gurobi_miqp,0,0,55,Asset_055,Group_2,0.004,0.0,-0.004,0,0.0,0.2
discrete__gurobi_miqp__rep000__seed0,discrete,gurobi_miqp,0,0,56,Asset_056,Group_4,0.004,0.082,0.078,82,0.0,0.2
discrete__gurobi_miqp__rep000__seed0,discrete,gurobi_miqp,0,0,57,Asset_057,Group_4,0.004,0.0,-0.004,0,0.0,0.2
discrete__gurobi_miqp__rep000__seed0,discrete,gurobi_miqp,0,0,58,Asset_058,Group_4,0.004,0.0,-0.004,0,0.0,0.2
discrete__gurobi_miqp__rep000__seed0,discrete,gurobi_miqp,0,0,59,Asset_059,Group_0,0.004,0.0,-0.004,0,0.0,0.2
discrete__gurobi_miqp__rep000__seed0,discrete,gurobi_miqp,0,0,60,Asset_060,Group_6,0.004,0.0,-0.004,0,0.0,0.2
discrete__gurobi_miqp__rep000__seed0,discrete,gurobi_miqp,0,0,61,Asset_061,Group_7,0.004,0.0,-0.004,0,0.0,0.2
discrete__gurobi_miqp__rep000__seed0,discrete,gurobi_miqp,0,0,62,Asset_062,Group_5,0.004,0.0,-0.004,0,0.0,0.2
discrete__gurobi_miqp__rep000__seed0,discrete,gurobi_miqp,0,0,63,Asset_063,Group_1,0.004,0.0,-0.004,0,0.0,0.2
discrete__gurobi_miqp__rep000__seed0,discrete,gurobi_miqp,0,0,64,Asset_064,Group_4,0.004,0.0,-0.004,0,0.0,0.2
discrete__gurobi_miqp__rep000__seed0,discrete,gurobi_miqp,0,0,65,Asset_065,Group_3,0.004,0.0,-0.004,0,0.0,0.2
discrete__gurobi_miqp__rep000__seed0,discrete,gurobi_miqp,0,0,66,Asset_066,Group_0,0.004,0.0,-0.004,0,0.0,0.2
discrete__gurobi_miqp__rep000__seed0,discrete,gurobi_miqp,0,0,67,Asset_067,Group_1,0.004,0.0,-0.004,0,0.0,0.2
discrete__gurobi_miqp__rep000__seed0,discrete,gurobi_miqp,0,0,68,Asset_068,Group_4,0.004,0.0,-0.004,0,0.0,0.2
discrete__gurobi_miqp__rep000__seed0,discrete,gurobi_miqp,0,0,69,Asset_069,Group_4,0.004,0.0,-0.004,0,0.0,0.2
discrete__gurobi_miqp__rep000__seed0,discrete,gurobi_miqp,0,0,70,Asset_070,Group_6,0.004,0.0,-0.004,0,0.0,0.2
discrete__gurobi_miqp__rep000__seed0,discrete,gurobi_miqp,0,0,71,Asset_071,Group_4,0.004,0.0,-0.004,0,0.0,0.2
discrete__gurobi_miqp__rep000__seed0,discrete,gurobi_miqp,0,0,72,Asset_072,Group_0,0.004,0.02,0.016,20,0.0,0.2
discrete__gurobi_miqp__rep000__seed0,discrete,gurobi_miqp,0,0,73,Asset_073,Group_2,0.004,0.0,-0.004,0,0.0,0.2
discrete__gurobi_miqp__rep000__seed0,discrete,gurobi_miqp,0,0,74,Asset_074,Group_1,0.004,0.0,-0.004,0,0.0,0.2
discrete__gurobi_miqp__rep000__seed0,discrete,gurobi_miqp,0,0,75,Asset_075,Group_6,0.004,0.0,-0.004,0,0.0,0.2
discrete__gurobi_miqp__rep000__seed0,discrete,gurobi_miqp,0,0,76,Asset_076,Group_5,0.004,0.0,-0.004,0,0.0,0.2
discrete__gurobi_miqp__rep000__seed0,discrete,gurobi_miqp,0,0,77,Asset_077,Group_0,0.004,0.0,-0.004,0,0.0,0.2
discrete__gurobi_miqp__rep000__seed0,discrete,gurobi_miqp,0,0,78,Asset_078,Group_1,0.004,0.0,-0.004,0,0.0,0.2
discrete__gurobi_miqp__rep000__seed0,discrete,gurobi_miqp,0,0,79,Asset_079,Group_6,0.004,0.0,-0.004,0,0.0,0.2
discrete__gurobi_miqp__rep000__seed0,discrete,gurobi_miqp,0,0,80,Asset_080,Group_5,0.004,0.0,-0.004,0,0.0,0.2
discrete__gurobi_miqp__rep000__seed0,discrete,gurobi_miqp,0,0,81,Asset_081,Group_4,0.004,0.0,-0.004,0,0.0,0.2
discrete__gurobi_miqp__rep000__seed0,discrete,gurobi_miqp,0,0,82,Asset_082,Group_0,0.004,0.0,-0.004,0,0.0,0.2
discrete__gurobi_miqp__rep000__seed0,discrete,gurobi_miqp,0,0,83,Asset_083,Group_2,0.004,0.0,-0.004,0,0.0,0.2
discrete__gurobi_miqp__rep000__seed0,discrete,gurobi_miqp,0,0,84,Asset_084,Group_0,0.004,0.0,-0.004,0,0.0,0.2
discrete__gurobi_miqp__rep000__seed0,discrete,gurobi_miqp,0,0,85,Asset_085,Group_6,0.004,0.0,-0.004,0,0.0,0.2
discrete__gurobi_miqp__rep000__seed0,discrete,gurobi_miqp,0,0,86,Asset_086,Group_6,0.004,0.037,0.033,37,0.0,0.2
discrete__gurobi_miqp__rep000__seed0,discrete,gurobi_miqp,0,0,87,Asset_087,Group_5,0.004,0.0,-0.004,0,0.0,0.2
discrete__gurobi_miqp__rep000__seed0,discrete,gurobi_miqp,0,0,88,Asset_088,Group_7,0.004,0.004,0.0,4,0.0,0.2
discrete__gurobi_miqp__rep000__seed0,discrete,gurobi_miqp,0,0,89,Asset_089,Group_2,0.004,0.0,-0.004,0,0.0,0.2
discrete__gurobi_miqp__rep000__seed0,discrete,gurobi_miqp,0,0,90,Asset_090,Group_1,0.004,0.0,-0.004,0,0.0,0.2
discrete__gurobi_miqp__rep000__seed0,discrete,gurobi_miqp,0,0,91,Asset_091,Group_3,0.004,0.0,-0.004,0,0.0,0.2
discrete__gurobi_miqp__rep000__seed0,discrete,gurobi_miqp,0,0,92,Asset_092,Group_2,0.004,0.0,-0.004,0,0.0,0.2
discrete__gurobi_miqp__rep000__seed0,discrete,gurobi_miqp,0,0,93,Asset_093,Group_6,0.004,0.0,-0.004,0,0.0,0.2
discrete__gurobi_miqp__rep000__seed0,discrete,gurobi_miqp,0,0,94,Asset_094,Group_5,0.004,0.167,0.163,167,0.0,0.2
discrete__gurobi_miqp__rep000__seed0,discrete,gurobi_miqp,0,0,95,Asset_095,Group_7,0.004,0.0,-0.004,0,0.0,0.2
discrete__gurobi_miqp__rep000__seed0,discrete,gurobi_miqp,0,0,96,Asset_096,Group_5,0.004,0.0,-0.004,0,0.0,0.2
discrete__gurobi_miqp__rep000__seed0,discrete,gurobi_miqp,0,0,97,Asset_097,Group_2,0.004,0.0,-0.004,0,0.0,0.2
discrete__gurobi_miqp__rep000__seed0,discrete,gurobi_miqp,0,0,98,Asset_098,Group_3,0.004,0.0,-0.004,0,0.0,0.2
discrete__gurobi_miqp__rep000__seed0,discrete,gurobi_miqp,0,0,99,Asset_099,Group_7,0.004,0.0,-0.004,0,0.0,0.2
discrete__gurobi_miqp__rep000__seed0,discrete,gurobi_miqp,0,0,100,Asset_100,Group_7,0.004,0.0,-0.004,0,0.0,0.2
discrete__gurobi_miqp__rep000__seed0,discrete,gurobi_miqp,0,0,101,Asset_101,Group_1,0.004,0.073,0.06899999999999999,73,0.0,0.2
discrete__gurobi_miqp__rep000__seed0,discrete,gurobi_miqp,0,0,102,Asset_102,Group_3,0.004,0.004,0.0,4,0.0,0.2
discrete__gurobi_miqp__rep000__seed0,discrete,gurobi_miqp,0,0,103,Asset_103,Group_6,0.004,0.0,-0.004,0,0.0,0.2
discrete__gurobi_miqp__rep000__seed0,discrete,gurobi_miqp,0,0,104,Asset_104,Group_0,0.004,0.0,-0.004,0,0.0,0.2
discrete__gurobi_miqp__rep000__seed0,discrete,gurobi_miqp,0,0,105,Asset_105,Group_2,0.004,0.0,-0.004,0,0.0,0.2
discrete__gurobi_miqp__rep000__seed0,discrete,gurobi_miqp,0,0,106,Asset_106,Group_4,0.004,0.0,-0.004,0,0.0,0.2
discrete__gurobi_miqp__rep000__seed0,discrete,gurobi_miqp,0,0,107,Asset_107,Group_4,0.004,0.0,-0.004,0,0.0,0.2
discrete__gurobi_miqp__rep000__seed0,discrete,gurobi_miqp,0,0,108,Asset_108,Group_4,0.004,0.0,-0.004,0,0.0,0.2
discrete__gurobi_miqp__rep000__seed0,discrete,gurobi_miqp,0,0,109,Asset_109,Group_4,0.004,0.0,-0.004,0,0.0,0.2
discrete__gurobi_miqp__rep000__seed0,discrete,gurobi_miqp,0,0,110,Asset_110,Group_3,0.004,0.0,-0.004,0,0.0,0.2
discrete__gurobi_miqp__rep000__seed0,discrete,gurobi_miqp,0,0,111,Asset_111,Group_2,0.004,0.0,-0.004,0,0.0,0.2
discrete__gurobi_miqp__rep000__seed0,discrete,gurobi_miqp,0,0,112,Asset_112,Group_0,0.004,0.0,-0.004,0,0.0,0.2
discrete__gurobi_miqp__rep000__seed0,discrete,gurobi_miqp,0,0,113,Asset_113,Group_7,0.004,0.0,-0.004,0,0.0,0.2
discrete__gurobi_miqp__rep000__seed0,discrete,gurobi_miqp,0,0,114,Asset_114,Group_7,0.004,0.0,-0.004,0,0.0,0.2
discrete__gurobi_miqp__rep000__seed0,discrete,gurobi_miqp,0,0,115,Asset_115,Group_2,0.004,0.0,-0.004,0,0.0,0.2
discrete__gurobi_miqp__rep000__seed0,discrete,gurobi_miqp,0,0,116,Asset_116,Group_3,0.004,0.0,-0.004,0,0.0,0.2
discrete__gurobi_miqp__rep000__seed0,discrete,gurobi_miqp,0,0,117,Asset_117,Group_6,0.004,0.0,-0.004,0,0.0,0.2
discrete__gurobi_miqp__rep000__seed0,discrete,gurobi_miqp,0,0,118,Asset_118,Group_3,0.004,0.0,-0.004,0,0.0,0.2
discrete__gurobi_miqp__rep000__seed0,discrete,gurobi_miqp,0,0,119,Asset_119,Group_5,0.004,0.0,-0.004,0,0.0,0.2
discrete__gurobi_miqp__rep000__seed0,discrete,gurobi_miqp,0,0,120,Asset_120,Group_6,0.004,0.0,-0.004,0,0.0,0.2
discrete__gurobi_miqp__rep000__seed0,discrete,gurobi_miqp,0,0,121,Asset_121,Group_2,0.004,0.0,-0.004,0,0.0,0.2
discrete__gurobi_miqp__rep000__seed0,discrete,gurobi_miqp,0,0,122,Asset_122,Group_5,0.004,0.0,-0.004,0,0.0,0.2
discrete__gurobi_miqp__rep000__seed0,discrete,gurobi_miqp,0,0,123,Asset_123,Group_7,0.004,0.0,-0.004,0,0.0,0.2
discrete__gurobi_miqp__rep000__seed0,discrete,gurobi_miqp,0,0,124,Asset_124,Group_4,0.004,0.0,-0.004,0,0.0,0.2
discrete__gurobi_miqp__rep000__seed0,discrete,gurobi_miqp,0,0,125,Asset_125,Group_0,0.004,0.0,-0.004,0,0.0,0.2
discrete__gurobi_miqp__rep000__seed0,discrete,gurobi_miqp,0,0,126,Asset_126,Group_4,0.004,0.0,-0.004,0,0.0,0.2
discrete__gurobi_miqp__rep000__seed0,discrete,gurobi_miqp,0,0,127,Asset_127,Group_4,0.004,0.0,-0.004,0,0.0,0.2
discrete__gurobi_miqp__rep000__seed0,discrete,gurobi_miqp,0,0,128,Asset_128,Group_0,0.004,0.004,0.0,4,0.0,0.2
discrete__gurobi_miqp__rep000__seed0,discrete,gurobi_miqp,0,0,129,Asset_129,Group_1,0.004,0.0,-0.004,0,0.0,0.2
discrete__gurobi_miqp__rep000__seed0,discrete,gurobi_miqp,0,0,130,Asset_130,Group_2,0.004,0.0,-0.004,0,0.0,0.2
discrete__gurobi_miqp__rep000__seed0,discrete,gurobi_miqp,0,0,131,Asset_131,Group_6,0.004,0.0,-0.004,0,0.0,0.2
discrete__gurobi_miqp__rep000__seed0,discrete,gurobi_miqp,0,0,132,Asset_132,Group_6,0.004,0.0,-0.004,0,0.0,0.2
discrete__gurobi_miqp__rep000__seed0,discrete,gurobi_miqp,0,0,133,Asset_133,Group_0,0.004,0.004,0.0,4,0.0,0.2
discrete__gurobi_miqp__rep000__seed0,discrete,gurobi_miqp,0,0,134,Asset_134,Group_2,0.004,0.0,-0.004,0,0.0,0.2
discrete__gurobi_miqp__rep000__seed0,discrete,gurobi_miqp,0,0,135,Asset_135,Group_5,0.004,0.0,-0.004,0,0.0,0.2
discrete__gurobi_miqp__rep000__seed0,discrete,gurobi_miqp,0,0,136,Asset_136,Group_4,0.004,0.0,-0.004,0,0.0,0.2
discrete__gurobi_miqp__rep000__seed0,discrete,gurobi_miqp,0,0,137,Asset_137,Group_7,0.004,0.0,-0.004,0,0.0,0.2
discrete__gurobi_miqp__rep000__seed0,discrete,gurobi_miqp,0,0,138,Asset_138,Group_4,0.004,0.0,-0.004,0,0.0,0.2
discrete__gurobi_miqp__rep000__seed0,discrete,gurobi_miqp,0,0,139,Asset_139,Group_2,0.004,0.0,-0.004,0,0.0,0.2
discrete__gurobi_miqp__rep000__seed0,discrete,gurobi_miqp,0,0,140,Asset_140,Group_6,0.004,0.0,-0.004,0,0.0,0.2
discrete__gurobi_miqp__rep000__seed0,discrete,gurobi_miqp,0,0,141,Asset_141,Group_0,0.004,0.0,-0.004,0,0.0,0.2
discrete__gurobi_miqp__rep000__seed0,discrete,gurobi_miqp,0,0,142,Asset_142,Group_2,0.004,0.0,-0.004,0,0.0,0.2
discrete__gurobi_miqp__rep000__seed0,discrete,gurobi_miqp,0,0,143,Asset_143,Group_3,0.004,0.0,-0.004,0,0.0,0.2
discrete__gurobi_miqp__rep000__seed0,discrete,gurobi_miqp,0,0,144,Asset_144,Group_1,0.004,0.0,-0.004,0,0.0,0.2
discrete__gurobi_miqp__rep000__seed0,discrete,gurobi_miqp,0,0,145,Asset_145,Group_1,0.004,0.0,-0.004,0,0.0,0.2
discrete__gurobi_miqp__rep000__seed0,discrete,gurobi_miqp,0,0,146,Asset_146,Group_0,0.004,0.0,-0.004,0,0.0,0.2
discrete__gurobi_miqp__rep000__seed0,discrete,gurobi_miqp,0,0,147,Asset_147,Group_7,0.004,0.0,-0.004,0,0.0,0.2
discrete__gurobi_miqp__rep000__seed0,discrete,gurobi_miqp,0,0,148,Asset_148,Group_3,0.004,0.004,0.0,4,0.0,0.2
discrete__gurobi_miqp__rep000__seed0,discrete,gurobi_miqp,0,0,149,Asset_149,Group_4,0.004,0.0,-0.004,0,0.0,0.2
discrete__gurobi_miqp__rep000__seed0,discrete,gurobi_miqp,0,0,150,Asset_150,Group_0,0.004,0.0,-0.004,0,0.0,0.2
discrete__gurobi_miqp__rep000__seed0,discrete,gurobi_miqp,0,0,151,Asset_151,Group_1,0.004,0.0,-0.004,0,0.0,0.2
discrete__gurobi_miqp__rep000__seed0,discrete,gurobi_miqp,0,0,152,Asset_152,Group_4,0.004,0.0,-0.004,0,0.0,0.2
discrete__gurobi_miqp__rep000__seed0,discrete,gurobi_miqp,0,0,153,Asset_153,Group_4,0.004,0.0,-0.004,0,0.0,0.2
discrete__gurobi_miqp__rep000__seed0,discrete,gurobi_miqp,0,0,154,Asset_154,Group_6,0.004,0.088,0.08399999999999999,88,0.0,0.2
discrete__gurobi_miqp__rep000__seed0,discrete,gurobi_miqp,0,0,155,Asset_155,Group_1,0.004,0.046,0.041999999999999996,46,0.0,0.2
discrete__gurobi_miqp__rep000__seed0,discrete,gurobi_miqp,0,0,156,Asset_156,Group_5,0.004,0.0,-0.004,0,0.0,0.2
discrete__gurobi_miqp__rep000__seed0,discrete,gurobi_miqp,0,0,157,Asset_157,Group_5,0.004,0.0,-0.004,0,0.0,0.2
discrete__gurobi_miqp__rep000__seed0,discrete,gurobi_miqp,0,0,158,Asset_158,Group_6,0.004,0.032,0.028,32,0.0,0.2
discrete__gurobi_miqp__rep000__seed0,discrete,gurobi_miqp,0,0,159,Asset_159,Group_0,0.004,0.0,-0.004,0,0.0,0.2
discrete__gurobi_miqp__rep000__seed0,discrete,gurobi_miqp,0,0,160,Asset_160,Group_5,0.004,0.0,-0.004,0,0.0,0.2
discrete__gurobi_miqp__rep000__seed0,discrete,gurobi_miqp,0,0,161,Asset_161,Group_0,0.004,0.0,-0.004,0,0.0,0.2
discrete__gurobi_miqp__rep000__seed0,discrete,gurobi_miqp,0,0,162,Asset_162,Group_0,0.004,0.0,-0.004,0,0.0,0.2
discrete__gurobi_miqp__rep000__seed0,discrete,gurobi_miqp,0,0,163,Asset_163,Group_6,0.004,0.0,-0.004,0,0.0,0.2
discrete__gurobi_miqp__rep000__seed0,discrete,gurobi_miqp,0,0,164,Asset_164,Group_3,0.004,0.0,-0.004,0,0.0,0.2
discrete__gurobi_miqp__rep000__seed0,discrete,gurobi_miqp,0,0,165,Asset_165,Group_2,0.004,0.0,-0.004,0,0.0,0.2
discrete__gurobi_miqp__rep000__seed0,discrete,gurobi_miqp,0,0,166,Asset_166,Group_3,0.004,0.0,-0.004,0,0.0,0.2
discrete__gurobi_miqp__rep000__seed0,discrete,gurobi_miqp,0,0,167,Asset_167,Group_6,0.004,0.0,-0.004,0,0.0,0.2
discrete__gurobi_miqp__rep000__seed0,discrete,gurobi_miqp,0,0,168,Asset_168,Group_1,0.004,0.0,-0.004,0,0.0,0.2
discrete__gurobi_miqp__rep000__seed0,discrete,gurobi_miqp,0,0,169,Asset_169,Group_3,0.004,0.0,-0.004,0,0.0,0.2
discrete__gurobi_miqp__rep000__seed0,discrete,gurobi_miqp,0,0,170,Asset_170,Group_5,0.004,0.0,-0.004,0,0.0,0.2
discrete__gurobi_miqp__rep000__seed0,discrete,gurobi_miqp,0,0,171,Asset_171,Group_3,0.004,0.0,-0.004,0,0.0,0.2
discrete__gurobi_miqp__rep000__seed0,discrete,gurobi_miqp,0,0,172,Asset_172,Group_4,0.004,0.0,-0.004,0,0.0,0.2
discrete__gurobi_miqp__rep000__seed0,discrete,gurobi_miqp,0,0,173,Asset_173,Group_7,0.004,0.0,-0.004,0,0.0,0.2
discrete__gurobi_miqp__rep000__seed0,discrete,gurobi_miqp,0,0,174,Asset_174,Group_3,0.004,0.0,-0.004,0,0.0,0.2
discrete__gurobi_miqp__rep000__seed0,discrete,gurobi_miqp,0,0,175,Asset_175,Group_5,0.004,0.0,-0.004,0,0.0,0.2
discrete__gurobi_miqp__rep000__seed0,discrete,gurobi_miqp,0,0,176,Asset_176,Group_4,0.004,0.0,-0.004,0,0.0,0.2
discrete__gurobi_miqp__rep000__seed0,discrete,gurobi_miqp,0,0,177,Asset_177,Group_1,0.004,0.0,-0.004,0,0.0,0.2
discrete__gurobi_miqp__rep000__seed0,discrete,gurobi_miqp,0,0,178,Asset_178,Group_7,0.004,0.0,-0.004,0,0.0,0.2
discrete__gurobi_miqp__rep000__seed0,discrete,gurobi_miqp,0,0,179,Asset_179,Group_6,0.004,0.0,-0.004,0,0.0,0.2
discrete__gurobi_miqp__rep000__seed0,discrete,gurobi_miqp,0,0,180,Asset_180,Group_0,0.004,0.0,-0.004,0,0.0,0.2
discrete__gurobi_miqp__rep000__seed0,discrete,gurobi_miqp,0,0,181,Asset_181,Group_7,0.004,0.0,-0.004,0,0.0,0.2
discrete__gurobi_miqp__rep000__seed0,discrete,gurobi_miqp,0,0,182,Asset_182,Group_1,0.004,0.0,-0.004,0,0.0,0.2
discrete__gurobi_miqp__rep000__seed0,discrete,gurobi_miqp,0,0,183,Asset_183,Group_5,0.004,0.0,-0.004,0,0.0,0.2
discrete__gurobi_miqp__rep000__seed0,discrete,gurobi_miqp,0,0,184,Asset_184,Group_0,0.004,0.0,-0.004,0,0.0,0.2
discrete__gurobi_miqp__rep000__seed0,discrete,gurobi_miqp,0,0,185,Asset_185,Group_7,0.004,0.0,-0.004,0,0.0,0.2
discrete__gurobi_miqp__rep000__seed0,discrete,gurobi_miqp,0,0,186,Asset_186,Group_1,0.004,0.0,-0.004,0,0.0,0.2
discrete__gurobi_miqp__rep000__seed0,discrete,gurobi_miqp,0,0,187,Asset_187,Group_4,0.004,0.0,-0.004,0,0.0,0.2
discrete__gurobi_miqp__rep000__seed0,discrete,gurobi_miqp,0,0,188,Asset_188,Group_7,0.004,0.0,-0.004,0,0.0,0.2
discrete__gurobi_miqp__rep000__seed0,discrete,gurobi_miqp,0,0,189,Asset_189,Group_3,0.004,0.0,-0.004,0,0.0,0.2
discrete__gurobi_miqp__rep000__seed0,discrete,gurobi_miqp,0,0,190,Asset_190,Group_7,0.004,0.0,-0.004,0,0.0,0.2
discrete__gurobi_miqp__rep000__seed0,discrete,gurobi_miqp,0,0,191,Asset_191,Group_5,0.004,0.0,-0.004,0,0.0,0.2
discrete__gurobi_miqp__rep000__seed0,discrete,gurobi_miqp,0,0,192,Asset_192,Group_6,0.004,0.0,-0.004,0,0.0,0.2
discrete__gurobi_miqp__rep000__seed0,discrete,gurobi_miqp,0,0,193,Asset_193,Group_5,0.004,0.0,-0.004,0,0.0,0.2
discrete__gurobi_miqp__rep000__seed0,discrete,gurobi_miqp,0,0,194,Asset_194,Group_1,0.004,0.0,-0.004,0,0.0,0.2
discrete__gurobi_miqp__rep000__seed0,discrete,gurobi_miqp,0,0,195,Asset_195,Group_7,0.004,0.2,0.196,200,0.0,0.2
discrete__gurobi_miqp__rep000__seed0,discrete,gurobi_miqp,0,0,196,Asset_196,Group_4,0.004,0.0,-0.004,0,0.0,0.2
discrete__gurobi_miqp__rep000__seed0,discrete,gurobi_miqp,0,0,197,Asset_197,Group_5,0.004,0.0,-0.004,0,0.0,0.2
discrete__gurobi_miqp__rep000__seed0,discrete,gurobi_miqp,0,0,198,Asset_198,Group_1,0.004,0.0,-0.004,0,0.0,0.2
discrete__gurobi_miqp__rep000__seed0,discrete,gurobi_miqp,0,0,199,Asset_199,Group_3,0.004,0.0,-0.004,0,0.0,0.2
discrete__gurobi_miqp__rep000__seed0,discrete,gurobi_miqp,0,0,200,Asset_200,Group_6,0.004,0.0,-0.004,0,0.0,0.2
discrete__gurobi_miqp__rep000__seed0,discrete,gurobi_miqp,0,0,201,Asset_201,Group_0,0.004,0.0,-0.004,0,0.0,0.2
discrete__gurobi_miqp__rep000__seed0,discrete,gurobi_miqp,0,0,202,Asset_202,Group_6,0.004,0.0,-0.004,0,0.0,0.2
discrete__gurobi_miqp__rep000__seed0,discrete,gurobi_miqp,0,0,203,Asset_203,Group_0,0.004,0.0,-0.004,0,0.0,0.2
discrete__gurobi_miqp__rep000__seed0,discrete,gurobi_miqp,0,0,204,Asset_204,Group_1,0.004,0.0,-0.004,0,0.0,0.2
discrete__gurobi_miqp__rep000__seed0,discrete,gurobi_miqp,0,0,205,Asset_205,Group_2,0.004,0.0,-0.004,0,0.0,0.2
discrete__gurobi_miqp__rep000__seed0,discrete,gurobi_miqp,0,0,206,Asset_206,Group_0,0.004,0.0,-0.004,0,0.0,0.2
discrete__gurobi_miqp__rep000__seed0,discrete,gurobi_miqp,0,0,207,Asset_207,Group_3,0.004,0.0,-0.004,0,0.0,0.2
discrete__gurobi_miqp__rep000__seed0,discrete,gurobi_miqp,0,0,208,Asset_208,Group_0,0.004,0.0,-0.004,0,0.0,0.2
discrete__gurobi_miqp__rep000__seed0,discrete,gurobi_miqp,0,0,209,Asset_209,Group_5,0.004,0.0,-0.004,0,0.0,0.2
discrete__gurobi_miqp__rep000__seed0,discrete,gurobi_miqp,0,0,210,Asset_210,Group_2,0.004,0.0,-0.004,0,0.0,0.2
discrete__gurobi_miqp__rep000__seed0,discrete,gurobi_miqp,0,0,211,Asset_211,Group_5,0.004,0.0,-0.004,0,0.0,0.2
discrete__gurobi_miqp__rep000__seed0,discrete,gurobi_miqp,0,0,212,Asset_212,Group_2,0.004,0.0,-0.004,0,0.0,0.2
discrete__gurobi_miqp__rep000__seed0,discrete,gurobi_miqp,0,0,213,Asset_213,Group_5,0.004,0.0,-0.004,0,0.0,0.2
discrete__gurobi_miqp__rep000__seed0,discrete,gurobi_miqp,0,0,214,Asset_214,Group_1,0.004,0.0,-0.004,0,0.0,0.2
discrete__gurobi_miqp__rep000__seed0,discrete,gurobi_miqp,0,0,215,Asset_215,Group_2,0.004,0.0,-0.004,0,0.0,0.2
discrete__gurobi_miqp__rep000__seed0,discrete,gurobi_miqp,0,0,216,Asset_216,Group_1,0.004,0.0,-0.004,0,0.0,0.2
discrete__gurobi_miqp__rep000__seed0,discrete,gurobi_miqp,0,0,217,Asset_217,Group_1,0.004,0.0,-0.004,0,0.0,0.2
discrete__gurobi_miqp__rep000__seed0,discrete,gurobi_miqp,0,0,218,Asset_218,Group_6,0.004,0.0,-0.004,0,0.0,0.2
discrete__gurobi_miqp__rep000__seed0,discrete,gurobi_miqp,0,0,219,Asset_219,Group_2,0.004,0.0,-0.004,0,0.0,0.2
discrete__gurobi_miqp__rep000__seed0,discrete,gurobi_miqp,0,0,220,Asset_220,Group_5,0.004,0.0,-0.004,0,0.0,0.2
discrete__gurobi_miqp__rep000__seed0,discrete,gurobi_miqp,0,0,221,Asset_221,Group_1,0.004,0.0,-0.004,0,0.0,0.2
discrete__gurobi_miqp__rep000__seed0,discrete,gurobi_miqp,0,0,222,Asset_222,Group_3,0.004,0.0,-0.004,0,0.0,0.2
discrete__gurobi_miqp__rep000__seed0,discrete,gurobi_miqp,0,0,223,Asset_223,Group_0,0.004,0.0,-0.004,0,0.0,0.2
discrete__gurobi_miqp__rep000__seed0,discrete,gurobi_miqp,0,0,224,Asset_224,Group_0,0.004,0.0,-0.004,0,0.0,0.2
discrete__gurobi_miqp__rep000__seed0,discrete,gurobi_miqp,0,0,225,Asset_225,Group_0,0.004,0.0,-0.004,0,0.0,0.2
discrete__gurobi_miqp__rep000__seed0,discrete,gurobi_miqp,0,0,226,Asset_226,Group_6,0.004,0.0,-0.004,0,0.0,0.2
discrete__gurobi_miqp__rep000__seed0,discrete,gurobi_miqp,0,0,227,Asset_227,Group_7,0.004,0.0,-0.004,0,0.0,0.2
discrete__gurobi_miqp__rep000__seed0,discrete,gurobi_miqp,0,0,228,Asset_228,Group_3,0.004,0.0,-0.004,0,0.0,0.2
discrete__gurobi_miqp__rep000__seed0,discrete,gurobi_miqp,0,0,229,Asset_229,Group_6,0.004,0.0,-0.004,0,0.0,0.2
discrete__gurobi_miqp__rep000__seed0,discrete,gurobi_miqp,0,0,230,Asset_230,Group_4,0.004,0.001,-0.003,1,0.0,0.2
discrete__gurobi_miqp__rep000__seed0,discrete,gurobi_miqp,0,0,231,Asset_231,Group_5,0.004,0.0,-0.004,0,0.0,0.2
discrete__gurobi_miqp__rep000__seed0,discrete,gurobi_miqp,0,0,232,Asset_232,Group_5,0.004,0.0,-0.004,0,0.0,0.2
discrete__gurobi_miqp__rep000__seed0,discrete,gurobi_miqp,0,0,233,Asset_233,Group_2,0.004,0.097,0.093,97,0.0,0.2
discrete__gurobi_miqp__rep000__seed0,discrete,gurobi_miqp,0,0,234,Asset_234,Group_2,0.004,0.0,-0.004,0,0.0,0.2
discrete__gurobi_miqp__rep000__seed0,discrete,gurobi_miqp,0,0,235,Asset_235,Group_7,0.004,0.0,-0.004,0,0.0,0.2
discrete__gurobi_miqp__rep000__seed0,discrete,gurobi_miqp,0,0,236,Asset_236,Group_2,0.004,0.0,-0.004,0,0.0,0.2
discrete__gurobi_miqp__rep000__seed0,discrete,gurobi_miqp,0,0,237,Asset_237,Group_0,0.004,0.0,-0.004,0,0.0,0.2
discrete__gurobi_miqp__rep000__seed0,discrete,gurobi_miqp,0,0,238,Asset_238,Group_5,0.004,0.0,-0.004,0,0.0,0.2
discrete__gurobi_miqp__rep000__seed0,discrete,gurobi_miqp,0,0,239,Asset_239,Group_5,0.004,0.004,0.0,4,0.0,0.2
discrete__gurobi_miqp__rep000__seed0,discrete,gurobi_miqp,0,0,240,Asset_240,Group_7,0.004,0.0,-0.004,0,0.0,0.2
discrete__gurobi_miqp__rep000__seed0,discrete,gurobi_miqp,0,0,241,Asset_241,Group_6,0.004,0.0,-0.004,0,0.0,0.2
discrete__gurobi_miqp__rep000__seed0,discrete,gurobi_miqp,0,0,242,Asset_242,Group_0,0.004,0.0,-0.004,0,0.0,0.2
discrete__gurobi_miqp__rep000__seed0,discrete,gurobi_miqp,0,0,243,Asset_243,Group_2,0.004,0.0,-0.004,0,0.0,0.2
discrete__gurobi_miqp__rep000__seed0,discrete,gurobi_miqp,0,0,244,Asset_244,Group_7,0.004,0.0,-0.004,0,0.0,0.2
discrete__gurobi_miqp__rep000__seed0,discrete,gurobi_miqp,0,0,245,Asset_245,Group_7,0.004,0.0,-0.004,0,0.0,0.2
discrete__gurobi_miqp__rep000__seed0,discrete,gurobi_miqp,0,0,246,Asset_246,Group_0,0.004,0.0,-0.004,0,0.0,0.2
discrete__gurobi_miqp__rep000__seed0,discrete,gurobi_miqp,0,0,247,Asset_247,Group_3,0.004,0.0,-0.004,0,0.0,0.2
discrete__gurobi_miqp__rep000__seed0,discrete,gurobi_miqp,0,0,248,Asset_248,Group_2,0.004,0.0,-0.004,0,0.0,0.2
discrete__gurobi_miqp__rep000__seed0,discrete,gurobi_miqp,0,0,249,Asset_249,Group_0,0.004,0.0,-0.004,0,0.0,0.2
discrete__cvxpy_scip_miqp__rep000__seednone,discrete,cvxpy_scip_miqp,0,,0,Asset_000,Group_3,0.004,0.0,-0.004,0,0.0,0.2
discrete__cvxpy_scip_miqp__rep000__seednone,discrete,cvxpy_scip_miqp,0,,1,Asset_001,Group_7,0.004,0.0,-0.004,0,0.0,0.2
discrete__cvxpy_scip_miqp__rep000__seednone,discrete,cvxpy_scip_miqp,0,,2,Asset_002,Group_7,0.004,0.0,-0.004,0,0.0,0.2
discrete__cvxpy_scip_miqp__rep000__seednone,discrete,cvxpy_scip_miqp,0,,3,Asset_003,Group_2,0.004,0.0,-0.004,0,0.0,0.2
discrete__cvxpy_scip_miqp__rep000__seednone,discrete,cvxpy_scip_miqp,0,,4,Asset_004,Group_6,0.004,0.0,-0.004,0,0.0,0.2
discrete__cvxpy_scip_miqp__rep000__seednone,discrete,cvxpy_scip_miqp,0,,5,Asset_005,Group_7,0.004,0.0,-0.004,0,0.0,0.2
discrete__cvxpy_scip_miqp__rep000__seednone,discrete,cvxpy_scip_miqp,0,,6,Asset_006,Group_3,0.004,0.0,-0.004,0,0.0,0.2
discrete__cvxpy_scip_miqp__rep000__seednone,discrete,cvxpy_scip_miqp,0,,7,Asset_007,Group_0,0.004,0.0,-0.004,0,0.0,0.2
discrete__cvxpy_scip_miqp__rep000__seednone,discrete,cvxpy_scip_miqp,0,,8,Asset_008,Group_2,0.004,0.0,-0.004,0,0.0,0.2
discrete__cvxpy_scip_miqp__rep000__seednone,discrete,cvxpy_scip_miqp,0,,9,Asset_009,Group_6,0.004,0.0,-0.004,0,0.0,0.2
discrete__cvxpy_scip_miqp__rep000__seednone,discrete,cvxpy_scip_miqp,0,,10,Asset_010,Group_0,0.004,0.0,-0.004,0,0.0,0.2
discrete__cvxpy_scip_miqp__rep000__seednone,discrete,cvxpy_scip_miqp,0,,11,Asset_011,Group_5,0.004,0.0,-0.004,0,0.0,0.2
discrete__cvxpy_scip_miqp__rep000__seednone,discrete,cvxpy_scip_miqp,0,,12,Asset_012,Group_7,0.004,0.0,-0.004,0,0.0,0.2
discrete__cvxpy_scip_miqp__rep000__seednone,discrete,cvxpy_scip_miqp,0,,13,Asset_013,Group_2,0.004,0.0,-0.004,0,0.0,0.2
discrete__cvxpy_scip_miqp__rep000__seednone,discrete,cvxpy_scip_miqp,0,,14,Asset_014,Group_4,0.004,0.0,-0.004,0,0.0,0.2
discrete__cvxpy_scip_miqp__rep000__seednone,discrete,cvxpy_scip_miqp,0,,15,Asset_015,Group_4,0.004,0.0,-0.004,0,0.0,0.2
discrete__cvxpy_scip_miqp__rep000__seednone,discrete,cvxpy_scip_miqp,0,,16,Asset_016,Group_1,0.004,0.0,-0.004,0,0.0,0.2
discrete__cvxpy_scip_miqp__rep000__seednone,discrete,cvxpy_scip_miqp,0,,17,Asset_017,Group_4,0.004,0.0,-0.004,0,0.0,0.2
discrete__cvxpy_scip_miqp__rep000__seednone,discrete,cvxpy_scip_miqp,0,,18,Asset_018,Group_3,0.004,0.0,-0.004,0,0.0,0.2
discrete__cvxpy_scip_miqp__rep000__seednone,discrete,cvxpy_scip_miqp,0,,19,Asset_019,Group_2,0.004,0.0,-0.004,0,0.0,0.2
discrete__cvxpy_scip_miqp__rep000__seednone,discrete,cvxpy_scip_miqp,0,,20,Asset_020,Group_1,0.004,0.0,-0.004,0,0.0,0.2
discrete__cvxpy_scip_miqp__rep000__seednone,discrete,cvxpy_scip_miqp,0,,21,Asset_021,Group_1,0.004,0.0,-0.004,0,0.0,0.2
discrete__cvxpy_scip_miqp__rep000__seednone,discrete,cvxpy_scip_miqp,0,,22,Asset_022,Group_3,0.004,0.016,0.012,16,0.0,0.2
discrete__cvxpy_scip_miqp__rep000__seednone,discrete,cvxpy_scip_miqp,0,,23,Asset_023,Group_6,0.004,0.0,-0.004,0,0.0,0.2
discrete__cvxpy_scip_miqp__rep000__seednone,discrete,cvxpy_scip_miqp,0,,24,Asset_024,Group_4,0.004,0.0,-0.004,0,0.0,0.2
discrete__cvxpy_scip_miqp__rep000__seednone,discrete,cvxpy_scip_miqp,0,,25,Asset_025,Group_5,0.004,0.0,-0.004,0,0.0,0.2
discrete__cvxpy_scip_miqp__rep000__seednone,discrete,cvxpy_scip_miqp,0,,26,Asset_026,Group_1,0.004,0.0,-0.004,0,0.0,0.2
discrete__cvxpy_scip_miqp__rep000__seednone,discrete,cvxpy_scip_miqp,0,,27,Asset_027,Group_7,0.004,0.0,-0.004,0,0.0,0.2
discrete__cvxpy_scip_miqp__rep000__seednone,discrete,cvxpy_scip_miqp,0,,28,Asset_028,Group_1,0.004,0.0,-0.004,0,0.0,0.2
discrete__cvxpy_scip_miqp__rep000__seednone,discrete,cvxpy_scip_miqp,0,,29,Asset_029,Group_4,0.004,0.0,-0.004,0,0.0,0.2
discrete__cvxpy_scip_miqp__rep000__seednone,discrete,cvxpy_scip_miqp,0,,30,Asset_030,Group_1,0.004,0.0,-0.004,0,0.0,0.2
discrete__cvxpy_scip_miqp__rep000__seednone,discrete,cvxpy_scip_miqp,0,,31,Asset_031,Group_2,0.004,0.0,-0.004,0,0.0,0.2
discrete__cvxpy_scip_miqp__rep000__seednone,discrete,cvxpy_scip_miqp,0,,32,Asset_032,Group_1,0.004,0.0,-0.004,0,0.0,0.2
discrete__cvxpy_scip_miqp__rep000__seednone,discrete,cvxpy_scip_miqp,0,,33,Asset_033,Group_3,0.004,0.0,-0.004,0,0.0,0.2
discrete__cvxpy_scip_miqp__rep000__seednone,discrete,cvxpy_scip_miqp,0,,34,Asset_034,Group_4,0.004,0.0,-0.004,0,0.0,0.2
discrete__cvxpy_scip_miqp__rep000__seednone,discrete,cvxpy_scip_miqp,0,,35,Asset_035,Group_6,0.004,0.0,-0.004,0,0.0,0.2
discrete__cvxpy_scip_miqp__rep000__seednone,discrete,cvxpy_scip_miqp,0,,36,Asset_036,Group_3,0.004,0.0,-0.004,0,0.0,0.2
discrete__cvxpy_scip_miqp__rep000__seednone,discrete,cvxpy_scip_miqp,0,,37,Asset_037,Group_1,0.004,0.0,-0.004,0,0.0,0.2
discrete__cvxpy_scip_miqp__rep000__seednone,discrete,cvxpy_scip_miqp,0,,38,Asset_038,Group_5,0.004,0.0,-0.004,0,0.0,0.2
discrete__cvxpy_scip_miqp__rep000__seednone,discrete,cvxpy_scip_miqp,0,,39,Asset_039,Group_7,0.004,0.0,-0.004,0,0.0,0.2
discrete__cvxpy_scip_miqp__rep000__seednone,discrete,cvxpy_scip_miqp,0,,40,Asset_040,Group_1,0.004,0.0,-0.004,0,0.0,0.2
discrete__cvxpy_scip_miqp__rep000__seednone,discrete,cvxpy_scip_miqp,0,,41,Asset_041,Group_5,0.004,0.0,-0.004,0,0.0,0.2
discrete__cvxpy_scip_miqp__rep000__seednone,discrete,cvxpy_scip_miqp,0,,42,Asset_042,Group_5,0.004,0.0,-0.004,0,0.0,0.2
discrete__cvxpy_scip_miqp__rep000__seednone,discrete,cvxpy_scip_miqp,0,,43,Asset_043,Group_6,0.004,0.006,0.002,6,0.0,0.2
discrete__cvxpy_scip_miqp__rep000__seednone,discrete,cvxpy_scip_miqp,0,,44,Asset_044,Group_3,0.004,0.0,-0.004,0,0.0,0.2
discrete__cvxpy_scip_miqp__rep000__seednone,discrete,cvxpy_scip_miqp,0,,45,Asset_045,Group_3,0.004,0.0,-0.004,0,0.0,0.2
discrete__cvxpy_scip_miqp__rep000__seednone,discrete,cvxpy_scip_miqp,0,,46,Asset_046,Group_6,0.004,0.112,0.108,112,0.0,0.2
discrete__cvxpy_scip_miqp__rep000__seednone,discrete,cvxpy_scip_miqp,0,,47,Asset_047,Group_7,0.004,0.0,-0.004,0,0.0,0.2
discrete__cvxpy_scip_miqp__rep000__seednone,discrete,cvxpy_scip_miqp,0,,48,Asset_048,Group_7,0.004,0.0,-0.004,0,0.0,0.2
discrete__cvxpy_scip_miqp__rep000__seednone,discrete,cvxpy_scip_miqp,0,,49,Asset_049,Group_7,0.004,0.0,-0.004,0,0.0,0.2
discrete__cvxpy_scip_miqp__rep000__seednone,discrete,cvxpy_scip_miqp,0,,50,Asset_050,Group_1,0.004,0.0,-0.004,0,0.0,0.2
discrete__cvxpy_scip_miqp__rep000__seednone,discrete,cvxpy_scip_miqp,0,,51,Asset_051,Group_3,0.004,0.0,-0.004,0,0.0,0.2
discrete__cvxpy_scip_miqp__rep000__seednone,discrete,cvxpy_scip_miqp,0,,52,Asset_052,Group_3,0.004,0.0,-0.004,0,0.0,0.2
discrete__cvxpy_scip_miqp__rep000__seednone,discrete,cvxpy_scip_miqp,0,,53,Asset_053,Group_2,0.004,0.0,-0.004,0,0.0,0.2
discrete__cvxpy_scip_miqp__rep000__seednone,discrete,cvxpy_scip_miqp,0,,54,Asset_054,Group_3,0.004,0.0,-0.004,0,0.0,0.2
discrete__cvxpy_scip_miqp__rep000__seednone,discrete,cvxpy_scip_miqp,0,,55,Asset_055,Group_2,0.004,0.0,-0.004,0,0.0,0.2
discrete__cvxpy_scip_miqp__rep000__seednone,discrete,cvxpy_scip_miqp,0,,56,Asset_056,Group_4,0.004,0.082,0.078,82,0.0,0.2
discrete__cvxpy_scip_miqp__rep000__seednone,discrete,cvxpy_scip_miqp,0,,57,Asset_057,Group_4,0.004,0.0,-0.004,0,0.0,0.2
discrete__cvxpy_scip_miqp__rep000__seednone,discrete,cvxpy_scip_miqp,0,,58,Asset_058,Group_4,0.004,0.0,-0.004,0,0.0,0.2
discrete__cvxpy_scip_miqp__rep000__seednone,discrete,cvxpy_scip_miqp,0,,59,Asset_059,Group_0,0.004,0.0,-0.004,0,0.0,0.2
discrete__cvxpy_scip_miqp__rep000__seednone,discrete,cvxpy_scip_miqp,0,,60,Asset_060,Group_6,0.004,0.0,-0.004,0,0.0,0.2
discrete__cvxpy_scip_miqp__rep000__seednone,discrete,cvxpy_scip_miqp,0,,61,Asset_061,Group_7,0.004,0.0,-0.004,0,0.0,0.2
discrete__cvxpy_scip_miqp__rep000__seednone,discrete,cvxpy_scip_miqp,0,,62,Asset_062,Group_5,0.004,0.0,-0.004,0,0.0,0.2
discrete__cvxpy_scip_miqp__rep000__seednone,discrete,cvxpy_scip_miqp,0,,63,Asset_063,Group_1,0.004,0.0,-0.004,0,0.0,0.2
discrete__cvxpy_scip_miqp__rep000__seednone,discrete,cvxpy_scip_miqp,0,,64,Asset_064,Group_4,0.004,0.0,-0.004,0,0.0,0.2
discrete__cvxpy_scip_miqp__rep000__seednone,discrete,cvxpy_scip_miqp,0,,65,Asset_065,Group_3,0.004,0.0,-0.004,0,0.0,0.2
discrete__cvxpy_scip_miqp__rep000__seednone,discrete,cvxpy_scip_miqp,0,,66,Asset_066,Group_0,0.004,0.0,-0.004,0,0.0,0.2
discrete__cvxpy_scip_miqp__rep000__seednone,discrete,cvxpy_scip_miqp,0,,67,Asset_067,Group_1,0.004,0.0,-0.004,0,0.0,0.2
discrete__cvxpy_scip_miqp__rep000__seednone,discrete,cvxpy_scip_miqp,0,,68,Asset_068,Group_4,0.004,0.0,-0.004,0,0.0,0.2
discrete__cvxpy_scip_miqp__rep000__seednone,discrete,cvxpy_scip_miqp,0,,69,Asset_069,Group_4,0.004,0.0,-0.004,0,0.0,0.2
discrete__cvxpy_scip_miqp__rep000__seednone,discrete,cvxpy_scip_miqp,0,,70,Asset_070,Group_6,0.004,0.0,-0.004,0,0.0,0.2
discrete__cvxpy_scip_miqp__rep000__seednone,discrete,cvxpy_scip_miqp,0,,71,Asset_071,Group_4,0.004,0.0,-0.004,0,0.0,0.2
discrete__cvxpy_scip_miqp__rep000__seednone,discrete,cvxpy_scip_miqp,0,,72,Asset_072,Group_0,0.004,0.02,0.016,20,0.0,0.2
discrete__cvxpy_scip_miqp__rep000__seednone,discrete,cvxpy_scip_miqp,0,,73,Asset_073,Group_2,0.004,0.0,-0.004,0,0.0,0.2
discrete__cvxpy_scip_miqp__rep000__seednone,discrete,cvxpy_scip_miqp,0,,74,Asset_074,Group_1,0.004,0.0,-0.004,0,0.0,0.2
discrete__cvxpy_scip_miqp__rep000__seednone,discrete,cvxpy_scip_miqp,0,,75,Asset_075,Group_6,0.004,0.0,-0.004,0,0.0,0.2
discrete__cvxpy_scip_miqp__rep000__seednone,discrete,cvxpy_scip_miqp,0,,76,Asset_076,Group_5,0.004,0.0,-0.004,0,0.0,0.2
discrete__cvxpy_scip_miqp__rep000__seednone,discrete,cvxpy_scip_miqp,0,,77,Asset_077,Group_0,0.004,0.0,-0.004,0,0.0,0.2
discrete__cvxpy_scip_miqp__rep000__seednone,discrete,cvxpy_scip_miqp,0,,78,Asset_078,Group_1,0.004,0.0,-0.004,0,0.0,0.2
discrete__cvxpy_scip_miqp__rep000__seednone,discrete,cvxpy_scip_miqp,0,,79,Asset_079,Group_6,0.004,0.0,-0.004,0,0.0,0.2
discrete__cvxpy_scip_miqp__rep000__seednone,discrete,cvxpy_scip_miqp,0,,80,Asset_080,Group_5,0.004,0.0,-0.004,0,0.0,0.2
discrete__cvxpy_scip_miqp__rep000__seednone,discrete,cvxpy_scip_miqp,0,,81,Asset_081,Group_4,0.004,0.0,-0.004,0,0.0,0.2
discrete__cvxpy_scip_miqp__rep000__seednone,discrete,cvxpy_scip_miqp,0,,82,Asset_082,Group_0,0.004,0.0,-0.004,0,0.0,0.2
discrete__cvxpy_scip_miqp__rep000__seednone,discrete,cvxpy_scip_miqp,0,,83,Asset_083,Group_2,0.004,0.0,-0.004,0,0.0,0.2
discrete__cvxpy_scip_miqp__rep000__seednone,discrete,cvxpy_scip_miqp,0,,84,Asset_084,Group_0,0.004,0.0,-0.004,0,0.0,0.2
discrete__cvxpy_scip_miqp__rep000__seednone,discrete,cvxpy_scip_miqp,0,,85,Asset_085,Group_6,0.004,0.0,-0.004,0,0.0,0.2
discrete__cvxpy_scip_miqp__rep000__seednone,discrete,cvxpy_scip_miqp,0,,86,Asset_086,Group_6,0.004,0.037,0.033,37,0.0,0.2
discrete__cvxpy_scip_miqp__rep000__seednone,discrete,cvxpy_scip_miqp,0,,87,Asset_087,Group_5,0.004,0.0,-0.004,0,0.0,0.2
discrete__cvxpy_scip_miqp__rep000__seednone,discrete,cvxpy_scip_miqp,0,,88,Asset_088,Group_7,0.004,0.004,0.0,4,0.0,0.2
discrete__cvxpy_scip_miqp__rep000__seednone,discrete,cvxpy_scip_miqp,0,,89,Asset_089,Group_2,0.004,0.0,-0.004,0,0.0,0.2
discrete__cvxpy_scip_miqp__rep000__seednone,discrete,cvxpy_scip_miqp,0,,90,Asset_090,Group_1,0.004,0.0,-0.004,0,0.0,0.2
discrete__cvxpy_scip_miqp__rep000__seednone,discrete,cvxpy_scip_miqp,0,,91,Asset_091,Group_3,0.004,0.0,-0.004,0,0.0,0.2
discrete__cvxpy_scip_miqp__rep000__seednone,discrete,cvxpy_scip_miqp,0,,92,Asset_092,Group_2,0.004,0.0,-0.004,0,0.0,0.2
discrete__cvxpy_scip_miqp__rep000__seednone,discrete,cvxpy_scip_miqp,0,,93,Asset_093,Group_6,0.004,0.0,-0.004,0,0.0,0.2
discrete__cvxpy_scip_miqp__rep000__seednone,discrete,cvxpy_scip_miqp,0,,94,Asset_094,Group_5,0.004,0.167,0.163,167,0.0,0.2
discrete__cvxpy_scip_miqp__rep000__seednone,discrete,cvxpy_scip_miqp,0,,95,Asset_095,Group_7,0.004,0.0,-0.004,0,0.0,0.2
discrete__cvxpy_scip_miqp__rep000__seednone,discrete,cvxpy_scip_miqp,0,,96,Asset_096,Group_5,0.004,0.0,-0.004,0,0.0,0.2
discrete__cvxpy_scip_miqp__rep000__seednone,discrete,cvxpy_scip_miqp,0,,97,Asset_097,Group_2,0.004,0.0,-0.004,0,0.0,0.2
discrete__cvxpy_scip_miqp__rep000__seednone,discrete,cvxpy_scip_miqp,0,,98,Asset_098,Group_3,0.004,0.0,-0.004,0,0.0,0.2
discrete__cvxpy_scip_miqp__rep000__seednone,discrete,cvxpy_scip_miqp,0,,99,Asset_099,Group_7,0.004,0.0,-0.004,0,0.0,0.2
discrete__cvxpy_scip_miqp__rep000__seednone,discrete,cvxpy_scip_miqp,0,,100,Asset_100,Group_7,0.004,0.0,-0.004,0,0.0,0.2
discrete__cvxpy_scip_miqp__rep000__seednone,discrete,cvxpy_scip_miqp,0,,101,Asset_101,Group_1,0.004,0.073,0.06899999999999999,73,0.0,0.2
discrete__cvxpy_scip_miqp__rep000__seednone,discrete,cvxpy_scip_miqp,0,,102,Asset_102,Group_3,0.004,0.004,0.0,4,0.0,0.2
discrete__cvxpy_scip_miqp__rep000__seednone,discrete,cvxpy_scip_miqp,0,,103,Asset_103,Group_6,0.004,0.0,-0.004,0,0.0,0.2
discrete__cvxpy_scip_miqp__rep000__seednone,discrete,cvxpy_scip_miqp,0,,104,Asset_104,Group_0,0.004,0.0,-0.004,0,0.0,0.2
discrete__cvxpy_scip_miqp__rep000__seednone,discrete,cvxpy_scip_miqp,0,,105,Asset_105,Group_2,0.004,0.0,-0.004,0,0.0,0.2
discrete__cvxpy_scip_miqp__rep000__seednone,discrete,cvxpy_scip_miqp,0,,106,Asset_106,Group_4,0.004,0.0,-0.004,0,0.0,0.2
discrete__cvxpy_scip_miqp__rep000__seednone,discrete,cvxpy_scip_miqp,0,,107,Asset_107,Group_4,0.004,0.0,-0.004,0,0.0,0.2
discrete__cvxpy_scip_miqp__rep000__seednone,discrete,cvxpy_scip_miqp,0,,108,Asset_108,Group_4,0.004,0.0,-0.004,0,0.0,0.2
discrete__cvxpy_scip_miqp__rep000__seednone,discrete,cvxpy_scip_miqp,0,,109,Asset_109,Group_4,0.004,0.0,-0.004,0,0.0,0.2
discrete__cvxpy_scip_miqp__rep000__seednone,discrete,cvxpy_scip_miqp,0,,110,Asset_110,Group_3,0.004,0.0,-0.004,0,0.0,0.2
discrete__cvxpy_scip_miqp__rep000__seednone,discrete,cvxpy_scip_miqp,0,,111,Asset_111,Group_2,0.004,0.0,-0.004,0,0.0,0.2
discrete__cvxpy_scip_miqp__rep000__seednone,discrete,cvxpy_scip_miqp,0,,112,Asset_112,Group_0,0.004,0.0,-0.004,0,0.0,0.2
discrete__cvxpy_scip_miqp__rep000__seednone,discrete,cvxpy_scip_miqp,0,,113,Asset_113,Group_7,0.004,0.0,-0.004,0,0.0,0.2
discrete__cvxpy_scip_miqp__rep000__seednone,discrete,cvxpy_scip_miqp,0,,114,Asset_114,Group_7,0.004,0.0,-0.004,0,0.0,0.2
discrete__cvxpy_scip_miqp__rep000__seednone,discrete,cvxpy_scip_miqp,0,,115,Asset_115,Group_2,0.004,0.0,-0.004,0,0.0,0.2
discrete__cvxpy_scip_miqp__rep000__seednone,discrete,cvxpy_scip_miqp,0,,116,Asset_116,Group_3,0.004,0.0,-0.004,0,0.0,0.2
discrete__cvxpy_scip_miqp__rep000__seednone,discrete,cvxpy_scip_miqp,0,,117,Asset_117,Group_6,0.004,0.0,-0.004,0,0.0,0.2
discrete__cvxpy_scip_miqp__rep000__seednone,discrete,cvxpy_scip_miqp,0,,118,Asset_118,Group_3,0.004,0.0,-0.004,0,0.0,0.2
discrete__cvxpy_scip_miqp__rep000__seednone,discrete,cvxpy_scip_miqp,0,,119,Asset_119,Group_5,0.004,0.0,-0.004,0,0.0,0.2
discrete__cvxpy_scip_miqp__rep000__seednone,discrete,cvxpy_scip_miqp,0,,120,Asset_120,Group_6,0.004,0.0,-0.004,0,0.0,0.2
discrete__cvxpy_scip_miqp__rep000__seednone,discrete,cvxpy_scip_miqp,0,,121,Asset_121,Group_2,0.004,0.0,-0.004,0,0.0,0.2
discrete__cvxpy_scip_miqp__rep000__seednone,discrete,cvxpy_scip_miqp,0,,122,Asset_122,Group_5,0.004,0.0,-0.004,0,0.0,0.2
discrete__cvxpy_scip_miqp__rep000__seednone,discrete,cvxpy_scip_miqp,0,,123,Asset_123,Group_7,0.004,0.0,-0.004,0,0.0,0.2
discrete__cvxpy_scip_miqp__rep000__seednone,discrete,cvxpy_scip_miqp,0,,124,Asset_124,Group_4,0.004,0.0,-0.004,0,0.0,0.2
discrete__cvxpy_scip_miqp__rep000__seednone,discrete,cvxpy_scip_miqp,0,,125,Asset_125,Group_0,0.004,0.0,-0.004,0,0.0,0.2
discrete__cvxpy_scip_miqp__rep000__seednone,discrete,cvxpy_scip_miqp,0,,126,Asset_126,Group_4,0.004,0.0,-0.004,0,0.0,0.2
discrete__cvxpy_scip_miqp__rep000__seednone,discrete,cvxpy_scip_miqp,0,,127,Asset_127,Group_4,0.004,0.0,-0.004,0,0.0,0.2
discrete__cvxpy_scip_miqp__rep000__seednone,discrete,cvxpy_scip_miqp,0,,128,Asset_128,Group_0,0.004,0.004,0.0,4,0.0,0.2
discrete__cvxpy_scip_miqp__rep000__seednone,discrete,cvxpy_scip_miqp,0,,129,Asset_129,Group_1,0.004,0.0,-0.004,0,0.0,0.2
discrete__cvxpy_scip_miqp__rep000__seednone,discrete,cvxpy_scip_miqp,0,,130,Asset_130,Group_2,0.004,0.0,-0.004,0,0.0,0.2
discrete__cvxpy_scip_miqp__rep000__seednone,discrete,cvxpy_scip_miqp,0,,131,Asset_131,Group_6,0.004,0.0,-0.004,0,0.0,0.2
discrete__cvxpy_scip_miqp__rep000__seednone,discrete,cvxpy_scip_miqp,0,,132,Asset_132,Group_6,0.004,0.0,-0.004,0,0.0,0.2
discrete__cvxpy_scip_miqp__rep000__seednone,discrete,cvxpy_scip_miqp,0,,133,Asset_133,Group_0,0.004,0.004,0.0,4,0.0,0.2
discrete__cvxpy_scip_miqp__rep000__seednone,discrete,cvxpy_scip_miqp,0,,134,Asset_134,Group_2,0.004,0.0,-0.004,0,0.0,0.2
discrete__cvxpy_scip_miqp__rep000__seednone,discrete,cvxpy_scip_miqp,0,,135,Asset_135,Group_5,0.004,0.0,-0.004,0,0.0,0.2
discrete__cvxpy_scip_miqp__rep000__seednone,discrete,cvxpy_scip_miqp,0,,136,Asset_136,Group_4,0.004,0.0,-0.004,0,0.0,0.2
discrete__cvxpy_scip_miqp__rep000__seednone,discrete,cvxpy_scip_miqp,0,,137,Asset_137,Group_7,0.004,0.0,-0.004,0,0.0,0.2
discrete__cvxpy_scip_miqp__rep000__seednone,discrete,cvxpy_scip_miqp,0,,138,Asset_138,Group_4,0.004,0.0,-0.004,0,0.0,0.2
discrete__cvxpy_scip_miqp__rep000__seednone,discrete,cvxpy_scip_miqp,0,,139,Asset_139,Group_2,0.004,0.0,-0.004,0,0.0,0.2
discrete__cvxpy_scip_miqp__rep000__seednone,discrete,cvxpy_scip_miqp,0,,140,Asset_140,Group_6,0.004,0.0,-0.004,0,0.0,0.2
discrete__cvxpy_scip_miqp__rep000__seednone,discrete,cvxpy_scip_miqp,0,,141,Asset_141,Group_0,0.004,0.0,-0.004,0,0.0,0.2
discrete__cvxpy_scip_miqp__rep000__seednone,discrete,cvxpy_scip_miqp,0,,142,Asset_142,Group_2,0.004,0.0,-0.004,0,0.0,0.2
discrete__cvxpy_scip_miqp__rep000__seednone,discrete,cvxpy_scip_miqp,0,,143,Asset_143,Group_3,0.004,0.0,-0.004,0,0.0,0.2
discrete__cvxpy_scip_miqp__rep000__seednone,discrete,cvxpy_scip_miqp,0,,144,Asset_144,Group_1,0.004,0.0,-0.004,0,0.0,0.2
discrete__cvxpy_scip_miqp__rep000__seednone,discrete,cvxpy_scip_miqp,0,,145,Asset_145,Group_1,0.004,0.0,-0.004,0,0.0,0.2
discrete__cvxpy_scip_miqp__rep000__seednone,discrete,cvxpy_scip_miqp,0,,146,Asset_146,Group_0,0.004,0.0,-0.004,0,0.0,0.2
discrete__cvxpy_scip_miqp__rep000__seednone,discrete,cvxpy_scip_miqp,0,,147,Asset_147,Group_7,0.004,0.0,-0.004,0,0.0,0.2
discrete__cvxpy_scip_miqp__rep000__seednone,discrete,cvxpy_scip_miqp,0,,148,Asset_148,Group_3,0.004,0.004,0.0,4,0.0,0.2
discrete__cvxpy_scip_miqp__rep000__seednone,discrete,cvxpy_scip_miqp,0,,149,Asset_149,Group_4,0.004,0.0,-0.004,0,0.0,0.2
discrete__cvxpy_scip_miqp__rep000__seednone,discrete,cvxpy_scip_miqp,0,,150,Asset_150,Group_0,0.004,0.0,-0.004,0,0.0,0.2
discrete__cvxpy_scip_miqp__rep000__seednone,discrete,cvxpy_scip_miqp,0,,151,Asset_151,Group_1,0.004,0.0,-0.004,0,0.0,0.2
discrete__cvxpy_scip_miqp__rep000__seednone,discrete,cvxpy_scip_miqp,0,,152,Asset_152,Group_4,0.004,0.0,-0.004,0,0.0,0.2
discrete__cvxpy_scip_miqp__rep000__seednone,discrete,cvxpy_scip_miqp,0,,153,Asset_153,Group_4,0.004,0.0,-0.004,0,0.0,0.2
discrete__cvxpy_scip_miqp__rep000__seednone,discrete,cvxpy_scip_miqp,0,,154,Asset_154,Group_6,0.004,0.088,0.08399999999999999,88,0.0,0.2
discrete__cvxpy_scip_miqp__rep000__seednone,discrete,cvxpy_scip_miqp,0,,155,Asset_155,Group_1,0.004,0.045,0.040999999999999995,45,0.0,0.2
discrete__cvxpy_scip_miqp__rep000__seednone,discrete,cvxpy_scip_miqp,0,,156,Asset_156,Group_5,0.004,0.0,-0.004,0,0.0,0.2
discrete__cvxpy_scip_miqp__rep000__seednone,discrete,cvxpy_scip_miqp,0,,157,Asset_157,Group_5,0.004,0.0,-0.004,0,0.0,0.2
discrete__cvxpy_scip_miqp__rep000__seednone,discrete,cvxpy_scip_miqp,0,,158,Asset_158,Group_6,0.004,0.031,0.027,31,0.0,0.2
discrete__cvxpy_scip_miqp__rep000__seednone,discrete,cvxpy_scip_miqp,0,,159,Asset_159,Group_0,0.004,0.0,-0.004,0,0.0,0.2
discrete__cvxpy_scip_miqp__rep000__seednone,discrete,cvxpy_scip_miqp,0,,160,Asset_160,Group_5,0.004,0.0,-0.004,0,0.0,0.2
discrete__cvxpy_scip_miqp__rep000__seednone,discrete,cvxpy_scip_miqp,0,,161,Asset_161,Group_0,0.004,0.0,-0.004,0,0.0,0.2
discrete__cvxpy_scip_miqp__rep000__seednone,discrete,cvxpy_scip_miqp,0,,162,Asset_162,Group_0,0.004,0.0,-0.004,0,0.0,0.2
discrete__cvxpy_scip_miqp__rep000__seednone,discrete,cvxpy_scip_miqp,0,,163,Asset_163,Group_6,0.004,0.0,-0.004,0,0.0,0.2
discrete__cvxpy_scip_miqp__rep000__seednone,discrete,cvxpy_scip_miqp,0,,164,Asset_164,Group_3,0.004,0.0,-0.004,0,0.0,0.2
discrete__cvxpy_scip_miqp__rep000__seednone,discrete,cvxpy_scip_miqp,0,,165,Asset_165,Group_2,0.004,0.0,-0.004,0,0.0,0.2
discrete__cvxpy_scip_miqp__rep000__seednone,discrete,cvxpy_scip_miqp,0,,166,Asset_166,Group_3,0.004,0.0,-0.004,0,0.0,0.2
discrete__cvxpy_scip_miqp__rep000__seednone,discrete,cvxpy_scip_miqp,0,,167,Asset_167,Group_6,0.004,0.0,-0.004,0,0.0,0.2
discrete__cvxpy_scip_miqp__rep000__seednone,discrete,cvxpy_scip_miqp,0,,168,Asset_168,Group_1,0.004,0.0,-0.004,0,0.0,0.2
discrete__cvxpy_scip_miqp__rep000__seednone,discrete,cvxpy_scip_miqp,0,,169,Asset_169,Group_3,0.004,0.0,-0.004,0,0.0,0.2
discrete__cvxpy_scip_miqp__rep000__seednone,discrete,cvxpy_scip_miqp,0,,170,Asset_170,Group_5,0.004,0.0,-0.004,0,0.0,0.2
discrete__cvxpy_scip_miqp__rep000__seednone,discrete,cvxpy_scip_miqp,0,,171,Asset_171,Group_3,0.004,0.0,-0.004,0,0.0,0.2
discrete__cvxpy_scip_miqp__rep000__seednone,discrete,cvxpy_scip_miqp,0,,172,Asset_172,Group_4,0.004,0.0,-0.004,0,0.0,0.2
discrete__cvxpy_scip_miqp__rep000__seednone,discrete,cvxpy_scip_miqp,0,,173,Asset_173,Group_7,0.004,0.0,-0.004,0,0.0,0.2
discrete__cvxpy_scip_miqp__rep000__seednone,discrete,cvxpy_scip_miqp,0,,174,Asset_174,Group_3,0.004,0.0,-0.004,0,0.0,0.2
discrete__cvxpy_scip_miqp__rep000__seednone,discrete,cvxpy_scip_miqp,0,,175,Asset_175,Group_5,0.004,0.0,-0.004,0,0.0,0.2
discrete__cvxpy_scip_miqp__rep000__seednone,discrete,cvxpy_scip_miqp,0,,176,Asset_176,Group_4,0.004,0.0,-0.004,0,0.0,0.2
discrete__cvxpy_scip_miqp__rep000__seednone,discrete,cvxpy_scip_miqp,0,,177,Asset_177,Group_1,0.004,0.0,-0.004,0,0.0,0.2
discrete__cvxpy_scip_miqp__rep000__seednone,discrete,cvxpy_scip_miqp,0,,178,Asset_178,Group_7,0.004,0.0,-0.004,0,0.0,0.2
discrete__cvxpy_scip_miqp__rep000__seednone,discrete,cvxpy_scip_miqp,0,,179,Asset_179,Group_6,0.004,0.0,-0.004,0,0.0,0.2
discrete__cvxpy_scip_miqp__rep000__seednone,discrete,cvxpy_scip_miqp,0,,180,Asset_180,Group_0,0.004,0.0,-0.004,0,0.0,0.2
discrete__cvxpy_scip_miqp__rep000__seednone,discrete,cvxpy_scip_miqp,0,,181,Asset_181,Group_7,0.004,0.0,-0.004,0,0.0,0.2
discrete__cvxpy_scip_miqp__rep000__seednone,discrete,cvxpy_scip_miqp,0,,182,Asset_182,Group_1,0.004,0.0,-0.004,0,0.0,0.2
discrete__cvxpy_scip_miqp__rep000__seednone,discrete,cvxpy_scip_miqp,0,,183,Asset_183,Group_5,0.004,0.0,-0.004,0,0.0,0.2
discrete__cvxpy_scip_miqp__rep000__seednone,discrete,cvxpy_scip_miqp,0,,184,Asset_184,Group_0,0.004,0.0,-0.004,0,0.0,0.2
discrete__cvxpy_scip_miqp__rep000__seednone,discrete,cvxpy_scip_miqp,0,,185,Asset_185,Group_7,0.004,0.0,-0.004,0,0.0,0.2
discrete__cvxpy_scip_miqp__rep000__seednone,discrete,cvxpy_scip_miqp,0,,186,Asset_186,Group_1,0.004,0.0,-0.004,0,0.0,0.2
discrete__cvxpy_scip_miqp__rep000__seednone,discrete,cvxpy_scip_miqp,0,,187,Asset_187,Group_4,0.004,0.0,-0.004,0,0.0,0.2
discrete__cvxpy_scip_miqp__rep000__seednone,discrete,cvxpy_scip_miqp,0,,188,Asset_188,Group_7,0.004,0.0,-0.004,0,0.0,0.2
discrete__cvxpy_scip_miqp__rep000__seednone,discrete,cvxpy_scip_miqp,0,,189,Asset_189,Group_3,0.004,0.0,-0.004,0,0.0,0.2
discrete__cvxpy_scip_miqp__rep000__seednone,discrete,cvxpy_scip_miqp,0,,190,Asset_190,Group_7,0.004,0.0,-0.004,0,0.0,0.2
discrete__cvxpy_scip_miqp__rep000__seednone,discrete,cvxpy_scip_miqp,0,,191,Asset_191,Group_5,0.004,0.0,-0.004,0,0.0,0.2
discrete__cvxpy_scip_miqp__rep000__seednone,discrete,cvxpy_scip_miqp,0,,192,Asset_192,Group_6,0.004,0.0,-0.004,0,0.0,0.2
discrete__cvxpy_scip_miqp__rep000__seednone,discrete,cvxpy_scip_miqp,0,,193,Asset_193,Group_5,0.004,0.0,-0.004,0,0.0,0.2
discrete__cvxpy_scip_miqp__rep000__seednone,discrete,cvxpy_scip_miqp,0,,194,Asset_194,Group_1,0.004,0.0,-0.004,0,0.0,0.2
discrete__cvxpy_scip_miqp__rep000__seednone,discrete,cvxpy_scip_miqp,0,,195,Asset_195,Group_7,0.004,0.2,0.196,200,0.0,0.2
discrete__cvxpy_scip_miqp__rep000__seednone,discrete,cvxpy_scip_miqp,0,,196,Asset_196,Group_4,0.004,0.0,-0.004,0,0.0,0.2
discrete__cvxpy_scip_miqp__rep000__seednone,discrete,cvxpy_scip_miqp,0,,197,Asset_197,Group_5,0.004,0.0,-0.004,0,0.0,0.2
discrete__cvxpy_scip_miqp__rep000__seednone,discrete,cvxpy_scip_miqp,0,,198,Asset_198,Group_1,0.004,0.0,-0.004,0,0.0,0.2
discrete__cvxpy_scip_miqp__rep000__seednone,discrete,cvxpy_scip_miqp,0,,199,Asset_199,Group_3,0.004,0.0,-0.004,0,0.0,0.2
discrete__cvxpy_scip_miqp__rep000__seednone,discrete,cvxpy_scip_miqp,0,,200,Asset_200,Group_6,0.004,0.0,-0.004,0,0.0,0.2
discrete__cvxpy_scip_miqp__rep000__seednone,discrete,cvxpy_scip_miqp,0,,201,Asset_201,Group_0,0.004,0.0,-0.004,0,0.0,0.2
discrete__cvxpy_scip_miqp__rep000__seednone,discrete,cvxpy_scip_miqp,0,,202,Asset_202,Group_6,0.004,0.0,-0.004,0,0.0,0.2
discrete__cvxpy_scip_miqp__rep000__seednone,discrete,cvxpy_scip_miqp,0,,203,Asset_203,Group_0,0.004,0.0,-0.004,0,0.0,0.2
discrete__cvxpy_scip_miqp__rep000__seednone,discrete,cvxpy_scip_miqp,0,,204,Asset_204,Group_1,0.004,0.0,-0.004,0,0.0,0.2
discrete__cvxpy_scip_miqp__rep000__seednone,discrete,cvxpy_scip_miqp,0,,205,Asset_205,Group_2,0.004,0.0,-0.004,0,0.0,0.2
discrete__cvxpy_scip_miqp__rep000__seednone,discrete,cvxpy_scip_miqp,0,,206,Asset_206,Group_0,0.004,0.0,-0.004,0,0.0,0.2
discrete__cvxpy_scip_miqp__rep000__seednone,discrete,cvxpy_scip_miqp,0,,207,Asset_207,Group_3,0.004,0.0,-0.004,0,0.0,0.2
discrete__cvxpy_scip_miqp__rep000__seednone,discrete,cvxpy_scip_miqp,0,,208,Asset_208,Group_0,0.004,0.0,-0.004,0,0.0,0.2
discrete__cvxpy_scip_miqp__rep000__seednone,discrete,cvxpy_scip_miqp,0,,209,Asset_209,Group_5,0.004,0.0,-0.004,0,0.0,0.2
discrete__cvxpy_scip_miqp__rep000__seednone,discrete,cvxpy_scip_miqp,0,,210,Asset_210,Group_2,0.004,0.0,-0.004,0,0.0,0.2
discrete__cvxpy_scip_miqp__rep000__seednone,discrete,cvxpy_scip_miqp,0,,211,Asset_211,Group_5,0.004,0.0,-0.004,0,0.0,0.2
discrete__cvxpy_scip_miqp__rep000__seednone,discrete,cvxpy_scip_miqp,0,,212,Asset_212,Group_2,0.004,0.0,-0.004,0,0.0,0.2
discrete__cvxpy_scip_miqp__rep000__seednone,discrete,cvxpy_scip_miqp,0,,213,Asset_213,Group_5,0.004,0.0,-0.004,0,0.0,0.2
discrete__cvxpy_scip_miqp__rep000__seednone,discrete,cvxpy_scip_miqp,0,,214,Asset_214,Group_1,0.004,0.0,-0.004,0,0.0,0.2
discrete__cvxpy_scip_miqp__rep000__seednone,discrete,cvxpy_scip_miqp,0,,215,Asset_215,Group_2,0.004,0.0,-0.004,0,0.0,0.2
discrete__cvxpy_scip_miqp__rep000__seednone,discrete,cvxpy_scip_miqp,0,,216,Asset_216,Group_1,0.004,0.0,-0.004,0,0.0,0.2
discrete__cvxpy_scip_miqp__rep000__seednone,discrete,cvxpy_scip_miqp,0,,217,Asset_217,Group_1,0.004,0.0,-0.004,0,0.0,0.2
discrete__cvxpy_scip_miqp__rep000__seednone,discrete,cvxpy_scip_miqp,0,,218,Asset_218,Group_6,0.004,0.0,-0.004,0,0.0,0.2
discrete__cvxpy_scip_miqp__rep000__seednone,discrete,cvxpy_scip_miqp,0,,219,Asset_219,Group_2,0.004,0.0,-0.004,0,0.0,0.2
discrete__cvxpy_scip_miqp__rep000__seednone,discrete,cvxpy_scip_miqp,0,,220,Asset_220,Group_5,0.004,0.0,-0.004,0,0.0,0.2
discrete__cvxpy_scip_miqp__rep000__seednone,discrete,cvxpy_scip_miqp,0,,221,Asset_221,Group_1,0.004,0.0,-0.004,0,0.0,0.2
discrete__cvxpy_scip_miqp__rep000__seednone,discrete,cvxpy_scip_miqp,0,,222,Asset_222,Group_3,0.004,0.0,-0.004,0,0.0,0.2
discrete__cvxpy_scip_miqp__rep000__seednone,discrete,cvxpy_scip_miqp,0,,223,Asset_223,Group_0,0.004,0.0,-0.004,0,0.0,0.2
discrete__cvxpy_scip_miqp__rep000__seednone,discrete,cvxpy_scip_miqp,0,,224,Asset_224,Group_0,0.004,0.0,-0.004,0,0.0,0.2
discrete__cvxpy_scip_miqp__rep000__seednone,discrete,cvxpy_scip_miqp,0,,225,Asset_225,Group_0,0.004,0.0,-0.004,0,0.0,0.2
discrete__cvxpy_scip_miqp__rep000__seednone,discrete,cvxpy_scip_miqp,0,,226,Asset_226,Group_6,0.004,0.0,-0.004,0,0.0,0.2
discrete__cvxpy_scip_miqp__rep000__seednone,discrete,cvxpy_scip_miqp,0,,227,Asset_227,Group_7,0.004,0.0,-0.004,0,0.0,0.2
discrete__cvxpy_scip_miqp__rep000__seednone,discrete,cvxpy_scip_miqp,0,,228,Asset_228,Group_3,0.004,0.0,-0.004,0,0.0,0.2
discrete__cvxpy_scip_miqp__rep000__seednone,discrete,cvxpy_scip_miqp,0,,229,Asset_229,Group_6,0.004,0.0,-0.004,0,0.0,0.2
discrete__cvxpy_scip_miqp__rep000__seednone,discrete,cvxpy_scip_miqp,0,,230,Asset_230,Group_4,0.004,0.001,-0.003,1,0.0,0.2
discrete__cvxpy_scip_miqp__rep000__seednone,discrete,cvxpy_scip_miqp,0,,231,Asset_231,Group_5,0.004,0.0,-0.004,0,0.0,0.2
discrete__cvxpy_scip_miqp__rep000__seednone,discrete,cvxpy_scip_miqp,0,,232,Asset_232,Group_5,0.004,0.0,-0.004,0,0.0,0.2
discrete__cvxpy_scip_miqp__rep000__seednone,discrete,cvxpy_scip_miqp,0,,233,Asset_233,Group_2,0.004,0.098,0.094,98,0.0,0.2
discrete__cvxpy_scip_miqp__rep000__seednone,discrete,cvxpy_scip_miqp,0,,234,Asset_234,Group_2,0.004,0.0,-0.004,0,0.0,0.2
discrete__cvxpy_scip_miqp__rep000__seednone,discrete,cvxpy_scip_miqp,0,,235,Asset_235,Group_7,0.004,0.0,-0.004,0,0.0,0.2
discrete__cvxpy_scip_miqp__rep000__seednone,discrete,cvxpy_scip_miqp,0,,236,Asset_236,Group_2,0.004,0.0,-0.004,0,0.0,0.2
discrete__cvxpy_scip_miqp__rep000__seednone,discrete,cvxpy_scip_miqp,0,,237,Asset_237,Group_0,0.004,0.0,-0.004,0,0.0,0.2
discrete__cvxpy_scip_miqp__rep000__seednone,discrete,cvxpy_scip_miqp,0,,238,Asset_238,Group_5,0.004,0.0,-0.004,0,0.0,0.2
discrete__cvxpy_scip_miqp__rep000__seednone,discrete,cvxpy_scip_miqp,0,,239,Asset_239,Group_5,0.004,0.004,0.0,4,0.0,0.2
discrete__cvxpy_scip_miqp__rep000__seednone,discrete,cvxpy_scip_miqp,0,,240,Asset_240,Group_7,0.004,0.0,-0.004,0,0.0,0.2
discrete__cvxpy_scip_miqp__rep000__seednone,discrete,cvxpy_scip_miqp,0,,241,Asset_241,Group_6,0.004,0.0,-0.004,0,0.0,0.2
discrete__cvxpy_scip_miqp__rep000__seednone,discrete,cvxpy_scip_miqp,0,,242,Asset_242,Group_0,0.004,0.0,-0.004,0,0.0,0.2
discrete__cvxpy_scip_miqp__rep000__seednone,discrete,cvxpy_scip_miqp,0,,243,Asset_243,Group_2,0.004,0.0,-0.004,0,0.0,0.2
discrete__cvxpy_scip_miqp__rep000__seednone,discrete,cvxpy_scip_miqp,0,,244,Asset_244,Group_7,0.004,0.0,-0.004,0,0.0,0.2
discrete__cvxpy_scip_miqp__rep000__seednone,discrete,cvxpy_scip_miqp,0,,245,Asset_245,Group_7,0.004,0.0,-0.004,0,0.0,0.2
discrete__cvxpy_scip_miqp__rep000__seednone,discrete,cvxpy_scip_miqp,0,,246,Asset_246,Group_0,0.004,0.0,-0.004,0,0.0,0.2
discrete__cvxpy_scip_miqp__rep000__seednone,discrete,cvxpy_scip_miqp,0,,247,Asset_247,Group_3,0.004,0.0,-0.004,0,0.0,0.2
discrete__cvxpy_scip_miqp__rep000__seednone,discrete,cvxpy_scip_miqp,0,,248,Asset_248,Group_2,0.004,0.0,-0.004,0,0.0,0.2
discrete__cvxpy_scip_miqp__rep000__seednone,discrete,cvxpy_scip_miqp,0,,249,Asset_249,Group_0,0.004,0.0,-0.004,0,0.0,0.2
