case_id,width,depth,trial,method,raw_draws,unique_pool_size,requested_oracle_budget,candidate_supports_supplied,allocation_supports_evaluated,financially_feasible_supports,objective_improvement,final_breaches,final_max_violation
"F=8, p=1",8,1,0,Uniform random: direct M,4,64,4,4,5,5,0.0018013294743834812,0,2.964946821393255e-08
"F=8, p=1",8,1,0,Uniform random: direct M,8,64,8,8,9,9,0.0018013294743834812,0,2.964946821393255e-08
"F=8, p=1",8,1,0,Uniform random: direct M,16,64,16,16,16,16,0.0018013294743834812,0,2.964946821393255e-08
"F=8, p=1",8,1,0,Uniform random: direct M,32,64,32,32,32,32,0.0018780941469730625,0,5.846136005849267e-10
"F=8, p=1",8,1,0,Uniform random: direct M,64,64,64,64,64,64,0.0018831079075740248,0,3.29440356938715e-10
"F=8, p=1",8,1,0,Random ranked: QPU-valid-unique matched,69,69,4,4,5,5,0.001303381499603802,0,1.8240490368137685e-10
"F=8, p=1",8,1,0,Random ranked: QPU-valid-unique matched,69,69,8,8,9,9,0.0018831079075740248,0,3.29440356938715e-10
"F=8, p=1",8,1,0,Random ranked: QPU-valid-unique matched,69,69,16,16,17,17,0.0018831079075740248,0,3.29440356938715e-10
"F=8, p=1",8,1,0,Random ranked: QPU-valid-unique matched,69,69,32,32,33,33,0.0018831079075740248,0,3.29440356938715e-10
"F=8, p=1",8,1,0,Random ranked: QPU-valid-unique matched,69,69,64,64,64,64,0.0022532156543049117,0,1.5098162511884006e-09
"F=8, p=1",8,1,0,Random ranked: QPU-raw-draw matched,8192,70,4,4,5,5,0.001303381499603802,0,1.8240490368137685e-10
"F=8, p=1",8,1,0,Random ranked: QPU-raw-draw matched,8192,70,8,8,9,9,0.0018831079075740248,0,3.29440356938715e-10
"F=8, p=1",8,1,0,Random ranked: QPU-raw-draw matched,8192,70,16,16,17,17,0.0018831079075740248,0,3.29440356938715e-10
"F=8, p=1",8,1,0,Random ranked: QPU-raw-draw matched,8192,70,32,32,33,33,0.0018831079075740248,0,3.29440356938715e-10
"F=8, p=1",8,1,0,Random ranked: QPU-raw-draw matched,8192,70,64,64,64,64,0.0022532156543049117,0,1.5098162511884006e-09
"F=8, p=1",8,1,1,Uniform random: direct M,4,64,4,4,4,4,0.0022532156543049117,0,1.5098162511884006e-09
"F=8, p=1",8,1,1,Uniform random: direct M,8,64,8,8,8,8,0.0022532156543049117,0,1.5098162511884006e-09
"F=8, p=1",8,1,1,Uniform random: direct M,16,64,16,16,16,16,0.0022532156543049117,0,1.5098162511884006e-09
"F=8, p=1",8,1,1,Uniform random: direct M,32,64,32,32,32,32,0.0022532156543049117,0,1.5098162511884006e-09
"F=8, p=1",8,1,1,Uniform random: direct M,64,64,64,64,64,64,0.0022532156543049117,0,1.5098162511884006e-09
"F=8, p=1",8,1,1,Random ranked: QPU-valid-unique matched,68,68,4,4,5,5,0.001303381499603802,0,1.8240490368137685e-10
"F=8, p=1",8,1,1,Random ranked: QPU-valid-unique matched,68,68,8,8,9,9,0.0018831079075740248,0,3.29440356938715e-10
"F=8, p=1",8,1,1,Random ranked: QPU-valid-unique matched,68,68,16,16,17,17,0.0018831079075740248,0,3.29440356938715e-10
"F=8, p=1",8,1,1,Random ranked: QPU-valid-unique matched,68,68,32,32,33,33,0.0018831079075740248,0,3.29440356938715e-10
"F=8, p=1",8,1,1,Random ranked: QPU-valid-unique matched,68,68,64,64,64,64,0.0022532156543049117,0,1.5098162511884006e-09
"F=8, p=1",8,1,1,Random ranked: QPU-raw-draw matched,8192,70,4,4,5,5,0.001303381499603802,0,1.8240490368137685e-10
"F=8, p=1",8,1,1,Random ranked: QPU-raw-draw matched,8192,70,8,8,9,9,0.0018831079075740248,0,3.29440356938715e-10
"F=8, p=1",8,1,1,Random ranked: QPU-raw-draw matched,8192,70,16,16,17,17,0.0018831079075740248,0,3.29440356938715e-10
"F=8, p=1",8,1,1,Random ranked: QPU-raw-draw matched,8192,70,32,32,33,33,0.0018831079075740248,0,3.29440356938715e-10
"F=8, p=1",8,1,1,Random ranked: QPU-raw-draw matched,8192,70,64,64,64,64,0.0022532156543049117,0,1.5098162511884006e-09
"F=8, p=1",8,1,2,Uniform random: direct M,4,64,4,4,5,5,0.0022532156543049117,0,1.5098162511884006e-09
"F=8, p=1",8,1,2,Uniform random: direct M,8,64,8,8,9,9,0.0022532156543049117,0,1.5098162511884006e-09
"F=8, p=1",8,1,2,Uniform random: direct M,16,64,16,16,17,17,0.0022532156543049117,0,1.5098162511884006e-09
"F=8, p=1",8,1,2,Uniform random: direct M,32,64,32,32,33,33,0.0022532156543049117,0,1.5098162511884006e-09
"F=8, p=1",8,1,2,Uniform random: direct M,64,64,64,64,65,65,0.0022532156543049117,0,1.5098162511884006e-09
"F=8, p=1",8,1,2,Random ranked: QPU-valid-unique matched,68,68,4,4,5,5,0.001303381499603802,0,1.8240490368137685e-10
"F=8, p=1",8,1,2,Random ranked: QPU-valid-unique matched,68,68,8,8,9,9,0.0018831079075740248,0,3.29440356938715e-10
"F=8, p=1",8,1,2,Random ranked: QPU-valid-unique matched,68,68,16,16,17,17,0.0018831079075740248,0,3.29440356938715e-10
"F=8, p=1",8,1,2,Random ranked: QPU-valid-unique matched,68,68,32,32,33,33,0.0018831079075740248,0,3.29440356938715e-10
"F=8, p=1",8,1,2,Random ranked: QPU-valid-unique matched,68,68,64,64,64,64,0.0022532156543049117,0,1.5098162511884006e-09
"F=8, p=1",8,1,2,Random ranked: QPU-raw-draw matched,8192,70,4,4,5,5,0.001303381499603802,0,1.8240490368137685e-10
"F=8, p=1",8,1,2,Random ranked: QPU-raw-draw matched,8192,70,8,8,9,9,0.0018831079075740248,0,3.29440356938715e-10
"F=8, p=1",8,1,2,Random ranked: QPU-raw-draw matched,8192,70,16,16,17,17,0.0018831079075740248,0,3.29440356938715e-10
"F=8, p=1",8,1,2,Random ranked: QPU-raw-draw matched,8192,70,32,32,33,33,0.0018831079075740248,0,3.29440356938715e-10
"F=8, p=1",8,1,2,Random ranked: QPU-raw-draw matched,8192,70,64,64,64,64,0.0022532156543049117,0,1.5098162511884006e-09
"F=8, p=1",8,1,3,Uniform random: direct M,4,64,4,4,5,5,0.001338496753206693,0,1.3756918521012906e-10
"F=8, p=1",8,1,3,Uniform random: direct M,8,64,8,8,9,9,0.0018529103184746626,0,1.5425487623343948e-09
"F=8, p=1",8,1,3,Uniform random: direct M,16,64,16,16,17,17,0.0018529103184746626,0,1.5425487623343948e-09
"F=8, p=1",8,1,3,Uniform random: direct M,32,64,32,32,33,33,0.0022532156543049117,0,1.5098162511884006e-09
"F=8, p=1",8,1,3,Uniform random: direct M,64,64,64,64,65,65,0.0022532156543049117,0,1.5098162511884006e-09
"F=8, p=1",8,1,3,Random ranked: QPU-valid-unique matched,69,69,4,4,5,5,0.001303381499603802,0,1.8240490368137685e-10
"F=8, p=1",8,1,3,Random ranked: QPU-valid-unique matched,69,69,8,8,9,9,0.0018831079075740248,0,3.29440356938715e-10
"F=8, p=1",8,1,3,Random ranked: QPU-valid-unique matched,69,69,16,16,17,17,0.0018831079075740248,0,3.29440356938715e-10
"F=8, p=1",8,1,3,Random ranked: QPU-valid-unique matched,69,69,32,32,33,33,0.0018831079075740248,0,3.29440356938715e-10
"F=8, p=1",8,1,3,Random ranked: QPU-valid-unique matched,69,69,64,64,64,64,0.0022532156543049117,0,1.5098162511884006e-09
"F=8, p=1",8,1,3,Random ranked: QPU-raw-draw matched,8192,70,4,4,5,5,0.001303381499603802,0,1.8240490368137685e-10
"F=8, p=1",8,1,3,Random ranked: QPU-raw-draw matched,8192,70,8,8,9,9,0.0018831079075740248,0,3.29440356938715e-10
"F=8, p=1",8,1,3,Random ranked: QPU-raw-draw matched,8192,70,16,16,17,17,0.0018831079075740248,0,3.29440356938715e-10
"F=8, p=1",8,1,3,Random ranked: QPU-raw-draw matched,8192,70,32,32,33,33,0.0018831079075740248,0,3.29440356938715e-10
"F=8, p=1",8,1,3,Random ranked: QPU-raw-draw matched,8192,70,64,64,64,64,0.0022532156543049117,0,1.5098162511884006e-09
"F=8, p=1",8,1,4,Uniform random: direct M,4,64,4,4,5,5,0.0017642262316261356,0,5.902688199332928e-10
"F=8, p=1",8,1,4,Uniform random: direct M,8,64,8,8,9,9,0.0017697560871250684,0,1.5652301454949225e-08
"F=8, p=1",8,1,4,Uniform random: direct M,16,64,16,16,17,17,0.0018831079075740248,0,3.29440356938715e-10
"F=8, p=1",8,1,4,Uniform random: direct M,32,64,32,32,32,32,0.0018831079075740248,0,3.29440356938715e-10
"F=8, p=1",8,1,4,Uniform random: direct M,64,64,64,64,64,64,0.0022532156543049117,0,1.5098162511884006e-09
"F=8, p=1",8,1,4,Random ranked: QPU-valid-unique matched,68,68,4,4,5,5,0.001303381499603802,0,1.8240490368137685e-10
"F=8, p=1",8,1,4,Random ranked: QPU-valid-unique matched,68,68,8,8,9,9,0.0018831079075740248,0,3.29440356938715e-10
"F=8, p=1",8,1,4,Random ranked: QPU-valid-unique matched,68,68,16,16,17,17,0.0018831079075740248,0,3.29440356938715e-10
"F=8, p=1",8,1,4,Random ranked: QPU-valid-unique matched,68,68,32,32,33,33,0.0018831079075740248,0,3.29440356938715e-10
"F=8, p=1",8,1,4,Random ranked: QPU-valid-unique matched,68,68,64,64,64,64,0.0022532156543049117,0,1.5098162511884006e-09
"F=8, p=1",8,1,4,Random ranked: QPU-raw-draw matched,8192,70,4,4,5,5,0.001303381499603802,0,1.8240490368137685e-10
"F=8, p=1",8,1,4,Random ranked: QPU-raw-draw matched,8192,70,8,8,9,9,0.0018831079075740248,0,3.29440356938715e-10
"F=8, p=1",8,1,4,Random ranked: QPU-raw-draw matched,8192,70,16,16,17,17,0.0018831079075740248,0,3.29440356938715e-10
"F=8, p=1",8,1,4,Random ranked: QPU-raw-draw matched,8192,70,32,32,33,33,0.0018831079075740248,0,3.29440356938715e-10
"F=8, p=1",8,1,4,Random ranked: QPU-raw-draw matched,8192,70,64,64,64,64,0.0022532156543049117,0,1.5098162511884006e-09
"F=8, p=1",8,1,5,Uniform random: direct M,4,64,4,4,5,5,0.0017574577872738334,0,2.6407577791154324e-08
"F=8, p=1",8,1,5,Uniform random: direct M,8,64,8,8,8,8,0.0017574577872738334,0,2.6407577791154324e-08
"F=8, p=1",8,1,5,Uniform random: direct M,16,64,16,16,16,16,0.0018529103184746626,0,1.5425487623343948e-09
"F=8, p=1",8,1,5,Uniform random: direct M,32,64,32,32,32,32,0.0018529103184746626,0,1.5425487623343948e-09
"F=8, p=1",8,1,5,Uniform random: direct M,64,64,64,64,64,64,0.0018780941469730625,0,5.846136005849267e-10
"F=8, p=1",8,1,5,Random ranked: QPU-valid-unique matched,68,68,4,4,5,5,0.001303381499603802,0,1.8240490368137685e-10
"F=8, p=1",8,1,5,Random ranked: QPU-valid-unique matched,68,68,8,8,9,9,0.0018831079075740248,0,3.29440356938715e-10
"F=8, p=1",8,1,5,Random ranked: QPU-valid-unique matched,68,68,16,16,17,17,0.0018831079075740248,0,3.29440356938715e-10
"F=8, p=1",8,1,5,Random ranked: QPU-valid-unique matched,68,68,32,32,33,33,0.0018831079075740248,0,3.29440356938715e-10
"F=8, p=1",8,1,5,Random ranked: QPU-valid-unique matched,68,68,64,64,64,64,0.0022532156543049117,0,1.5098162511884006e-09
"F=8, p=1",8,1,5,Random ranked: QPU-raw-draw matched,8192,70,4,4,5,5,0.001303381499603802,0,1.8240490368137685e-10
"F=8, p=1",8,1,5,Random ranked: QPU-raw-draw matched,8192,70,8,8,9,9,0.0018831079075740248,0,3.29440356938715e-10
"F=8, p=1",8,1,5,Random ranked: QPU-raw-draw matched,8192,70,16,16,17,17,0.0018831079075740248,0,3.29440356938715e-10
"F=8, p=1",8,1,5,Random ranked: QPU-raw-draw matched,8192,70,32,32,33,33,0.0018831079075740248,0,3.29440356938715e-10
"F=8, p=1",8,1,5,Random ranked: QPU-raw-draw matched,8192,70,64,64,64,64,0.0022532156543049117,0,1.5098162511884006e-09
"F=8, p=1",8,1,6,Uniform random: direct M,4,64,4,4,5,5,0.0022532156543049117,0,1.5098162511884006e-09
"F=8, p=1",8,1,6,Uniform random: direct M,8,64,8,8,9,9,0.0022532156543049117,0,1.5098162511884006e-09
"F=8, p=1",8,1,6,Uniform random: direct M,16,64,16,16,17,17,0.0022532156543049117,0,1.5098162511884006e-09
"F=8, p=1",8,1,6,Uniform random: direct M,32,64,32,32,33,33,0.0022532156543049117,0,1.5098162511884006e-09
"F=8, p=1",8,1,6,Uniform random: direct M,64,64,64,64,64,64,0.0022532156543049117,0,1.5098162511884006e-09
"F=8, p=1",8,1,6,Random ranked: QPU-valid-unique matched,69,69,4,4,5,5,0.001303381499603802,0,1.8240490368137685e-10
"F=8, p=1",8,1,6,Random ranked: QPU-valid-unique matched,69,69,8,8,9,9,0.0018831079075740248,0,3.29440356938715e-10
"F=8, p=1",8,1,6,Random ranked: QPU-valid-unique matched,69,69,16,16,17,17,0.0018831079075740248,0,3.29440356938715e-10
"F=8, p=1",8,1,6,Random ranked: QPU-valid-unique matched,69,69,32,32,33,33,0.0018831079075740248,0,3.29440356938715e-10
"F=8, p=1",8,1,6,Random ranked: QPU-valid-unique matched,69,69,64,64,64,64,0.0022532156543049117,0,1.5098162511884006e-09
"F=8, p=1",8,1,6,Random ranked: QPU-raw-draw matched,8192,70,4,4,5,5,0.001303381499603802,0,1.8240490368137685e-10
"F=8, p=1",8,1,6,Random ranked: QPU-raw-draw matched,8192,70,8,8,9,9,0.0018831079075740248,0,3.29440356938715e-10
"F=8, p=1",8,1,6,Random ranked: QPU-raw-draw matched,8192,70,16,16,17,17,0.0018831079075740248,0,3.29440356938715e-10
"F=8, p=1",8,1,6,Random ranked: QPU-raw-draw matched,8192,70,32,32,33,33,0.0018831079075740248,0,3.29440356938715e-10
"F=8, p=1",8,1,6,Random ranked: QPU-raw-draw matched,8192,70,64,64,64,64,0.0022532156543049117,0,1.5098162511884006e-09
"F=8, p=1",8,1,7,Uniform random: direct M,4,64,4,4,5,5,0.0017574577872738334,0,2.6407577791154324e-08
"F=8, p=1",8,1,7,Uniform random: direct M,8,64,8,8,9,9,0.0022532156543049117,0,1.5098162511884006e-09
"F=8, p=1",8,1,7,Uniform random: direct M,16,64,16,16,17,17,0.0022532156543049117,0,1.5098162511884006e-09
"F=8, p=1",8,1,7,Uniform random: direct M,32,64,32,32,33,33,0.0022532156543049117,0,1.5098162511884006e-09
"F=8, p=1",8,1,7,Uniform random: direct M,64,64,64,64,64,64,0.0022532156543049117,0,1.5098162511884006e-09
"F=8, p=1",8,1,7,Random ranked: QPU-valid-unique matched,68,68,4,4,5,5,0.001303381499603802,0,1.8240490368137685e-10
"F=8, p=1",8,1,7,Random ranked: QPU-valid-unique matched,68,68,8,8,9,9,0.0018831079075740248,0,3.29440356938715e-10
"F=8, p=1",8,1,7,Random ranked: QPU-valid-unique matched,68,68,16,16,17,17,0.0018831079075740248,0,3.29440356938715e-10
"F=8, p=1",8,1,7,Random ranked: QPU-valid-unique matched,68,68,32,32,33,33,0.0018831079075740248,0,3.29440356938715e-10
"F=8, p=1",8,1,7,Random ranked: QPU-valid-unique matched,68,68,64,64,64,64,0.0022532156543049117,0,1.5098162511884006e-09
"F=8, p=1",8,1,7,Random ranked: QPU-raw-draw matched,8192,70,4,4,5,5,0.001303381499603802,0,1.8240490368137685e-10
"F=8, p=1",8,1,7,Random ranked: QPU-raw-draw matched,8192,70,8,8,9,9,0.0018831079075740248,0,3.29440356938715e-10
"F=8, p=1",8,1,7,Random ranked: QPU-raw-draw matched,8192,70,16,16,17,17,0.0018831079075740248,0,3.29440356938715e-10
"F=8, p=1",8,1,7,Random ranked: QPU-raw-draw matched,8192,70,32,32,33,33,0.0018831079075740248,0,3.29440356938715e-10
"F=8, p=1",8,1,7,Random ranked: QPU-raw-draw matched,8192,70,64,64,64,64,0.0022532156543049117,0,1.5098162511884006e-09
"F=8, p=1",8,1,8,Uniform random: direct M,4,64,4,4,5,5,0.0018780941469730625,0,5.846136005849267e-10
"F=8, p=1",8,1,8,Uniform random: direct M,8,64,8,8,9,9,0.0018780941469730625,0,5.846136005849267e-10
"F=8, p=1",8,1,8,Uniform random: direct M,16,64,16,16,17,17,0.0018780941469730625,0,5.846136005849267e-10
"F=8, p=1",8,1,8,Uniform random: direct M,32,64,32,32,32,32,0.0018780941469730625,0,5.846136005849267e-10
"F=8, p=1",8,1,8,Uniform random: direct M,64,64,64,64,64,64,0.0022532156543049117,0,1.5098162511884006e-09
"F=8, p=1",8,1,8,Random ranked: QPU-valid-unique matched,68,68,4,4,5,5,0.001303381499603802,0,1.8240490368137685e-10
"F=8, p=1",8,1,8,Random ranked: QPU-valid-unique matched,68,68,8,8,9,9,0.0018831079075740248,0,3.29440356938715e-10
"F=8, p=1",8,1,8,Random ranked: QPU-valid-unique matched,68,68,16,16,17,17,0.0018831079075740248,0,3.29440356938715e-10
"F=8, p=1",8,1,8,Random ranked: QPU-valid-unique matched,68,68,32,32,33,33,0.0018831079075740248,0,3.29440356938715e-10
"F=8, p=1",8,1,8,Random ranked: QPU-valid-unique matched,68,68,64,64,64,64,0.0022532156543049117,0,1.5098162511884006e-09
"F=8, p=1",8,1,8,Random ranked: QPU-raw-draw matched,8192,70,4,4,5,5,0.001303381499603802,0,1.8240490368137685e-10
"F=8, p=1",8,1,8,Random ranked: QPU-raw-draw matched,8192,70,8,8,9,9,0.0018831079075740248,0,3.29440356938715e-10
"F=8, p=1",8,1,8,Random ranked: QPU-raw-draw matched,8192,70,16,16,17,17,0.0018831079075740248,0,3.29440356938715e-10
"F=8, p=1",8,1,8,Random ranked: QPU-raw-draw matched,8192,70,32,32,33,33,0.0018831079075740248,0,3.29440356938715e-10
"F=8, p=1",8,1,8,Random ranked: QPU-raw-draw matched,8192,70,64,64,64,64,0.0022532156543049117,0,1.5098162511884006e-09
"F=8, p=1",8,1,9,Uniform random: direct M,4,64,4,4,5,5,0.0017574577872738334,0,2.6407577791154324e-08
"F=8, p=1",8,1,9,Uniform random: direct M,8,64,8,8,9,9,0.0017574577872738334,0,2.6407577791154324e-08
"F=8, p=1",8,1,9,Uniform random: direct M,16,64,16,16,17,17,0.0018780941469730625,0,5.846136005849267e-10
"F=8, p=1",8,1,9,Uniform random: direct M,32,64,32,32,32,32,0.0018780941469730625,0,5.846136005849267e-10
"F=8, p=1",8,1,9,Uniform random: direct M,64,64,64,64,64,64,0.0022532156543049117,0,1.5098162511884006e-09
"F=8, p=1",8,1,9,Random ranked: QPU-valid-unique matched,69,69,4,4,5,5,0.001303381499603802,0,1.8240490368137685e-10
"F=8, p=1",8,1,9,Random ranked: QPU-valid-unique matched,69,69,8,8,9,9,0.0018831079075740248,0,3.29440356938715e-10
"F=8, p=1",8,1,9,Random ranked: QPU-valid-unique matched,69,69,16,16,17,17,0.0018831079075740248,0,3.29440356938715e-10
"F=8, p=1",8,1,9,Random ranked: QPU-valid-unique matched,69,69,32,32,33,33,0.0018831079075740248,0,3.29440356938715e-10
"F=8, p=1",8,1,9,Random ranked: QPU-valid-unique matched,69,69,64,64,64,64,0.0022532156543049117,0,1.5098162511884006e-09
"F=8, p=1",8,1,9,Random ranked: QPU-raw-draw matched,8192,70,4,4,5,5,0.001303381499603802,0,1.8240490368137685e-10
"F=8, p=1",8,1,9,Random ranked: QPU-raw-draw matched,8192,70,8,8,9,9,0.0018831079075740248,0,3.29440356938715e-10
"F=8, p=1",8,1,9,Random ranked: QPU-raw-draw matched,8192,70,16,16,17,17,0.0018831079075740248,0,3.29440356938715e-10
"F=8, p=1",8,1,9,Random ranked: QPU-raw-draw matched,8192,70,32,32,33,33,0.0018831079075740248,0,3.29440356938715e-10
"F=8, p=1",8,1,9,Random ranked: QPU-raw-draw matched,8192,70,64,64,64,64,0.0022532156543049117,0,1.5098162511884006e-09
"F=8, p=1",8,1,10,Uniform random: direct M,4,64,4,4,5,5,0.0022532156543049117,0,1.5098162511884006e-09
"F=8, p=1",8,1,10,Uniform random: direct M,8,64,8,8,9,9,0.0022532156543049117,0,1.5098162511884006e-09
"F=8, p=1",8,1,10,Uniform random: direct M,16,64,16,16,17,17,0.0022532156543049117,0,1.5098162511884006e-09
"F=8, p=1",8,1,10,Uniform random: direct M,32,64,32,32,33,33,0.0022532156543049117,0,1.5098162511884006e-09
"F=8, p=1",8,1,10,Uniform random: direct M,64,64,64,64,64,64,0.0022532156543049117,0,1.5098162511884006e-09
"F=8, p=1",8,1,10,Random ranked: QPU-valid-unique matched,68,68,4,4,5,5,0.0012839870796249805,0,1.9941378992527348e-08
"F=8, p=1",8,1,10,Random ranked: QPU-valid-unique matched,68,68,8,8,9,9,0.0018831079075740248,0,3.29440356938715e-10
"F=8, p=1",8,1,10,Random ranked: QPU-valid-unique matched,68,68,16,16,17,17,0.0018831079075740248,0,3.29440356938715e-10
"F=8, p=1",8,1,10,Random ranked: QPU-valid-unique matched,68,68,32,32,33,33,0.0018831079075740248,0,3.29440356938715e-10
"F=8, p=1",8,1,10,Random ranked: QPU-valid-unique matched,68,68,64,64,64,64,0.0022532156543049117,0,1.5098162511884006e-09
"F=8, p=1",8,1,10,Random ranked: QPU-raw-draw matched,8192,70,4,4,5,5,0.001303381499603802,0,1.8240490368137685e-10
"F=8, p=1",8,1,10,Random ranked: QPU-raw-draw matched,8192,70,8,8,9,9,0.0018831079075740248,0,3.29440356938715e-10
"F=8, p=1",8,1,10,Random ranked: QPU-raw-draw matched,8192,70,16,16,17,17,0.0018831079075740248,0,3.29440356938715e-10
"F=8, p=1",8,1,10,Random ranked: QPU-raw-draw matched,8192,70,32,32,33,33,0.0018831079075740248,0,3.29440356938715e-10
"F=8, p=1",8,1,10,Random ranked: QPU-raw-draw matched,8192,70,64,64,64,64,0.0022532156543049117,0,1.5098162511884006e-09
"F=8, p=1",8,1,11,Uniform random: direct M,4,64,4,4,5,5,0.0013148947678900957,0,1.2570265453537566e-09
"F=8, p=1",8,1,11,Uniform random: direct M,8,64,8,8,9,9,0.0013148947678900957,0,1.2570265453537566e-09
"F=8, p=1",8,1,11,Uniform random: direct M,16,64,16,16,17,17,0.001843387532518781,0,1.5729187508028986e-08
"F=8, p=1",8,1,11,Uniform random: direct M,32,64,32,32,33,33,0.0018831079075740248,0,3.29440356938715e-10
"F=8, p=1",8,1,11,Uniform random: direct M,64,64,64,64,64,64,0.0022532156543049117,0,1.5098162511884006e-09
"F=8, p=1",8,1,11,Random ranked: QPU-valid-unique matched,68,68,4,4,5,5,0.001303381499603802,0,1.8240490368137685e-10
"F=8, p=1",8,1,11,Random ranked: QPU-valid-unique matched,68,68,8,8,9,9,0.0018831079075740248,0,3.29440356938715e-10
"F=8, p=1",8,1,11,Random ranked: QPU-valid-unique matched,68,68,16,16,17,17,0.0018831079075740248,0,3.29440356938715e-10
"F=8, p=1",8,1,11,Random ranked: QPU-valid-unique matched,68,68,32,32,33,33,0.0018831079075740248,0,3.29440356938715e-10
"F=8, p=1",8,1,11,Random ranked: QPU-valid-unique matched,68,68,64,64,64,64,0.0022532156543049117,0,1.5098162511884006e-09
"F=8, p=1",8,1,11,Random ranked: QPU-raw-draw matched,8192,70,4,4,5,5,0.001303381499603802,0,1.8240490368137685e-10
"F=8, p=1",8,1,11,Random ranked: QPU-raw-draw matched,8192,70,8,8,9,9,0.0018831079075740248,0,3.29440356938715e-10
"F=8, p=1",8,1,11,Random ranked: QPU-raw-draw matched,8192,70,16,16,17,17,0.0018831079075740248,0,3.29440356938715e-10
"F=8, p=1",8,1,11,Random ranked: QPU-raw-draw matched,8192,70,32,32,33,33,0.0018831079075740248,0,3.29440356938715e-10
"F=8, p=1",8,1,11,Random ranked: QPU-raw-draw matched,8192,70,64,64,64,64,0.0022532156543049117,0,1.5098162511884006e-09
"F=8, p=1",8,1,12,Uniform random: direct M,4,64,4,4,5,5,0.001750500187139778,0,1.3648679339506309e-09
"F=8, p=1",8,1,12,Uniform random: direct M,8,64,8,8,9,9,0.001843387532518781,0,1.5729187508028986e-08
"F=8, p=1",8,1,12,Uniform random: direct M,16,64,16,16,17,17,0.0018529103184746626,0,1.5425487623343948e-09
"F=8, p=1",8,1,12,Uniform random: direct M,32,64,32,32,32,32,0.0022532156543049117,0,1.5098162511884006e-09
"F=8, p=1",8,1,12,Uniform random: direct M,64,64,64,64,64,64,0.0022532156543049117,0,1.5098162511884006e-09
"F=8, p=1",8,1,12,Random ranked: QPU-valid-unique matched,69,69,4,4,5,5,0.001303381499603802,0,1.8240490368137685e-10
"F=8, p=1",8,1,12,Random ranked: QPU-valid-unique matched,69,69,8,8,9,9,0.0018831079075740248,0,3.29440356938715e-10
"F=8, p=1",8,1,12,Random ranked: QPU-valid-unique matched,69,69,16,16,17,17,0.0018831079075740248,0,3.29440356938715e-10
"F=8, p=1",8,1,12,Random ranked: QPU-valid-unique matched,69,69,32,32,33,33,0.0018831079075740248,0,3.29440356938715e-10
"F=8, p=1",8,1,12,Random ranked: QPU-valid-unique matched,69,69,64,64,64,64,0.0022532156543049117,0,1.5098162511884006e-09
"F=8, p=1",8,1,12,Random ranked: QPU-raw-draw matched,8192,70,4,4,5,5,0.001303381499603802,0,1.8240490368137685e-10
"F=8, p=1",8,1,12,Random ranked: QPU-raw-draw matched,8192,70,8,8,9,9,0.0018831079075740248,0,3.29440356938715e-10
"F=8, p=1",8,1,12,Random ranked: QPU-raw-draw matched,8192,70,16,16,17,17,0.0018831079075740248,0,3.29440356938715e-10
"F=8, p=1",8,1,12,Random ranked: QPU-raw-draw matched,8192,70,32,32,33,33,0.0018831079075740248,0,3.29440356938715e-10
"F=8, p=1",8,1,12,Random ranked: QPU-raw-draw matched,8192,70,64,64,64,64,0.0022532156543049117,0,1.5098162511884006e-09
"F=8, p=1",8,1,13,Uniform random: direct M,4,64,4,4,5,5,0.0017697560871250684,0,1.5652301454949225e-08
"F=8, p=1",8,1,13,Uniform random: direct M,8,64,8,8,9,9,0.0017697560871250684,0,1.5652301454949225e-08
"F=8, p=1",8,1,13,Uniform random: direct M,16,64,16,16,17,17,0.0017697560871250684,0,1.5652301454949225e-08
"F=8, p=1",8,1,13,Uniform random: direct M,32,64,32,32,33,33,0.0018831079075740248,0,3.29440356938715e-10
"F=8, p=1",8,1,13,Uniform random: direct M,64,64,64,64,64,64,0.0022532156543049117,0,1.5098162511884006e-09
"F=8, p=1",8,1,13,Random ranked: QPU-valid-unique matched,68,68,4,4,5,5,0.001303381499603802,0,1.8240490368137685e-10
"F=8, p=1",8,1,13,Random ranked: QPU-valid-unique matched,68,68,8,8,9,9,0.0018831079075740248,0,3.29440356938715e-10
"F=8, p=1",8,1,13,Random ranked: QPU-valid-unique matched,68,68,16,16,17,17,0.0018831079075740248,0,3.29440356938715e-10
"F=8, p=1",8,1,13,Random ranked: QPU-valid-unique matched,68,68,32,32,33,33,0.0018831079075740248,0,3.29440356938715e-10
"F=8, p=1",8,1,13,Random ranked: QPU-valid-unique matched,68,68,64,64,64,64,0.0022532156543049117,0,1.5098162511884006e-09
"F=8, p=1",8,1,13,Random ranked: QPU-raw-draw matched,8192,70,4,4,5,5,0.001303381499603802,0,1.8240490368137685e-10
"F=8, p=1",8,1,13,Random ranked: QPU-raw-draw matched,8192,70,8,8,9,9,0.0018831079075740248,0,3.29440356938715e-10
"F=8, p=1",8,1,13,Random ranked: QPU-raw-draw matched,8192,70,16,16,17,17,0.0018831079075740248,0,3.29440356938715e-10
"F=8, p=1",8,1,13,Random ranked: QPU-raw-draw matched,8192,70,32,32,33,33,0.0018831079075740248,0,3.29440356938715e-10
"F=8, p=1",8,1,13,Random ranked: QPU-raw-draw matched,8192,70,64,64,64,64,0.0022532156543049117,0,1.5098162511884006e-09
"F=8, p=1",8,1,14,Uniform random: direct M,4,64,4,4,4,4,0.0007104095805062979,0,1.9474433177180117e-10
"F=8, p=1",8,1,14,Uniform random: direct M,8,64,8,8,8,8,0.0018780941469730625,0,5.846136005849267e-10
"F=8, p=1",8,1,14,Uniform random: direct M,16,64,16,16,16,16,0.0018780941469730625,0,5.846136005849267e-10
"F=8, p=1",8,1,14,Uniform random: direct M,32,64,32,32,32,32,0.0022532156543049117,0,1.5098162511884006e-09
"F=8, p=1",8,1,14,Uniform random: direct M,64,64,64,64,64,64,0.0022532156543049117,0,1.5098162511884006e-09
"F=8, p=1",8,1,14,Random ranked: QPU-valid-unique matched,68,68,4,4,5,5,0.001303381499603802,0,1.8240490368137685e-10
"F=8, p=1",8,1,14,Random ranked: QPU-valid-unique matched,68,68,8,8,9,9,0.0018831079075740248,0,3.29440356938715e-10
"F=8, p=1",8,1,14,Random ranked: QPU-valid-unique matched,68,68,16,16,17,17,0.0018831079075740248,0,3.29440356938715e-10
"F=8, p=1",8,1,14,Random ranked: QPU-valid-unique matched,68,68,32,32,33,33,0.0018831079075740248,0,3.29440356938715e-10
"F=8, p=1",8,1,14,Random ranked: QPU-valid-unique matched,68,68,64,64,65,65,0.0022532156543049117,0,1.5098162511884006e-09
"F=8, p=1",8,1,14,Random ranked: QPU-raw-draw matched,8192,70,4,4,5,5,0.001303381499603802,0,1.8240490368137685e-10
"F=8, p=1",8,1,14,Random ranked: QPU-raw-draw matched,8192,70,8,8,9,9,0.0018831079075740248,0,3.29440356938715e-10
"F=8, p=1",8,1,14,Random ranked: QPU-raw-draw matched,8192,70,16,16,17,17,0.0018831079075740248,0,3.29440356938715e-10
"F=8, p=1",8,1,14,Random ranked: QPU-raw-draw matched,8192,70,32,32,33,33,0.0018831079075740248,0,3.29440356938715e-10
"F=8, p=1",8,1,14,Random ranked: QPU-raw-draw matched,8192,70,64,64,64,64,0.0022532156543049117,0,1.5098162511884006e-09
"F=8, p=1",8,1,15,Uniform random: direct M,4,64,4,4,5,5,0.001843387532518781,0,1.5729187508028986e-08
"F=8, p=1",8,1,15,Uniform random: direct M,8,64,8,8,9,9,0.001843387532518781,0,1.5729187508028986e-08
"F=8, p=1",8,1,15,Uniform random: direct M,16,64,16,16,17,17,0.001843387532518781,0,1.5729187508028986e-08
"F=8, p=1",8,1,15,Uniform random: direct M,32,64,32,32,33,33,0.0018831079075740248,0,3.29440356938715e-10
"F=8, p=1",8,1,15,Uniform random: direct M,64,64,64,64,64,64,0.0022532156543049117,0,1.5098162511884006e-09
"F=8, p=1",8,1,15,Random ranked: QPU-valid-unique matched,69,69,4,4,5,5,0.001303381499603802,0,1.8240490368137685e-10
"F=8, p=1",8,1,15,Random ranked: QPU-valid-unique matched,69,69,8,8,9,9,0.0018831079075740248,0,3.29440356938715e-10
"F=8, p=1",8,1,15,Random ranked: QPU-valid-unique matched,69,69,16,16,17,17,0.0018831079075740248,0,3.29440356938715e-10
"F=8, p=1",8,1,15,Random ranked: QPU-valid-unique matched,69,69,32,32,33,33,0.0018831079075740248,0,3.29440356938715e-10
"F=8, p=1",8,1,15,Random ranked: QPU-valid-unique matched,69,69,64,64,64,64,0.0022532156543049117,0,1.5098162511884006e-09
"F=8, p=1",8,1,15,Random ranked: QPU-raw-draw matched,8192,70,4,4,5,5,0.001303381499603802,0,1.8240490368137685e-10
"F=8, p=1",8,1,15,Random ranked: QPU-raw-draw matched,8192,70,8,8,9,9,0.0018831079075740248,0,3.29440356938715e-10
"F=8, p=1",8,1,15,Random ranked: QPU-raw-draw matched,8192,70,16,16,17,17,0.0018831079075740248,0,3.29440356938715e-10
"F=8, p=1",8,1,15,Random ranked: QPU-raw-draw matched,8192,70,32,32,33,33,0.0018831079075740248,0,3.29440356938715e-10
"F=8, p=1",8,1,15,Random ranked: QPU-raw-draw matched,8192,70,64,64,64,64,0.0022532156543049117,0,1.5098162511884006e-09
"F=8, p=1",8,1,16,Uniform random: direct M,4,64,4,4,5,5,0.0017574577872738334,0,2.6407577791154324e-08
"F=8, p=1",8,1,16,Uniform random: direct M,8,64,8,8,8,8,0.0018013294743834812,0,2.964946821393255e-08
"F=8, p=1",8,1,16,Uniform random: direct M,16,64,16,16,16,16,0.0018013294743834812,0,2.964946821393255e-08
"F=8, p=1",8,1,16,Uniform random: direct M,32,64,32,32,32,32,0.0018831079075740248,0,3.29440356938715e-10
"F=8, p=1",8,1,16,Uniform random: direct M,64,64,64,64,64,64,0.0022532156543049117,0,1.5098162511884006e-09
"F=8, p=1",8,1,16,Random ranked: QPU-valid-unique matched,68,68,4,4,5,5,0.001303381499603802,0,1.8240490368137685e-10
"F=8, p=1",8,1,16,Random ranked: QPU-valid-unique matched,68,68,8,8,9,9,0.0018831079075740248,0,3.29440356938715e-10
"F=8, p=1",8,1,16,Random ranked: QPU-valid-unique matched,68,68,16,16,17,17,0.0018831079075740248,0,3.29440356938715e-10
"F=8, p=1",8,1,16,Random ranked: QPU-valid-unique matched,68,68,32,32,33,33,0.0018831079075740248,0,3.29440356938715e-10
"F=8, p=1",8,1,16,Random ranked: QPU-valid-unique matched,68,68,64,64,64,64,0.0022532156543049117,0,1.5098162511884006e-09
"F=8, p=1",8,1,16,Random ranked: QPU-raw-draw matched,8192,70,4,4,5,5,0.001303381499603802,0,1.8240490368137685e-10
"F=8, p=1",8,1,16,Random ranked: QPU-raw-draw matched,8192,70,8,8,9,9,0.0018831079075740248,0,3.29440356938715e-10
"F=8, p=1",8,1,16,Random ranked: QPU-raw-draw matched,8192,70,16,16,17,17,0.0018831079075740248,0,3.29440356938715e-10
"F=8, p=1",8,1,16,Random ranked: QPU-raw-draw matched,8192,70,32,32,33,33,0.0018831079075740248,0,3.29440356938715e-10
"F=8, p=1",8,1,16,Random ranked: QPU-raw-draw matched,8192,70,64,64,64,64,0.0022532156543049117,0,1.5098162511884006e-09
"F=8, p=1",8,1,17,Uniform random: direct M,4,64,4,4,5,5,0.0017819038842051133,0,9.740913561873121e-10
"F=8, p=1",8,1,17,Uniform random: direct M,8,64,8,8,9,9,0.0017819038842051133,0,9.740913561873121e-10
"F=8, p=1",8,1,17,Uniform random: direct M,16,64,16,16,16,16,0.0017819038842051133,0,9.740913561873121e-10
"F=8, p=1",8,1,17,Uniform random: direct M,32,64,32,32,32,32,0.0018780941469730625,0,5.846136005849267e-10
"F=8, p=1",8,1,17,Uniform random: direct M,64,64,64,64,64,64,0.0022532156543049117,0,1.5098162511884006e-09
"F=8, p=1",8,1,17,Random ranked: QPU-valid-unique matched,68,68,4,4,5,5,0.001303381499603802,0,1.8240490368137685e-10
"F=8, p=1",8,1,17,Random ranked: QPU-valid-unique matched,68,68,8,8,9,9,0.0018831079075740248,0,3.29440356938715e-10
"F=8, p=1",8,1,17,Random ranked: QPU-valid-unique matched,68,68,16,16,17,17,0.0018831079075740248,0,3.29440356938715e-10
"F=8, p=1",8,1,17,Random ranked: QPU-valid-unique matched,68,68,32,32,33,33,0.0018831079075740248,0,3.29440356938715e-10
"F=8, p=1",8,1,17,Random ranked: QPU-valid-unique matched,68,68,64,64,64,64,0.0022532156543049117,0,1.5098162511884006e-09
"F=8, p=1",8,1,17,Random ranked: QPU-raw-draw matched,8192,70,4,4,5,5,0.001303381499603802,0,1.8240490368137685e-10
"F=8, p=1",8,1,17,Random ranked: QPU-raw-draw matched,8192,70,8,8,9,9,0.0018831079075740248,0,3.29440356938715e-10
"F=8, p=1",8,1,17,Random ranked: QPU-raw-draw matched,8192,70,16,16,17,17,0.0018831079075740248,0,3.29440356938715e-10
"F=8, p=1",8,1,17,Random ranked: QPU-raw-draw matched,8192,70,32,32,33,33,0.0018831079075740248,0,3.29440356938715e-10
"F=8, p=1",8,1,17,Random ranked: QPU-raw-draw matched,8192,70,64,64,64,64,0.0022532156543049117,0,1.5098162511884006e-09
"F=8, p=1",8,1,18,Uniform random: direct M,4,64,4,4,5,5,0.0018529103184746626,0,1.5425487623343948e-09
"F=8, p=1",8,1,18,Uniform random: direct M,8,64,8,8,8,8,0.0018529103184746626,0,1.5425487623343948e-09
"F=8, p=1",8,1,18,Uniform random: direct M,16,64,16,16,16,16,0.0018529103184746626,0,1.5425487623343948e-09
"F=8, p=1",8,1,18,Uniform random: direct M,32,64,32,32,32,32,0.0018831079075740248,0,3.29440356938715e-10
"F=8, p=1",8,1,18,Uniform random: direct M,64,64,64,64,64,64,0.0018831079075740248,0,3.29440356938715e-10
"F=8, p=1",8,1,18,Random ranked: QPU-valid-unique matched,69,69,4,4,5,5,0.001303381499603802,0,1.8240490368137685e-10
"F=8, p=1",8,1,18,Random ranked: QPU-valid-unique matched,69,69,8,8,9,9,0.0018831079075740248,0,3.29440356938715e-10
"F=8, p=1",8,1,18,Random ranked: QPU-valid-unique matched,69,69,16,16,17,17,0.0018831079075740248,0,3.29440356938715e-10
"F=8, p=1",8,1,18,Random ranked: QPU-valid-unique matched,69,69,32,32,33,33,0.0018831079075740248,0,3.29440356938715e-10
"F=8, p=1",8,1,18,Random ranked: QPU-valid-unique matched,69,69,64,64,64,64,0.0022532156543049117,0,1.5098162511884006e-09
"F=8, p=1",8,1,18,Random ranked: QPU-raw-draw matched,8192,70,4,4,5,5,0.001303381499603802,0,1.8240490368137685e-10
"F=8, p=1",8,1,18,Random ranked: QPU-raw-draw matched,8192,70,8,8,9,9,0.0018831079075740248,0,3.29440356938715e-10
"F=8, p=1",8,1,18,Random ranked: QPU-raw-draw matched,8192,70,16,16,17,17,0.0018831079075740248,0,3.29440356938715e-10
"F=8, p=1",8,1,18,Random ranked: QPU-raw-draw matched,8192,70,32,32,33,33,0.0018831079075740248,0,3.29440356938715e-10
"F=8, p=1",8,1,18,Random ranked: QPU-raw-draw matched,8192,70,64,64,64,64,0.0022532156543049117,0,1.5098162511884006e-09
"F=8, p=1",8,1,19,Uniform random: direct M,4,64,4,4,5,5,0.0013287259921339611,0,1.0531848101957841e-09
"F=8, p=1",8,1,19,Uniform random: direct M,8,64,8,8,9,9,0.0017565630665707516,0,2.0624157437421076e-08
"F=8, p=1",8,1,19,Uniform random: direct M,16,64,16,16,17,17,0.0017984382700286933,0,2.876238103244333e-08
"F=8, p=1",8,1,19,Uniform random: direct M,32,64,32,32,33,33,0.0018780941469730625,0,5.846136005849267e-10
"F=8, p=1",8,1,19,Uniform random: direct M,64,64,64,64,64,64,0.0022532156543049117,0,1.5098162511884006e-09
"F=8, p=1",8,1,19,Random ranked: QPU-valid-unique matched,68,68,4,4,5,5,0.001303381499603802,0,1.8240490368137685e-10
"F=8, p=1",8,1,19,Random ranked: QPU-valid-unique matched,68,68,8,8,9,9,0.0018831079075740248,0,3.29440356938715e-10
"F=8, p=1",8,1,19,Random ranked: QPU-valid-unique matched,68,68,16,16,17,17,0.0018831079075740248,0,3.29440356938715e-10
"F=8, p=1",8,1,19,Random ranked: QPU-valid-unique matched,68,68,32,32,33,33,0.0018831079075740248,0,3.29440356938715e-10
"F=8, p=1",8,1,19,Random ranked: QPU-valid-unique matched,68,68,64,64,64,64,0.0022532156543049117,0,1.5098162511884006e-09
"F=8, p=1",8,1,19,Random ranked: QPU-raw-draw matched,8192,70,4,4,5,5,0.001303381499603802,0,1.8240490368137685e-10
"F=8, p=1",8,1,19,Random ranked: QPU-raw-draw matched,8192,70,8,8,9,9,0.0018831079075740248,0,3.29440356938715e-10
"F=8, p=1",8,1,19,Random ranked: QPU-raw-draw matched,8192,70,16,16,17,17,0.0018831079075740248,0,3.29440356938715e-10
"F=8, p=1",8,1,19,Random ranked: QPU-raw-draw matched,8192,70,32,32,33,33,0.0018831079075740248,0,3.29440356938715e-10
"F=8, p=1",8,1,19,Random ranked: QPU-raw-draw matched,8192,70,64,64,64,64,0.0022532156543049117,0,1.5098162511884006e-09
"F=8, p=1",8,1,20,Uniform random: direct M,4,64,4,4,5,5,0.0017503134961687483,0,1.6124813220774747e-09
"F=8, p=1",8,1,20,Uniform random: direct M,8,64,8,8,8,8,0.0017503134961687483,0,1.6124813220774747e-09
"F=8, p=1",8,1,20,Uniform random: direct M,16,64,16,16,16,16,0.0022532156543049117,0,1.5098162511884006e-09
"F=8, p=1",8,1,20,Uniform random: direct M,32,64,32,32,32,32,0.0022532156543049117,0,1.5098162511884006e-09
"F=8, p=1",8,1,20,Uniform random: direct M,64,64,64,64,64,64,0.0022532156543049117,0,1.5098162511884006e-09
"F=8, p=1",8,1,20,Random ranked: QPU-valid-unique matched,68,68,4,4,5,5,0.001303381499603802,0,1.8240490368137685e-10
"F=8, p=1",8,1,20,Random ranked: QPU-valid-unique matched,68,68,8,8,9,9,0.0018831079075740248,0,3.29440356938715e-10
"F=8, p=1",8,1,20,Random ranked: QPU-valid-unique matched,68,68,16,16,17,17,0.0018831079075740248,0,3.29440356938715e-10
"F=8, p=1",8,1,20,Random ranked: QPU-valid-unique matched,68,68,32,32,33,33,0.0018831079075740248,0,3.29440356938715e-10
"F=8, p=1",8,1,20,Random ranked: QPU-valid-unique matched,68,68,64,64,64,64,0.0022532156543049117,0,1.5098162511884006e-09
"F=8, p=1",8,1,20,Random ranked: QPU-raw-draw matched,8192,70,4,4,5,5,0.001303381499603802,0,1.8240490368137685e-10
"F=8, p=1",8,1,20,Random ranked: QPU-raw-draw matched,8192,70,8,8,9,9,0.0018831079075740248,0,3.29440356938715e-10
"F=8, p=1",8,1,20,Random ranked: QPU-raw-draw matched,8192,70,16,16,17,17,0.0018831079075740248,0,3.29440356938715e-10
"F=8, p=1",8,1,20,Random ranked: QPU-raw-draw matched,8192,70,32,32,33,33,0.0018831079075740248,0,3.29440356938715e-10
"F=8, p=1",8,1,20,Random ranked: QPU-raw-draw matched,8192,70,64,64,64,64,0.0022532156543049117,0,1.5098162511884006e-09
"F=8, p=1",8,1,21,Uniform random: direct M,4,64,4,4,5,5,0.0017565630665707516,0,2.0624157437421076e-08
"F=8, p=1",8,1,21,Uniform random: direct M,8,64,8,8,9,9,0.0017984382700286933,0,2.876238103244333e-08
"F=8, p=1",8,1,21,Uniform random: direct M,16,64,16,16,17,17,0.0018780941469730625,0,5.846136005849267e-10
"F=8, p=1",8,1,21,Uniform random: direct M,32,64,32,32,33,33,0.0022532156543049117,0,1.5098162511884006e-09
"F=8, p=1",8,1,21,Uniform random: direct M,64,64,64,64,65,65,0.0022532156543049117,0,1.5098162511884006e-09
"F=8, p=1",8,1,21,Random ranked: QPU-valid-unique matched,69,69,4,4,5,5,0.001303381499603802,0,1.8240490368137685e-10
"F=8, p=1",8,1,21,Random ranked: QPU-valid-unique matched,69,69,8,8,9,9,0.0018831079075740248,0,3.29440356938715e-10
"F=8, p=1",8,1,21,Random ranked: QPU-valid-unique matched,69,69,16,16,17,17,0.0018831079075740248,0,3.29440356938715e-10
"F=8, p=1",8,1,21,Random ranked: QPU-valid-unique matched,69,69,32,32,33,33,0.0018831079075740248,0,3.29440356938715e-10
"F=8, p=1",8,1,21,Random ranked: QPU-valid-unique matched,69,69,64,64,64,64,0.0022532156543049117,0,1.5098162511884006e-09
"F=8, p=1",8,1,21,Random ranked: QPU-raw-draw matched,8192,70,4,4,5,5,0.001303381499603802,0,1.8240490368137685e-10
"F=8, p=1",8,1,21,Random ranked: QPU-raw-draw matched,8192,70,8,8,9,9,0.0018831079075740248,0,3.29440356938715e-10
"F=8, p=1",8,1,21,Random ranked: QPU-raw-draw matched,8192,70,16,16,17,17,0.0018831079075740248,0,3.29440356938715e-10
"F=8, p=1",8,1,21,Random ranked: QPU-raw-draw matched,8192,70,32,32,33,33,0.0018831079075740248,0,3.29440356938715e-10
"F=8, p=1",8,1,21,Random ranked: QPU-raw-draw matched,8192,70,64,64,64,64,0.0022532156543049117,0,1.5098162511884006e-09
"F=8, p=1",8,1,22,Uniform random: direct M,4,64,4,4,5,5,0.0018831079075740248,0,3.29440356938715e-10
"F=8, p=1",8,1,22,Uniform random: direct M,8,64,8,8,9,9,0.0022532156543049117,0,1.5098162511884006e-09
"F=8, p=1",8,1,22,Uniform random: direct M,16,64,16,16,17,17,0.0022532156543049117,0,1.5098162511884006e-09
"F=8, p=1",8,1,22,Uniform random: direct M,32,64,32,32,33,33,0.0022532156543049117,0,1.5098162511884006e-09
"F=8, p=1",8,1,22,Uniform random: direct M,64,64,64,64,64,64,0.0022532156543049117,0,1.5098162511884006e-09
"F=8, p=1",8,1,22,Random ranked: QPU-valid-unique matched,68,68,4,4,5,5,0.001303381499603802,0,1.8240490368137685e-10
"F=8, p=1",8,1,22,Random ranked: QPU-valid-unique matched,68,68,8,8,9,9,0.0018831079075740248,0,3.29440356938715e-10
"F=8, p=1",8,1,22,Random ranked: QPU-valid-unique matched,68,68,16,16,17,17,0.0018831079075740248,0,3.29440356938715e-10
"F=8, p=1",8,1,22,Random ranked: QPU-valid-unique matched,68,68,32,32,33,33,0.0018831079075740248,0,3.29440356938715e-10
"F=8, p=1",8,1,22,Random ranked: QPU-valid-unique matched,68,68,64,64,64,64,0.0022532156543049117,0,1.5098162511884006e-09
"F=8, p=1",8,1,22,Random ranked: QPU-raw-draw matched,8192,70,4,4,5,5,0.001303381499603802,0,1.8240490368137685e-10
"F=8, p=1",8,1,22,Random ranked: QPU-raw-draw matched,8192,70,8,8,9,9,0.0018831079075740248,0,3.29440356938715e-10
"F=8, p=1",8,1,22,Random ranked: QPU-raw-draw matched,8192,70,16,16,17,17,0.0018831079075740248,0,3.29440356938715e-10
"F=8, p=1",8,1,22,Random ranked: QPU-raw-draw matched,8192,70,32,32,33,33,0.0018831079075740248,0,3.29440356938715e-10
"F=8, p=1",8,1,22,Random ranked: QPU-raw-draw matched,8192,70,64,64,64,64,0.0022532156543049117,0,1.5098162511884006e-09
"F=8, p=1",8,1,23,Uniform random: direct M,4,64,4,4,5,5,0.0018831079075740248,0,3.29440356938715e-10
"F=8, p=1",8,1,23,Uniform random: direct M,8,64,8,8,9,9,0.0018831079075740248,0,3.29440356938715e-10
"F=8, p=1",8,1,23,Uniform random: direct M,16,64,16,16,17,17,0.0018831079075740248,0,3.29440356938715e-10
"F=8, p=1",8,1,23,Uniform random: direct M,32,64,32,32,32,32,0.0018831079075740248,0,3.29440356938715e-10
"F=8, p=1",8,1,23,Uniform random: direct M,64,64,64,64,64,64,0.0022532156543049117,0,1.5098162511884006e-09
"F=8, p=1",8,1,23,Random ranked: QPU-valid-unique matched,68,68,4,4,5,5,0.001303381499603802,0,1.8240490368137685e-10
"F=8, p=1",8,1,23,Random ranked: QPU-valid-unique matched,68,68,8,8,9,9,0.0018831079075740248,0,3.29440356938715e-10
"F=8, p=1",8,1,23,Random ranked: QPU-valid-unique matched,68,68,16,16,17,17,0.0018831079075740248,0,3.29440356938715e-10
"F=8, p=1",8,1,23,Random ranked: QPU-valid-unique matched,68,68,32,32,33,33,0.0018831079075740248,0,3.29440356938715e-10
"F=8, p=1",8,1,23,Random ranked: QPU-valid-unique matched,68,68,64,64,64,64,0.0022532156543049117,0,1.5098162511884006e-09
"F=8, p=1",8,1,23,Random ranked: QPU-raw-draw matched,8192,70,4,4,5,5,0.001303381499603802,0,1.8240490368137685e-10
"F=8, p=1",8,1,23,Random ranked: QPU-raw-draw matched,8192,70,8,8,9,9,0.0018831079075740248,0,3.29440356938715e-10
"F=8, p=1",8,1,23,Random ranked: QPU-raw-draw matched,8192,70,16,16,17,17,0.0018831079075740248,0,3.29440356938715e-10
"F=8, p=1",8,1,23,Random ranked: QPU-raw-draw matched,8192,70,32,32,33,33,0.0018831079075740248,0,3.29440356938715e-10
"F=8, p=1",8,1,23,Random ranked: QPU-raw-draw matched,8192,70,64,64,64,64,0.0022532156543049117,0,1.5098162511884006e-09
"F=8, p=1",8,1,24,Uniform random: direct M,4,64,4,4,5,5,0.0013026296994930534,0,1.0725966781421903e-09
"F=8, p=1",8,1,24,Uniform random: direct M,8,64,8,8,9,9,0.0017697560871250684,0,1.5652301454949225e-08
"F=8, p=1",8,1,24,Uniform random: direct M,16,64,16,16,17,17,0.0018780941469730625,0,5.846136005849267e-10
"F=8, p=1",8,1,24,Uniform random: direct M,32,64,32,32,33,33,0.0018831079075740248,0,3.29440356938715e-10
"F=8, p=1",8,1,24,Uniform random: direct M,64,64,64,64,64,64,0.0018831079075740248,0,3.29440356938715e-10
"F=8, p=1",8,1,24,Random ranked: QPU-valid-unique matched,69,69,4,4,5,5,0.001303381499603802,0,1.8240490368137685e-10
"F=8, p=1",8,1,24,Random ranked: QPU-valid-unique matched,69,69,8,8,9,9,0.0018831079075740248,0,3.29440356938715e-10
"F=8, p=1",8,1,24,Random ranked: QPU-valid-unique matched,69,69,16,16,17,17,0.0018831079075740248,0,3.29440356938715e-10
"F=8, p=1",8,1,24,Random ranked: QPU-valid-unique matched,69,69,32,32,33,33,0.0018831079075740248,0,3.29440356938715e-10
"F=8, p=1",8,1,24,Random ranked: QPU-valid-unique matched,69,69,64,64,64,64,0.0022532156543049117,0,1.5098162511884006e-09
"F=8, p=1",8,1,24,Random ranked: QPU-raw-draw matched,8192,70,4,4,5,5,0.001303381499603802,0,1.8240490368137685e-10
"F=8, p=1",8,1,24,Random ranked: QPU-raw-draw matched,8192,70,8,8,9,9,0.0018831079075740248,0,3.29440356938715e-10
"F=8, p=1",8,1,24,Random ranked: QPU-raw-draw matched,8192,70,16,16,17,17,0.0018831079075740248,0,3.29440356938715e-10
"F=8, p=1",8,1,24,Random ranked: QPU-raw-draw matched,8192,70,32,32,33,33,0.0018831079075740248,0,3.29440356938715e-10
"F=8, p=1",8,1,24,Random ranked: QPU-raw-draw matched,8192,70,64,64,64,64,0.0022532156543049117,0,1.5098162511884006e-09
"F=8, p=1",8,1,25,Uniform random: direct M,4,64,4,4,5,5,0.0018013294743834812,0,2.964946821393255e-08
"F=8, p=1",8,1,25,Uniform random: direct M,8,64,8,8,9,9,0.0018013294743834812,0,2.964946821393255e-08
"F=8, p=1",8,1,25,Uniform random: direct M,16,64,16,16,17,17,0.0018529103184746626,0,1.5425487623343948e-09
"F=8, p=1",8,1,25,Uniform random: direct M,32,64,32,32,33,33,0.0018780941469730625,0,5.846136005849267e-10
"F=8, p=1",8,1,25,Uniform random: direct M,64,64,64,64,64,64,0.0022532156543049117,0,1.5098162511884006e-09
"F=8, p=1",8,1,25,Random ranked: QPU-valid-unique matched,68,68,4,4,5,5,0.001303381499603802,0,1.8240490368137685e-10
"F=8, p=1",8,1,25,Random ranked: QPU-valid-unique matched,68,68,8,8,9,9,0.0018831079075740248,0,3.29440356938715e-10
"F=8, p=1",8,1,25,Random ranked: QPU-valid-unique matched,68,68,16,16,17,17,0.0018831079075740248,0,3.29440356938715e-10
"F=8, p=1",8,1,25,Random ranked: QPU-valid-unique matched,68,68,32,32,33,33,0.0018831079075740248,0,3.29440356938715e-10
"F=8, p=1",8,1,25,Random ranked: QPU-valid-unique matched,68,68,64,64,64,64,0.0022532156543049117,0,1.5098162511884006e-09
"F=8, p=1",8,1,25,Random ranked: QPU-raw-draw matched,8192,70,4,4,5,5,0.001303381499603802,0,1.8240490368137685e-10
"F=8, p=1",8,1,25,Random ranked: QPU-raw-draw matched,8192,70,8,8,9,9,0.0018831079075740248,0,3.29440356938715e-10
"F=8, p=1",8,1,25,Random ranked: QPU-raw-draw matched,8192,70,16,16,17,17,0.0018831079075740248,0,3.29440356938715e-10
"F=8, p=1",8,1,25,Random ranked: QPU-raw-draw matched,8192,70,32,32,33,33,0.0018831079075740248,0,3.29440356938715e-10
"F=8, p=1",8,1,25,Random ranked: QPU-raw-draw matched,8192,70,64,64,64,64,0.0022532156543049117,0,1.5098162511884006e-09
"F=8, p=1",8,1,26,Uniform random: direct M,4,64,4,4,5,5,0.0017819038842051133,0,9.740913561873121e-10
"F=8, p=1",8,1,26,Uniform random: direct M,8,64,8,8,9,9,0.0018780941469730625,0,5.846136005849267e-10
"F=8, p=1",8,1,26,Uniform random: direct M,16,64,16,16,17,17,0.0018780941469730625,0,5.846136005849267e-10
"F=8, p=1",8,1,26,Uniform random: direct M,32,64,32,32,32,32,0.0018780941469730625,0,5.846136005849267e-10
"F=8, p=1",8,1,26,Uniform random: direct M,64,64,64,64,64,64,0.0022532156543049117,0,1.5098162511884006e-09
"F=8, p=1",8,1,26,Random ranked: QPU-valid-unique matched,68,68,4,4,5,5,0.001303381499603802,0,1.8240490368137685e-10
"F=8, p=1",8,1,26,Random ranked: QPU-valid-unique matched,68,68,8,8,9,9,0.0018831079075740248,0,3.29440356938715e-10
"F=8, p=1",8,1,26,Random ranked: QPU-valid-unique matched,68,68,16,16,17,17,0.0018831079075740248,0,3.29440356938715e-10
"F=8, p=1",8,1,26,Random ranked: QPU-valid-unique matched,68,68,32,32,33,33,0.0018831079075740248,0,3.29440356938715e-10
"F=8, p=1",8,1,26,Random ranked: QPU-valid-unique matched,68,68,64,64,64,64,0.0022532156543049117,0,1.5098162511884006e-09
"F=8, p=1",8,1,26,Random ranked: QPU-raw-draw matched,8192,70,4,4,5,5,0.001303381499603802,0,1.8240490368137685e-10
"F=8, p=1",8,1,26,Random ranked: QPU-raw-draw matched,8192,70,8,8,9,9,0.0018831079075740248,0,3.29440356938715e-10
"F=8, p=1",8,1,26,Random ranked: QPU-raw-draw matched,8192,70,16,16,17,17,0.0018831079075740248,0,3.29440356938715e-10
"F=8, p=1",8,1,26,Random ranked: QPU-raw-draw matched,8192,70,32,32,33,33,0.0018831079075740248,0,3.29440356938715e-10
"F=8, p=1",8,1,26,Random ranked: QPU-raw-draw matched,8192,70,64,64,64,64,0.0022532156543049117,0,1.5098162511884006e-09
"F=8, p=1",8,1,27,Uniform random: direct M,4,64,4,4,5,5,0.0017984382700286933,0,2.876238103244333e-08
"F=8, p=1",8,1,27,Uniform random: direct M,8,64,8,8,9,9,0.0017984382700286933,0,2.876238103244333e-08
"F=8, p=1",8,1,27,Uniform random: direct M,16,64,16,16,17,17,0.0017984382700286933,0,2.876238103244333e-08
"F=8, p=1",8,1,27,Uniform random: direct M,32,64,32,32,33,33,0.0018780941469730625,0,5.846136005849267e-10
"F=8, p=1",8,1,27,Uniform random: direct M,64,64,64,64,64,64,0.0018831079075740248,0,3.29440356938715e-10
"F=8, p=1",8,1,27,Random ranked: QPU-valid-unique matched,69,69,4,4,5,5,0.001303381499603802,0,1.8240490368137685e-10
"F=8, p=1",8,1,27,Random ranked: QPU-valid-unique matched,69,69,8,8,9,9,0.0018831079075740248,0,3.29440356938715e-10
"F=8, p=1",8,1,27,Random ranked: QPU-valid-unique matched,69,69,16,16,17,17,0.0018831079075740248,0,3.29440356938715e-10
"F=8, p=1",8,1,27,Random ranked: QPU-valid-unique matched,69,69,32,32,33,33,0.0018831079075740248,0,3.29440356938715e-10
"F=8, p=1",8,1,27,Random ranked: QPU-valid-unique matched,69,69,64,64,64,64,0.0022532156543049117,0,1.5098162511884006e-09
"F=8, p=1",8,1,27,Random ranked: QPU-raw-draw matched,8192,70,4,4,5,5,0.001303381499603802,0,1.8240490368137685e-10
"F=8, p=1",8,1,27,Random ranked: QPU-raw-draw matched,8192,70,8,8,9,9,0.0018831079075740248,0,3.29440356938715e-10
"F=8, p=1",8,1,27,Random ranked: QPU-raw-draw matched,8192,70,16,16,17,17,0.0018831079075740248,0,3.29440356938715e-10
"F=8, p=1",8,1,27,Random ranked: QPU-raw-draw matched,8192,70,32,32,33,33,0.0018831079075740248,0,3.29440356938715e-10
"F=8, p=1",8,1,27,Random ranked: QPU-raw-draw matched,8192,70,64,64,64,64,0.0022532156543049117,0,1.5098162511884006e-09
"F=8, p=1",8,1,28,Uniform random: direct M,4,64,4,4,5,5,0.0012932363170006511,0,1.406577970416989e-10
"F=8, p=1",8,1,28,Uniform random: direct M,8,64,8,8,8,8,0.0012967388743895178,0,1.3714721927571283e-09
"F=8, p=1",8,1,28,Uniform random: direct M,16,64,16,16,16,16,0.0017642262316261356,0,5.902688199332928e-10
"F=8, p=1",8,1,28,Uniform random: direct M,32,64,32,32,32,32,0.0022532156543049117,0,1.5098162511884006e-09
"F=8, p=1",8,1,28,Uniform random: direct M,64,64,64,64,64,64,0.0022532156543049117,0,1.5098162511884006e-09
"F=8, p=1",8,1,28,Random ranked: QPU-valid-unique matched,68,68,4,4,5,5,0.001303381499603802,0,1.8240490368137685e-10
"F=8, p=1",8,1,28,Random ranked: QPU-valid-unique matched,68,68,8,8,9,9,0.0018831079075740248,0,3.29440356938715e-10
"F=8, p=1",8,1,28,Random ranked: QPU-valid-unique matched,68,68,16,16,17,17,0.0018831079075740248,0,3.29440356938715e-10
"F=8, p=1",8,1,28,Random ranked: QPU-valid-unique matched,68,68,32,32,33,33,0.0018831079075740248,0,3.29440356938715e-10
"F=8, p=1",8,1,28,Random ranked: QPU-valid-unique matched,68,68,64,64,64,64,0.0022532156543049117,0,1.5098162511884006e-09
"F=8, p=1",8,1,28,Random ranked: QPU-raw-draw matched,8192,70,4,4,5,5,0.001303381499603802,0,1.8240490368137685e-10
"F=8, p=1",8,1,28,Random ranked: QPU-raw-draw matched,8192,70,8,8,9,9,0.0018831079075740248,0,3.29440356938715e-10
"F=8, p=1",8,1,28,Random ranked: QPU-raw-draw matched,8192,70,16,16,17,17,0.0018831079075740248,0,3.29440356938715e-10
"F=8, p=1",8,1,28,Random ranked: QPU-raw-draw matched,8192,70,32,32,33,33,0.0018831079075740248,0,3.29440356938715e-10
"F=8, p=1",8,1,28,Random ranked: QPU-raw-draw matched,8192,70,64,64,64,64,0.0022532156543049117,0,1.5098162511884006e-09
"F=8, p=1",8,1,29,Uniform random: direct M,4,64,4,4,5,5,0.0017819038842051133,0,9.740913561873121e-10
"F=8, p=1",8,1,29,Uniform random: direct M,8,64,8,8,9,9,0.0017819038842051133,0,9.740913561873121e-10
"F=8, p=1",8,1,29,Uniform random: direct M,16,64,16,16,16,16,0.0017984382700286933,0,2.876238103244333e-08
"F=8, p=1",8,1,29,Uniform random: direct M,32,64,32,32,32,32,0.0018831079075740248,0,3.29440356938715e-10
"F=8, p=1",8,1,29,Uniform random: direct M,64,64,64,64,64,64,0.0022532156543049117,0,1.5098162511884006e-09
"F=8, p=1",8,1,29,Random ranked: QPU-valid-unique matched,68,68,4,4,5,5,0.001303381499603802,0,1.8240490368137685e-10
"F=8, p=1",8,1,29,Random ranked: QPU-valid-unique matched,68,68,8,8,9,9,0.0018831079075740248,0,3.29440356938715e-10
"F=8, p=1",8,1,29,Random ranked: QPU-valid-unique matched,68,68,16,16,17,17,0.0018831079075740248,0,3.29440356938715e-10
"F=8, p=1",8,1,29,Random ranked: QPU-valid-unique matched,68,68,32,32,33,33,0.0018831079075740248,0,3.29440356938715e-10
"F=8, p=1",8,1,29,Random ranked: QPU-valid-unique matched,68,68,64,64,64,64,0.0022532156543049117,0,1.5098162511884006e-09
"F=8, p=1",8,1,29,Random ranked: QPU-raw-draw matched,8192,70,4,4,5,5,0.001303381499603802,0,1.8240490368137685e-10
"F=8, p=1",8,1,29,Random ranked: QPU-raw-draw matched,8192,70,8,8,9,9,0.0018831079075740248,0,3.29440356938715e-10
"F=8, p=1",8,1,29,Random ranked: QPU-raw-draw matched,8192,70,16,16,17,17,0.0018831079075740248,0,3.29440356938715e-10
"F=8, p=1",8,1,29,Random ranked: QPU-raw-draw matched,8192,70,32,32,33,33,0.0018831079075740248,0,3.29440356938715e-10
"F=8, p=1",8,1,29,Random ranked: QPU-raw-draw matched,8192,70,64,64,64,64,0.0022532156543049117,0,1.5098162511884006e-09
"F=8, p=1",8,1,30,Uniform random: direct M,4,64,4,4,5,5,0.0017355863795286003,0,2.0013833534893166e-08
"F=8, p=1",8,1,30,Uniform random: direct M,8,64,8,8,9,9,0.0018780941469730625,0,5.846136005849267e-10
"F=8, p=1",8,1,30,Uniform random: direct M,16,64,16,16,16,16,0.0018780941469730625,0,5.846136005849267e-10
"F=8, p=1",8,1,30,Uniform random: direct M,32,64,32,32,32,32,0.0018780941469730625,0,5.846136005849267e-10
"F=8, p=1",8,1,30,Uniform random: direct M,64,64,64,64,64,64,0.0022532156543049117,0,1.5098162511884006e-09
"F=8, p=1",8,1,30,Random ranked: QPU-valid-unique matched,69,69,4,4,5,5,0.001303381499603802,0,1.8240490368137685e-10
"F=8, p=1",8,1,30,Random ranked: QPU-valid-unique matched,69,69,8,8,9,9,0.0018831079075740248,0,3.29440356938715e-10
"F=8, p=1",8,1,30,Random ranked: QPU-valid-unique matched,69,69,16,16,17,17,0.0018831079075740248,0,3.29440356938715e-10
"F=8, p=1",8,1,30,Random ranked: QPU-valid-unique matched,69,69,32,32,33,33,0.0018831079075740248,0,3.29440356938715e-10
"F=8, p=1",8,1,30,Random ranked: QPU-valid-unique matched,69,69,64,64,64,64,0.0022532156543049117,0,1.5098162511884006e-09
"F=8, p=1",8,1,30,Random ranked: QPU-raw-draw matched,8192,70,4,4,5,5,0.001303381499603802,0,1.8240490368137685e-10
"F=8, p=1",8,1,30,Random ranked: QPU-raw-draw matched,8192,70,8,8,9,9,0.0018831079075740248,0,3.29440356938715e-10
"F=8, p=1",8,1,30,Random ranked: QPU-raw-draw matched,8192,70,16,16,17,17,0.0018831079075740248,0,3.29440356938715e-10
"F=8, p=1",8,1,30,Random ranked: QPU-raw-draw matched,8192,70,32,32,33,33,0.0018831079075740248,0,3.29440356938715e-10
"F=8, p=1",8,1,30,Random ranked: QPU-raw-draw matched,8192,70,64,64,64,64,0.0022532156543049117,0,1.5098162511884006e-09
"F=8, p=1",8,1,31,Uniform random: direct M,4,64,4,4,4,4,0.0017819038842051133,0,9.740913561873121e-10
"F=8, p=1",8,1,31,Uniform random: direct M,8,64,8,8,8,8,0.001843387532518781,0,1.5729187508028986e-08
"F=8, p=1",8,1,31,Uniform random: direct M,16,64,16,16,16,16,0.0018831079075740248,0,3.29440356938715e-10
"F=8, p=1",8,1,31,Uniform random: direct M,32,64,32,32,32,32,0.0018831079075740248,0,3.29440356938715e-10
"F=8, p=1",8,1,31,Uniform random: direct M,64,64,64,64,64,64,0.0022532156543049117,0,1.5098162511884006e-09
"F=8, p=1",8,1,31,Random ranked: QPU-valid-unique matched,68,68,4,4,5,5,0.001303381499603802,0,1.8240490368137685e-10
"F=8, p=1",8,1,31,Random ranked: QPU-valid-unique matched,68,68,8,8,9,9,0.0018831079075740248,0,3.29440356938715e-10
"F=8, p=1",8,1,31,Random ranked: QPU-valid-unique matched,68,68,16,16,17,17,0.0018831079075740248,0,3.29440356938715e-10
"F=8, p=1",8,1,31,Random ranked: QPU-valid-unique matched,68,68,32,32,33,33,0.0018831079075740248,0,3.29440356938715e-10
"F=8, p=1",8,1,31,Random ranked: QPU-valid-unique matched,68,68,64,64,64,64,0.0022532156543049117,0,1.5098162511884006e-09
"F=8, p=1",8,1,31,Random ranked: QPU-raw-draw matched,8192,70,4,4,5,5,0.001303381499603802,0,1.8240490368137685e-10
"F=8, p=1",8,1,31,Random ranked: QPU-raw-draw matched,8192,70,8,8,9,9,0.0018831079075740248,0,3.29440356938715e-10
"F=8, p=1",8,1,31,Random ranked: QPU-raw-draw matched,8192,70,16,16,17,17,0.0018831079075740248,0,3.29440356938715e-10
"F=8, p=1",8,1,31,Random ranked: QPU-raw-draw matched,8192,70,32,32,33,33,0.0018831079075740248,0,3.29440356938715e-10
"F=8, p=1",8,1,31,Random ranked: QPU-raw-draw matched,8192,70,64,64,64,64,0.0022532156543049117,0,1.5098162511884006e-09
"F=8, p=1",8,1,32,Uniform random: direct M,4,64,4,4,5,5,0.0022532156543049117,0,1.5098162511884006e-09
"F=8, p=1",8,1,32,Uniform random: direct M,8,64,8,8,9,9,0.0022532156543049117,0,1.5098162511884006e-09
"F=8, p=1",8,1,32,Uniform random: direct M,16,64,16,16,17,17,0.0022532156543049117,0,1.5098162511884006e-09
"F=8, p=1",8,1,32,Uniform random: direct M,32,64,32,32,33,33,0.0022532156543049117,0,1.5098162511884006e-09
"F=8, p=1",8,1,32,Uniform random: direct M,64,64,64,64,64,64,0.0022532156543049117,0,1.5098162511884006e-09
"F=8, p=1",8,1,32,Random ranked: QPU-valid-unique matched,68,68,4,4,5,5,0.001303381499603802,0,1.8240490368137685e-10
"F=8, p=1",8,1,32,Random ranked: QPU-valid-unique matched,68,68,8,8,9,9,0.0018831079075740248,0,3.29440356938715e-10
"F=8, p=1",8,1,32,Random ranked: QPU-valid-unique matched,68,68,16,16,17,17,0.0018831079075740248,0,3.29440356938715e-10
"F=8, p=1",8,1,32,Random ranked: QPU-valid-unique matched,68,68,32,32,33,33,0.0018831079075740248,0,3.29440356938715e-10
"F=8, p=1",8,1,32,Random ranked: QPU-valid-unique matched,68,68,64,64,64,64,0.0022532156543049117,0,1.5098162511884006e-09
"F=8, p=1",8,1,32,Random ranked: QPU-raw-draw matched,8192,70,4,4,5,5,0.001303381499603802,0,1.8240490368137685e-10
"F=8, p=1",8,1,32,Random ranked: QPU-raw-draw matched,8192,70,8,8,9,9,0.0018831079075740248,0,3.29440356938715e-10
"F=8, p=1",8,1,32,Random ranked: QPU-raw-draw matched,8192,70,16,16,17,17,0.0018831079075740248,0,3.29440356938715e-10
"F=8, p=1",8,1,32,Random ranked: QPU-raw-draw matched,8192,70,32,32,33,33,0.0018831079075740248,0,3.29440356938715e-10
"F=8, p=1",8,1,32,Random ranked: QPU-raw-draw matched,8192,70,64,64,64,64,0.0022532156543049117,0,1.5098162511884006e-09
"F=8, p=1",8,1,33,Uniform random: direct M,4,64,4,4,5,5,0.0017819038842051133,0,9.740913561873121e-10
"F=8, p=1",8,1,33,Uniform random: direct M,8,64,8,8,9,9,0.0017984382700286933,0,2.876238103244333e-08
"F=8, p=1",8,1,33,Uniform random: direct M,16,64,16,16,17,17,0.0017984382700286933,0,2.876238103244333e-08
"F=8, p=1",8,1,33,Uniform random: direct M,32,64,32,32,33,33,0.0018013294743834812,0,2.964946821393255e-08
"F=8, p=1",8,1,33,Uniform random: direct M,64,64,64,64,64,64,0.0022532156543049117,0,1.5098162511884006e-09
"F=8, p=1",8,1,33,Random ranked: QPU-valid-unique matched,69,69,4,4,5,5,0.001303381499603802,0,1.8240490368137685e-10
"F=8, p=1",8,1,33,Random ranked: QPU-valid-unique matched,69,69,8,8,9,9,0.0018831079075740248,0,3.29440356938715e-10
"F=8, p=1",8,1,33,Random ranked: QPU-valid-unique matched,69,69,16,16,17,17,0.0018831079075740248,0,3.29440356938715e-10
"F=8, p=1",8,1,33,Random ranked: QPU-valid-unique matched,69,69,32,32,33,33,0.0018831079075740248,0,3.29440356938715e-10
"F=8, p=1",8,1,33,Random ranked: QPU-valid-unique matched,69,69,64,64,64,64,0.0022532156543049117,0,1.5098162511884006e-09
"F=8, p=1",8,1,33,Random ranked: QPU-raw-draw matched,8192,70,4,4,5,5,0.001303381499603802,0,1.8240490368137685e-10
"F=8, p=1",8,1,33,Random ranked: QPU-raw-draw matched,8192,70,8,8,9,9,0.0018831079075740248,0,3.29440356938715e-10
"F=8, p=1",8,1,33,Random ranked: QPU-raw-draw matched,8192,70,16,16,17,17,0.0018831079075740248,0,3.29440356938715e-10
"F=8, p=1",8,1,33,Random ranked: QPU-raw-draw matched,8192,70,32,32,33,33,0.0018831079075740248,0,3.29440356938715e-10
"F=8, p=1",8,1,33,Random ranked: QPU-raw-draw matched,8192,70,64,64,64,64,0.0022532156543049117,0,1.5098162511884006e-09
"F=8, p=1",8,1,34,Uniform random: direct M,4,64,4,4,5,5,0.0018013294743834812,0,2.964946821393255e-08
"F=8, p=1",8,1,34,Uniform random: direct M,8,64,8,8,9,9,0.0018780941469730625,0,5.846136005849267e-10
"F=8, p=1",8,1,34,Uniform random: direct M,16,64,16,16,16,16,0.0018780941469730625,0,5.846136005849267e-10
"F=8, p=1",8,1,34,Uniform random: direct M,32,64,32,32,32,32,0.0022532156543049117,0,1.5098162511884006e-09
"F=8, p=1",8,1,34,Uniform random: direct M,64,64,64,64,64,64,0.0022532156543049117,0,1.5098162511884006e-09
"F=8, p=1",8,1,34,Random ranked: QPU-valid-unique matched,68,68,4,4,5,5,0.0012839870796249805,0,1.9941378992527348e-08
"F=8, p=1",8,1,34,Random ranked: QPU-valid-unique matched,68,68,8,8,9,9,0.0018831079075740248,0,3.29440356938715e-10
"F=8, p=1",8,1,34,Random ranked: QPU-valid-unique matched,68,68,16,16,17,17,0.0018831079075740248,0,3.29440356938715e-10
"F=8, p=1",8,1,34,Random ranked: QPU-valid-unique matched,68,68,32,32,33,33,0.0018831079075740248,0,3.29440356938715e-10
"F=8, p=1",8,1,34,Random ranked: QPU-valid-unique matched,68,68,64,64,64,64,0.0022532156543049117,0,1.5098162511884006e-09
"F=8, p=1",8,1,34,Random ranked: QPU-raw-draw matched,8192,70,4,4,5,5,0.001303381499603802,0,1.8240490368137685e-10
"F=8, p=1",8,1,34,Random ranked: QPU-raw-draw matched,8192,70,8,8,9,9,0.0018831079075740248,0,3.29440356938715e-10
"F=8, p=1",8,1,34,Random ranked: QPU-raw-draw matched,8192,70,16,16,17,17,0.0018831079075740248,0,3.29440356938715e-10
"F=8, p=1",8,1,34,Random ranked: QPU-raw-draw matched,8192,70,32,32,33,33,0.0018831079075740248,0,3.29440356938715e-10
"F=8, p=1",8,1,34,Random ranked: QPU-raw-draw matched,8192,70,64,64,64,64,0.0022532156543049117,0,1.5098162511884006e-09
"F=8, p=1",8,1,35,Uniform random: direct M,4,64,4,4,5,5,0.0017097339669307696,0,8.922100627750673e-10
"F=8, p=1",8,1,35,Uniform random: direct M,8,64,8,8,9,9,0.0017217134715258667,0,3.1686246071416235e-08
"F=8, p=1",8,1,35,Uniform random: direct M,16,64,16,16,17,17,0.0017503134961687483,0,1.6124813220774747e-09
"F=8, p=1",8,1,35,Uniform random: direct M,32,64,32,32,32,32,0.0018780941469730625,0,5.846136005849267e-10
"F=8, p=1",8,1,35,Uniform random: direct M,64,64,64,64,64,64,0.0022532156543049117,0,1.5098162511884006e-09
"F=8, p=1",8,1,35,Random ranked: QPU-valid-unique matched,68,68,4,4,5,5,0.001303381499603802,0,1.8240490368137685e-10
"F=8, p=1",8,1,35,Random ranked: QPU-valid-unique matched,68,68,8,8,9,9,0.0018831079075740248,0,3.29440356938715e-10
"F=8, p=1",8,1,35,Random ranked: QPU-valid-unique matched,68,68,16,16,17,17,0.0018831079075740248,0,3.29440356938715e-10
"F=8, p=1",8,1,35,Random ranked: QPU-valid-unique matched,68,68,32,32,33,33,0.0018831079075740248,0,3.29440356938715e-10
"F=8, p=1",8,1,35,Random ranked: QPU-valid-unique matched,68,68,64,64,64,64,0.0022532156543049117,0,1.5098162511884006e-09
"F=8, p=1",8,1,35,Random ranked: QPU-raw-draw matched,8192,70,4,4,5,5,0.001303381499603802,0,1.8240490368137685e-10
"F=8, p=1",8,1,35,Random ranked: QPU-raw-draw matched,8192,70,8,8,9,9,0.0018831079075740248,0,3.29440356938715e-10
"F=8, p=1",8,1,35,Random ranked: QPU-raw-draw matched,8192,70,16,16,17,17,0.0018831079075740248,0,3.29440356938715e-10
"F=8, p=1",8,1,35,Random ranked: QPU-raw-draw matched,8192,70,32,32,33,33,0.0018831079075740248,0,3.29440356938715e-10
"F=8, p=1",8,1,35,Random ranked: QPU-raw-draw matched,8192,70,64,64,64,64,0.0022532156543049117,0,1.5098162511884006e-09
"F=8, p=1",8,1,36,Uniform random: direct M,4,64,4,4,5,5,0.0018013294743834812,0,2.964946821393255e-08
"F=8, p=1",8,1,36,Uniform random: direct M,8,64,8,8,9,9,0.0022532156543049117,0,1.5098162511884006e-09
"F=8, p=1",8,1,36,Uniform random: direct M,16,64,16,16,17,17,0.0022532156543049117,0,1.5098162511884006e-09
"F=8, p=1",8,1,36,Uniform random: direct M,32,64,32,32,33,33,0.0022532156543049117,0,1.5098162511884006e-09
"F=8, p=1",8,1,36,Uniform random: direct M,64,64,64,64,64,64,0.0022532156543049117,0,1.5098162511884006e-09
"F=8, p=1",8,1,36,Random ranked: QPU-valid-unique matched,69,69,4,4,5,5,0.001303381499603802,0,1.8240490368137685e-10
"F=8, p=1",8,1,36,Random ranked: QPU-valid-unique matched,69,69,8,8,9,9,0.0018831079075740248,0,3.29440356938715e-10
"F=8, p=1",8,1,36,Random ranked: QPU-valid-unique matched,69,69,16,16,17,17,0.0018831079075740248,0,3.29440356938715e-10
"F=8, p=1",8,1,36,Random ranked: QPU-valid-unique matched,69,69,32,32,33,33,0.0018831079075740248,0,3.29440356938715e-10
"F=8, p=1",8,1,36,Random ranked: QPU-valid-unique matched,69,69,64,64,64,64,0.0022532156543049117,0,1.5098162511884006e-09
"F=8, p=1",8,1,36,Random ranked: QPU-raw-draw matched,8192,70,4,4,5,5,0.001303381499603802,0,1.8240490368137685e-10
"F=8, p=1",8,1,36,Random ranked: QPU-raw-draw matched,8192,70,8,8,9,9,0.0018831079075740248,0,3.29440356938715e-10
"F=8, p=1",8,1,36,Random ranked: QPU-raw-draw matched,8192,70,16,16,17,17,0.0018831079075740248,0,3.29440356938715e-10
"F=8, p=1",8,1,36,Random ranked: QPU-raw-draw matched,8192,70,32,32,33,33,0.0018831079075740248,0,3.29440356938715e-10
"F=8, p=1",8,1,36,Random ranked: QPU-raw-draw matched,8192,70,64,64,64,64,0.0022532156543049117,0,1.5098162511884006e-09
"F=8, p=1",8,1,37,Uniform random: direct M,4,64,4,4,5,5,0.0018529103184746626,0,1.5425487623343948e-09
"F=8, p=1",8,1,37,Uniform random: direct M,8,64,8,8,9,9,0.0018529103184746626,0,1.5425487623343948e-09
"F=8, p=1",8,1,37,Uniform random: direct M,16,64,16,16,17,17,0.0018529103184746626,0,1.5425487623343948e-09
"F=8, p=1",8,1,37,Uniform random: direct M,32,64,32,32,33,33,0.0018780941469730625,0,5.846136005849267e-10
"F=8, p=1",8,1,37,Uniform random: direct M,64,64,64,64,64,64,0.0022532156543049117,0,1.5098162511884006e-09
"F=8, p=1",8,1,37,Random ranked: QPU-valid-unique matched,68,68,4,4,5,5,0.001303381499603802,0,1.8240490368137685e-10
"F=8, p=1",8,1,37,Random ranked: QPU-valid-unique matched,68,68,8,8,9,9,0.0018831079075740248,0,3.29440356938715e-10
"F=8, p=1",8,1,37,Random ranked: QPU-valid-unique matched,68,68,16,16,17,17,0.0018831079075740248,0,3.29440356938715e-10
"F=8, p=1",8,1,37,Random ranked: QPU-valid-unique matched,68,68,32,32,33,33,0.0018831079075740248,0,3.29440356938715e-10
"F=8, p=1",8,1,37,Random ranked: QPU-valid-unique matched,68,68,64,64,64,64,0.0022532156543049117,0,1.5098162511884006e-09
"F=8, p=1",8,1,37,Random ranked: QPU-raw-draw matched,8192,70,4,4,5,5,0.001303381499603802,0,1.8240490368137685e-10
"F=8, p=1",8,1,37,Random ranked: QPU-raw-draw matched,8192,70,8,8,9,9,0.0018831079075740248,0,3.29440356938715e-10
"F=8, p=1",8,1,37,Random ranked: QPU-raw-draw matched,8192,70,16,16,17,17,0.0018831079075740248,0,3.29440356938715e-10
"F=8, p=1",8,1,37,Random ranked: QPU-raw-draw matched,8192,70,32,32,33,33,0.0018831079075740248,0,3.29440356938715e-10
"F=8, p=1",8,1,37,Random ranked: QPU-raw-draw matched,8192,70,64,64,64,64,0.0022532156543049117,0,1.5098162511884006e-09
"F=8, p=1",8,1,38,Uniform random: direct M,4,64,4,4,5,5,0.0017697560871250684,0,1.5652301454949225e-08
"F=8, p=1",8,1,38,Uniform random: direct M,8,64,8,8,9,9,0.0017697560871250684,0,1.5652301454949225e-08
"F=8, p=1",8,1,38,Uniform random: direct M,16,64,16,16,17,17,0.0018780941469730625,0,5.846136005849267e-10
"F=8, p=1",8,1,38,Uniform random: direct M,32,64,32,32,33,33,0.0018780941469730625,0,5.846136005849267e-10
"F=8, p=1",8,1,38,Uniform random: direct M,64,64,64,64,64,64,0.0022532156543049117,0,1.5098162511884006e-09
"F=8, p=1",8,1,38,Random ranked: QPU-valid-unique matched,68,68,4,4,5,5,0.001303381499603802,0,1.8240490368137685e-10
"F=8, p=1",8,1,38,Random ranked: QPU-valid-unique matched,68,68,8,8,9,9,0.0018831079075740248,0,3.29440356938715e-10
"F=8, p=1",8,1,38,Random ranked: QPU-valid-unique matched,68,68,16,16,17,17,0.0018831079075740248,0,3.29440356938715e-10
"F=8, p=1",8,1,38,Random ranked: QPU-valid-unique matched,68,68,32,32,33,33,0.0018831079075740248,0,3.29440356938715e-10
"F=8, p=1",8,1,38,Random ranked: QPU-valid-unique matched,68,68,64,64,64,64,0.0022532156543049117,0,1.5098162511884006e-09
"F=8, p=1",8,1,38,Random ranked: QPU-raw-draw matched,8192,70,4,4,5,5,0.001303381499603802,0,1.8240490368137685e-10
"F=8, p=1",8,1,38,Random ranked: QPU-raw-draw matched,8192,70,8,8,9,9,0.0018831079075740248,0,3.29440356938715e-10
"F=8, p=1",8,1,38,Random ranked: QPU-raw-draw matched,8192,70,16,16,17,17,0.0018831079075740248,0,3.29440356938715e-10
"F=8, p=1",8,1,38,Random ranked: QPU-raw-draw matched,8192,70,32,32,33,33,0.0018831079075740248,0,3.29440356938715e-10
"F=8, p=1",8,1,38,Random ranked: QPU-raw-draw matched,8192,70,64,64,64,64,0.0022532156543049117,0,1.5098162511884006e-09
"F=8, p=1",8,1,39,Uniform random: direct M,4,64,4,4,5,5,0.001843387532518781,0,1.5729187508028986e-08
"F=8, p=1",8,1,39,Uniform random: direct M,8,64,8,8,8,8,0.001843387532518781,0,1.5729187508028986e-08
"F=8, p=1",8,1,39,Uniform random: direct M,16,64,16,16,16,16,0.0018780941469730625,0,5.846136005849267e-10
"F=8, p=1",8,1,39,Uniform random: direct M,32,64,32,32,32,32,0.0018780941469730625,0,5.846136005849267e-10
"F=8, p=1",8,1,39,Uniform random: direct M,64,64,64,64,64,64,0.0022532156543049117,0,1.5098162511884006e-09
"F=8, p=1",8,1,39,Random ranked: QPU-valid-unique matched,69,69,4,4,5,5,0.001303381499603802,0,1.8240490368137685e-10
"F=8, p=1",8,1,39,Random ranked: QPU-valid-unique matched,69,69,8,8,9,9,0.0018831079075740248,0,3.29440356938715e-10
"F=8, p=1",8,1,39,Random ranked: QPU-valid-unique matched,69,69,16,16,17,17,0.0018831079075740248,0,3.29440356938715e-10
"F=8, p=1",8,1,39,Random ranked: QPU-valid-unique matched,69,69,32,32,33,33,0.0018831079075740248,0,3.29440356938715e-10
"F=8, p=1",8,1,39,Random ranked: QPU-valid-unique matched,69,69,64,64,64,64,0.0022532156543049117,0,1.5098162511884006e-09
"F=8, p=1",8,1,39,Random ranked: QPU-raw-draw matched,8192,70,4,4,5,5,0.001303381499603802,0,1.8240490368137685e-10
"F=8, p=1",8,1,39,Random ranked: QPU-raw-draw matched,8192,70,8,8,9,9,0.0018831079075740248,0,3.29440356938715e-10
"F=8, p=1",8,1,39,Random ranked: QPU-raw-draw matched,8192,70,16,16,17,17,0.0018831079075740248,0,3.29440356938715e-10
"F=8, p=1",8,1,39,Random ranked: QPU-raw-draw matched,8192,70,32,32,33,33,0.0018831079075740248,0,3.29440356938715e-10
"F=8, p=1",8,1,39,Random ranked: QPU-raw-draw matched,8192,70,64,64,64,64,0.0022532156543049117,0,1.5098162511884006e-09
"F=8, p=1",8,1,40,Uniform random: direct M,4,64,4,4,5,5,0.0022532156543049117,0,1.5098162511884006e-09
"F=8, p=1",8,1,40,Uniform random: direct M,8,64,8,8,9,9,0.0022532156543049117,0,1.5098162511884006e-09
"F=8, p=1",8,1,40,Uniform random: direct M,16,64,16,16,17,17,0.0022532156543049117,0,1.5098162511884006e-09
"F=8, p=1",8,1,40,Uniform random: direct M,32,64,32,32,33,33,0.0022532156543049117,0,1.5098162511884006e-09
"F=8, p=1",8,1,40,Uniform random: direct M,64,64,64,64,65,65,0.0022532156543049117,0,1.5098162511884006e-09
"F=8, p=1",8,1,40,Random ranked: QPU-valid-unique matched,68,68,4,4,5,5,0.001303381499603802,0,1.8240490368137685e-10
"F=8, p=1",8,1,40,Random ranked: QPU-valid-unique matched,68,68,8,8,9,9,0.0018831079075740248,0,3.29440356938715e-10
"F=8, p=1",8,1,40,Random ranked: QPU-valid-unique matched,68,68,16,16,17,17,0.0018831079075740248,0,3.29440356938715e-10
"F=8, p=1",8,1,40,Random ranked: QPU-valid-unique matched,68,68,32,32,33,33,0.0018831079075740248,0,3.29440356938715e-10
"F=8, p=1",8,1,40,Random ranked: QPU-valid-unique matched,68,68,64,64,64,64,0.0022532156543049117,0,1.5098162511884006e-09
"F=8, p=1",8,1,40,Random ranked: QPU-raw-draw matched,8192,70,4,4,5,5,0.001303381499603802,0,1.8240490368137685e-10
"F=8, p=1",8,1,40,Random ranked: QPU-raw-draw matched,8192,70,8,8,9,9,0.0018831079075740248,0,3.29440356938715e-10
"F=8, p=1",8,1,40,Random ranked: QPU-raw-draw matched,8192,70,16,16,17,17,0.0018831079075740248,0,3.29440356938715e-10
"F=8, p=1",8,1,40,Random ranked: QPU-raw-draw matched,8192,70,32,32,33,33,0.0018831079075740248,0,3.29440356938715e-10
"F=8, p=1",8,1,40,Random ranked: QPU-raw-draw matched,8192,70,64,64,64,64,0.0022532156543049117,0,1.5098162511884006e-09
"F=8, p=1",8,1,41,Uniform random: direct M,4,64,4,4,5,5,0.0018831079075740248,0,3.29440356938715e-10
"F=8, p=1",8,1,41,Uniform random: direct M,8,64,8,8,9,9,0.0018831079075740248,0,3.29440356938715e-10
"F=8, p=1",8,1,41,Uniform random: direct M,16,64,16,16,17,17,0.0018831079075740248,0,3.29440356938715e-10
"F=8, p=1",8,1,41,Uniform random: direct M,32,64,32,32,33,33,0.0018831079075740248,0,3.29440356938715e-10
"F=8, p=1",8,1,41,Uniform random: direct M,64,64,64,64,64,64,0.0022532156543049117,0,1.5098162511884006e-09
"F=8, p=1",8,1,41,Random ranked: QPU-valid-unique matched,68,68,4,4,5,5,0.001303381499603802,0,1.8240490368137685e-10
"F=8, p=1",8,1,41,Random ranked: QPU-valid-unique matched,68,68,8,8,9,9,0.0018831079075740248,0,3.29440356938715e-10
"F=8, p=1",8,1,41,Random ranked: QPU-valid-unique matched,68,68,16,16,17,17,0.0018831079075740248,0,3.29440356938715e-10
"F=8, p=1",8,1,41,Random ranked: QPU-valid-unique matched,68,68,32,32,33,33,0.0018831079075740248,0,3.29440356938715e-10
"F=8, p=1",8,1,41,Random ranked: QPU-valid-unique matched,68,68,64,64,64,64,0.0022532156543049117,0,1.5098162511884006e-09
"F=8, p=1",8,1,41,Random ranked: QPU-raw-draw matched,8192,70,4,4,5,5,0.001303381499603802,0,1.8240490368137685e-10
"F=8, p=1",8,1,41,Random ranked: QPU-raw-draw matched,8192,70,8,8,9,9,0.0018831079075740248,0,3.29440356938715e-10
"F=8, p=1",8,1,41,Random ranked: QPU-raw-draw matched,8192,70,16,16,17,17,0.0018831079075740248,0,3.29440356938715e-10
"F=8, p=1",8,1,41,Random ranked: QPU-raw-draw matched,8192,70,32,32,33,33,0.0018831079075740248,0,3.29440356938715e-10
"F=8, p=1",8,1,41,Random ranked: QPU-raw-draw matched,8192,70,64,64,64,64,0.0022532156543049117,0,1.5098162511884006e-09
"F=8, p=1",8,1,42,Uniform random: direct M,4,64,4,4,5,5,0.0017097339669307696,0,8.922100627750673e-10
"F=8, p=1",8,1,42,Uniform random: direct M,8,64,8,8,9,9,0.0018013294743834812,0,2.964946821393255e-08
"F=8, p=1",8,1,42,Uniform random: direct M,16,64,16,16,17,17,0.0018831079075740248,0,3.29440356938715e-10
"F=8, p=1",8,1,42,Uniform random: direct M,32,64,32,32,33,33,0.0018831079075740248,0,3.29440356938715e-10
"F=8, p=1",8,1,42,Uniform random: direct M,64,64,64,64,64,64,0.0022532156543049117,0,1.5098162511884006e-09
"F=8, p=1",8,1,42,Random ranked: QPU-valid-unique matched,69,69,4,4,5,5,0.001303381499603802,0,1.8240490368137685e-10
"F=8, p=1",8,1,42,Random ranked: QPU-valid-unique matched,69,69,8,8,9,9,0.0018831079075740248,0,3.29440356938715e-10
"F=8, p=1",8,1,42,Random ranked: QPU-valid-unique matched,69,69,16,16,17,17,0.0018831079075740248,0,3.29440356938715e-10
"F=8, p=1",8,1,42,Random ranked: QPU-valid-unique matched,69,69,32,32,33,33,0.0018831079075740248,0,3.29440356938715e-10
"F=8, p=1",8,1,42,Random ranked: QPU-valid-unique matched,69,69,64,64,64,64,0.0022532156543049117,0,1.5098162511884006e-09
"F=8, p=1",8,1,42,Random ranked: QPU-raw-draw matched,8192,70,4,4,5,5,0.001303381499603802,0,1.8240490368137685e-10
"F=8, p=1",8,1,42,Random ranked: QPU-raw-draw matched,8192,70,8,8,9,9,0.0018831079075740248,0,3.29440356938715e-10
"F=8, p=1",8,1,42,Random ranked: QPU-raw-draw matched,8192,70,16,16,17,17,0.0018831079075740248,0,3.29440356938715e-10
"F=8, p=1",8,1,42,Random ranked: QPU-raw-draw matched,8192,70,32,32,33,33,0.0018831079075740248,0,3.29440356938715e-10
"F=8, p=1",8,1,42,Random ranked: QPU-raw-draw matched,8192,70,64,64,64,64,0.0022532156543049117,0,1.5098162511884006e-09
"F=8, p=1",8,1,43,Uniform random: direct M,4,64,4,4,5,5,0.0022532156543049117,0,1.5098162511884006e-09
"F=8, p=1",8,1,43,Uniform random: direct M,8,64,8,8,9,9,0.0022532156543049117,0,1.5098162511884006e-09
"F=8, p=1",8,1,43,Uniform random: direct M,16,64,16,16,16,16,0.0022532156543049117,0,1.5098162511884006e-09
"F=8, p=1",8,1,43,Uniform random: direct M,32,64,32,32,32,32,0.0022532156543049117,0,1.5098162511884006e-09
"F=8, p=1",8,1,43,Uniform random: direct M,64,64,64,64,64,64,0.0022532156543049117,0,1.5098162511884006e-09
"F=8, p=1",8,1,43,Random ranked: QPU-valid-unique matched,68,68,4,4,5,5,0.001303381499603802,0,1.8240490368137685e-10
"F=8, p=1",8,1,43,Random ranked: QPU-valid-unique matched,68,68,8,8,9,9,0.0018831079075740248,0,3.29440356938715e-10
"F=8, p=1",8,1,43,Random ranked: QPU-valid-unique matched,68,68,16,16,17,17,0.0018831079075740248,0,3.29440356938715e-10
"F=8, p=1",8,1,43,Random ranked: QPU-valid-unique matched,68,68,32,32,33,33,0.0018831079075740248,0,3.29440356938715e-10
"F=8, p=1",8,1,43,Random ranked: QPU-valid-unique matched,68,68,64,64,65,65,0.0022532156543049117,0,1.5098162511884006e-09
"F=8, p=1",8,1,43,Random ranked: QPU-raw-draw matched,8192,70,4,4,5,5,0.001303381499603802,0,1.8240490368137685e-10
"F=8, p=1",8,1,43,Random ranked: QPU-raw-draw matched,8192,70,8,8,9,9,0.0018831079075740248,0,3.29440356938715e-10
"F=8, p=1",8,1,43,Random ranked: QPU-raw-draw matched,8192,70,16,16,17,17,0.0018831079075740248,0,3.29440356938715e-10
"F=8, p=1",8,1,43,Random ranked: QPU-raw-draw matched,8192,70,32,32,33,33,0.0018831079075740248,0,3.29440356938715e-10
"F=8, p=1",8,1,43,Random ranked: QPU-raw-draw matched,8192,70,64,64,64,64,0.0022532156543049117,0,1.5098162511884006e-09
"F=8, p=1",8,1,44,Uniform random: direct M,4,64,4,4,5,5,0.0018780941469730625,0,5.846136005849267e-10
"F=8, p=1",8,1,44,Uniform random: direct M,8,64,8,8,9,9,0.0018780941469730625,0,5.846136005849267e-10
"F=8, p=1",8,1,44,Uniform random: direct M,16,64,16,16,17,17,0.0022532156543049117,0,1.5098162511884006e-09
"F=8, p=1",8,1,44,Uniform random: direct M,32,64,32,32,33,33,0.0022532156543049117,0,1.5098162511884006e-09
"F=8, p=1",8,1,44,Uniform random: direct M,64,64,64,64,64,64,0.0022532156543049117,0,1.5098162511884006e-09
"F=8, p=1",8,1,44,Random ranked: QPU-valid-unique matched,68,68,4,4,5,5,0.0018831079075740248,0,3.29440356938715e-10
"F=8, p=1",8,1,44,Random ranked: QPU-valid-unique matched,68,68,8,8,9,9,0.0018831079075740248,0,3.29440356938715e-10
"F=8, p=1",8,1,44,Random ranked: QPU-valid-unique matched,68,68,16,16,17,17,0.0018831079075740248,0,3.29440356938715e-10
"F=8, p=1",8,1,44,Random ranked: QPU-valid-unique matched,68,68,32,32,33,33,0.0018831079075740248,0,3.29440356938715e-10
"F=8, p=1",8,1,44,Random ranked: QPU-valid-unique matched,68,68,64,64,64,64,0.0022532156543049117,0,1.5098162511884006e-09
"F=8, p=1",8,1,44,Random ranked: QPU-raw-draw matched,8192,70,4,4,5,5,0.001303381499603802,0,1.8240490368137685e-10
"F=8, p=1",8,1,44,Random ranked: QPU-raw-draw matched,8192,70,8,8,9,9,0.0018831079075740248,0,3.29440356938715e-10
"F=8, p=1",8,1,44,Random ranked: QPU-raw-draw matched,8192,70,16,16,17,17,0.0018831079075740248,0,3.29440356938715e-10
"F=8, p=1",8,1,44,Random ranked: QPU-raw-draw matched,8192,70,32,32,33,33,0.0018831079075740248,0,3.29440356938715e-10
"F=8, p=1",8,1,44,Random ranked: QPU-raw-draw matched,8192,70,64,64,64,64,0.0022532156543049117,0,1.5098162511884006e-09
"F=8, p=1",8,1,45,Uniform random: direct M,4,64,4,4,5,5,0.0017565630665707516,0,2.0624157437421076e-08
"F=8, p=1",8,1,45,Uniform random: direct M,8,64,8,8,9,9,0.0017565630665707516,0,2.0624157437421076e-08
"F=8, p=1",8,1,45,Uniform random: direct M,16,64,16,16,17,17,0.0018780941469730625,0,5.846136005849267e-10
"F=8, p=1",8,1,45,Uniform random: direct M,32,64,32,32,32,32,0.0018780941469730625,0,5.846136005849267e-10
"F=8, p=1",8,1,45,Uniform random: direct M,64,64,64,64,64,64,0.0022532156543049117,0,1.5098162511884006e-09
"F=8, p=1",8,1,45,Random ranked: QPU-valid-unique matched,69,69,4,4,5,5,0.001303381499603802,0,1.8240490368137685e-10
"F=8, p=1",8,1,45,Random ranked: QPU-valid-unique matched,69,69,8,8,9,9,0.0018831079075740248,0,3.29440356938715e-10
"F=8, p=1",8,1,45,Random ranked: QPU-valid-unique matched,69,69,16,16,17,17,0.0018831079075740248,0,3.29440356938715e-10
"F=8, p=1",8,1,45,Random ranked: QPU-valid-unique matched,69,69,32,32,33,33,0.0018831079075740248,0,3.29440356938715e-10
"F=8, p=1",8,1,45,Random ranked: QPU-valid-unique matched,69,69,64,64,64,64,0.0022532156543049117,0,1.5098162511884006e-09
"F=8, p=1",8,1,45,Random ranked: QPU-raw-draw matched,8192,70,4,4,5,5,0.001303381499603802,0,1.8240490368137685e-10
"F=8, p=1",8,1,45,Random ranked: QPU-raw-draw matched,8192,70,8,8,9,9,0.0018831079075740248,0,3.29440356938715e-10
"F=8, p=1",8,1,45,Random ranked: QPU-raw-draw matched,8192,70,16,16,17,17,0.0018831079075740248,0,3.29440356938715e-10
"F=8, p=1",8,1,45,Random ranked: QPU-raw-draw matched,8192,70,32,32,33,33,0.0018831079075740248,0,3.29440356938715e-10
"F=8, p=1",8,1,45,Random ranked: QPU-raw-draw matched,8192,70,64,64,64,64,0.0022532156543049117,0,1.5098162511884006e-09
"F=8, p=1",8,1,46,Uniform random: direct M,4,64,4,4,5,5,0.0018831079075740248,0,3.29440356938715e-10
"F=8, p=1",8,1,46,Uniform random: direct M,8,64,8,8,9,9,0.0018831079075740248,0,3.29440356938715e-10
"F=8, p=1",8,1,46,Uniform random: direct M,16,64,16,16,17,17,0.0018831079075740248,0,3.29440356938715e-10
"F=8, p=1",8,1,46,Uniform random: direct M,32,64,32,32,33,33,0.0018831079075740248,0,3.29440356938715e-10
"F=8, p=1",8,1,46,Uniform random: direct M,64,64,64,64,64,64,0.0022532156543049117,0,1.5098162511884006e-09
"F=8, p=1",8,1,46,Random ranked: QPU-valid-unique matched,68,68,4,4,5,5,0.001303381499603802,0,1.8240490368137685e-10
"F=8, p=1",8,1,46,Random ranked: QPU-valid-unique matched,68,68,8,8,9,9,0.0018831079075740248,0,3.29440356938715e-10
"F=8, p=1",8,1,46,Random ranked: QPU-valid-unique matched,68,68,16,16,17,17,0.0018831079075740248,0,3.29440356938715e-10
"F=8, p=1",8,1,46,Random ranked: QPU-valid-unique matched,68,68,32,32,33,33,0.0018831079075740248,0,3.29440356938715e-10
"F=8, p=1",8,1,46,Random ranked: QPU-valid-unique matched,68,68,64,64,64,64,0.0022532156543049117,0,1.5098162511884006e-09
"F=8, p=1",8,1,46,Random ranked: QPU-raw-draw matched,8192,70,4,4,5,5,0.001303381499603802,0,1.8240490368137685e-10
"F=8, p=1",8,1,46,Random ranked: QPU-raw-draw matched,8192,70,8,8,9,9,0.0018831079075740248,0,3.29440356938715e-10
"F=8, p=1",8,1,46,Random ranked: QPU-raw-draw matched,8192,70,16,16,17,17,0.0018831079075740248,0,3.29440356938715e-10
"F=8, p=1",8,1,46,Random ranked: QPU-raw-draw matched,8192,70,32,32,33,33,0.0018831079075740248,0,3.29440356938715e-10
"F=8, p=1",8,1,46,Random ranked: QPU-raw-draw matched,8192,70,64,64,64,64,0.0022532156543049117,0,1.5098162511884006e-09
"F=8, p=1",8,1,47,Uniform random: direct M,4,64,4,4,5,5,0.0017217134715258667,0,3.1686246071416235e-08
"F=8, p=1",8,1,47,Uniform random: direct M,8,64,8,8,9,9,0.0017217134715258667,0,3.1686246071416235e-08
"F=8, p=1",8,1,47,Uniform random: direct M,16,64,16,16,17,17,0.0018013294743834812,0,2.964946821393255e-08
"F=8, p=1",8,1,47,Uniform random: direct M,32,64,32,32,33,33,0.0018831079075740248,0,3.29440356938715e-10
"F=8, p=1",8,1,47,Uniform random: direct M,64,64,64,64,65,65,0.0022532156543049117,0,1.5098162511884006e-09
"F=8, p=1",8,1,47,Random ranked: QPU-valid-unique matched,68,68,4,4,5,5,0.001303381499603802,0,1.8240490368137685e-10
"F=8, p=1",8,1,47,Random ranked: QPU-valid-unique matched,68,68,8,8,9,9,0.0018831079075740248,0,3.29440356938715e-10
"F=8, p=1",8,1,47,Random ranked: QPU-valid-unique matched,68,68,16,16,17,17,0.0018831079075740248,0,3.29440356938715e-10
"F=8, p=1",8,1,47,Random ranked: QPU-valid-unique matched,68,68,32,32,33,33,0.0018831079075740248,0,3.29440356938715e-10
"F=8, p=1",8,1,47,Random ranked: QPU-valid-unique matched,68,68,64,64,64,64,0.0022532156543049117,0,1.5098162511884006e-09
"F=8, p=1",8,1,47,Random ranked: QPU-raw-draw matched,8192,70,4,4,5,5,0.001303381499603802,0,1.8240490368137685e-10
"F=8, p=1",8,1,47,Random ranked: QPU-raw-draw matched,8192,70,8,8,9,9,0.0018831079075740248,0,3.29440356938715e-10
"F=8, p=1",8,1,47,Random ranked: QPU-raw-draw matched,8192,70,16,16,17,17,0.0018831079075740248,0,3.29440356938715e-10
"F=8, p=1",8,1,47,Random ranked: QPU-raw-draw matched,8192,70,32,32,33,33,0.0018831079075740248,0,3.29440356938715e-10
"F=8, p=1",8,1,47,Random ranked: QPU-raw-draw matched,8192,70,64,64,64,64,0.0022532156543049117,0,1.5098162511884006e-09
"F=8, p=1",8,1,48,Uniform random: direct M,4,64,4,4,5,5,0.0012095142205363965,0,1.0253354901235134e-09
"F=8, p=1",8,1,48,Uniform random: direct M,8,64,8,8,9,9,0.0017574577872738334,0,2.6407577791154324e-08
"F=8, p=1",8,1,48,Uniform random: direct M,16,64,16,16,17,17,0.0018780941469730625,0,5.846136005849267e-10
"F=8, p=1",8,1,48,Uniform random: direct M,32,64,32,32,33,33,0.0018780941469730625,0,5.846136005849267e-10
"F=8, p=1",8,1,48,Uniform random: direct M,64,64,64,64,64,64,0.0022532156543049117,0,1.5098162511884006e-09
"F=8, p=1",8,1,48,Random ranked: QPU-valid-unique matched,69,69,4,4,5,5,0.001303381499603802,0,1.8240490368137685e-10
"F=8, p=1",8,1,48,Random ranked: QPU-valid-unique matched,69,69,8,8,9,9,0.0018831079075740248,0,3.29440356938715e-10
"F=8, p=1",8,1,48,Random ranked: QPU-valid-unique matched,69,69,16,16,17,17,0.0018831079075740248,0,3.29440356938715e-10
"F=8, p=1",8,1,48,Random ranked: QPU-valid-unique matched,69,69,32,32,33,33,0.0018831079075740248,0,3.29440356938715e-10
"F=8, p=1",8,1,48,Random ranked: QPU-valid-unique matched,69,69,64,64,64,64,0.0022532156543049117,0,1.5098162511884006e-09
"F=8, p=1",8,1,48,Random ranked: QPU-raw-draw matched,8192,70,4,4,5,5,0.001303381499603802,0,1.8240490368137685e-10
"F=8, p=1",8,1,48,Random ranked: QPU-raw-draw matched,8192,70,8,8,9,9,0.0018831079075740248,0,3.29440356938715e-10
"F=8, p=1",8,1,48,Random ranked: QPU-raw-draw matched,8192,70,16,16,17,17,0.0018831079075740248,0,3.29440356938715e-10
"F=8, p=1",8,1,48,Random ranked: QPU-raw-draw matched,8192,70,32,32,33,33,0.0018831079075740248,0,3.29440356938715e-10
"F=8, p=1",8,1,48,Random ranked: QPU-raw-draw matched,8192,70,64,64,64,64,0.0022532156543049117,0,1.5098162511884006e-09
"F=8, p=1",8,1,49,Uniform random: direct M,4,64,4,4,5,5,0.0018529103184746626,0,1.5425487623343948e-09
"F=8, p=1",8,1,49,Uniform random: direct M,8,64,8,8,9,9,0.0018529103184746626,0,1.5425487623343948e-09
"F=8, p=1",8,1,49,Uniform random: direct M,16,64,16,16,17,17,0.0018780941469730625,0,5.846136005849267e-10
"F=8, p=1",8,1,49,Uniform random: direct M,32,64,32,32,33,33,0.0022532156543049117,0,1.5098162511884006e-09
"F=8, p=1",8,1,49,Uniform random: direct M,64,64,64,64,65,65,0.0022532156543049117,0,1.5098162511884006e-09
"F=8, p=1",8,1,49,Random ranked: QPU-valid-unique matched,68,68,4,4,5,5,0.001303381499603802,0,1.8240490368137685e-10
"F=8, p=1",8,1,49,Random ranked: QPU-valid-unique matched,68,68,8,8,9,9,0.0018831079075740248,0,3.29440356938715e-10
"F=8, p=1",8,1,49,Random ranked: QPU-valid-unique matched,68,68,16,16,17,17,0.0018831079075740248,0,3.29440356938715e-10
"F=8, p=1",8,1,49,Random ranked: QPU-valid-unique matched,68,68,32,32,33,33,0.0018831079075740248,0,3.29440356938715e-10
"F=8, p=1",8,1,49,Random ranked: QPU-valid-unique matched,68,68,64,64,64,64,0.0022532156543049117,0,1.5098162511884006e-09
"F=8, p=1",8,1,49,Random ranked: QPU-raw-draw matched,8192,70,4,4,5,5,0.001303381499603802,0,1.8240490368137685e-10
"F=8, p=1",8,1,49,Random ranked: QPU-raw-draw matched,8192,70,8,8,9,9,0.0018831079075740248,0,3.29440356938715e-10
"F=8, p=1",8,1,49,Random ranked: QPU-raw-draw matched,8192,70,16,16,17,17,0.0018831079075740248,0,3.29440356938715e-10
"F=8, p=1",8,1,49,Random ranked: QPU-raw-draw matched,8192,70,32,32,33,33,0.0018831079075740248,0,3.29440356938715e-10
"F=8, p=1",8,1,49,Random ranked: QPU-raw-draw matched,8192,70,64,64,64,64,0.0022532156543049117,0,1.5098162511884006e-09
"F=12, p=1",12,1,0,Uniform random: direct M,4,64,4,4,5,5,0.0012772254571275787,0,2.6179192147424146e-10
"F=12, p=1",12,1,0,Uniform random: direct M,8,64,8,8,9,9,0.001621826522585794,0,1.1077958661509513e-08
"F=12, p=1",12,1,0,Uniform random: direct M,16,64,16,16,17,17,0.001674059006196188,0,2.5775885870160664e-09
"F=12, p=1",12,1,0,Uniform random: direct M,32,64,32,32,33,33,0.0022464218408675546,0,2.4162556455653572e-08
"F=12, p=1",12,1,0,Uniform random: direct M,64,64,64,64,65,65,0.0022464218408675546,0,2.4162556455653572e-08
"F=12, p=1",12,1,0,Random ranked: QPU-valid-unique matched,279,279,4,4,5,5,0.0018109383484740116,0,1.0246595238960765e-08
"F=12, p=1",12,1,0,Random ranked: QPU-valid-unique matched,279,279,8,8,9,9,0.0018109383484740116,0,1.0246595238960765e-08
"F=12, p=1",12,1,0,Random ranked: QPU-valid-unique matched,279,279,16,16,17,17,0.0022116013691898667,0,1.5871959233026978e-09
"F=12, p=1",12,1,0,Random ranked: QPU-valid-unique matched,279,279,32,32,33,33,0.0022116013691898667,0,1.5871959233026978e-09
"F=12, p=1",12,1,0,Random ranked: QPU-valid-unique matched,279,279,64,64,65,65,0.0022116013691898667,0,1.5871959233026978e-09
"F=12, p=1",12,1,0,Random ranked: QPU-raw-draw matched,8192,792,4,4,5,5,0.0018109383484740116,0,1.0246595238960765e-08
"F=12, p=1",12,1,0,Random ranked: QPU-raw-draw matched,8192,792,8,8,9,9,0.0018109383484740116,0,1.0246595238960765e-08
"F=12, p=1",12,1,0,Random ranked: QPU-raw-draw matched,8192,792,16,16,17,17,0.0018109383484740116,0,1.0246595238960765e-08
"F=12, p=1",12,1,0,Random ranked: QPU-raw-draw matched,8192,792,32,32,33,33,0.0018109383484740116,0,1.0246595238960765e-08
"F=12, p=1",12,1,0,Random ranked: QPU-raw-draw matched,8192,792,64,64,65,65,0.0022116013691898667,0,1.5871959233026978e-09
"F=12, p=1",12,1,1,Uniform random: direct M,4,64,4,4,5,5,0.0016882837195915587,0,1.6218159926140174e-08
"F=12, p=1",12,1,1,Uniform random: direct M,8,64,8,8,9,9,0.0022464218408675546,0,2.4162556455653572e-08
"F=12, p=1",12,1,1,Uniform random: direct M,16,64,16,16,17,17,0.0022464218408675546,0,2.4162556455653572e-08
"F=12, p=1",12,1,1,Uniform random: direct M,32,64,32,32,33,33,0.0022464218408675546,0,2.4162556455653572e-08
"F=12, p=1",12,1,1,Uniform random: direct M,64,64,64,64,65,65,0.0022464218408675546,0,2.4162556455653572e-08
"F=12, p=1",12,1,1,Random ranked: QPU-valid-unique matched,277,277,4,4,5,5,0.0015983817811347709,0,1.562041318514673e-08
"F=12, p=1",12,1,1,Random ranked: QPU-valid-unique matched,277,277,8,8,9,9,0.0015983817811347709,0,1.562041318514673e-08
"F=12, p=1",12,1,1,Random ranked: QPU-valid-unique matched,277,277,16,16,17,17,0.0021112034877985297,0,3.417185445719895e-08
"F=12, p=1",12,1,1,Random ranked: QPU-valid-unique matched,277,277,32,32,33,33,0.0021112034877985297,0,3.417185445719895e-08
"F=12, p=1",12,1,1,Random ranked: QPU-valid-unique matched,277,277,64,64,65,65,0.0021112034877985297,0,3.417185445719895e-08
"F=12, p=1",12,1,1,Random ranked: QPU-raw-draw matched,8192,792,4,4,5,5,0.0018109383484740116,0,1.0246595238960765e-08
"F=12, p=1",12,1,1,Random ranked: QPU-raw-draw matched,8192,792,8,8,9,9,0.0018109383484740116,0,1.0246595238960765e-08
"F=12, p=1",12,1,1,Random ranked: QPU-raw-draw matched,8192,792,16,16,17,17,0.0018109383484740116,0,1.0246595238960765e-08
"F=12, p=1",12,1,1,Random ranked: QPU-raw-draw matched,8192,792,32,32,33,33,0.0018109383484740116,0,1.0246595238960765e-08
"F=12, p=1",12,1,1,Random ranked: QPU-raw-draw matched,8192,792,64,64,65,65,0.0022116013691898667,0,1.5871959233026978e-09
"F=12, p=1",12,1,2,Uniform random: direct M,4,64,4,4,5,5,0.001643351990431384,0,2.730426651442741e-08
"F=12, p=1",12,1,2,Uniform random: direct M,8,64,8,8,9,9,0.001643351990431384,0,2.730426651442741e-08
"F=12, p=1",12,1,2,Uniform random: direct M,16,64,16,16,17,17,0.0019380413955167458,0,3.824413119524195e-09
"F=12, p=1",12,1,2,Uniform random: direct M,32,64,32,32,33,33,0.0022051517826403508,0,1.6640180955374007e-08
"F=12, p=1",12,1,2,Uniform random: direct M,64,64,64,64,65,65,0.0022051517826403508,0,1.6640180955374007e-08
"F=12, p=1",12,1,2,Random ranked: QPU-valid-unique matched,278,278,4,4,5,5,0.0015983817811347709,0,1.562041318514673e-08
"F=12, p=1",12,1,2,Random ranked: QPU-valid-unique matched,278,278,8,8,9,9,0.0015983817811347709,0,1.562041318514673e-08
"F=12, p=1",12,1,2,Random ranked: QPU-valid-unique matched,278,278,16,16,17,17,0.002183962364759366,0,3.5559162170351044e-08
"F=12, p=1",12,1,2,Random ranked: QPU-valid-unique matched,278,278,32,32,33,33,0.002183962364759366,0,3.5559162170351044e-08
"F=12, p=1",12,1,2,Random ranked: QPU-valid-unique matched,278,278,64,64,65,65,0.002183962364759366,0,3.5559162170351044e-08
"F=12, p=1",12,1,2,Random ranked: QPU-raw-draw matched,8192,792,4,4,5,5,0.0018109383484740116,0,1.0246595238960765e-08
"F=12, p=1",12,1,2,Random ranked: QPU-raw-draw matched,8192,792,8,8,9,9,0.0018109383484740116,0,1.0246595238960765e-08
"F=12, p=1",12,1,2,Random ranked: QPU-raw-draw matched,8192,792,16,16,17,17,0.0018109383484740116,0,1.0246595238960765e-08
"F=12, p=1",12,1,2,Random ranked: QPU-raw-draw matched,8192,792,32,32,33,33,0.0018109383484740116,0,1.0246595238960765e-08
"F=12, p=1",12,1,2,Random ranked: QPU-raw-draw matched,8192,792,64,64,65,65,0.0022116013691898667,0,1.5871959233026978e-09
"F=12, p=1",12,1,3,Uniform random: direct M,4,64,4,4,5,5,0.0019192108286348666,0,1.940591376481393e-08
"F=12, p=1",12,1,3,Uniform random: direct M,8,64,8,8,9,9,0.0019192108286348666,0,1.940591376481393e-08
"F=12, p=1",12,1,3,Uniform random: direct M,16,64,16,16,17,17,0.0019192108286348666,0,1.940591376481393e-08
"F=12, p=1",12,1,3,Uniform random: direct M,32,64,32,32,33,33,0.002148224422386276,0,2.8151271147525136e-08
"F=12, p=1",12,1,3,Uniform random: direct M,64,64,64,64,65,65,0.002148224422386276,0,2.8151271147525136e-08
"F=12, p=1",12,1,3,Random ranked: QPU-valid-unique matched,279,279,4,4,5,5,0.0018109383484740116,0,1.0246595238960765e-08
"F=12, p=1",12,1,3,Random ranked: QPU-valid-unique matched,279,279,8,8,9,9,0.0018109383484740116,0,1.0246595238960765e-08
"F=12, p=1",12,1,3,Random ranked: QPU-valid-unique matched,279,279,16,16,17,17,0.0018109383484740116,0,1.0246595238960765e-08
"F=12, p=1",12,1,3,Random ranked: QPU-valid-unique matched,279,279,32,32,33,33,0.0022116013691898667,0,1.5871959233026978e-09
"F=12, p=1",12,1,3,Random ranked: QPU-valid-unique matched,279,279,64,64,65,65,0.0022116013691898667,0,1.5871959233026978e-09
"F=12, p=1",12,1,3,Random ranked: QPU-raw-draw matched,8192,792,4,4,5,5,0.0018109383484740116,0,1.0246595238960765e-08
"F=12, p=1",12,1,3,Random ranked: QPU-raw-draw matched,8192,792,8,8,9,9,0.0018109383484740116,0,1.0246595238960765e-08
"F=12, p=1",12,1,3,Random ranked: QPU-raw-draw matched,8192,792,16,16,17,17,0.0018109383484740116,0,1.0246595238960765e-08
"F=12, p=1",12,1,3,Random ranked: QPU-raw-draw matched,8192,792,32,32,33,33,0.0018109383484740116,0,1.0246595238960765e-08
"F=12, p=1",12,1,3,Random ranked: QPU-raw-draw matched,8192,792,64,64,65,65,0.0022116013691898667,0,1.5871959233026978e-09
"F=12, p=1",12,1,4,Uniform random: direct M,4,64,4,4,5,5,0.0021021221506629453,0,3.5112568685935486e-08
"F=12, p=1",12,1,4,Uniform random: direct M,8,64,8,8,9,9,0.0021021221506629453,0,3.5112568685935486e-08
"F=12, p=1",12,1,4,Uniform random: direct M,16,64,16,16,17,17,0.0021021221506629453,0,3.5112568685935486e-08
"F=12, p=1",12,1,4,Uniform random: direct M,32,64,32,32,33,33,0.0021021221506629453,0,3.5112568685935486e-08
"F=12, p=1",12,1,4,Uniform random: direct M,64,64,64,64,65,65,0.0021021221506629453,0,3.5112568685935486e-08
"F=12, p=1",12,1,4,Random ranked: QPU-valid-unique matched,277,277,4,4,5,5,0.0018109383484740116,0,1.0246595238960765e-08
"F=12, p=1",12,1,4,Random ranked: QPU-valid-unique matched,277,277,8,8,9,9,0.0018109383484740116,0,1.0246595238960765e-08
"F=12, p=1",12,1,4,Random ranked: QPU-valid-unique matched,277,277,16,16,17,17,0.0021112034877985297,0,3.417185445719895e-08
"F=12, p=1",12,1,4,Random ranked: QPU-valid-unique matched,277,277,32,32,33,33,0.0021112034877985297,0,3.417185445719895e-08
"F=12, p=1",12,1,4,Random ranked: QPU-valid-unique matched,277,277,64,64,65,65,0.0021112034877985297,0,3.417185445719895e-08
"F=12, p=1",12,1,4,Random ranked: QPU-raw-draw matched,8192,792,4,4,5,5,0.0018109383484740116,0,1.0246595238960765e-08
"F=12, p=1",12,1,4,Random ranked: QPU-raw-draw matched,8192,792,8,8,9,9,0.0018109383484740116,0,1.0246595238960765e-08
"F=12, p=1",12,1,4,Random ranked: QPU-raw-draw matched,8192,792,16,16,17,17,0.0018109383484740116,0,1.0246595238960765e-08
"F=12, p=1",12,1,4,Random ranked: QPU-raw-draw matched,8192,792,32,32,33,33,0.0018109383484740116,0,1.0246595238960765e-08
"F=12, p=1",12,1,4,Random ranked: QPU-raw-draw matched,8192,792,64,64,65,65,0.0022116013691898667,0,1.5871959233026978e-09
"F=12, p=1",12,1,5,Uniform random: direct M,4,64,4,4,5,5,0.0016130512120452467,0,8.123278716354321e-10
"F=12, p=1",12,1,5,Uniform random: direct M,8,64,8,8,9,9,0.0016130512120452467,0,8.123278716354321e-10
"F=12, p=1",12,1,5,Uniform random: direct M,16,64,16,16,17,17,0.0017355863795286003,0,2.0013833534893166e-08
"F=12, p=1",12,1,5,Uniform random: direct M,32,64,32,32,33,33,0.0017355863795286003,0,2.0013833534893166e-08
"F=12, p=1",12,1,5,Uniform random: direct M,64,64,64,64,64,64,0.0020397992668093473,0,2.1682067807837768e-08
"F=12, p=1",12,1,5,Random ranked: QPU-valid-unique matched,278,278,4,4,5,5,0.0013911785523727307,0,1.5519543289377324e-10
"F=12, p=1",12,1,5,Random ranked: QPU-valid-unique matched,278,278,8,8,9,9,0.002021892748866397,0,1.485620942931476e-08
"F=12, p=1",12,1,5,Random ranked: QPU-valid-unique matched,278,278,16,16,17,17,0.002183962364759366,0,3.5559162170351044e-08
"F=12, p=1",12,1,5,Random ranked: QPU-valid-unique matched,278,278,32,32,33,33,0.002183962364759366,0,3.5559162170351044e-08
"F=12, p=1",12,1,5,Random ranked: QPU-valid-unique matched,278,278,64,64,65,65,0.002183962364759366,0,3.5559162170351044e-08
"F=12, p=1",12,1,5,Random ranked: QPU-raw-draw matched,8192,792,4,4,5,5,0.0018109383484740116,0,1.0246595238960765e-08
"F=12, p=1",12,1,5,Random ranked: QPU-raw-draw matched,8192,792,8,8,9,9,0.0018109383484740116,0,1.0246595238960765e-08
"F=12, p=1",12,1,5,Random ranked: QPU-raw-draw matched,8192,792,16,16,17,17,0.0018109383484740116,0,1.0246595238960765e-08
"F=12, p=1",12,1,5,Random ranked: QPU-raw-draw matched,8192,792,32,32,33,33,0.0018109383484740116,0,1.0246595238960765e-08
"F=12, p=1",12,1,5,Random ranked: QPU-raw-draw matched,8192,792,64,64,65,65,0.0022116013691898667,0,1.5871959233026978e-09
"F=12, p=1",12,1,6,Uniform random: direct M,4,64,4,4,5,5,0.0014886452272173042,0,1.574202088128196e-10
"F=12, p=1",12,1,6,Uniform random: direct M,8,64,8,8,9,9,0.0014886452272173042,0,1.574202088128196e-10
"F=12, p=1",12,1,6,Uniform random: direct M,16,64,16,16,17,17,0.0017099736952814054,0,3.624508337907173e-08
"F=12, p=1",12,1,6,Uniform random: direct M,32,64,32,32,33,33,0.0017754328817441503,0,3.790085845167823e-08
"F=12, p=1",12,1,6,Uniform random: direct M,64,64,64,64,65,65,0.0020148794239700646,0,2.3456910858143942e-08
"F=12, p=1",12,1,6,Random ranked: QPU-valid-unique matched,279,279,4,4,5,5,0.0017270418735284773,0,1.1855663006876682e-08
"F=12, p=1",12,1,6,Random ranked: QPU-valid-unique matched,279,279,8,8,9,9,0.0017270418735284773,0,1.1855663006876682e-08
"F=12, p=1",12,1,6,Random ranked: QPU-valid-unique matched,279,279,16,16,17,17,0.0021112034877985297,0,3.417185445719895e-08
"F=12, p=1",12,1,6,Random ranked: QPU-valid-unique matched,279,279,32,32,33,33,0.002183962364759366,0,3.5559162170351044e-08
"F=12, p=1",12,1,6,Random ranked: QPU-valid-unique matched,279,279,64,64,65,65,0.002183962364759366,0,3.5559162170351044e-08
"F=12, p=1",12,1,6,Random ranked: QPU-raw-draw matched,8192,792,4,4,5,5,0.0018109383484740116,0,1.0246595238960765e-08
"F=12, p=1",12,1,6,Random ranked: QPU-raw-draw matched,8192,792,8,8,9,9,0.0018109383484740116,0,1.0246595238960765e-08
"F=12, p=1",12,1,6,Random ranked: QPU-raw-draw matched,8192,792,16,16,17,17,0.0018109383484740116,0,1.0246595238960765e-08
"F=12, p=1",12,1,6,Random ranked: QPU-raw-draw matched,8192,792,32,32,33,33,0.0018109383484740116,0,1.0246595238960765e-08
"F=12, p=1",12,1,6,Random ranked: QPU-raw-draw matched,8192,792,64,64,65,65,0.0022116013691898667,0,1.5871959233026978e-09
"F=12, p=1",12,1,7,Uniform random: direct M,4,64,4,4,5,5,0.0015358439223189732,0,8.843467069752364e-10
"F=12, p=1",12,1,7,Uniform random: direct M,8,64,8,8,9,9,0.0018832608885895538,0,4.053699359518603e-08
"F=12, p=1",12,1,7,Uniform random: direct M,16,64,16,16,17,17,0.00205684397729667,0,5.1775164155998255e-09
"F=12, p=1",12,1,7,Uniform random: direct M,32,64,32,32,33,33,0.00205684397729667,0,5.1775164155998255e-09
"F=12, p=1",12,1,7,Uniform random: direct M,64,64,64,64,65,65,0.0022532156543049117,0,1.5098162511884006e-09
"F=12, p=1",12,1,7,Random ranked: QPU-valid-unique matched,277,277,4,4,5,5,0.0018109383484740116,0,1.0246595238960765e-08
"F=12, p=1",12,1,7,Random ranked: QPU-valid-unique matched,277,277,8,8,9,9,0.0018109383484740116,0,1.0246595238960765e-08
"F=12, p=1",12,1,7,Random ranked: QPU-valid-unique matched,277,277,16,16,17,17,0.0021112034877985297,0,3.417185445719895e-08
"F=12, p=1",12,1,7,Random ranked: QPU-valid-unique matched,277,277,32,32,33,33,0.002183962364759366,0,3.5559162170351044e-08
"F=12, p=1",12,1,7,Random ranked: QPU-valid-unique matched,277,277,64,64,65,65,0.002183962364759366,0,3.5559162170351044e-08
"F=12, p=1",12,1,7,Random ranked: QPU-raw-draw matched,8192,792,4,4,5,5,0.0018109383484740116,0,1.0246595238960765e-08
"F=12, p=1",12,1,7,Random ranked: QPU-raw-draw matched,8192,792,8,8,9,9,0.0018109383484740116,0,1.0246595238960765e-08
"F=12, p=1",12,1,7,Random ranked: QPU-raw-draw matched,8192,792,16,16,17,17,0.0018109383484740116,0,1.0246595238960765e-08
"F=12, p=1",12,1,7,Random ranked: QPU-raw-draw matched,8192,792,32,32,33,33,0.0018109383484740116,0,1.0246595238960765e-08
"F=12, p=1",12,1,7,Random ranked: QPU-raw-draw matched,8192,792,64,64,65,65,0.0022116013691898667,0,1.5871959233026978e-09
"F=12, p=1",12,1,8,Uniform random: direct M,4,64,4,4,5,5,0.0022116013691898667,0,1.5871959233026978e-09
"F=12, p=1",12,1,8,Uniform random: direct M,8,64,8,8,9,9,0.0022116013691898667,0,1.5871959233026978e-09
"F=12, p=1",12,1,8,Uniform random: direct M,16,64,16,16,17,17,0.0022116013691898667,0,1.5871959233026978e-09
"F=12, p=1",12,1,8,Uniform random: direct M,32,64,32,32,33,33,0.0022116013691898667,0,1.5871959233026978e-09
"F=12, p=1",12,1,8,Uniform random: direct M,64,64,64,64,65,65,0.0022116013691898667,0,1.5871959233026978e-09
"F=12, p=1",12,1,8,Random ranked: QPU-valid-unique matched,278,278,4,4,5,5,0.0015131400629107422,0,2.8452568079373464e-08
"F=12, p=1",12,1,8,Random ranked: QPU-valid-unique matched,278,278,8,8,9,9,0.0015131400629107422,0,2.8452568079373464e-08
"F=12, p=1",12,1,8,Random ranked: QPU-valid-unique matched,278,278,16,16,17,17,0.0022116013691898667,0,1.5871959233026978e-09
"F=12, p=1",12,1,8,Random ranked: QPU-valid-unique matched,278,278,32,32,33,33,0.0022116013691898667,0,1.5871959233026978e-09
"F=12, p=1",12,1,8,Random ranked: QPU-valid-unique matched,278,278,64,64,65,65,0.0022116013691898667,0,1.5871959233026978e-09
"F=12, p=1",12,1,8,Random ranked: QPU-raw-draw matched,8192,792,4,4,5,5,0.0018109383484740116,0,1.0246595238960765e-08
"F=12, p=1",12,1,8,Random ranked: QPU-raw-draw matched,8192,792,8,8,9,9,0.0018109383484740116,0,1.0246595238960765e-08
"F=12, p=1",12,1,8,Random ranked: QPU-raw-draw matched,8192,792,16,16,17,17,0.0018109383484740116,0,1.0246595238960765e-08
"F=12, p=1",12,1,8,Random ranked: QPU-raw-draw matched,8192,792,32,32,33,33,0.0018109383484740116,0,1.0246595238960765e-08
"F=12, p=1",12,1,8,Random ranked: QPU-raw-draw matched,8192,792,64,64,65,65,0.0022116013691898667,0,1.5871959233026978e-09
"F=12, p=1",12,1,9,Uniform random: direct M,4,64,4,4,5,5,0.0013493850587876985,0,5.329204855186731e-10
"F=12, p=1",12,1,9,Uniform random: direct M,8,64,8,8,9,9,0.0016536331211217253,0,1.5236262973505887e-08
"F=12, p=1",12,1,9,Uniform random: direct M,16,64,16,16,17,17,0.0021526211860807554,0,2.3899178247521746e-08
"F=12, p=1",12,1,9,Uniform random: direct M,32,64,32,32,33,33,0.0021526211860807554,0,2.3899178247521746e-08
"F=12, p=1",12,1,9,Uniform random: direct M,64,64,64,64,65,65,0.0022532156543049117,0,1.5098162511884006e-09
"F=12, p=1",12,1,9,Random ranked: QPU-valid-unique matched,279,279,4,4,5,5,0.0016945394496301336,0,3.195868808480995e-08
"F=12, p=1",12,1,9,Random ranked: QPU-valid-unique matched,279,279,8,8,9,9,0.0016945394496301336,0,3.195868808480995e-08
"F=12, p=1",12,1,9,Random ranked: QPU-valid-unique matched,279,279,16,16,17,17,0.0022116013691898667,0,1.5871959233026978e-09
"F=12, p=1",12,1,9,Random ranked: QPU-valid-unique matched,279,279,32,32,33,33,0.0022116013691898667,0,1.5871959233026978e-09
"F=12, p=1",12,1,9,Random ranked: QPU-valid-unique matched,279,279,64,64,65,65,0.0022116013691898667,0,1.5871959233026978e-09
"F=12, p=1",12,1,9,Random ranked: QPU-raw-draw matched,8192,792,4,4,5,5,0.0018109383484740116,0,1.0246595238960765e-08
"F=12, p=1",12,1,9,Random ranked: QPU-raw-draw matched,8192,792,8,8,9,9,0.0018109383484740116,0,1.0246595238960765e-08
"F=12, p=1",12,1,9,Random ranked: QPU-raw-draw matched,8192,792,16,16,17,17,0.0018109383484740116,0,1.0246595238960765e-08
"F=12, p=1",12,1,9,Random ranked: QPU-raw-draw matched,8192,792,32,32,33,33,0.0018109383484740116,0,1.0246595238960765e-08
"F=12, p=1",12,1,9,Random ranked: QPU-raw-draw matched,8192,792,64,64,65,65,0.0022116013691898667,0,1.5871959233026978e-09
"F=12, p=1",12,1,10,Uniform random: direct M,4,64,4,4,5,5,0.002072786394474252,0,1.351763656565197e-08
"F=12, p=1",12,1,10,Uniform random: direct M,8,64,8,8,9,9,0.002072786394474252,0,1.351763656565197e-08
"F=12, p=1",12,1,10,Uniform random: direct M,16,64,16,16,17,17,0.002072786394474252,0,1.351763656565197e-08
"F=12, p=1",12,1,10,Uniform random: direct M,32,64,32,32,33,33,0.002072786394474252,0,1.351763656565197e-08
"F=12, p=1",12,1,10,Uniform random: direct M,64,64,64,64,65,65,0.002072786394474252,0,1.351763656565197e-08
"F=12, p=1",12,1,10,Random ranked: QPU-valid-unique matched,277,277,4,4,5,5,0.0017270418735284773,0,1.1855663006876682e-08
"F=12, p=1",12,1,10,Random ranked: QPU-valid-unique matched,277,277,8,8,9,9,0.0017270418735284773,0,1.1855663006876682e-08
"F=12, p=1",12,1,10,Random ranked: QPU-valid-unique matched,277,277,16,16,17,17,0.0022116013691898667,0,1.5871959233026978e-09
"F=12, p=1",12,1,10,Random ranked: QPU-valid-unique matched,277,277,32,32,33,33,0.0022116013691898667,0,1.5871959233026978e-09
"F=12, p=1",12,1,10,Random ranked: QPU-valid-unique matched,277,277,64,64,65,65,0.0022116013691898667,0,1.5871959233026978e-09
"F=12, p=1",12,1,10,Random ranked: QPU-raw-draw matched,8192,792,4,4,5,5,0.0018109383484740116,0,1.0246595238960765e-08
"F=12, p=1",12,1,10,Random ranked: QPU-raw-draw matched,8192,792,8,8,9,9,0.0018109383484740116,0,1.0246595238960765e-08
"F=12, p=1",12,1,10,Random ranked: QPU-raw-draw matched,8192,792,16,16,17,17,0.0018109383484740116,0,1.0246595238960765e-08
"F=12, p=1",12,1,10,Random ranked: QPU-raw-draw matched,8192,792,32,32,33,33,0.0018109383484740116,0,1.0246595238960765e-08
"F=12, p=1",12,1,10,Random ranked: QPU-raw-draw matched,8192,792,64,64,65,65,0.0022116013691898667,0,1.5871959233026978e-09
"F=12, p=1",12,1,11,Uniform random: direct M,4,64,4,4,5,5,0.0020641706177956937,0,2.9259401151948694e-10
"F=12, p=1",12,1,11,Uniform random: direct M,8,64,8,8,9,9,0.0020641706177956937,0,2.9259401151948694e-10
"F=12, p=1",12,1,11,Uniform random: direct M,16,64,16,16,17,17,0.0020641706177956937,0,2.9259401151948694e-10
"F=12, p=1",12,1,11,Uniform random: direct M,32,64,32,32,33,33,0.0020641706177956937,0,2.9259401151948694e-10
"F=12, p=1",12,1,11,Uniform random: direct M,64,64,64,64,64,64,0.0021021221506629453,0,3.5112568685935486e-08
"F=12, p=1",12,1,11,Random ranked: QPU-valid-unique matched,278,278,4,4,5,5,0.0017270418735284773,0,1.1855663006876682e-08
"F=12, p=1",12,1,11,Random ranked: QPU-valid-unique matched,278,278,8,8,9,9,0.0017270418735284773,0,1.1855663006876682e-08
"F=12, p=1",12,1,11,Random ranked: QPU-valid-unique matched,278,278,16,16,17,17,0.0021112034877985297,0,3.417185445719895e-08
"F=12, p=1",12,1,11,Random ranked: QPU-valid-unique matched,278,278,32,32,33,33,0.002183962364759366,0,3.5559162170351044e-08
"F=12, p=1",12,1,11,Random ranked: QPU-valid-unique matched,278,278,64,64,65,65,0.002183962364759366,0,3.5559162170351044e-08
"F=12, p=1",12,1,11,Random ranked: QPU-raw-draw matched,8192,792,4,4,5,5,0.0018109383484740116,0,1.0246595238960765e-08
"F=12, p=1",12,1,11,Random ranked: QPU-raw-draw matched,8192,792,8,8,9,9,0.0018109383484740116,0,1.0246595238960765e-08
"F=12, p=1",12,1,11,Random ranked: QPU-raw-draw matched,8192,792,16,16,17,17,0.0018109383484740116,0,1.0246595238960765e-08
"F=12, p=1",12,1,11,Random ranked: QPU-raw-draw matched,8192,792,32,32,33,33,0.0018109383484740116,0,1.0246595238960765e-08
"F=12, p=1",12,1,11,Random ranked: QPU-raw-draw matched,8192,792,64,64,65,65,0.0022116013691898667,0,1.5871959233026978e-09
"F=12, p=1",12,1,12,Uniform random: direct M,4,64,4,4,5,5,0.0018529145888838833,0,3.3455762604717165e-08
"F=12, p=1",12,1,12,Uniform random: direct M,8,64,8,8,9,9,0.0018529145888838833,0,3.3455762604717165e-08
"F=12, p=1",12,1,12,Uniform random: direct M,16,64,16,16,16,16,0.0018529145888838833,0,3.3455762604717165e-08
"F=12, p=1",12,1,12,Uniform random: direct M,32,64,32,32,32,32,0.0022532156543049117,0,1.5098162511884006e-09
"F=12, p=1",12,1,12,Uniform random: direct M,64,64,64,64,64,64,0.0022532156543049117,0,1.5098162511884006e-09
"F=12, p=1",12,1,12,Random ranked: QPU-valid-unique matched,279,279,4,4,5,5,0.0018109383484740116,0,1.0246595238960765e-08
"F=12, p=1",12,1,12,Random ranked: QPU-valid-unique matched,279,279,8,8,9,9,0.0018109383484740116,0,1.0246595238960765e-08
"F=12, p=1",12,1,12,Random ranked: QPU-valid-unique matched,279,279,16,16,17,17,0.0018109383484740116,0,1.0246595238960765e-08
"F=12, p=1",12,1,12,Random ranked: QPU-valid-unique matched,279,279,32,32,33,33,0.0022116013691898667,0,1.5871959233026978e-09
"F=12, p=1",12,1,12,Random ranked: QPU-valid-unique matched,279,279,64,64,65,65,0.0022116013691898667,0,1.5871959233026978e-09
"F=12, p=1",12,1,12,Random ranked: QPU-raw-draw matched,8192,792,4,4,5,5,0.0018109383484740116,0,1.0246595238960765e-08
"F=12, p=1",12,1,12,Random ranked: QPU-raw-draw matched,8192,792,8,8,9,9,0.0018109383484740116,0,1.0246595238960765e-08
"F=12, p=1",12,1,12,Random ranked: QPU-raw-draw matched,8192,792,16,16,17,17,0.0018109383484740116,0,1.0246595238960765e-08
"F=12, p=1",12,1,12,Random ranked: QPU-raw-draw matched,8192,792,32,32,33,33,0.0018109383484740116,0,1.0246595238960765e-08
"F=12, p=1",12,1,12,Random ranked: QPU-raw-draw matched,8192,792,64,64,65,65,0.0022116013691898667,0,1.5871959233026978e-09
"F=12, p=1",12,1,13,Uniform random: direct M,4,64,4,4,5,5,0.0018574788489184382,0,3.214624755276674e-08
"F=12, p=1",12,1,13,Uniform random: direct M,8,64,8,8,9,9,0.00195201663679858,0,1.3044434754583278e-08
"F=12, p=1",12,1,13,Uniform random: direct M,16,64,16,16,17,17,0.001988625112187635,0,1.8992615091750764e-08
"F=12, p=1",12,1,13,Uniform random: direct M,32,64,32,32,33,33,0.001988625112187635,0,1.8992615091750764e-08
"F=12, p=1",12,1,13,Uniform random: direct M,64,64,64,64,65,65,0.0021112034877985297,0,3.417185445719895e-08
"F=12, p=1",12,1,13,Random ranked: QPU-valid-unique matched,277,277,4,4,5,5,0.00163140356135235,0,1.872900903809871e-09
"F=12, p=1",12,1,13,Random ranked: QPU-valid-unique matched,277,277,8,8,9,9,0.00163140356135235,0,1.872900903809871e-09
"F=12, p=1",12,1,13,Random ranked: QPU-valid-unique matched,277,277,16,16,17,17,0.002021892748866397,0,1.485620942931476e-08
"F=12, p=1",12,1,13,Random ranked: QPU-valid-unique matched,277,277,32,32,33,33,0.002021892748866397,0,1.485620942931476e-08
"F=12, p=1",12,1,13,Random ranked: QPU-valid-unique matched,277,277,64,64,65,65,0.002021892748866397,0,1.485620942931476e-08
"F=12, p=1",12,1,13,Random ranked: QPU-raw-draw matched,8192,792,4,4,5,5,0.0018109383484740116,0,1.0246595238960765e-08
"F=12, p=1",12,1,13,Random ranked: QPU-raw-draw matched,8192,792,8,8,9,9,0.0018109383484740116,0,1.0246595238960765e-08
"F=12, p=1",12,1,13,Random ranked: QPU-raw-draw matched,8192,792,16,16,17,17,0.0018109383484740116,0,1.0246595238960765e-08
"F=12, p=1",12,1,13,Random ranked: QPU-raw-draw matched,8192,792,32,32,33,33,0.0018109383484740116,0,1.0246595238960765e-08
"F=12, p=1",12,1,13,Random ranked: QPU-raw-draw matched,8192,792,64,64,65,65,0.0022116013691898667,0,1.5871959233026978e-09
"F=12, p=1",12,1,14,Uniform random: direct M,4,64,4,4,5,5,0.001723768268684013,0,2.451893010846362e-08
"F=12, p=1",12,1,14,Uniform random: direct M,8,64,8,8,9,9,0.0021112034877985297,0,3.417185445719895e-08
"F=12, p=1",12,1,14,Uniform random: direct M,16,64,16,16,17,17,0.0021112034877985297,0,3.417185445719895e-08
"F=12, p=1",12,1,14,Uniform random: direct M,32,64,32,32,33,33,0.0021112034877985297,0,3.417185445719895e-08
"F=12, p=1",12,1,14,Uniform random: direct M,64,64,64,64,65,65,0.0022532156543049117,0,1.5098162511884006e-09
"F=12, p=1",12,1,14,Random ranked: QPU-valid-unique matched,278,278,4,4,5,5,0.0017270418735284773,0,1.1855663006876682e-08
"F=12, p=1",12,1,14,Random ranked: QPU-valid-unique matched,278,278,8,8,9,9,0.0017270418735284773,0,1.1855663006876682e-08
"F=12, p=1",12,1,14,Random ranked: QPU-valid-unique matched,278,278,16,16,17,17,0.0017270418735284773,0,1.1855663006876682e-08
"F=12, p=1",12,1,14,Random ranked: QPU-valid-unique matched,278,278,32,32,33,33,0.0022116013691898667,0,1.5871959233026978e-09
"F=12, p=1",12,1,14,Random ranked: QPU-valid-unique matched,278,278,64,64,65,65,0.0022116013691898667,0,1.5871959233026978e-09
"F=12, p=1",12,1,14,Random ranked: QPU-raw-draw matched,8192,792,4,4,5,5,0.0018109383484740116,0,1.0246595238960765e-08
"F=12, p=1",12,1,14,Random ranked: QPU-raw-draw matched,8192,792,8,8,9,9,0.0018109383484740116,0,1.0246595238960765e-08
"F=12, p=1",12,1,14,Random ranked: QPU-raw-draw matched,8192,792,16,16,17,17,0.0018109383484740116,0,1.0246595238960765e-08
"F=12, p=1",12,1,14,Random ranked: QPU-raw-draw matched,8192,792,32,32,33,33,0.0018109383484740116,0,1.0246595238960765e-08
"F=12, p=1",12,1,14,Random ranked: QPU-raw-draw matched,8192,792,64,64,65,65,0.0022116013691898667,0,1.5871959233026978e-09
"F=12, p=1",12,1,15,Uniform random: direct M,4,64,4,4,5,5,0.0017135042787022811,0,7.754924272185271e-10
"F=12, p=1",12,1,15,Uniform random: direct M,8,64,8,8,9,9,0.001723768268684013,0,2.451893010846362e-08
"F=12, p=1",12,1,15,Uniform random: direct M,16,64,16,16,17,17,0.001799657371696399,0,3.9778281779589975e-08
"F=12, p=1",12,1,15,Uniform random: direct M,32,64,32,32,33,33,0.001799657371696399,0,3.9778281779589975e-08
"F=12, p=1",12,1,15,Uniform random: direct M,64,64,64,64,65,65,0.002347699485818054,0,1.0108587300550198e-09
"F=12, p=1",12,1,15,Random ranked: QPU-valid-unique matched,279,279,4,4,5,5,0.0016945394496301336,0,3.195868808480995e-08
"F=12, p=1",12,1,15,Random ranked: QPU-valid-unique matched,279,279,8,8,9,9,0.0016945394496301336,0,3.195868808480995e-08
"F=12, p=1",12,1,15,Random ranked: QPU-valid-unique matched,279,279,16,16,17,17,0.0019795327160341755,0,4.216046778360294e-08
"F=12, p=1",12,1,15,Random ranked: QPU-valid-unique matched,279,279,32,32,33,33,0.0019795327160341755,0,4.216046778360294e-08
"F=12, p=1",12,1,15,Random ranked: QPU-valid-unique matched,279,279,64,64,65,65,0.0019795327160341755,0,4.216046778360294e-08
"F=12, p=1",12,1,15,Random ranked: QPU-raw-draw matched,8192,792,4,4,5,5,0.0018109383484740116,0,1.0246595238960765e-08
"F=12, p=1",12,1,15,Random ranked: QPU-raw-draw matched,8192,792,8,8,9,9,0.0018109383484740116,0,1.0246595238960765e-08
"F=12, p=1",12,1,15,Random ranked: QPU-raw-draw matched,8192,792,16,16,17,17,0.0018109383484740116,0,1.0246595238960765e-08
"F=12, p=1",12,1,15,Random ranked: QPU-raw-draw matched,8192,792,32,32,33,33,0.0018109383484740116,0,1.0246595238960765e-08
"F=12, p=1",12,1,15,Random ranked: QPU-raw-draw matched,8192,792,64,64,65,65,0.0022116013691898667,0,1.5871959233026978e-09
"F=12, p=1",12,1,16,Uniform random: direct M,4,64,4,4,5,5,0.0014491315542097538,0,2.6367214189804145e-08
"F=12, p=1",12,1,16,Uniform random: direct M,8,64,8,8,9,9,0.0020397663322370904,0,5.461071664325523e-10
"F=12, p=1",12,1,16,Uniform random: direct M,16,64,16,16,17,17,0.0020397663322370904,0,5.461071664325523e-10
"F=12, p=1",12,1,16,Uniform random: direct M,32,64,32,32,33,33,0.0020397663322370904,0,5.461071664325523e-10
"F=12, p=1",12,1,16,Uniform random: direct M,64,64,64,64,65,65,0.002148224422386276,0,2.8151271147525136e-08
"F=12, p=1",12,1,16,Random ranked: QPU-valid-unique matched,277,277,4,4,5,5,0.0017270418735284773,0,1.1855663006876682e-08
"F=12, p=1",12,1,16,Random ranked: QPU-valid-unique matched,277,277,8,8,9,9,0.0017270418735284773,0,1.1855663006876682e-08
"F=12, p=1",12,1,16,Random ranked: QPU-valid-unique matched,277,277,16,16,17,17,0.002183962364759366,0,3.5559162170351044e-08
"F=12, p=1",12,1,16,Random ranked: QPU-valid-unique matched,277,277,32,32,33,33,0.002183962364759366,0,3.5559162170351044e-08
"F=12, p=1",12,1,16,Random ranked: QPU-valid-unique matched,277,277,64,64,65,65,0.002183962364759366,0,3.5559162170351044e-08
"F=12, p=1",12,1,16,Random ranked: QPU-raw-draw matched,8192,792,4,4,5,5,0.0018109383484740116,0,1.0246595238960765e-08
"F=12, p=1",12,1,16,Random ranked: QPU-raw-draw matched,8192,792,8,8,9,9,0.0018109383484740116,0,1.0246595238960765e-08
"F=12, p=1",12,1,16,Random ranked: QPU-raw-draw matched,8192,792,16,16,17,17,0.0018109383484740116,0,1.0246595238960765e-08
"F=12, p=1",12,1,16,Random ranked: QPU-raw-draw matched,8192,792,32,32,33,33,0.0018109383484740116,0,1.0246595238960765e-08
"F=12, p=1",12,1,16,Random ranked: QPU-raw-draw matched,8192,792,64,64,65,65,0.0022116013691898667,0,1.5871959233026978e-09
"F=12, p=1",12,1,17,Uniform random: direct M,4,64,4,4,5,5,0.0017149813546147377,0,2.5764006816864082e-08
"F=12, p=1",12,1,17,Uniform random: direct M,8,64,8,8,9,9,0.0017149813546147377,0,2.5764006816864082e-08
"F=12, p=1",12,1,17,Uniform random: direct M,16,64,16,16,17,17,0.002021892748866397,0,1.485620942931476e-08
"F=12, p=1",12,1,17,Uniform random: direct M,32,64,32,32,33,33,0.0020824224192499963,0,3.288324834649359e-08
"F=12, p=1",12,1,17,Uniform random: direct M,64,64,64,64,65,65,0.0020824224192499963,0,3.288324834649359e-08
"F=12, p=1",12,1,17,Random ranked: QPU-valid-unique matched,278,278,4,4,5,5,0.0016945394496301336,0,3.195868808480995e-08
"F=12, p=1",12,1,17,Random ranked: QPU-valid-unique matched,278,278,8,8,9,9,0.0016945394496301336,0,3.195868808480995e-08
"F=12, p=1",12,1,17,Random ranked: QPU-valid-unique matched,278,278,16,16,17,17,0.0019795327160341755,0,4.216046778360294e-08
"F=12, p=1",12,1,17,Random ranked: QPU-valid-unique matched,278,278,32,32,33,33,0.0019795327160341755,0,4.216046778360294e-08
"F=12, p=1",12,1,17,Random ranked: QPU-valid-unique matched,278,278,64,64,65,65,0.0019795327160341755,0,4.216046778360294e-08
"F=12, p=1",12,1,17,Random ranked: QPU-raw-draw matched,8192,792,4,4,5,5,0.0018109383484740116,0,1.0246595238960765e-08
"F=12, p=1",12,1,17,Random ranked: QPU-raw-draw matched,8192,792,8,8,9,9,0.0018109383484740116,0,1.0246595238960765e-08
"F=12, p=1",12,1,17,Random ranked: QPU-raw-draw matched,8192,792,16,16,17,17,0.0018109383484740116,0,1.0246595238960765e-08
"F=12, p=1",12,1,17,Random ranked: QPU-raw-draw matched,8192,792,32,32,33,33,0.0018109383484740116,0,1.0246595238960765e-08
"F=12, p=1",12,1,17,Random ranked: QPU-raw-draw matched,8192,792,64,64,65,65,0.0022116013691898667,0,1.5871959233026978e-09
"F=12, p=1",12,1,18,Uniform random: direct M,4,64,4,4,5,5,0.0017697560871250684,0,1.5652301454949225e-08
"F=12, p=1",12,1,18,Uniform random: direct M,8,64,8,8,9,9,0.0017697560871250684,0,1.5652301454949225e-08
"F=12, p=1",12,1,18,Uniform random: direct M,16,64,16,16,17,17,0.0017726004961088268,0,1.0001905623169272e-09
"F=12, p=1",12,1,18,Uniform random: direct M,32,64,32,32,33,33,0.00207482869845238,0,1.6061407828726892e-09
"F=12, p=1",12,1,18,Uniform random: direct M,64,64,64,64,65,65,0.0022464218408675546,0,2.4162556455653572e-08
"F=12, p=1",12,1,18,Random ranked: QPU-valid-unique matched,279,279,4,4,5,5,0.0017270418735284773,0,1.1855663006876682e-08
"F=12, p=1",12,1,18,Random ranked: QPU-valid-unique matched,279,279,8,8,9,9,0.0017270418735284773,0,1.1855663006876682e-08
"F=12, p=1",12,1,18,Random ranked: QPU-valid-unique matched,279,279,16,16,17,17,0.002183962364759366,0,3.5559162170351044e-08
"F=12, p=1",12,1,18,Random ranked: QPU-valid-unique matched,279,279,32,32,33,33,0.002183962364759366,0,3.5559162170351044e-08
"F=12, p=1",12,1,18,Random ranked: QPU-valid-unique matched,279,279,64,64,65,65,0.002183962364759366,0,3.5559162170351044e-08
"F=12, p=1",12,1,18,Random ranked: QPU-raw-draw matched,8192,792,4,4,5,5,0.0018109383484740116,0,1.0246595238960765e-08
"F=12, p=1",12,1,18,Random ranked: QPU-raw-draw matched,8192,792,8,8,9,9,0.0018109383484740116,0,1.0246595238960765e-08
"F=12, p=1",12,1,18,Random ranked: QPU-raw-draw matched,8192,792,16,16,17,17,0.0018109383484740116,0,1.0246595238960765e-08
"F=12, p=1",12,1,18,Random ranked: QPU-raw-draw matched,8192,792,32,32,33,33,0.0018109383484740116,0,1.0246595238960765e-08
"F=12, p=1",12,1,18,Random ranked: QPU-raw-draw matched,8192,792,64,64,65,65,0.0022116013691898667,0,1.5871959233026978e-09
"F=12, p=1",12,1,19,Uniform random: direct M,4,64,4,4,5,5,0.0017689323857968953,0,2.4492133154918605e-08
"F=12, p=1",12,1,19,Uniform random: direct M,8,64,8,8,9,9,0.0019114071670252308,0,1.7395451745727541e-10
"F=12, p=1",12,1,19,Uniform random: direct M,16,64,16,16,17,17,0.0019114071670252308,0,1.7395451745727541e-10
"F=12, p=1",12,1,19,Uniform random: direct M,32,64,32,32,33,33,0.0022532156543049117,0,1.5098162511884006e-09
"F=12, p=1",12,1,19,Uniform random: direct M,64,64,64,64,65,65,0.0022532156543049117,0,1.5098162511884006e-09
"F=12, p=1",12,1,19,Random ranked: QPU-valid-unique matched,277,277,4,4,5,5,0.0017270418735284773,0,1.1855663006876682e-08
"F=12, p=1",12,1,19,Random ranked: QPU-valid-unique matched,277,277,8,8,9,9,0.0017270418735284773,0,1.1855663006876682e-08
"F=12, p=1",12,1,19,Random ranked: QPU-valid-unique matched,277,277,16,16,17,17,0.0021112034877985297,0,3.417185445719895e-08
"F=12, p=1",12,1,19,Random ranked: QPU-valid-unique matched,277,277,32,32,33,33,0.002183962364759366,0,3.5559162170351044e-08
"F=12, p=1",12,1,19,Random ranked: QPU-valid-unique matched,277,277,64,64,65,65,0.002183962364759366,0,3.5559162170351044e-08
"F=12, p=1",12,1,19,Random ranked: QPU-raw-draw matched,8192,792,4,4,5,5,0.0018109383484740116,0,1.0246595238960765e-08
"F=12, p=1",12,1,19,Random ranked: QPU-raw-draw matched,8192,792,8,8,9,9,0.0018109383484740116,0,1.0246595238960765e-08
"F=12, p=1",12,1,19,Random ranked: QPU-raw-draw matched,8192,792,16,16,17,17,0.0018109383484740116,0,1.0246595238960765e-08
"F=12, p=1",12,1,19,Random ranked: QPU-raw-draw matched,8192,792,32,32,33,33,0.0018109383484740116,0,1.0246595238960765e-08
"F=12, p=1",12,1,19,Random ranked: QPU-raw-draw matched,8192,792,64,64,65,65,0.0022116013691898667,0,1.5871959233026978e-09
"F=12, p=1",12,1,20,Uniform random: direct M,4,64,4,4,5,5,0.0017156180840530097,0,3.943053034083377e-08
"F=12, p=1",12,1,20,Uniform random: direct M,8,64,8,8,9,9,0.0018934299750731354,0,3.5502889017546835e-08
"F=12, p=1",12,1,20,Uniform random: direct M,16,64,16,16,17,17,0.0018934299750731354,0,3.5502889017546835e-08
"F=12, p=1",12,1,20,Uniform random: direct M,32,64,32,32,33,33,0.002183962364759366,0,3.5559162170351044e-08
"F=12, p=1",12,1,20,Uniform random: direct M,64,64,64,64,65,65,0.002183962364759366,0,3.5559162170351044e-08
"F=12, p=1",12,1,20,Random ranked: QPU-valid-unique matched,278,278,4,4,5,5,0.0018109383484740116,0,1.0246595238960765e-08
"F=12, p=1",12,1,20,Random ranked: QPU-valid-unique matched,278,278,8,8,9,9,0.0018109383484740116,0,1.0246595238960765e-08
"F=12, p=1",12,1,20,Random ranked: QPU-valid-unique matched,278,278,16,16,17,17,0.0022116013691898667,0,1.5871959233026978e-09
"F=12, p=1",12,1,20,Random ranked: QPU-valid-unique matched,278,278,32,32,33,33,0.0022116013691898667,0,1.5871959233026978e-09
"F=12, p=1",12,1,20,Random ranked: QPU-valid-unique matched,278,278,64,64,65,65,0.0022116013691898667,0,1.5871959233026978e-09
"F=12, p=1",12,1,20,Random ranked: QPU-raw-draw matched,8192,792,4,4,5,5,0.0018109383484740116,0,1.0246595238960765e-08
"F=12, p=1",12,1,20,Random ranked: QPU-raw-draw matched,8192,792,8,8,9,9,0.0018109383484740116,0,1.0246595238960765e-08
"F=12, p=1",12,1,20,Random ranked: QPU-raw-draw matched,8192,792,16,16,17,17,0.0018109383484740116,0,1.0246595238960765e-08
"F=12, p=1",12,1,20,Random ranked: QPU-raw-draw matched,8192,792,32,32,33,33,0.0018109383484740116,0,1.0246595238960765e-08
"F=12, p=1",12,1,20,Random ranked: QPU-raw-draw matched,8192,792,64,64,65,65,0.0022116013691898667,0,1.5871959233026978e-09
"F=12, p=1",12,1,21,Uniform random: direct M,4,64,4,4,5,5,0.0020338824296761704,0,1.280305744755239e-08
"F=12, p=1",12,1,21,Uniform random: direct M,8,64,8,8,9,9,0.0020338824296761704,0,1.280305744755239e-08
"F=12, p=1",12,1,21,Uniform random: direct M,16,64,16,16,17,17,0.0020338824296761704,0,1.280305744755239e-08
"F=12, p=1",12,1,21,Uniform random: direct M,32,64,32,32,33,33,0.0021855814640852206,0,1.0401564332074287e-09
"F=12, p=1",12,1,21,Uniform random: direct M,64,64,64,64,65,65,0.0022913879545879354,0,5.332866925833457e-09
"F=12, p=1",12,1,21,Random ranked: QPU-valid-unique matched,279,279,4,4,5,5,0.0017270418735284773,0,1.1855663006876682e-08
"F=12, p=1",12,1,21,Random ranked: QPU-valid-unique matched,279,279,8,8,9,9,0.0017270418735284773,0,1.1855663006876682e-08
"F=12, p=1",12,1,21,Random ranked: QPU-valid-unique matched,279,279,16,16,17,17,0.0017270418735284773,0,1.1855663006876682e-08
"F=12, p=1",12,1,21,Random ranked: QPU-valid-unique matched,279,279,32,32,33,33,0.0022116013691898667,0,1.5871959233026978e-09
"F=12, p=1",12,1,21,Random ranked: QPU-valid-unique matched,279,279,64,64,65,65,0.0022116013691898667,0,1.5871959233026978e-09
"F=12, p=1",12,1,21,Random ranked: QPU-raw-draw matched,8192,792,4,4,5,5,0.0018109383484740116,0,1.0246595238960765e-08
"F=12, p=1",12,1,21,Random ranked: QPU-raw-draw matched,8192,792,8,8,9,9,0.0018109383484740116,0,1.0246595238960765e-08
"F=12, p=1",12,1,21,Random ranked: QPU-raw-draw matched,8192,792,16,16,17,17,0.0018109383484740116,0,1.0246595238960765e-08
"F=12, p=1",12,1,21,Random ranked: QPU-raw-draw matched,8192,792,32,32,33,33,0.0018109383484740116,0,1.0246595238960765e-08
"F=12, p=1",12,1,21,Random ranked: QPU-raw-draw matched,8192,792,64,64,65,65,0.0022116013691898667,0,1.5871959233026978e-09
"F=12, p=1",12,1,22,Uniform random: direct M,4,64,4,4,5,5,0.0020197665033433523,0,3.902699063917936e-08
"F=12, p=1",12,1,22,Uniform random: direct M,8,64,8,8,9,9,0.0020197665033433523,0,3.902699063917936e-08
"F=12, p=1",12,1,22,Uniform random: direct M,16,64,16,16,17,17,0.0020197665033433523,0,3.902699063917936e-08
"F=12, p=1",12,1,22,Uniform random: direct M,32,64,32,32,33,33,0.002072786394474252,0,1.351763656565197e-08
"F=12, p=1",12,1,22,Uniform random: direct M,64,64,64,64,65,65,0.002072786394474252,0,1.351763656565197e-08
"F=12, p=1",12,1,22,Random ranked: QPU-valid-unique matched,277,277,4,4,5,5,0.00163140356135235,0,1.872900903809871e-09
"F=12, p=1",12,1,22,Random ranked: QPU-valid-unique matched,277,277,8,8,9,9,0.0022116013691898667,0,1.5871959233026978e-09
"F=12, p=1",12,1,22,Random ranked: QPU-valid-unique matched,277,277,16,16,17,17,0.0022116013691898667,0,1.5871959233026978e-09
"F=12, p=1",12,1,22,Random ranked: QPU-valid-unique matched,277,277,32,32,33,33,0.0022116013691898667,0,1.5871959233026978e-09
"F=12, p=1",12,1,22,Random ranked: QPU-valid-unique matched,277,277,64,64,65,65,0.0022116013691898667,0,1.5871959233026978e-09
"F=12, p=1",12,1,22,Random ranked: QPU-raw-draw matched,8192,792,4,4,5,5,0.0018109383484740116,0,1.0246595238960765e-08
"F=12, p=1",12,1,22,Random ranked: QPU-raw-draw matched,8192,792,8,8,9,9,0.0018109383484740116,0,1.0246595238960765e-08
"F=12, p=1",12,1,22,Random ranked: QPU-raw-draw matched,8192,792,16,16,17,17,0.0018109383484740116,0,1.0246595238960765e-08
"F=12, p=1",12,1,22,Random ranked: QPU-raw-draw matched,8192,792,32,32,33,33,0.0018109383484740116,0,1.0246595238960765e-08
"F=12, p=1",12,1,22,Random ranked: QPU-raw-draw matched,8192,792,64,64,65,65,0.0022116013691898667,0,1.5871959233026978e-09
"F=12, p=1",12,1,23,Uniform random: direct M,4,64,4,4,5,5,0.0012724956502876417,0,6.603573798891205e-10
"F=12, p=1",12,1,23,Uniform random: direct M,8,64,8,8,9,9,0.0019128508408247438,0,2.2951431727369354e-10
"F=12, p=1",12,1,23,Uniform random: direct M,16,64,16,16,17,17,0.0021855814640852206,0,1.0401564332074287e-09
"F=12, p=1",12,1,23,Uniform random: direct M,32,64,32,32,33,33,0.0022116013691898667,0,1.5871959233026978e-09
"F=12, p=1",12,1,23,Uniform random: direct M,64,64,64,64,65,65,0.0022116013691898667,0,1.5871959233026978e-09
"F=12, p=1",12,1,23,Random ranked: QPU-valid-unique matched,278,278,4,4,5,5,0.0018109383484740116,0,1.0246595238960765e-08
"F=12, p=1",12,1,23,Random ranked: QPU-valid-unique matched,278,278,8,8,9,9,0.0018109383484740116,0,1.0246595238960765e-08
"F=12, p=1",12,1,23,Random ranked: QPU-valid-unique matched,278,278,16,16,17,17,0.002183962364759366,0,3.5559162170351044e-08
"F=12, p=1",12,1,23,Random ranked: QPU-valid-unique matched,278,278,32,32,33,33,0.002183962364759366,0,3.5559162170351044e-08
"F=12, p=1",12,1,23,Random ranked: QPU-valid-unique matched,278,278,64,64,65,65,0.002183962364759366,0,3.5559162170351044e-08
"F=12, p=1",12,1,23,Random ranked: QPU-raw-draw matched,8192,792,4,4,5,5,0.0018109383484740116,0,1.0246595238960765e-08
"F=12, p=1",12,1,23,Random ranked: QPU-raw-draw matched,8192,792,8,8,9,9,0.0018109383484740116,0,1.0246595238960765e-08
"F=12, p=1",12,1,23,Random ranked: QPU-raw-draw matched,8192,792,16,16,17,17,0.0018109383484740116,0,1.0246595238960765e-08
"F=12, p=1",12,1,23,Random ranked: QPU-raw-draw matched,8192,792,32,32,33,33,0.0018109383484740116,0,1.0246595238960765e-08
"F=12, p=1",12,1,23,Random ranked: QPU-raw-draw matched,8192,792,64,64,65,65,0.0022116013691898667,0,1.5871959233026978e-09
"F=12, p=1",12,1,24,Uniform random: direct M,4,64,4,4,5,5,0.001674059006196188,0,2.5775885870160664e-09
"F=12, p=1",12,1,24,Uniform random: direct M,8,64,8,8,9,9,0.0018670513252302331,0,1.942098781793078e-08
"F=12, p=1",12,1,24,Uniform random: direct M,16,64,16,16,17,17,0.0018670513252302331,0,1.942098781793078e-08
"F=12, p=1",12,1,24,Uniform random: direct M,32,64,32,32,33,33,0.0021112034877985297,0,3.417185445719895e-08
"F=12, p=1",12,1,24,Uniform random: direct M,64,64,64,64,65,65,0.0021112034877985297,0,3.417185445719895e-08
"F=12, p=1",12,1,24,Random ranked: QPU-valid-unique matched,279,279,4,4,5,5,0.0016945394496301336,0,3.195868808480995e-08
"F=12, p=1",12,1,24,Random ranked: QPU-valid-unique matched,279,279,8,8,9,9,0.0016945394496301336,0,3.195868808480995e-08
"F=12, p=1",12,1,24,Random ranked: QPU-valid-unique matched,279,279,16,16,17,17,0.002183962364759366,0,3.5559162170351044e-08
"F=12, p=1",12,1,24,Random ranked: QPU-valid-unique matched,279,279,32,32,33,33,0.002183962364759366,0,3.5559162170351044e-08
"F=12, p=1",12,1,24,Random ranked: QPU-valid-unique matched,279,279,64,64,65,65,0.002183962364759366,0,3.5559162170351044e-08
"F=12, p=1",12,1,24,Random ranked: QPU-raw-draw matched,8192,792,4,4,5,5,0.0018109383484740116,0,1.0246595238960765e-08
"F=12, p=1",12,1,24,Random ranked: QPU-raw-draw matched,8192,792,8,8,9,9,0.0018109383484740116,0,1.0246595238960765e-08
"F=12, p=1",12,1,24,Random ranked: QPU-raw-draw matched,8192,792,16,16,17,17,0.0018109383484740116,0,1.0246595238960765e-08
"F=12, p=1",12,1,24,Random ranked: QPU-raw-draw matched,8192,792,32,32,33,33,0.0018109383484740116,0,1.0246595238960765e-08
"F=12, p=1",12,1,24,Random ranked: QPU-raw-draw matched,8192,792,64,64,65,65,0.0022116013691898667,0,1.5871959233026978e-09
"F=12, p=1",12,1,25,Uniform random: direct M,4,64,4,4,5,5,0.0016699209958590325,0,2.18340324709132e-08
"F=12, p=1",12,1,25,Uniform random: direct M,8,64,8,8,9,9,0.0016945394496301336,0,3.195868808480995e-08
"F=12, p=1",12,1,25,Uniform random: direct M,16,64,16,16,17,17,0.002000580204181847,0,4.778222817414246e-10
"F=12, p=1",12,1,25,Uniform random: direct M,32,64,32,32,33,33,0.0020553601560186277,0,1.3760207584478934e-08
"F=12, p=1",12,1,25,Uniform random: direct M,64,64,64,64,65,65,0.0020553601560186277,0,1.3760207584478934e-08
"F=12, p=1",12,1,25,Random ranked: QPU-valid-unique matched,277,277,4,4,5,5,0.00163140356135235,0,1.872900903809871e-09
"F=12, p=1",12,1,25,Random ranked: QPU-valid-unique matched,277,277,8,8,9,9,0.00163140356135235,0,1.872900903809871e-09
"F=12, p=1",12,1,25,Random ranked: QPU-valid-unique matched,277,277,16,16,17,17,0.00195201663679858,0,1.3044434754583278e-08
"F=12, p=1",12,1,25,Random ranked: QPU-valid-unique matched,277,277,32,32,33,33,0.00195201663679858,0,1.3044434754583278e-08
"F=12, p=1",12,1,25,Random ranked: QPU-valid-unique matched,277,277,64,64,65,65,0.00195201663679858,0,1.3044434754583278e-08
"F=12, p=1",12,1,25,Random ranked: QPU-raw-draw matched,8192,792,4,4,5,5,0.0018109383484740116,0,1.0246595238960765e-08
"F=12, p=1",12,1,25,Random ranked: QPU-raw-draw matched,8192,792,8,8,9,9,0.0018109383484740116,0,1.0246595238960765e-08
"F=12, p=1",12,1,25,Random ranked: QPU-raw-draw matched,8192,792,16,16,17,17,0.0018109383484740116,0,1.0246595238960765e-08
"F=12, p=1",12,1,25,Random ranked: QPU-raw-draw matched,8192,792,32,32,33,33,0.0018109383484740116,0,1.0246595238960765e-08
"F=12, p=1",12,1,25,Random ranked: QPU-raw-draw matched,8192,792,64,64,65,65,0.0022116013691898667,0,1.5871959233026978e-09
"F=12, p=1",12,1,26,Uniform random: direct M,4,64,4,4,5,5,0.001758534674580925,0,3.017642147273847e-08
"F=12, p=1",12,1,26,Uniform random: direct M,8,64,8,8,9,9,0.001758534674580925,0,3.017642147273847e-08
"F=12, p=1",12,1,26,Uniform random: direct M,16,64,16,16,17,17,0.001758534674580925,0,3.017642147273847e-08
"F=12, p=1",12,1,26,Uniform random: direct M,32,64,32,32,33,33,0.002171533395821844,0,2.5322205887690075e-08
"F=12, p=1",12,1,26,Uniform random: direct M,64,64,64,64,65,65,0.0021855814640852206,0,1.0401564332074287e-09
"F=12, p=1",12,1,26,Random ranked: QPU-valid-unique matched,278,278,4,4,5,5,0.0017270418735284773,0,1.1855663006876682e-08
"F=12, p=1",12,1,26,Random ranked: QPU-valid-unique matched,278,278,8,8,9,9,0.0017270418735284773,0,1.1855663006876682e-08
"F=12, p=1",12,1,26,Random ranked: QPU-valid-unique matched,278,278,16,16,17,17,0.0019795327160341755,0,4.216046778360294e-08
"F=12, p=1",12,1,26,Random ranked: QPU-valid-unique matched,278,278,32,32,33,33,0.0019795327160341755,0,4.216046778360294e-08
"F=12, p=1",12,1,26,Random ranked: QPU-valid-unique matched,278,278,64,64,65,65,0.0019795327160341755,0,4.216046778360294e-08
"F=12, p=1",12,1,26,Random ranked: QPU-raw-draw matched,8192,792,4,4,5,5,0.0018109383484740116,0,1.0246595238960765e-08
"F=12, p=1",12,1,26,Random ranked: QPU-raw-draw matched,8192,792,8,8,9,9,0.0018109383484740116,0,1.0246595238960765e-08
"F=12, p=1",12,1,26,Random ranked: QPU-raw-draw matched,8192,792,16,16,17,17,0.0018109383484740116,0,1.0246595238960765e-08
"F=12, p=1",12,1,26,Random ranked: QPU-raw-draw matched,8192,792,32,32,33,33,0.0018109383484740116,0,1.0246595238960765e-08
"F=12, p=1",12,1,26,Random ranked: QPU-raw-draw matched,8192,792,64,64,65,65,0.0022116013691898667,0,1.5871959233026978e-09
"F=12, p=1",12,1,27,Uniform random: direct M,4,64,4,4,5,5,0.0019380413955167458,0,3.824413119524195e-09
"F=12, p=1",12,1,27,Uniform random: direct M,8,64,8,8,9,9,0.00195920583615794,0,2.1609934619526427e-08
"F=12, p=1",12,1,27,Uniform random: direct M,16,64,16,16,17,17,0.00195920583615794,0,2.1609934619526427e-08
"F=12, p=1",12,1,27,Uniform random: direct M,32,64,32,32,33,33,0.00195920583615794,0,2.1609934619526427e-08
"F=12, p=1",12,1,27,Uniform random: direct M,64,64,64,64,65,65,0.0021112034877985297,0,3.417185445719895e-08
"F=12, p=1",12,1,27,Random ranked: QPU-valid-unique matched,279,279,4,4,5,5,0.0013442915765813565,0,1.3754477445893087e-08
"F=12, p=1",12,1,27,Random ranked: QPU-valid-unique matched,279,279,8,8,9,9,0.0013442915765813565,0,1.3754477445893087e-08
"F=12, p=1",12,1,27,Random ranked: QPU-valid-unique matched,279,279,16,16,17,17,0.002000580204181847,0,4.778222817414246e-10
"F=12, p=1",12,1,27,Random ranked: QPU-valid-unique matched,279,279,32,32,33,33,0.002000580204181847,0,4.778222817414246e-10
"F=12, p=1",12,1,27,Random ranked: QPU-valid-unique matched,279,279,64,64,65,65,0.002000580204181847,0,4.778222817414246e-10
"F=12, p=1",12,1,27,Random ranked: QPU-raw-draw matched,8192,792,4,4,5,5,0.0018109383484740116,0,1.0246595238960765e-08
"F=12, p=1",12,1,27,Random ranked: QPU-raw-draw matched,8192,792,8,8,9,9,0.0018109383484740116,0,1.0246595238960765e-08
"F=12, p=1",12,1,27,Random ranked: QPU-raw-draw matched,8192,792,16,16,17,17,0.0018109383484740116,0,1.0246595238960765e-08
"F=12, p=1",12,1,27,Random ranked: QPU-raw-draw matched,8192,792,32,32,33,33,0.0018109383484740116,0,1.0246595238960765e-08
"F=12, p=1",12,1,27,Random ranked: QPU-raw-draw matched,8192,792,64,64,65,65,0.0022116013691898667,0,1.5871959233026978e-09
"F=12, p=1",12,1,28,Uniform random: direct M,4,64,4,4,5,5,0.0014879147948131666,0,2.6185807966427888e-09
"F=12, p=1",12,1,28,Uniform random: direct M,8,64,8,8,9,9,0.0020188702083837884,0,1.6846258166225425e-08
"F=12, p=1",12,1,28,Uniform random: direct M,16,64,16,16,17,17,0.0020188702083837884,0,1.6846258166225425e-08
"F=12, p=1",12,1,28,Uniform random: direct M,32,64,32,32,33,33,0.0020188702083837884,0,1.6846258166225425e-08
"F=12, p=1",12,1,28,Uniform random: direct M,64,64,64,64,65,65,0.0020824224192499963,0,3.288324834649359e-08
"F=12, p=1",12,1,28,Random ranked: QPU-valid-unique matched,277,277,4,4,5,5,0.0018109383484740116,0,1.0246595238960765e-08
"F=12, p=1",12,1,28,Random ranked: QPU-valid-unique matched,277,277,8,8,9,9,0.0018109383484740116,0,1.0246595238960765e-08
"F=12, p=1",12,1,28,Random ranked: QPU-valid-unique matched,277,277,16,16,17,17,0.0022116013691898667,0,1.5871959233026978e-09
"F=12, p=1",12,1,28,Random ranked: QPU-valid-unique matched,277,277,32,32,33,33,0.0022116013691898667,0,1.5871959233026978e-09
"F=12, p=1",12,1,28,Random ranked: QPU-valid-unique matched,277,277,64,64,65,65,0.0022116013691898667,0,1.5871959233026978e-09
"F=12, p=1",12,1,28,Random ranked: QPU-raw-draw matched,8192,792,4,4,5,5,0.0018109383484740116,0,1.0246595238960765e-08
"F=12, p=1",12,1,28,Random ranked: QPU-raw-draw matched,8192,792,8,8,9,9,0.0018109383484740116,0,1.0246595238960765e-08
"F=12, p=1",12,1,28,Random ranked: QPU-raw-draw matched,8192,792,16,16,17,17,0.0018109383484740116,0,1.0246595238960765e-08
"F=12, p=1",12,1,28,Random ranked: QPU-raw-draw matched,8192,792,32,32,33,33,0.0018109383484740116,0,1.0246595238960765e-08
"F=12, p=1",12,1,28,Random ranked: QPU-raw-draw matched,8192,792,64,64,65,65,0.0022116013691898667,0,1.5871959233026978e-09
"F=12, p=1",12,1,29,Uniform random: direct M,4,64,4,4,5,5,0.0019917658011265257,0,9.136416179167384e-09
"F=12, p=1",12,1,29,Uniform random: direct M,8,64,8,8,9,9,0.0019967414930876504,0,8.237071233430093e-10
"F=12, p=1",12,1,29,Uniform random: direct M,16,64,16,16,17,17,0.0019967414930876504,0,8.237071233430093e-10
"F=12, p=1",12,1,29,Uniform random: direct M,32,64,32,32,33,33,0.0019967414930876504,0,8.237071233430093e-10
"F=12, p=1",12,1,29,Uniform random: direct M,64,64,64,64,65,65,0.002183962364759366,0,3.5559162170351044e-08
"F=12, p=1",12,1,29,Random ranked: QPU-valid-unique matched,278,278,4,4,5,5,0.0013911785523727307,0,1.5519543289377324e-10
"F=12, p=1",12,1,29,Random ranked: QPU-valid-unique matched,278,278,8,8,9,9,0.0013911785523727307,0,1.5519543289377324e-10
"F=12, p=1",12,1,29,Random ranked: QPU-valid-unique matched,278,278,16,16,17,17,0.002021892748866397,0,1.485620942931476e-08
"F=12, p=1",12,1,29,Random ranked: QPU-valid-unique matched,278,278,32,32,33,33,0.002021892748866397,0,1.485620942931476e-08
"F=12, p=1",12,1,29,Random ranked: QPU-valid-unique matched,278,278,64,64,65,65,0.002021892748866397,0,1.485620942931476e-08
"F=12, p=1",12,1,29,Random ranked: QPU-raw-draw matched,8192,792,4,4,5,5,0.0018109383484740116,0,1.0246595238960765e-08
"F=12, p=1",12,1,29,Random ranked: QPU-raw-draw matched,8192,792,8,8,9,9,0.0018109383484740116,0,1.0246595238960765e-08
"F=12, p=1",12,1,29,Random ranked: QPU-raw-draw matched,8192,792,16,16,17,17,0.0018109383484740116,0,1.0246595238960765e-08
"F=12, p=1",12,1,29,Random ranked: QPU-raw-draw matched,8192,792,32,32,33,33,0.0018109383484740116,0,1.0246595238960765e-08
"F=12, p=1",12,1,29,Random ranked: QPU-raw-draw matched,8192,792,64,64,65,65,0.0022116013691898667,0,1.5871959233026978e-09
"F=12, p=1",12,1,30,Uniform random: direct M,4,64,4,4,5,5,0.001573053456582027,0,2.349535219159371e-10
"F=12, p=1",12,1,30,Uniform random: direct M,8,64,8,8,9,9,0.0021021221506629453,0,3.5112568685935486e-08
"F=12, p=1",12,1,30,Uniform random: direct M,16,64,16,16,17,17,0.0021021221506629453,0,3.5112568685935486e-08
"F=12, p=1",12,1,30,Uniform random: direct M,32,64,32,32,33,33,0.0021021221506629453,0,3.5112568685935486e-08
"F=12, p=1",12,1,30,Uniform random: direct M,64,64,64,64,65,65,0.0021112034877985297,0,3.417185445719895e-08
"F=12, p=1",12,1,30,Random ranked: QPU-valid-unique matched,279,279,4,4,5,5,0.00163140356135235,0,1.872900903809871e-09
"F=12, p=1",12,1,30,Random ranked: QPU-valid-unique matched,279,279,8,8,9,9,0.00163140356135235,0,1.872900903809871e-09
"F=12, p=1",12,1,30,Random ranked: QPU-valid-unique matched,279,279,16,16,17,17,0.002183962364759366,0,3.5559162170351044e-08
"F=12, p=1",12,1,30,Random ranked: QPU-valid-unique matched,279,279,32,32,33,33,0.002183962364759366,0,3.5559162170351044e-08
"F=12, p=1",12,1,30,Random ranked: QPU-valid-unique matched,279,279,64,64,65,65,0.002183962364759366,0,3.5559162170351044e-08
"F=12, p=1",12,1,30,Random ranked: QPU-raw-draw matched,8192,792,4,4,5,5,0.0018109383484740116,0,1.0246595238960765e-08
"F=12, p=1",12,1,30,Random ranked: QPU-raw-draw matched,8192,792,8,8,9,9,0.0018109383484740116,0,1.0246595238960765e-08
"F=12, p=1",12,1,30,Random ranked: QPU-raw-draw matched,8192,792,16,16,17,17,0.0018109383484740116,0,1.0246595238960765e-08
"F=12, p=1",12,1,30,Random ranked: QPU-raw-draw matched,8192,792,32,32,33,33,0.0018109383484740116,0,1.0246595238960765e-08
"F=12, p=1",12,1,30,Random ranked: QPU-raw-draw matched,8192,792,64,64,65,65,0.0022116013691898667,0,1.5871959233026978e-09
"F=12, p=1",12,1,31,Uniform random: direct M,4,64,4,4,5,5,0.001750500187139778,0,1.3648679339506309e-09
"F=12, p=1",12,1,31,Uniform random: direct M,8,64,8,8,9,9,0.001750500187139778,0,1.3648679339506309e-09
"F=12, p=1",12,1,31,Uniform random: direct M,16,64,16,16,17,17,0.0018132092405595268,0,9.863091246509192e-10
"F=12, p=1",12,1,31,Uniform random: direct M,32,64,32,32,33,33,0.0019917658011265257,0,9.136416179167384e-09
"F=12, p=1",12,1,31,Uniform random: direct M,64,64,64,64,65,65,0.002021892748866397,0,1.485620942931476e-08
"F=12, p=1",12,1,31,Random ranked: QPU-valid-unique matched,277,277,4,4,5,5,0.0018109383484740116,0,1.0246595238960765e-08
"F=12, p=1",12,1,31,Random ranked: QPU-valid-unique matched,277,277,8,8,9,9,0.0018109383484740116,0,1.0246595238960765e-08
"F=12, p=1",12,1,31,Random ranked: QPU-valid-unique matched,277,277,16,16,17,17,0.0021112034877985297,0,3.417185445719895e-08
"F=12, p=1",12,1,31,Random ranked: QPU-valid-unique matched,277,277,32,32,33,33,0.002183962364759366,0,3.5559162170351044e-08
"F=12, p=1",12,1,31,Random ranked: QPU-valid-unique matched,277,277,64,64,65,65,0.002183962364759366,0,3.5559162170351044e-08
"F=12, p=1",12,1,31,Random ranked: QPU-raw-draw matched,8192,792,4,4,5,5,0.0018109383484740116,0,1.0246595238960765e-08
"F=12, p=1",12,1,31,Random ranked: QPU-raw-draw matched,8192,792,8,8,9,9,0.0018109383484740116,0,1.0246595238960765e-08
"F=12, p=1",12,1,31,Random ranked: QPU-raw-draw matched,8192,792,16,16,17,17,0.0018109383484740116,0,1.0246595238960765e-08
"F=12, p=1",12,1,31,Random ranked: QPU-raw-draw matched,8192,792,32,32,33,33,0.0018109383484740116,0,1.0246595238960765e-08
"F=12, p=1",12,1,31,Random ranked: QPU-raw-draw matched,8192,792,64,64,65,65,0.0022116013691898667,0,1.5871959233026978e-09
"F=12, p=1",12,1,32,Uniform random: direct M,4,64,4,4,5,5,0.0019380413955167458,0,3.824413119524195e-09
"F=12, p=1",12,1,32,Uniform random: direct M,8,64,8,8,9,9,0.0019784962464583916,0,1.0862355459551054e-10
"F=12, p=1",12,1,32,Uniform random: direct M,16,64,16,16,17,17,0.0019784962464583916,0,1.0862355459551054e-10
"F=12, p=1",12,1,32,Uniform random: direct M,32,64,32,32,33,33,0.0019784962464583916,0,1.0862355459551054e-10
"F=12, p=1",12,1,32,Uniform random: direct M,64,64,64,64,65,65,0.002183962364759366,0,3.5559162170351044e-08
"F=12, p=1",12,1,32,Random ranked: QPU-valid-unique matched,278,278,4,4,5,5,0.0018109383484740116,0,1.0246595238960765e-08
"F=12, p=1",12,1,32,Random ranked: QPU-valid-unique matched,278,278,8,8,9,9,0.0018109383484740116,0,1.0246595238960765e-08
"F=12, p=1",12,1,32,Random ranked: QPU-valid-unique matched,278,278,16,16,17,17,0.0022116013691898667,0,1.5871959233026978e-09
"F=12, p=1",12,1,32,Random ranked: QPU-valid-unique matched,278,278,32,32,33,33,0.0022116013691898667,0,1.5871959233026978e-09
"F=12, p=1",12,1,32,Random ranked: QPU-valid-unique matched,278,278,64,64,65,65,0.0022116013691898667,0,1.5871959233026978e-09
"F=12, p=1",12,1,32,Random ranked: QPU-raw-draw matched,8192,792,4,4,5,5,0.0018109383484740116,0,1.0246595238960765e-08
"F=12, p=1",12,1,32,Random ranked: QPU-raw-draw matched,8192,792,8,8,9,9,0.0018109383484740116,0,1.0246595238960765e-08
"F=12, p=1",12,1,32,Random ranked: QPU-raw-draw matched,8192,792,16,16,17,17,0.0018109383484740116,0,1.0246595238960765e-08
"F=12, p=1",12,1,32,Random ranked: QPU-raw-draw matched,8192,792,32,32,33,33,0.0018109383484740116,0,1.0246595238960765e-08
"F=12, p=1",12,1,32,Random ranked: QPU-raw-draw matched,8192,792,64,64,65,65,0.0022116013691898667,0,1.5871959233026978e-09
"F=12, p=1",12,1,33,Uniform random: direct M,4,64,4,4,5,5,0.0017097339669307696,0,8.922100627750673e-10
"F=12, p=1",12,1,33,Uniform random: direct M,8,64,8,8,9,9,0.0020553601560186277,0,1.3760207584478934e-08
"F=12, p=1",12,1,33,Uniform random: direct M,16,64,16,16,17,17,0.0020553601560186277,0,1.3760207584478934e-08
"F=12, p=1",12,1,33,Uniform random: direct M,32,64,32,32,33,33,0.0020553601560186277,0,1.3760207584478934e-08
"F=12, p=1",12,1,33,Uniform random: direct M,64,64,64,64,65,65,0.0020553601560186277,0,1.3760207584478934e-08
"F=12, p=1",12,1,33,Random ranked: QPU-valid-unique matched,279,279,4,4,5,5,0.0017270418735284773,0,1.1855663006876682e-08
"F=12, p=1",12,1,33,Random ranked: QPU-valid-unique matched,279,279,8,8,9,9,0.0017270418735284773,0,1.1855663006876682e-08
"F=12, p=1",12,1,33,Random ranked: QPU-valid-unique matched,279,279,16,16,17,17,0.0021112034877985297,0,3.417185445719895e-08
"F=12, p=1",12,1,33,Random ranked: QPU-valid-unique matched,279,279,32,32,33,33,0.0021112034877985297,0,3.417185445719895e-08
"F=12, p=1",12,1,33,Random ranked: QPU-valid-unique matched,279,279,64,64,65,65,0.0021112034877985297,0,3.417185445719895e-08
"F=12, p=1",12,1,33,Random ranked: QPU-raw-draw matched,8192,792,4,4,5,5,0.0018109383484740116,0,1.0246595238960765e-08
"F=12, p=1",12,1,33,Random ranked: QPU-raw-draw matched,8192,792,8,8,9,9,0.0018109383484740116,0,1.0246595238960765e-08
"F=12, p=1",12,1,33,Random ranked: QPU-raw-draw matched,8192,792,16,16,17,17,0.0018109383484740116,0,1.0246595238960765e-08
"F=12, p=1",12,1,33,Random ranked: QPU-raw-draw matched,8192,792,32,32,33,33,0.0018109383484740116,0,1.0246595238960765e-08
"F=12, p=1",12,1,33,Random ranked: QPU-raw-draw matched,8192,792,64,64,65,65,0.0022116013691898667,0,1.5871959233026978e-09
"F=12, p=1",12,1,34,Uniform random: direct M,4,64,4,4,5,5,0.0011116298537991315,0,1.9089356151358317e-08
"F=12, p=1",12,1,34,Uniform random: direct M,8,64,8,8,9,9,0.0019128508408247438,0,2.2951431727369354e-10
"F=12, p=1",12,1,34,Uniform random: direct M,16,64,16,16,17,17,0.0019128508408247438,0,2.2951431727369354e-10
"F=12, p=1",12,1,34,Uniform random: direct M,32,64,32,32,33,33,0.00195920583615794,0,2.1609934619526427e-08
"F=12, p=1",12,1,34,Uniform random: direct M,64,64,64,64,65,65,0.00195920583615794,0,2.1609934619526427e-08
"F=12, p=1",12,1,34,Random ranked: QPU-valid-unique matched,277,277,4,4,5,5,0.0018109383484740116,0,1.0246595238960765e-08
"F=12, p=1",12,1,34,Random ranked: QPU-valid-unique matched,277,277,8,8,9,9,0.0018109383484740116,0,1.0246595238960765e-08
"F=12, p=1",12,1,34,Random ranked: QPU-valid-unique matched,277,277,16,16,17,17,0.002000580204181847,0,4.778222817414246e-10
"F=12, p=1",12,1,34,Random ranked: QPU-valid-unique matched,277,277,32,32,33,33,0.002183962364759366,0,3.5559162170351044e-08
"F=12, p=1",12,1,34,Random ranked: QPU-valid-unique matched,277,277,64,64,65,65,0.002183962364759366,0,3.5559162170351044e-08
"F=12, p=1",12,1,34,Random ranked: QPU-raw-draw matched,8192,792,4,4,5,5,0.0018109383484740116,0,1.0246595238960765e-08
"F=12, p=1",12,1,34,Random ranked: QPU-raw-draw matched,8192,792,8,8,9,9,0.0018109383484740116,0,1.0246595238960765e-08
"F=12, p=1",12,1,34,Random ranked: QPU-raw-draw matched,8192,792,16,16,17,17,0.0018109383484740116,0,1.0246595238960765e-08
"F=12, p=1",12,1,34,Random ranked: QPU-raw-draw matched,8192,792,32,32,33,33,0.0018109383484740116,0,1.0246595238960765e-08
"F=12, p=1",12,1,34,Random ranked: QPU-raw-draw matched,8192,792,64,64,65,65,0.0022116013691898667,0,1.5871959233026978e-09
"F=12, p=1",12,1,35,Uniform random: direct M,4,64,4,4,5,5,0.0022116013691898667,0,1.5871959233026978e-09
"F=12, p=1",12,1,35,Uniform random: direct M,8,64,8,8,9,9,0.0022116013691898667,0,1.5871959233026978e-09
"F=12, p=1",12,1,35,Uniform random: direct M,16,64,16,16,17,17,0.0022116013691898667,0,1.5871959233026978e-09
"F=12, p=1",12,1,35,Uniform random: direct M,32,64,32,32,33,33,0.0022116013691898667,0,1.5871959233026978e-09
"F=12, p=1",12,1,35,Uniform random: direct M,64,64,64,64,64,64,0.0022116013691898667,0,1.5871959233026978e-09
"F=12, p=1",12,1,35,Random ranked: QPU-valid-unique matched,278,278,4,4,5,5,0.0018109383484740116,0,1.0246595238960765e-08
"F=12, p=1",12,1,35,Random ranked: QPU-valid-unique matched,278,278,8,8,9,9,0.0018109383484740116,0,1.0246595238960765e-08
"F=12, p=1",12,1,35,Random ranked: QPU-valid-unique matched,278,278,16,16,17,17,0.0018109383484740116,0,1.0246595238960765e-08
"F=12, p=1",12,1,35,Random ranked: QPU-valid-unique matched,278,278,32,32,33,33,0.0022116013691898667,0,1.5871959233026978e-09
"F=12, p=1",12,1,35,Random ranked: QPU-valid-unique matched,278,278,64,64,65,65,0.0022116013691898667,0,1.5871959233026978e-09
"F=12, p=1",12,1,35,Random ranked: QPU-raw-draw matched,8192,792,4,4,5,5,0.0018109383484740116,0,1.0246595238960765e-08
"F=12, p=1",12,1,35,Random ranked: QPU-raw-draw matched,8192,792,8,8,9,9,0.0018109383484740116,0,1.0246595238960765e-08
"F=12, p=1",12,1,35,Random ranked: QPU-raw-draw matched,8192,792,16,16,17,17,0.0018109383484740116,0,1.0246595238960765e-08
"F=12, p=1",12,1,35,Random ranked: QPU-raw-draw matched,8192,792,32,32,33,33,0.0018109383484740116,0,1.0246595238960765e-08
"F=12, p=1",12,1,35,Random ranked: QPU-raw-draw matched,8192,792,64,64,65,65,0.0022116013691898667,0,1.5871959233026978e-09
"F=12, p=1",12,1,36,Uniform random: direct M,4,64,4,4,5,5,0.0020338824296761704,0,1.280305744755239e-08
"F=12, p=1",12,1,36,Uniform random: direct M,8,64,8,8,9,9,0.0020338824296761704,0,1.280305744755239e-08
"F=12, p=1",12,1,36,Uniform random: direct M,16,64,16,16,17,17,0.0020338824296761704,0,1.280305744755239e-08
"F=12, p=1",12,1,36,Uniform random: direct M,32,64,32,32,33,33,0.0020338824296761704,0,1.280305744755239e-08
"F=12, p=1",12,1,36,Uniform random: direct M,64,64,64,64,65,65,0.0020338824296761704,0,1.280305744755239e-08
"F=12, p=1",12,1,36,Random ranked: QPU-valid-unique matched,279,279,4,4,5,5,0.0018109383484740116,0,1.0246595238960765e-08
"F=12, p=1",12,1,36,Random ranked: QPU-valid-unique matched,279,279,8,8,9,9,0.0018109383484740116,0,1.0246595238960765e-08
"F=12, p=1",12,1,36,Random ranked: QPU-valid-unique matched,279,279,16,16,17,17,0.0022116013691898667,0,1.5871959233026978e-09
"F=12, p=1",12,1,36,Random ranked: QPU-valid-unique matched,279,279,32,32,33,33,0.0022116013691898667,0,1.5871959233026978e-09
"F=12, p=1",12,1,36,Random ranked: QPU-valid-unique matched,279,279,64,64,65,65,0.0022116013691898667,0,1.5871959233026978e-09
"F=12, p=1",12,1,36,Random ranked: QPU-raw-draw matched,8192,791,4,4,5,5,0.0018109383484740116,0,1.0246595238960765e-08
"F=12, p=1",12,1,36,Random ranked: QPU-raw-draw matched,8192,791,8,8,9,9,0.0018109383484740116,0,1.0246595238960765e-08
"F=12, p=1",12,1,36,Random ranked: QPU-raw-draw matched,8192,791,16,16,17,17,0.0018109383484740116,0,1.0246595238960765e-08
"F=12, p=1",12,1,36,Random ranked: QPU-raw-draw matched,8192,791,32,32,33,33,0.0018109383484740116,0,1.0246595238960765e-08
"F=12, p=1",12,1,36,Random ranked: QPU-raw-draw matched,8192,791,64,64,65,65,0.0022116013691898667,0,1.5871959233026978e-09
"F=12, p=1",12,1,37,Uniform random: direct M,4,64,4,4,5,5,0.0016305923242846826,0,3.167860612718343e-08
"F=12, p=1",12,1,37,Uniform random: direct M,8,64,8,8,9,9,0.0020338824296761704,0,1.280305744755239e-08
"F=12, p=1",12,1,37,Uniform random: direct M,16,64,16,16,17,17,0.0020338824296761704,0,1.280305744755239e-08
"F=12, p=1",12,1,37,Uniform random: direct M,32,64,32,32,33,33,0.0020338824296761704,0,1.280305744755239e-08
"F=12, p=1",12,1,37,Uniform random: direct M,64,64,64,64,64,64,0.0020338824296761704,0,1.280305744755239e-08
"F=12, p=1",12,1,37,Random ranked: QPU-valid-unique matched,277,277,4,4,5,5,0.0018109383484740116,0,1.0246595238960765e-08
"F=12, p=1",12,1,37,Random ranked: QPU-valid-unique matched,277,277,8,8,9,9,0.0018109383484740116,0,1.0246595238960765e-08
"F=12, p=1",12,1,37,Random ranked: QPU-valid-unique matched,277,277,16,16,17,17,0.0018109383484740116,0,1.0246595238960765e-08
"F=12, p=1",12,1,37,Random ranked: QPU-valid-unique matched,277,277,32,32,33,33,0.002183962364759366,0,3.5559162170351044e-08
"F=12, p=1",12,1,37,Random ranked: QPU-valid-unique matched,277,277,64,64,65,65,0.002183962364759366,0,3.5559162170351044e-08
"F=12, p=1",12,1,37,Random ranked: QPU-raw-draw matched,8192,792,4,4,5,5,0.0018109383484740116,0,1.0246595238960765e-08
"F=12, p=1",12,1,37,Random ranked: QPU-raw-draw matched,8192,792,8,8,9,9,0.0018109383484740116,0,1.0246595238960765e-08
"F=12, p=1",12,1,37,Random ranked: QPU-raw-draw matched,8192,792,16,16,17,17,0.0018109383484740116,0,1.0246595238960765e-08
"F=12, p=1",12,1,37,Random ranked: QPU-raw-draw matched,8192,792,32,32,33,33,0.0018109383484740116,0,1.0246595238960765e-08
"F=12, p=1",12,1,37,Random ranked: QPU-raw-draw matched,8192,792,64,64,65,65,0.0022116013691898667,0,1.5871959233026978e-09
"F=12, p=1",12,1,38,Uniform random: direct M,4,64,4,4,5,5,0.0015452615422115665,0,8.052656985668705e-09
"F=12, p=1",12,1,38,Uniform random: direct M,8,64,8,8,9,9,0.00195201663679858,0,1.3044434754583278e-08
"F=12, p=1",12,1,38,Uniform random: direct M,16,64,16,16,17,17,0.00195201663679858,0,1.3044434754583278e-08
"F=12, p=1",12,1,38,Uniform random: direct M,32,64,32,32,33,33,0.0019687652154016244,0,5.915813949819437e-10
"F=12, p=1",12,1,38,Uniform random: direct M,64,64,64,64,65,65,0.002041048851242372,0,2.5198947262161653e-08
"F=12, p=1",12,1,38,Random ranked: QPU-valid-unique matched,278,278,4,4,5,5,0.0014759774841366508,0,4.042543044757707e-08
"F=12, p=1",12,1,38,Random ranked: QPU-valid-unique matched,278,278,8,8,9,9,0.0014759774841366508,0,4.042543044757707e-08
"F=12, p=1",12,1,38,Random ranked: QPU-valid-unique matched,278,278,16,16,17,17,0.0021112034877985297,0,3.417185445719895e-08
"F=12, p=1",12,1,38,Random ranked: QPU-valid-unique matched,278,278,32,32,33,33,0.0021112034877985297,0,3.417185445719895e-08
"F=12, p=1",12,1,38,Random ranked: QPU-valid-unique matched,278,278,64,64,65,65,0.0021112034877985297,0,3.417185445719895e-08
"F=12, p=1",12,1,38,Random ranked: QPU-raw-draw matched,8192,792,4,4,5,5,0.0018109383484740116,0,1.0246595238960765e-08
"F=12, p=1",12,1,38,Random ranked: QPU-raw-draw matched,8192,792,8,8,9,9,0.0018109383484740116,0,1.0246595238960765e-08
"F=12, p=1",12,1,38,Random ranked: QPU-raw-draw matched,8192,792,16,16,17,17,0.0018109383484740116,0,1.0246595238960765e-08
"F=12, p=1",12,1,38,Random ranked: QPU-raw-draw matched,8192,792,32,32,33,33,0.0018109383484740116,0,1.0246595238960765e-08
"F=12, p=1",12,1,38,Random ranked: QPU-raw-draw matched,8192,792,64,64,65,65,0.0022116013691898667,0,1.5871959233026978e-09
"F=12, p=1",12,1,39,Uniform random: direct M,4,64,4,4,5,5,0.0013781154328844428,0,2.987901107087687e-10
"F=12, p=1",12,1,39,Uniform random: direct M,8,64,8,8,9,9,0.00207482869845238,0,1.6061407828726892e-09
"F=12, p=1",12,1,39,Uniform random: direct M,16,64,16,16,17,17,0.00207482869845238,0,1.6061407828726892e-09
"F=12, p=1",12,1,39,Uniform random: direct M,32,64,32,32,33,33,0.00207482869845238,0,1.6061407828726892e-09
"F=12, p=1",12,1,39,Uniform random: direct M,64,64,64,64,65,65,0.00207482869845238,0,1.6061407828726892e-09
"F=12, p=1",12,1,39,Random ranked: QPU-valid-unique matched,279,279,4,4,5,5,0.0018109383484740116,0,1.0246595238960765e-08
"F=12, p=1",12,1,39,Random ranked: QPU-valid-unique matched,279,279,8,8,9,9,0.0018109383484740116,0,1.0246595238960765e-08
"F=12, p=1",12,1,39,Random ranked: QPU-valid-unique matched,279,279,16,16,17,17,0.0018109383484740116,0,1.0246595238960765e-08
"F=12, p=1",12,1,39,Random ranked: QPU-valid-unique matched,279,279,32,32,33,33,0.0022116013691898667,0,1.5871959233026978e-09
"F=12, p=1",12,1,39,Random ranked: QPU-valid-unique matched,279,279,64,64,65,65,0.0022116013691898667,0,1.5871959233026978e-09
"F=12, p=1",12,1,39,Random ranked: QPU-raw-draw matched,8192,792,4,4,5,5,0.0018109383484740116,0,1.0246595238960765e-08
"F=12, p=1",12,1,39,Random ranked: QPU-raw-draw matched,8192,792,8,8,9,9,0.0018109383484740116,0,1.0246595238960765e-08
"F=12, p=1",12,1,39,Random ranked: QPU-raw-draw matched,8192,792,16,16,17,17,0.0018109383484740116,0,1.0246595238960765e-08
"F=12, p=1",12,1,39,Random ranked: QPU-raw-draw matched,8192,792,32,32,33,33,0.0018109383484740116,0,1.0246595238960765e-08
"F=12, p=1",12,1,39,Random ranked: QPU-raw-draw matched,8192,792,64,64,65,65,0.0022116013691898667,0,1.5871959233026978e-09
"F=12, p=1",12,1,40,Uniform random: direct M,4,64,4,4,5,5,0.0017270418735284773,0,1.1855663006876682e-08
"F=12, p=1",12,1,40,Uniform random: direct M,8,64,8,8,9,9,0.0017270418735284773,0,1.1855663006876682e-08
"F=12, p=1",12,1,40,Uniform random: direct M,16,64,16,16,17,17,0.002148224422386276,0,2.8151271147525136e-08
"F=12, p=1",12,1,40,Uniform random: direct M,32,64,32,32,33,33,0.002148224422386276,0,2.8151271147525136e-08
"F=12, p=1",12,1,40,Uniform random: direct M,64,64,64,64,65,65,0.0022051517826403508,0,1.6640180955374007e-08
"F=12, p=1",12,1,40,Random ranked: QPU-valid-unique matched,277,277,4,4,5,5,0.0018109383484740116,0,1.0246595238960765e-08
"F=12, p=1",12,1,40,Random ranked: QPU-valid-unique matched,277,277,8,8,9,9,0.0018109383484740116,0,1.0246595238960765e-08
"F=12, p=1",12,1,40,Random ranked: QPU-valid-unique matched,277,277,16,16,17,17,0.0019795327160341755,0,4.216046778360294e-08
"F=12, p=1",12,1,40,Random ranked: QPU-valid-unique matched,277,277,32,32,33,33,0.002183962364759366,0,3.5559162170351044e-08
"F=12, p=1",12,1,40,Random ranked: QPU-valid-unique matched,277,277,64,64,65,65,0.002183962364759366,0,3.5559162170351044e-08
"F=12, p=1",12,1,40,Random ranked: QPU-raw-draw matched,8192,792,4,4,5,5,0.0018109383484740116,0,1.0246595238960765e-08
"F=12, p=1",12,1,40,Random ranked: QPU-raw-draw matched,8192,792,8,8,9,9,0.0018109383484740116,0,1.0246595238960765e-08
"F=12, p=1",12,1,40,Random ranked: QPU-raw-draw matched,8192,792,16,16,17,17,0.0018109383484740116,0,1.0246595238960765e-08
"F=12, p=1",12,1,40,Random ranked: QPU-raw-draw matched,8192,792,32,32,33,33,0.0018109383484740116,0,1.0246595238960765e-08
"F=12, p=1",12,1,40,Random ranked: QPU-raw-draw matched,8192,792,64,64,65,65,0.0022116013691898667,0,1.5871959233026978e-09
"F=12, p=1",12,1,41,Uniform random: direct M,4,64,4,4,5,5,0.001634165334347279,0,2.4911233076352346e-08
"F=12, p=1",12,1,41,Uniform random: direct M,8,64,8,8,9,9,0.0018529103184746626,0,1.5425487623343948e-09
"F=12, p=1",12,1,41,Uniform random: direct M,16,64,16,16,17,17,0.001953835940990245,0,2.602881876700991e-08
"F=12, p=1",12,1,41,Uniform random: direct M,32,64,32,32,33,33,0.002041048851242372,0,2.5198947262161653e-08
"F=12, p=1",12,1,41,Uniform random: direct M,64,64,64,64,65,65,0.002041048851242372,0,2.5198947262161653e-08
"F=12, p=1",12,1,41,Random ranked: QPU-valid-unique matched,278,278,4,4,5,5,0.0014962306417816776,0,1.8989926298118576e-09
"F=12, p=1",12,1,41,Random ranked: QPU-valid-unique matched,278,278,8,8,9,9,0.0014962306417816776,0,1.8989926298118576e-09
"F=12, p=1",12,1,41,Random ranked: QPU-valid-unique matched,278,278,16,16,17,17,0.002000580204181847,0,4.778222817414246e-10
"F=12, p=1",12,1,41,Random ranked: QPU-valid-unique matched,278,278,32,32,33,33,0.0020824224192499963,0,3.288324834649359e-08
"F=12, p=1",12,1,41,Random ranked: QPU-valid-unique matched,278,278,64,64,65,65,0.0020824224192499963,0,3.288324834649359e-08
"F=12, p=1",12,1,41,Random ranked: QPU-raw-draw matched,8192,792,4,4,5,5,0.0018109383484740116,0,1.0246595238960765e-08
"F=12, p=1",12,1,41,Random ranked: QPU-raw-draw matched,8192,792,8,8,9,9,0.0018109383484740116,0,1.0246595238960765e-08
"F=12, p=1",12,1,41,Random ranked: QPU-raw-draw matched,8192,792,16,16,17,17,0.0018109383484740116,0,1.0246595238960765e-08
"F=12, p=1",12,1,41,Random ranked: QPU-raw-draw matched,8192,792,32,32,33,33,0.0018109383484740116,0,1.0246595238960765e-08
"F=12, p=1",12,1,41,Random ranked: QPU-raw-draw matched,8192,792,64,64,65,65,0.0022116013691898667,0,1.5871959233026978e-09
"F=12, p=1",12,1,42,Uniform random: direct M,4,64,4,4,5,5,0.0022051517826403508,0,1.6640180955374007e-08
"F=12, p=1",12,1,42,Uniform random: direct M,8,64,8,8,9,9,0.0022051517826403508,0,1.6640180955374007e-08
"F=12, p=1",12,1,42,Uniform random: direct M,16,64,16,16,17,17,0.0022051517826403508,0,1.6640180955374007e-08
"F=12, p=1",12,1,42,Uniform random: direct M,32,64,32,32,33,33,0.0022051517826403508,0,1.6640180955374007e-08
"F=12, p=1",12,1,42,Uniform random: direct M,64,64,64,64,65,65,0.0022051517826403508,0,1.6640180955374007e-08
"F=12, p=1",12,1,42,Random ranked: QPU-valid-unique matched,279,279,4,4,5,5,0.0016945394496301336,0,3.195868808480995e-08
"F=12, p=1",12,1,42,Random ranked: QPU-valid-unique matched,279,279,8,8,9,9,0.0016945394496301336,0,3.195868808480995e-08
"F=12, p=1",12,1,42,Random ranked: QPU-valid-unique matched,279,279,16,16,17,17,0.002183962364759366,0,3.5559162170351044e-08
"F=12, p=1",12,1,42,Random ranked: QPU-valid-unique matched,279,279,32,32,33,33,0.002183962364759366,0,3.5559162170351044e-08
"F=12, p=1",12,1,42,Random ranked: QPU-valid-unique matched,279,279,64,64,65,65,0.002183962364759366,0,3.5559162170351044e-08
"F=12, p=1",12,1,42,Random ranked: QPU-raw-draw matched,8192,792,4,4,5,5,0.0018109383484740116,0,1.0246595238960765e-08
"F=12, p=1",12,1,42,Random ranked: QPU-raw-draw matched,8192,792,8,8,9,9,0.0018109383484740116,0,1.0246595238960765e-08
"F=12, p=1",12,1,42,Random ranked: QPU-raw-draw matched,8192,792,16,16,17,17,0.0018109383484740116,0,1.0246595238960765e-08
"F=12, p=1",12,1,42,Random ranked: QPU-raw-draw matched,8192,792,32,32,33,33,0.0018109383484740116,0,1.0246595238960765e-08
"F=12, p=1",12,1,42,Random ranked: QPU-raw-draw matched,8192,792,64,64,65,65,0.0022116013691898667,0,1.5871959233026978e-09
"F=12, p=1",12,1,43,Uniform random: direct M,4,64,4,4,5,5,0.0016732140681242971,0,3.619357669126799e-08
"F=12, p=1",12,1,43,Uniform random: direct M,8,64,8,8,9,9,0.0018776869446997316,0,2.8257627127104e-08
"F=12, p=1",12,1,43,Uniform random: direct M,16,64,16,16,17,17,0.0019380413955167458,0,3.824413119524195e-09
"F=12, p=1",12,1,43,Uniform random: direct M,32,64,32,32,33,33,0.0019380413955167458,0,3.824413119524195e-09
"F=12, p=1",12,1,43,Uniform random: direct M,64,64,64,64,65,65,0.0020126693784010136,0,3.573567070036532e-08
"F=12, p=1",12,1,43,Random ranked: QPU-valid-unique matched,277,277,4,4,5,5,0.0015131400629107422,0,2.8452568079373464e-08
"F=12, p=1",12,1,43,Random ranked: QPU-valid-unique matched,277,277,8,8,9,9,0.0015131400629107422,0,2.8452568079373464e-08
"F=12, p=1",12,1,43,Random ranked: QPU-valid-unique matched,277,277,16,16,17,17,0.0022116013691898667,0,1.5871959233026978e-09
"F=12, p=1",12,1,43,Random ranked: QPU-valid-unique matched,277,277,32,32,33,33,0.0022116013691898667,0,1.5871959233026978e-09
"F=12, p=1",12,1,43,Random ranked: QPU-valid-unique matched,277,277,64,64,65,65,0.0022116013691898667,0,1.5871959233026978e-09
"F=12, p=1",12,1,43,Random ranked: QPU-raw-draw matched,8192,792,4,4,5,5,0.0018109383484740116,0,1.0246595238960765e-08
"F=12, p=1",12,1,43,Random ranked: QPU-raw-draw matched,8192,792,8,8,9,9,0.0018109383484740116,0,1.0246595238960765e-08
"F=12, p=1",12,1,43,Random ranked: QPU-raw-draw matched,8192,792,16,16,17,17,0.0018109383484740116,0,1.0246595238960765e-08
"F=12, p=1",12,1,43,Random ranked: QPU-raw-draw matched,8192,792,32,32,33,33,0.0018109383484740116,0,1.0246595238960765e-08
"F=12, p=1",12,1,43,Random ranked: QPU-raw-draw matched,8192,792,64,64,65,65,0.0022116013691898667,0,1.5871959233026978e-09
"F=12, p=1",12,1,44,Uniform random: direct M,4,64,4,4,5,5,0.0012436930749854316,0,1.1906784447290875e-09
"F=12, p=1",12,1,44,Uniform random: direct M,8,64,8,8,9,9,0.0013648122151228362,0,3.608855358994134e-08
"F=12, p=1",12,1,44,Uniform random: direct M,16,64,16,16,17,17,0.0017254172657858793,0,3.542820412039127e-10
"F=12, p=1",12,1,44,Uniform random: direct M,32,64,32,32,33,33,0.0020824224192499963,0,3.288324834649359e-08
"F=12, p=1",12,1,44,Uniform random: direct M,64,64,64,64,65,65,0.0020824224192499963,0,3.288324834649359e-08
"F=12, p=1",12,1,44,Random ranked: QPU-valid-unique matched,278,278,4,4,5,5,0.0018109383484740116,0,1.0246595238960765e-08
"F=12, p=1",12,1,44,Random ranked: QPU-valid-unique matched,278,278,8,8,9,9,0.0018109383484740116,0,1.0246595238960765e-08
"F=12, p=1",12,1,44,Random ranked: QPU-valid-unique matched,278,278,16,16,17,17,0.002021892748866397,0,1.485620942931476e-08
"F=12, p=1",12,1,44,Random ranked: QPU-valid-unique matched,278,278,32,32,33,33,0.002021892748866397,0,1.485620942931476e-08
"F=12, p=1",12,1,44,Random ranked: QPU-valid-unique matched,278,278,64,64,65,65,0.002021892748866397,0,1.485620942931476e-08
"F=12, p=1",12,1,44,Random ranked: QPU-raw-draw matched,8192,792,4,4,5,5,0.0018109383484740116,0,1.0246595238960765e-08
"F=12, p=1",12,1,44,Random ranked: QPU-raw-draw matched,8192,792,8,8,9,9,0.0018109383484740116,0,1.0246595238960765e-08
"F=12, p=1",12,1,44,Random ranked: QPU-raw-draw matched,8192,792,16,16,17,17,0.0018109383484740116,0,1.0246595238960765e-08
"F=12, p=1",12,1,44,Random ranked: QPU-raw-draw matched,8192,792,32,32,33,33,0.0018109383484740116,0,1.0246595238960765e-08
"F=12, p=1",12,1,44,Random ranked: QPU-raw-draw matched,8192,792,64,64,65,65,0.0022116013691898667,0,1.5871959233026978e-09
"F=12, p=1",12,1,45,Uniform random: direct M,4,64,4,4,5,5,0.0017604880290487124,0,4.013296431293334e-10
"F=12, p=1",12,1,45,Uniform random: direct M,8,64,8,8,9,9,0.0020197665033433523,0,3.902699063917936e-08
"F=12, p=1",12,1,45,Uniform random: direct M,16,64,16,16,17,17,0.0020197665033433523,0,3.902699063917936e-08
"F=12, p=1",12,1,45,Uniform random: direct M,32,64,32,32,33,33,0.0020197665033433523,0,3.902699063917936e-08
"F=12, p=1",12,1,45,Uniform random: direct M,64,64,64,64,65,65,0.0021526211860807554,0,2.3899178247521746e-08
"F=12, p=1",12,1,45,Random ranked: QPU-valid-unique matched,279,279,4,4,5,5,0.0015131400629107422,0,2.8452568079373464e-08
"F=12, p=1",12,1,45,Random ranked: QPU-valid-unique matched,279,279,8,8,9,9,0.0015131400629107422,0,2.8452568079373464e-08
"F=12, p=1",12,1,45,Random ranked: QPU-valid-unique matched,279,279,16,16,17,17,0.0021112034877985297,0,3.417185445719895e-08
"F=12, p=1",12,1,45,Random ranked: QPU-valid-unique matched,279,279,32,32,33,33,0.0021112034877985297,0,3.417185445719895e-08
"F=12, p=1",12,1,45,Random ranked: QPU-valid-unique matched,279,279,64,64,65,65,0.0021112034877985297,0,3.417185445719895e-08
"F=12, p=1",12,1,45,Random ranked: QPU-raw-draw matched,8192,792,4,4,5,5,0.0018109383484740116,0,1.0246595238960765e-08
"F=12, p=1",12,1,45,Random ranked: QPU-raw-draw matched,8192,792,8,8,9,9,0.0018109383484740116,0,1.0246595238960765e-08
"F=12, p=1",12,1,45,Random ranked: QPU-raw-draw matched,8192,792,16,16,17,17,0.0018109383484740116,0,1.0246595238960765e-08
"F=12, p=1",12,1,45,Random ranked: QPU-raw-draw matched,8192,792,32,32,33,33,0.0018109383484740116,0,1.0246595238960765e-08
"F=12, p=1",12,1,45,Random ranked: QPU-raw-draw matched,8192,792,64,64,65,65,0.0022116013691898667,0,1.5871959233026978e-09
"F=12, p=1",12,1,46,Uniform random: direct M,4,64,4,4,5,5,0.001953374087301639,0,1.8076673491407291e-10
"F=12, p=1",12,1,46,Uniform random: direct M,8,64,8,8,9,9,0.001953374087301639,0,1.8076673491407291e-10
"F=12, p=1",12,1,46,Uniform random: direct M,16,64,16,16,17,17,0.001953374087301639,0,1.8076673491407291e-10
"F=12, p=1",12,1,46,Uniform random: direct M,32,64,32,32,33,33,0.0022051517826403508,0,1.6640180955374007e-08
"F=12, p=1",12,1,46,Uniform random: direct M,64,64,64,64,65,65,0.002347699485818054,0,1.0108587300550198e-09
"F=12, p=1",12,1,46,Random ranked: QPU-valid-unique matched,277,277,4,4,5,5,0.0018109383484740116,0,1.0246595238960765e-08
"F=12, p=1",12,1,46,Random ranked: QPU-valid-unique matched,277,277,8,8,9,9,0.0018109383484740116,0,1.0246595238960765e-08
"F=12, p=1",12,1,46,Random ranked: QPU-valid-unique matched,277,277,16,16,17,17,0.0022116013691898667,0,1.5871959233026978e-09
"F=12, p=1",12,1,46,Random ranked: QPU-valid-unique matched,277,277,32,32,33,33,0.0022116013691898667,0,1.5871959233026978e-09
"F=12, p=1",12,1,46,Random ranked: QPU-valid-unique matched,277,277,64,64,65,65,0.0022116013691898667,0,1.5871959233026978e-09
"F=12, p=1",12,1,46,Random ranked: QPU-raw-draw matched,8192,792,4,4,5,5,0.0018109383484740116,0,1.0246595238960765e-08
"F=12, p=1",12,1,46,Random ranked: QPU-raw-draw matched,8192,792,8,8,9,9,0.0018109383484740116,0,1.0246595238960765e-08
"F=12, p=1",12,1,46,Random ranked: QPU-raw-draw matched,8192,792,16,16,17,17,0.0018109383484740116,0,1.0246595238960765e-08
"F=12, p=1",12,1,46,Random ranked: QPU-raw-draw matched,8192,792,32,32,33,33,0.0018109383484740116,0,1.0246595238960765e-08
"F=12, p=1",12,1,46,Random ranked: QPU-raw-draw matched,8192,792,64,64,65,65,0.0022116013691898667,0,1.5871959233026978e-09
"F=12, p=1",12,1,47,Uniform random: direct M,4,64,4,4,5,5,0.0017217134715258667,0,3.1686246071416235e-08
"F=12, p=1",12,1,47,Uniform random: direct M,8,64,8,8,9,9,0.0017217134715258667,0,3.1686246071416235e-08
"F=12, p=1",12,1,47,Uniform random: direct M,16,64,16,16,17,17,0.001803285748001822,0,1.640714752948469e-08
"F=12, p=1",12,1,47,Uniform random: direct M,32,64,32,32,33,33,0.002347699485818054,0,1.0108587300550198e-09
"F=12, p=1",12,1,47,Uniform random: direct M,64,64,64,64,65,65,0.002347699485818054,0,1.0108587300550198e-09
"F=12, p=1",12,1,47,Random ranked: QPU-valid-unique matched,278,278,4,4,5,5,0.0017270418735284773,0,1.1855663006876682e-08
"F=12, p=1",12,1,47,Random ranked: QPU-valid-unique matched,278,278,8,8,9,9,0.0017270418735284773,0,1.1855663006876682e-08
"F=12, p=1",12,1,47,Random ranked: QPU-valid-unique matched,278,278,16,16,17,17,0.0017270418735284773,0,1.1855663006876682e-08
"F=12, p=1",12,1,47,Random ranked: QPU-valid-unique matched,278,278,32,32,33,33,0.0021112034877985297,0,3.417185445719895e-08
"F=12, p=1",12,1,47,Random ranked: QPU-valid-unique matched,278,278,64,64,65,65,0.0021112034877985297,0,3.417185445719895e-08
"F=12, p=1",12,1,47,Random ranked: QPU-raw-draw matched,8192,792,4,4,5,5,0.0018109383484740116,0,1.0246595238960765e-08
"F=12, p=1",12,1,47,Random ranked: QPU-raw-draw matched,8192,792,8,8,9,9,0.0018109383484740116,0,1.0246595238960765e-08
"F=12, p=1",12,1,47,Random ranked: QPU-raw-draw matched,8192,792,16,16,17,17,0.0018109383484740116,0,1.0246595238960765e-08
"F=12, p=1",12,1,47,Random ranked: QPU-raw-draw matched,8192,792,32,32,33,33,0.0018109383484740116,0,1.0246595238960765e-08
"F=12, p=1",12,1,47,Random ranked: QPU-raw-draw matched,8192,792,64,64,65,65,0.0022116013691898667,0,1.5871959233026978e-09
"F=12, p=1",12,1,48,Uniform random: direct M,4,64,4,4,5,5,0.0012782568236893513,0,1.141334964038787e-09
"F=12, p=1",12,1,48,Uniform random: direct M,8,64,8,8,9,9,0.0015669584691573174,0,3.7054772972222594e-08
"F=12, p=1",12,1,48,Uniform random: direct M,16,64,16,16,17,17,0.0018801819724019106,0,1.3484966476795535e-09
"F=12, p=1",12,1,48,Uniform random: direct M,32,64,32,32,33,33,0.00195201663679858,0,1.3044434754583278e-08
"F=12, p=1",12,1,48,Uniform random: direct M,64,64,64,64,65,65,0.002171533395821844,0,2.5322205887690075e-08
"F=12, p=1",12,1,48,Random ranked: QPU-valid-unique matched,279,279,4,4,5,5,0.0018109383484740116,0,1.0246595238960765e-08
"F=12, p=1",12,1,48,Random ranked: QPU-valid-unique matched,279,279,8,8,9,9,0.0018109383484740116,0,1.0246595238960765e-08
"F=12, p=1",12,1,48,Random ranked: QPU-valid-unique matched,279,279,16,16,17,17,0.002000580204181847,0,4.778222817414246e-10
"F=12, p=1",12,1,48,Random ranked: QPU-valid-unique matched,279,279,32,32,33,33,0.002000580204181847,0,4.778222817414246e-10
"F=12, p=1",12,1,48,Random ranked: QPU-valid-unique matched,279,279,64,64,65,65,0.002000580204181847,0,4.778222817414246e-10
"F=12, p=1",12,1,48,Random ranked: QPU-raw-draw matched,8192,792,4,4,5,5,0.0018109383484740116,0,1.0246595238960765e-08
"F=12, p=1",12,1,48,Random ranked: QPU-raw-draw matched,8192,792,8,8,9,9,0.0018109383484740116,0,1.0246595238960765e-08
"F=12, p=1",12,1,48,Random ranked: QPU-raw-draw matched,8192,792,16,16,17,17,0.0018109383484740116,0,1.0246595238960765e-08
"F=12, p=1",12,1,48,Random ranked: QPU-raw-draw matched,8192,792,32,32,33,33,0.0018109383484740116,0,1.0246595238960765e-08
"F=12, p=1",12,1,48,Random ranked: QPU-raw-draw matched,8192,792,64,64,65,65,0.0022116013691898667,0,1.5871959233026978e-09
"F=12, p=1",12,1,49,Uniform random: direct M,4,64,4,4,5,5,0.0017097339669307696,0,8.922100627750673e-10
"F=12, p=1",12,1,49,Uniform random: direct M,8,64,8,8,9,9,0.0017097339669307696,0,8.922100627750673e-10
"F=12, p=1",12,1,49,Uniform random: direct M,16,64,16,16,17,17,0.0018107110606467372,0,9.207884121842369e-09
"F=12, p=1",12,1,49,Uniform random: direct M,32,64,32,32,33,33,0.0018109383484740116,0,1.0246595238960765e-08
"F=12, p=1",12,1,49,Uniform random: direct M,64,64,64,64,65,65,0.0020641706177956937,0,2.9259401151948694e-10
"F=12, p=1",12,1,49,Random ranked: QPU-valid-unique matched,277,277,4,4,5,5,0.0015983817811347709,0,1.562041318514673e-08
"F=12, p=1",12,1,49,Random ranked: QPU-valid-unique matched,277,277,8,8,9,9,0.0015983817811347709,0,1.562041318514673e-08
"F=12, p=1",12,1,49,Random ranked: QPU-valid-unique matched,277,277,16,16,17,17,0.0022116013691898667,0,1.5871959233026978e-09
"F=12, p=1",12,1,49,Random ranked: QPU-valid-unique matched,277,277,32,32,33,33,0.0022116013691898667,0,1.5871959233026978e-09
"F=12, p=1",12,1,49,Random ranked: QPU-valid-unique matched,277,277,64,64,65,65,0.0022116013691898667,0,1.5871959233026978e-09
"F=12, p=1",12,1,49,Random ranked: QPU-raw-draw matched,8192,792,4,4,5,5,0.0018109383484740116,0,1.0246595238960765e-08
"F=12, p=1",12,1,49,Random ranked: QPU-raw-draw matched,8192,792,8,8,9,9,0.0018109383484740116,0,1.0246595238960765e-08
"F=12, p=1",12,1,49,Random ranked: QPU-raw-draw matched,8192,792,16,16,17,17,0.0018109383484740116,0,1.0246595238960765e-08
"F=12, p=1",12,1,49,Random ranked: QPU-raw-draw matched,8192,792,32,32,33,33,0.0018109383484740116,0,1.0246595238960765e-08
"F=12, p=1",12,1,49,Random ranked: QPU-raw-draw matched,8192,792,64,64,65,65,0.0022116013691898667,0,1.5871959233026978e-09
"F=12, p=2",12,2,0,Uniform random: direct M,4,64,4,4,5,5,0.0018144134906751264,0,2.282615119142406e-08
"F=12, p=2",12,2,0,Uniform random: direct M,8,64,8,8,9,9,0.0018144134906751264,0,2.282615119142406e-08
"F=12, p=2",12,2,0,Uniform random: direct M,16,64,16,16,17,17,0.0018144134906751264,0,2.282615119142406e-08
"F=12, p=2",12,2,0,Uniform random: direct M,32,64,32,32,33,33,0.0018670513252302331,0,1.942098781793078e-08
"F=12, p=2",12,2,0,Uniform random: direct M,64,64,64,64,65,65,0.0019784962464583916,0,1.0862355459551054e-10
"F=12, p=2",12,2,0,Random ranked: QPU-valid-unique matched,433,433,4,4,5,5,0.0018109383484740116,0,1.0246595238960765e-08
"F=12, p=2",12,2,0,Random ranked: QPU-valid-unique matched,433,433,8,8,9,9,0.0018109383484740116,0,1.0246595238960765e-08
"F=12, p=2",12,2,0,Random ranked: QPU-valid-unique matched,433,433,16,16,17,17,0.0018109383484740116,0,1.0246595238960765e-08
"F=12, p=2",12,2,0,Random ranked: QPU-valid-unique matched,433,433,32,32,33,33,0.0022116013691898667,0,1.5871959233026978e-09
"F=12, p=2",12,2,0,Random ranked: QPU-valid-unique matched,433,433,64,64,65,65,0.0022116013691898667,0,1.5871959233026978e-09
"F=12, p=2",12,2,0,Random ranked: QPU-raw-draw matched,8192,792,4,4,5,5,0.0018109383484740116,0,1.0246595238960765e-08
"F=12, p=2",12,2,0,Random ranked: QPU-raw-draw matched,8192,792,8,8,9,9,0.0018109383484740116,0,1.0246595238960765e-08
"F=12, p=2",12,2,0,Random ranked: QPU-raw-draw matched,8192,792,16,16,17,17,0.0018109383484740116,0,1.0246595238960765e-08
"F=12, p=2",12,2,0,Random ranked: QPU-raw-draw matched,8192,792,32,32,33,33,0.0018109383484740116,0,1.0246595238960765e-08
"F=12, p=2",12,2,0,Random ranked: QPU-raw-draw matched,8192,792,64,64,65,65,0.0022116013691898667,0,1.5871959233026978e-09
"F=12, p=2",12,2,1,Uniform random: direct M,4,64,4,4,5,5,0.0018832608885895538,0,4.053699359518603e-08
"F=12, p=2",12,2,1,Uniform random: direct M,8,64,8,8,9,9,0.0018832608885895538,0,4.053699359518603e-08
"F=12, p=2",12,2,1,Uniform random: direct M,16,64,16,16,17,17,0.001988625112187635,0,1.8992615091750764e-08
"F=12, p=2",12,2,1,Uniform random: direct M,32,64,32,32,33,33,0.001988625112187635,0,1.8992615091750764e-08
"F=12, p=2",12,2,1,Uniform random: direct M,64,64,64,64,65,65,0.001988625112187635,0,1.8992615091750764e-08
"F=12, p=2",12,2,1,Random ranked: QPU-valid-unique matched,433,433,4,4,5,5,0.0016945394496301336,0,3.195868808480995e-08
"F=12, p=2",12,2,1,Random ranked: QPU-valid-unique matched,433,433,8,8,9,9,0.0016945394496301336,0,3.195868808480995e-08
"F=12, p=2",12,2,1,Random ranked: QPU-valid-unique matched,433,433,16,16,17,17,0.0016945394496301336,0,3.195868808480995e-08
"F=12, p=2",12,2,1,Random ranked: QPU-valid-unique matched,433,433,32,32,33,33,0.002183962364759366,0,3.5559162170351044e-08
"F=12, p=2",12,2,1,Random ranked: QPU-valid-unique matched,433,433,64,64,65,65,0.002183962364759366,0,3.5559162170351044e-08
"F=12, p=2",12,2,1,Random ranked: QPU-raw-draw matched,8192,792,4,4,5,5,0.0018109383484740116,0,1.0246595238960765e-08
"F=12, p=2",12,2,1,Random ranked: QPU-raw-draw matched,8192,792,8,8,9,9,0.0018109383484740116,0,1.0246595238960765e-08
"F=12, p=2",12,2,1,Random ranked: QPU-raw-draw matched,8192,792,16,16,17,17,0.0018109383484740116,0,1.0246595238960765e-08
"F=12, p=2",12,2,1,Random ranked: QPU-raw-draw matched,8192,792,32,32,33,33,0.0018109383484740116,0,1.0246595238960765e-08
"F=12, p=2",12,2,1,Random ranked: QPU-raw-draw matched,8192,792,64,64,65,65,0.0022116013691898667,0,1.5871959233026978e-09
"F=12, p=2",12,2,2,Uniform random: direct M,4,64,4,4,5,5,0.0017697560871250684,0,1.5652301454949225e-08
"F=12, p=2",12,2,2,Uniform random: direct M,8,64,8,8,9,9,0.0017697560871250684,0,1.5652301454949225e-08
"F=12, p=2",12,2,2,Uniform random: direct M,16,64,16,16,17,17,0.0017697560871250684,0,1.5652301454949225e-08
"F=12, p=2",12,2,2,Uniform random: direct M,32,64,32,32,33,33,0.0021855814640852206,0,1.0401564332074287e-09
"F=12, p=2",12,2,2,Uniform random: direct M,64,64,64,64,65,65,0.0021855814640852206,0,1.0401564332074287e-09
"F=12, p=2",12,2,2,Random ranked: QPU-valid-unique matched,426,426,4,4,5,5,0.0018109383484740116,0,1.0246595238960765e-08
"F=12, p=2",12,2,2,Random ranked: QPU-valid-unique matched,426,426,8,8,9,9,0.0018109383484740116,0,1.0246595238960765e-08
"F=12, p=2",12,2,2,Random ranked: QPU-valid-unique matched,426,426,16,16,17,17,0.0018109383484740116,0,1.0246595238960765e-08
"F=12, p=2",12,2,2,Random ranked: QPU-valid-unique matched,426,426,32,32,33,33,0.0022116013691898667,0,1.5871959233026978e-09
"F=12, p=2",12,2,2,Random ranked: QPU-valid-unique matched,426,426,64,64,65,65,0.0022116013691898667,0,1.5871959233026978e-09
"F=12, p=2",12,2,2,Random ranked: QPU-raw-draw matched,8192,792,4,4,5,5,0.0018109383484740116,0,1.0246595238960765e-08
"F=12, p=2",12,2,2,Random ranked: QPU-raw-draw matched,8192,792,8,8,9,9,0.0018109383484740116,0,1.0246595238960765e-08
"F=12, p=2",12,2,2,Random ranked: QPU-raw-draw matched,8192,792,16,16,17,17,0.0018109383484740116,0,1.0246595238960765e-08
"F=12, p=2",12,2,2,Random ranked: QPU-raw-draw matched,8192,792,32,32,33,33,0.0018109383484740116,0,1.0246595238960765e-08
"F=12, p=2",12,2,2,Random ranked: QPU-raw-draw matched,8192,792,64,64,65,65,0.0022116013691898667,0,1.5871959233026978e-09
"F=12, p=2",12,2,3,Uniform random: direct M,4,64,4,4,5,5,0.0020397663322370904,0,5.461071664325523e-10
"F=12, p=2",12,2,3,Uniform random: direct M,8,64,8,8,9,9,0.0020397663322370904,0,5.461071664325523e-10
"F=12, p=2",12,2,3,Uniform random: direct M,16,64,16,16,17,17,0.0022116013691898667,0,1.5871959233026978e-09
"F=12, p=2",12,2,3,Uniform random: direct M,32,64,32,32,33,33,0.0022116013691898667,0,1.5871959233026978e-09
"F=12, p=2",12,2,3,Uniform random: direct M,64,64,64,64,65,65,0.0022116013691898667,0,1.5871959233026978e-09
"F=12, p=2",12,2,3,Random ranked: QPU-valid-unique matched,433,433,4,4,5,5,0.0016945394496301336,0,3.195868808480995e-08
"F=12, p=2",12,2,3,Random ranked: QPU-valid-unique matched,433,433,8,8,9,9,0.0016945394496301336,0,3.195868808480995e-08
"F=12, p=2",12,2,3,Random ranked: QPU-valid-unique matched,433,433,16,16,17,17,0.0022116013691898667,0,1.5871959233026978e-09
"F=12, p=2",12,2,3,Random ranked: QPU-valid-unique matched,433,433,32,32,33,33,0.0022116013691898667,0,1.5871959233026978e-09
"F=12, p=2",12,2,3,Random ranked: QPU-valid-unique matched,433,433,64,64,65,65,0.0022116013691898667,0,1.5871959233026978e-09
"F=12, p=2",12,2,3,Random ranked: QPU-raw-draw matched,8192,792,4,4,5,5,0.0018109383484740116,0,1.0246595238960765e-08
"F=12, p=2",12,2,3,Random ranked: QPU-raw-draw matched,8192,792,8,8,9,9,0.0018109383484740116,0,1.0246595238960765e-08
"F=12, p=2",12,2,3,Random ranked: QPU-raw-draw matched,8192,792,16,16,17,17,0.0018109383484740116,0,1.0246595238960765e-08
"F=12, p=2",12,2,3,Random ranked: QPU-raw-draw matched,8192,792,32,32,33,33,0.0018109383484740116,0,1.0246595238960765e-08
"F=12, p=2",12,2,3,Random ranked: QPU-raw-draw matched,8192,792,64,64,65,65,0.0022116013691898667,0,1.5871959233026978e-09
"F=12, p=2",12,2,4,Uniform random: direct M,4,64,4,4,5,5,0.0022913879545879354,0,5.332866925833457e-09
"F=12, p=2",12,2,4,Uniform random: direct M,8,64,8,8,9,9,0.0022913879545879354,0,5.332866925833457e-09
"F=12, p=2",12,2,4,Uniform random: direct M,16,64,16,16,17,17,0.0022913879545879354,0,5.332866925833457e-09
"F=12, p=2",12,2,4,Uniform random: direct M,32,64,32,32,33,33,0.0022913879545879354,0,5.332866925833457e-09
"F=12, p=2",12,2,4,Uniform random: direct M,64,64,64,64,65,65,0.0022913879545879354,0,5.332866925833457e-09
"F=12, p=2",12,2,4,Random ranked: QPU-valid-unique matched,433,433,4,4,5,5,0.0018109383484740116,0,1.0246595238960765e-08
"F=12, p=2",12,2,4,Random ranked: QPU-valid-unique matched,433,433,8,8,9,9,0.0018109383484740116,0,1.0246595238960765e-08
"F=12, p=2",12,2,4,Random ranked: QPU-valid-unique matched,433,433,16,16,17,17,0.0018109383484740116,0,1.0246595238960765e-08
"F=12, p=2",12,2,4,Random ranked: QPU-valid-unique matched,433,433,32,32,33,33,0.0022116013691898667,0,1.5871959233026978e-09
"F=12, p=2",12,2,4,Random ranked: QPU-valid-unique matched,433,433,64,64,65,65,0.0022116013691898667,0,1.5871959233026978e-09
"F=12, p=2",12,2,4,Random ranked: QPU-raw-draw matched,8192,792,4,4,5,5,0.0018109383484740116,0,1.0246595238960765e-08
"F=12, p=2",12,2,4,Random ranked: QPU-raw-draw matched,8192,792,8,8,9,9,0.0018109383484740116,0,1.0246595238960765e-08
"F=12, p=2",12,2,4,Random ranked: QPU-raw-draw matched,8192,792,16,16,17,17,0.0018109383484740116,0,1.0246595238960765e-08
"F=12, p=2",12,2,4,Random ranked: QPU-raw-draw matched,8192,792,32,32,33,33,0.0018109383484740116,0,1.0246595238960765e-08
"F=12, p=2",12,2,4,Random ranked: QPU-raw-draw matched,8192,792,64,64,65,65,0.0022116013691898667,0,1.5871959233026978e-09
"F=12, p=2",12,2,5,Uniform random: direct M,4,64,4,4,5,5,0.0013406616762564258,0,7.493273668224276e-09
"F=12, p=2",12,2,5,Uniform random: direct M,8,64,8,8,9,9,0.0013406616762564258,0,7.493273668224276e-09
"F=12, p=2",12,2,5,Uniform random: direct M,16,64,16,16,17,17,0.0016783353992807365,0,1.9360443526128535e-09
"F=12, p=2",12,2,5,Uniform random: direct M,32,64,32,32,33,33,0.00205684397729667,0,5.1775164155998255e-09
"F=12, p=2",12,2,5,Uniform random: direct M,64,64,64,64,65,65,0.00205684397729667,0,5.1775164155998255e-09
"F=12, p=2",12,2,5,Random ranked: QPU-valid-unique matched,426,426,4,4,5,5,0.00163140356135235,0,1.872900903809871e-09
"F=12, p=2",12,2,5,Random ranked: QPU-valid-unique matched,426,426,8,8,9,9,0.00163140356135235,0,1.872900903809871e-09
"F=12, p=2",12,2,5,Random ranked: QPU-valid-unique matched,426,426,16,16,17,17,0.00163140356135235,0,1.872900903809871e-09
"F=12, p=2",12,2,5,Random ranked: QPU-valid-unique matched,426,426,32,32,33,33,0.0022116013691898667,0,1.5871959233026978e-09
"F=12, p=2",12,2,5,Random ranked: QPU-valid-unique matched,426,426,64,64,65,65,0.0022116013691898667,0,1.5871959233026978e-09
"F=12, p=2",12,2,5,Random ranked: QPU-raw-draw matched,8192,792,4,4,5,5,0.0018109383484740116,0,1.0246595238960765e-08
"F=12, p=2",12,2,5,Random ranked: QPU-raw-draw matched,8192,792,8,8,9,9,0.0018109383484740116,0,1.0246595238960765e-08
"F=12, p=2",12,2,5,Random ranked: QPU-raw-draw matched,8192,792,16,16,17,17,0.0018109383484740116,0,1.0246595238960765e-08
"F=12, p=2",12,2,5,Random ranked: QPU-raw-draw matched,8192,792,32,32,33,33,0.0018109383484740116,0,1.0246595238960765e-08
"F=12, p=2",12,2,5,Random ranked: QPU-raw-draw matched,8192,792,64,64,65,65,0.0022116013691898667,0,1.5871959233026978e-09
"F=12, p=2",12,2,6,Uniform random: direct M,4,64,4,4,5,5,0.0016305923242846826,0,3.167860612718343e-08
"F=12, p=2",12,2,6,Uniform random: direct M,8,64,8,8,9,9,0.001674059006196188,0,2.5775885870160664e-09
"F=12, p=2",12,2,6,Uniform random: direct M,16,64,16,16,17,17,0.001674059006196188,0,2.5775885870160664e-09
"F=12, p=2",12,2,6,Uniform random: direct M,32,64,32,32,33,33,0.0020197665033433523,0,3.902699063917936e-08
"F=12, p=2",12,2,6,Uniform random: direct M,64,64,64,64,65,65,0.0020397663322370904,0,5.461071664325523e-10
"F=12, p=2",12,2,6,Random ranked: QPU-valid-unique matched,433,433,4,4,5,5,0.00163140356135235,0,1.872900903809871e-09
"F=12, p=2",12,2,6,Random ranked: QPU-valid-unique matched,433,433,8,8,9,9,0.00163140356135235,0,1.872900903809871e-09
"F=12, p=2",12,2,6,Random ranked: QPU-valid-unique matched,433,433,16,16,17,17,0.00163140356135235,0,1.872900903809871e-09
"F=12, p=2",12,2,6,Random ranked: QPU-valid-unique matched,433,433,32,32,33,33,0.002183962364759366,0,3.5559162170351044e-08
"F=12, p=2",12,2,6,Random ranked: QPU-valid-unique matched,433,433,64,64,65,65,0.002183962364759366,0,3.5559162170351044e-08
"F=12, p=2",12,2,6,Random ranked: QPU-raw-draw matched,8192,792,4,4,5,5,0.0018109383484740116,0,1.0246595238960765e-08
"F=12, p=2",12,2,6,Random ranked: QPU-raw-draw matched,8192,792,8,8,9,9,0.0018109383484740116,0,1.0246595238960765e-08
"F=12, p=2",12,2,6,Random ranked: QPU-raw-draw matched,8192,792,16,16,17,17,0.0018109383484740116,0,1.0246595238960765e-08
"F=12, p=2",12,2,6,Random ranked: QPU-raw-draw matched,8192,792,32,32,33,33,0.0018109383484740116,0,1.0246595238960765e-08
"F=12, p=2",12,2,6,Random ranked: QPU-raw-draw matched,8192,792,64,64,65,65,0.0022116013691898667,0,1.5871959233026978e-09
"F=12, p=2",12,2,7,Uniform random: direct M,4,64,4,4,5,5,0.0019378524802506208,0,3.6320275786927425e-08
"F=12, p=2",12,2,7,Uniform random: direct M,8,64,8,8,9,9,0.0019378524802506208,0,3.6320275786927425e-08
"F=12, p=2",12,2,7,Uniform random: direct M,16,64,16,16,17,17,0.0019378524802506208,0,3.6320275786927425e-08
"F=12, p=2",12,2,7,Uniform random: direct M,32,64,32,32,33,33,0.0022116013691898667,0,1.5871959233026978e-09
"F=12, p=2",12,2,7,Uniform random: direct M,64,64,64,64,65,65,0.0022116013691898667,0,1.5871959233026978e-09
"F=12, p=2",12,2,7,Random ranked: QPU-valid-unique matched,433,433,4,4,5,5,0.0016945394496301336,0,3.195868808480995e-08
"F=12, p=2",12,2,7,Random ranked: QPU-valid-unique matched,433,433,8,8,9,9,0.0016945394496301336,0,3.195868808480995e-08
"F=12, p=2",12,2,7,Random ranked: QPU-valid-unique matched,433,433,16,16,17,17,0.0016945394496301336,0,3.195868808480995e-08
"F=12, p=2",12,2,7,Random ranked: QPU-valid-unique matched,433,433,32,32,33,33,0.002183962364759366,0,3.5559162170351044e-08
"F=12, p=2",12,2,7,Random ranked: QPU-valid-unique matched,433,433,64,64,65,65,0.002183962364759366,0,3.5559162170351044e-08
"F=12, p=2",12,2,7,Random ranked: QPU-raw-draw matched,8192,792,4,4,5,5,0.0018109383484740116,0,1.0246595238960765e-08
"F=12, p=2",12,2,7,Random ranked: QPU-raw-draw matched,8192,792,8,8,9,9,0.0018109383484740116,0,1.0246595238960765e-08
"F=12, p=2",12,2,7,Random ranked: QPU-raw-draw matched,8192,792,16,16,17,17,0.0018109383484740116,0,1.0246595238960765e-08
"F=12, p=2",12,2,7,Random ranked: QPU-raw-draw matched,8192,792,32,32,33,33,0.0018109383484740116,0,1.0246595238960765e-08
"F=12, p=2",12,2,7,Random ranked: QPU-raw-draw matched,8192,792,64,64,65,65,0.0022116013691898667,0,1.5871959233026978e-09
"F=12, p=2",12,2,8,Uniform random: direct M,4,64,4,4,5,5,0.001950742886595233,0,3.467298045900513e-10
"F=12, p=2",12,2,8,Uniform random: direct M,8,64,8,8,9,9,0.001950742886595233,0,3.467298045900513e-10
"F=12, p=2",12,2,8,Uniform random: direct M,16,64,16,16,17,17,0.001950742886595233,0,3.467298045900513e-10
"F=12, p=2",12,2,8,Uniform random: direct M,32,64,32,32,33,33,0.0022116013691898667,0,1.5871959233026978e-09
"F=12, p=2",12,2,8,Uniform random: direct M,64,64,64,64,65,65,0.0022116013691898667,0,1.5871959233026978e-09
"F=12, p=2",12,2,8,Random ranked: QPU-valid-unique matched,426,426,4,4,5,5,0.0016945394496301336,0,3.195868808480995e-08
"F=12, p=2",12,2,8,Random ranked: QPU-valid-unique matched,426,426,8,8,9,9,0.0016945394496301336,0,3.195868808480995e-08
"F=12, p=2",12,2,8,Random ranked: QPU-valid-unique matched,426,426,16,16,17,17,0.0016945394496301336,0,3.195868808480995e-08
"F=12, p=2",12,2,8,Random ranked: QPU-valid-unique matched,426,426,32,32,33,33,0.002183962364759366,0,3.5559162170351044e-08
"F=12, p=2",12,2,8,Random ranked: QPU-valid-unique matched,426,426,64,64,65,65,0.002183962364759366,0,3.5559162170351044e-08
"F=12, p=2",12,2,8,Random ranked: QPU-raw-draw matched,8192,792,4,4,5,5,0.0018109383484740116,0,1.0246595238960765e-08
"F=12, p=2",12,2,8,Random ranked: QPU-raw-draw matched,8192,792,8,8,9,9,0.0018109383484740116,0,1.0246595238960765e-08
"F=12, p=2",12,2,8,Random ranked: QPU-raw-draw matched,8192,792,16,16,17,17,0.0018109383484740116,0,1.0246595238960765e-08
"F=12, p=2",12,2,8,Random ranked: QPU-raw-draw matched,8192,792,32,32,33,33,0.0018109383484740116,0,1.0246595238960765e-08
"F=12, p=2",12,2,8,Random ranked: QPU-raw-draw matched,8192,792,64,64,65,65,0.0022116013691898667,0,1.5871959233026978e-09
"F=12, p=2",12,2,9,Uniform random: direct M,4,64,4,4,5,5,0.0012161761252853717,0,1.4589880414916934e-09
"F=12, p=2",12,2,9,Uniform random: direct M,8,64,8,8,9,9,0.0013155727290549424,0,8.933130346555629e-10
"F=12, p=2",12,2,9,Uniform random: direct M,16,64,16,16,17,17,0.0019128508408247438,0,2.2951431727369354e-10
"F=12, p=2",12,2,9,Uniform random: direct M,32,64,32,32,33,33,0.0021526211860807554,0,2.3899178247521746e-08
"F=12, p=2",12,2,9,Uniform random: direct M,64,64,64,64,65,65,0.0021526211860807554,0,2.3899178247521746e-08
"F=12, p=2",12,2,9,Random ranked: QPU-valid-unique matched,433,433,4,4,5,5,0.0018109383484740116,0,1.0246595238960765e-08
"F=12, p=2",12,2,9,Random ranked: QPU-valid-unique matched,433,433,8,8,9,9,0.0018109383484740116,0,1.0246595238960765e-08
"F=12, p=2",12,2,9,Random ranked: QPU-valid-unique matched,433,433,16,16,17,17,0.0018109383484740116,0,1.0246595238960765e-08
"F=12, p=2",12,2,9,Random ranked: QPU-valid-unique matched,433,433,32,32,33,33,0.002183962364759366,0,3.5559162170351044e-08
"F=12, p=2",12,2,9,Random ranked: QPU-valid-unique matched,433,433,64,64,65,65,0.002183962364759366,0,3.5559162170351044e-08
"F=12, p=2",12,2,9,Random ranked: QPU-raw-draw matched,8192,792,4,4,5,5,0.0018109383484740116,0,1.0246595238960765e-08
"F=12, p=2",12,2,9,Random ranked: QPU-raw-draw matched,8192,792,8,8,9,9,0.0018109383484740116,0,1.0246595238960765e-08
"F=12, p=2",12,2,9,Random ranked: QPU-raw-draw matched,8192,792,16,16,17,17,0.0018109383484740116,0,1.0246595238960765e-08
"F=12, p=2",12,2,9,Random ranked: QPU-raw-draw matched,8192,792,32,32,33,33,0.0018109383484740116,0,1.0246595238960765e-08
"F=12, p=2",12,2,9,Random ranked: QPU-raw-draw matched,8192,792,64,64,65,65,0.0022116013691898667,0,1.5871959233026978e-09
"F=12, p=2",12,2,10,Uniform random: direct M,4,64,4,4,5,5,0.001719412489264563,0,3.6782995760376025e-08
"F=12, p=2",12,2,10,Uniform random: direct M,8,64,8,8,9,9,0.001719412489264563,0,3.6782995760376025e-08
"F=12, p=2",12,2,10,Uniform random: direct M,16,64,16,16,17,17,0.0017565630665707516,0,2.0624157437421076e-08
"F=12, p=2",12,2,10,Uniform random: direct M,32,64,32,32,33,33,0.0017565630665707516,0,2.0624157437421076e-08
"F=12, p=2",12,2,10,Uniform random: direct M,64,64,64,64,64,64,0.002347699485818054,0,1.0108587300550198e-09
"F=12, p=2",12,2,10,Random ranked: QPU-valid-unique matched,433,433,4,4,5,5,0.0016945394496301336,0,3.195868808480995e-08
"F=12, p=2",12,2,10,Random ranked: QPU-valid-unique matched,433,433,8,8,9,9,0.0016945394496301336,0,3.195868808480995e-08
"F=12, p=2",12,2,10,Random ranked: QPU-valid-unique matched,433,433,16,16,17,17,0.0016945394496301336,0,3.195868808480995e-08
"F=12, p=2",12,2,10,Random ranked: QPU-valid-unique matched,433,433,32,32,33,33,0.0020824224192499963,0,3.288324834649359e-08
"F=12, p=2",12,2,10,Random ranked: QPU-valid-unique matched,433,433,64,64,65,65,0.0020824224192499963,0,3.288324834649359e-08
"F=12, p=2",12,2,10,Random ranked: QPU-raw-draw matched,8192,792,4,4,5,5,0.0018109383484740116,0,1.0246595238960765e-08
"F=12, p=2",12,2,10,Random ranked: QPU-raw-draw matched,8192,792,8,8,9,9,0.0018109383484740116,0,1.0246595238960765e-08
"F=12, p=2",12,2,10,Random ranked: QPU-raw-draw matched,8192,792,16,16,17,17,0.0018109383484740116,0,1.0246595238960765e-08
"F=12, p=2",12,2,10,Random ranked: QPU-raw-draw matched,8192,792,32,32,33,33,0.0018109383484740116,0,1.0246595238960765e-08
"F=12, p=2",12,2,10,Random ranked: QPU-raw-draw matched,8192,792,64,64,65,65,0.0022116013691898667,0,1.5871959233026978e-09
"F=12, p=2",12,2,11,Uniform random: direct M,4,64,4,4,5,5,0.0019378524802506208,0,3.6320275786927425e-08
"F=12, p=2",12,2,11,Uniform random: direct M,8,64,8,8,9,9,0.0019378524802506208,0,3.6320275786927425e-08
"F=12, p=2",12,2,11,Uniform random: direct M,16,64,16,16,17,17,0.0022464218408675546,0,2.4162556455653572e-08
"F=12, p=2",12,2,11,Uniform random: direct M,32,64,32,32,33,33,0.0022464218408675546,0,2.4162556455653572e-08
"F=12, p=2",12,2,11,Uniform random: direct M,64,64,64,64,65,65,0.0022464218408675546,0,2.4162556455653572e-08
"F=12, p=2",12,2,11,Random ranked: QPU-valid-unique matched,426,426,4,4,5,5,0.0017270418735284773,0,1.1855663006876682e-08
"F=12, p=2",12,2,11,Random ranked: QPU-valid-unique matched,426,426,8,8,9,9,0.0017270418735284773,0,1.1855663006876682e-08
"F=12, p=2",12,2,11,Random ranked: QPU-valid-unique matched,426,426,16,16,17,17,0.0017270418735284773,0,1.1855663006876682e-08
"F=12, p=2",12,2,11,Random ranked: QPU-valid-unique matched,426,426,32,32,33,33,0.002183962364759366,0,3.5559162170351044e-08
"F=12, p=2",12,2,11,Random ranked: QPU-valid-unique matched,426,426,64,64,65,65,0.002183962364759366,0,3.5559162170351044e-08
"F=12, p=2",12,2,11,Random ranked: QPU-raw-draw matched,8192,792,4,4,5,5,0.0018109383484740116,0,1.0246595238960765e-08
"F=12, p=2",12,2,11,Random ranked: QPU-raw-draw matched,8192,792,8,8,9,9,0.0018109383484740116,0,1.0246595238960765e-08
"F=12, p=2",12,2,11,Random ranked: QPU-raw-draw matched,8192,792,16,16,17,17,0.0018109383484740116,0,1.0246595238960765e-08
"F=12, p=2",12,2,11,Random ranked: QPU-raw-draw matched,8192,792,32,32,33,33,0.0018109383484740116,0,1.0246595238960765e-08
"F=12, p=2",12,2,11,Random ranked: QPU-raw-draw matched,8192,792,64,64,65,65,0.0022116013691898667,0,1.5871959233026978e-09
"F=12, p=2",12,2,12,Uniform random: direct M,4,64,4,4,5,5,0.002183962364759366,0,3.5559162170351044e-08
"F=12, p=2",12,2,12,Uniform random: direct M,8,64,8,8,9,9,0.002183962364759366,0,3.5559162170351044e-08
"F=12, p=2",12,2,12,Uniform random: direct M,16,64,16,16,17,17,0.002183962364759366,0,3.5559162170351044e-08
"F=12, p=2",12,2,12,Uniform random: direct M,32,64,32,32,33,33,0.002183962364759366,0,3.5559162170351044e-08
"F=12, p=2",12,2,12,Uniform random: direct M,64,64,64,64,65,65,0.002347699485818054,0,1.0108587300550198e-09
"F=12, p=2",12,2,12,Random ranked: QPU-valid-unique matched,433,433,4,4,5,5,0.0018109383484740116,0,1.0246595238960765e-08
"F=12, p=2",12,2,12,Random ranked: QPU-valid-unique matched,433,433,8,8,9,9,0.0018109383484740116,0,1.0246595238960765e-08
"F=12, p=2",12,2,12,Random ranked: QPU-valid-unique matched,433,433,16,16,17,17,0.0018109383484740116,0,1.0246595238960765e-08
"F=12, p=2",12,2,12,Random ranked: QPU-valid-unique matched,433,433,32,32,33,33,0.0022116013691898667,0,1.5871959233026978e-09
"F=12, p=2",12,2,12,Random ranked: QPU-valid-unique matched,433,433,64,64,65,65,0.0022116013691898667,0,1.5871959233026978e-09
"F=12, p=2",12,2,12,Random ranked: QPU-raw-draw matched,8192,792,4,4,5,5,0.0018109383484740116,0,1.0246595238960765e-08
"F=12, p=2",12,2,12,Random ranked: QPU-raw-draw matched,8192,792,8,8,9,9,0.0018109383484740116,0,1.0246595238960765e-08
"F=12, p=2",12,2,12,Random ranked: QPU-raw-draw matched,8192,792,16,16,17,17,0.0018109383484740116,0,1.0246595238960765e-08
"F=12, p=2",12,2,12,Random ranked: QPU-raw-draw matched,8192,792,32,32,33,33,0.0018109383484740116,0,1.0246595238960765e-08
"F=12, p=2",12,2,12,Random ranked: QPU-raw-draw matched,8192,792,64,64,65,65,0.0022116013691898667,0,1.5871959233026978e-09
"F=12, p=2",12,2,13,Uniform random: direct M,4,64,4,4,5,5,0.0018776869446997316,0,2.8257627127104e-08
"F=12, p=2",12,2,13,Uniform random: direct M,8,64,8,8,9,9,0.0018776869446997316,0,2.8257627127104e-08
"F=12, p=2",12,2,13,Uniform random: direct M,16,64,16,16,17,17,0.0019128508408247438,0,2.2951431727369354e-10
"F=12, p=2",12,2,13,Uniform random: direct M,32,64,32,32,33,33,0.0019128508408247438,0,2.2951431727369354e-10
"F=12, p=2",12,2,13,Uniform random: direct M,64,64,64,64,65,65,0.0020197665033433523,0,3.902699063917936e-08
"F=12, p=2",12,2,13,Random ranked: QPU-valid-unique matched,433,433,4,4,5,5,0.0017270418735284773,0,1.1855663006876682e-08
"F=12, p=2",12,2,13,Random ranked: QPU-valid-unique matched,433,433,8,8,9,9,0.0017270418735284773,0,1.1855663006876682e-08
"F=12, p=2",12,2,13,Random ranked: QPU-valid-unique matched,433,433,16,16,17,17,0.0017270418735284773,0,1.1855663006876682e-08
"F=12, p=2",12,2,13,Random ranked: QPU-valid-unique matched,433,433,32,32,33,33,0.0022116013691898667,0,1.5871959233026978e-09
"F=12, p=2",12,2,13,Random ranked: QPU-valid-unique matched,433,433,64,64,65,65,0.0022116013691898667,0,1.5871959233026978e-09
"F=12, p=2",12,2,13,Random ranked: QPU-raw-draw matched,8192,792,4,4,5,5,0.0018109383484740116,0,1.0246595238960765e-08
"F=12, p=2",12,2,13,Random ranked: QPU-raw-draw matched,8192,792,8,8,9,9,0.0018109383484740116,0,1.0246595238960765e-08
"F=12, p=2",12,2,13,Random ranked: QPU-raw-draw matched,8192,792,16,16,17,17,0.0018109383484740116,0,1.0246595238960765e-08
"F=12, p=2",12,2,13,Random ranked: QPU-raw-draw matched,8192,792,32,32,33,33,0.0018109383484740116,0,1.0246595238960765e-08
"F=12, p=2",12,2,13,Random ranked: QPU-raw-draw matched,8192,792,64,64,65,65,0.0022116013691898667,0,1.5871959233026978e-09
"F=12, p=2",12,2,14,Uniform random: direct M,4,64,4,4,5,5,0.0021526211860807554,0,2.3899178247521746e-08
"F=12, p=2",12,2,14,Uniform random: direct M,8,64,8,8,9,9,0.0021526211860807554,0,2.3899178247521746e-08
"F=12, p=2",12,2,14,Uniform random: direct M,16,64,16,16,17,17,0.002183962364759366,0,3.5559162170351044e-08
"F=12, p=2",12,2,14,Uniform random: direct M,32,64,32,32,33,33,0.002183962364759366,0,3.5559162170351044e-08
"F=12, p=2",12,2,14,Uniform random: direct M,64,64,64,64,65,65,0.002183962364759366,0,3.5559162170351044e-08
"F=12, p=2",12,2,14,Random ranked: QPU-valid-unique matched,426,426,4,4,5,5,0.0016945394496301336,0,3.195868808480995e-08
"F=12, p=2",12,2,14,Random ranked: QPU-valid-unique matched,426,426,8,8,9,9,0.0016945394496301336,0,3.195868808480995e-08
"F=12, p=2",12,2,14,Random ranked: QPU-valid-unique matched,426,426,16,16,17,17,0.0016945394496301336,0,3.195868808480995e-08
"F=12, p=2",12,2,14,Random ranked: QPU-valid-unique matched,426,426,32,32,33,33,0.002183962364759366,0,3.5559162170351044e-08
"F=12, p=2",12,2,14,Random ranked: QPU-valid-unique matched,426,426,64,64,65,65,0.002183962364759366,0,3.5559162170351044e-08
"F=12, p=2",12,2,14,Random ranked: QPU-raw-draw matched,8192,792,4,4,5,5,0.0018109383484740116,0,1.0246595238960765e-08
"F=12, p=2",12,2,14,Random ranked: QPU-raw-draw matched,8192,792,8,8,9,9,0.0018109383484740116,0,1.0246595238960765e-08
"F=12, p=2",12,2,14,Random ranked: QPU-raw-draw matched,8192,792,16,16,17,17,0.0018109383484740116,0,1.0246595238960765e-08
"F=12, p=2",12,2,14,Random ranked: QPU-raw-draw matched,8192,792,32,32,33,33,0.0018109383484740116,0,1.0246595238960765e-08
"F=12, p=2",12,2,14,Random ranked: QPU-raw-draw matched,8192,792,64,64,65,65,0.0022116013691898667,0,1.5871959233026978e-09
"F=12, p=2",12,2,15,Uniform random: direct M,4,64,4,4,5,5,0.0013186565620987578,0,2.6646892331561034e-10
"F=12, p=2",12,2,15,Uniform random: direct M,8,64,8,8,9,9,0.0019380413955167458,0,3.824413119524195e-09
"F=12, p=2",12,2,15,Uniform random: direct M,16,64,16,16,17,17,0.0019380413955167458,0,3.824413119524195e-09
"F=12, p=2",12,2,15,Uniform random: direct M,32,64,32,32,33,33,0.0020188702083837884,0,1.6846258166225425e-08
"F=12, p=2",12,2,15,Uniform random: direct M,64,64,64,64,65,65,0.0020338824296761704,0,1.280305744755239e-08
"F=12, p=2",12,2,15,Random ranked: QPU-valid-unique matched,433,433,4,4,5,5,0.0018109383484740116,0,1.0246595238960765e-08
"F=12, p=2",12,2,15,Random ranked: QPU-valid-unique matched,433,433,8,8,9,9,0.0018109383484740116,0,1.0246595238960765e-08
"F=12, p=2",12,2,15,Random ranked: QPU-valid-unique matched,433,433,16,16,17,17,0.0018109383484740116,0,1.0246595238960765e-08
"F=12, p=2",12,2,15,Random ranked: QPU-valid-unique matched,433,433,32,32,33,33,0.0021112034877985297,0,3.417185445719895e-08
"F=12, p=2",12,2,15,Random ranked: QPU-valid-unique matched,433,433,64,64,65,65,0.0021112034877985297,0,3.417185445719895e-08
"F=12, p=2",12,2,15,Random ranked: QPU-raw-draw matched,8192,792,4,4,5,5,0.0018109383484740116,0,1.0246595238960765e-08
"F=12, p=2",12,2,15,Random ranked: QPU-raw-draw matched,8192,792,8,8,9,9,0.0018109383484740116,0,1.0246595238960765e-08
"F=12, p=2",12,2,15,Random ranked: QPU-raw-draw matched,8192,792,16,16,17,17,0.0018109383484740116,0,1.0246595238960765e-08
"F=12, p=2",12,2,15,Random ranked: QPU-raw-draw matched,8192,792,32,32,33,33,0.0018109383484740116,0,1.0246595238960765e-08
"F=12, p=2",12,2,15,Random ranked: QPU-raw-draw matched,8192,792,64,64,65,65,0.0022116013691898667,0,1.5871959233026978e-09
"F=12, p=2",12,2,16,Uniform random: direct M,4,64,4,4,5,5,0.0019378524802506208,0,3.6320275786927425e-08
"F=12, p=2",12,2,16,Uniform random: direct M,8,64,8,8,9,9,0.0019378524802506208,0,3.6320275786927425e-08
"F=12, p=2",12,2,16,Uniform random: direct M,16,64,16,16,17,17,0.0019378524802506208,0,3.6320275786927425e-08
"F=12, p=2",12,2,16,Uniform random: direct M,32,64,32,32,33,33,0.0020188702083837884,0,1.6846258166225425e-08
"F=12, p=2",12,2,16,Uniform random: direct M,64,64,64,64,65,65,0.002347699485818054,0,1.0108587300550198e-09
"F=12, p=2",12,2,16,Random ranked: QPU-valid-unique matched,433,433,4,4,5,5,0.0018109383484740116,0,1.0246595238960765e-08
"F=12, p=2",12,2,16,Random ranked: QPU-valid-unique matched,433,433,8,8,9,9,0.0018109383484740116,0,1.0246595238960765e-08
"F=12, p=2",12,2,16,Random ranked: QPU-valid-unique matched,433,433,16,16,17,17,0.0018109383484740116,0,1.0246595238960765e-08
"F=12, p=2",12,2,16,Random ranked: QPU-valid-unique matched,433,433,32,32,33,33,0.0022116013691898667,0,1.5871959233026978e-09
"F=12, p=2",12,2,16,Random ranked: QPU-valid-unique matched,433,433,64,64,65,65,0.0022116013691898667,0,1.5871959233026978e-09
"F=12, p=2",12,2,16,Random ranked: QPU-raw-draw matched,8192,792,4,4,5,5,0.0018109383484740116,0,1.0246595238960765e-08
"F=12, p=2",12,2,16,Random ranked: QPU-raw-draw matched,8192,792,8,8,9,9,0.0018109383484740116,0,1.0246595238960765e-08
"F=12, p=2",12,2,16,Random ranked: QPU-raw-draw matched,8192,792,16,16,17,17,0.0018109383484740116,0,1.0246595238960765e-08
"F=12, p=2",12,2,16,Random ranked: QPU-raw-draw matched,8192,792,32,32,33,33,0.0018109383484740116,0,1.0246595238960765e-08
"F=12, p=2",12,2,16,Random ranked: QPU-raw-draw matched,8192,792,64,64,65,65,0.0022116013691898667,0,1.5871959233026978e-09
"F=12, p=2",12,2,17,Uniform random: direct M,4,64,4,4,5,5,0.0013410215422794414,0,6.935103047389646e-10
"F=12, p=2",12,2,17,Uniform random: direct M,8,64,8,8,9,9,0.0018114208265251688,0,3.241655832653123e-10
"F=12, p=2",12,2,17,Uniform random: direct M,16,64,16,16,17,17,0.0018801819724019106,0,1.3484966476795535e-09
"F=12, p=2",12,2,17,Uniform random: direct M,32,64,32,32,33,33,0.0018801819724019106,0,1.3484966476795535e-09
"F=12, p=2",12,2,17,Uniform random: direct M,64,64,64,64,65,65,0.0018934299750731354,0,3.5502889017546835e-08
"F=12, p=2",12,2,17,Random ranked: QPU-valid-unique matched,426,426,4,4,5,5,0.0018109383484740116,0,1.0246595238960765e-08
"F=12, p=2",12,2,17,Random ranked: QPU-valid-unique matched,426,426,8,8,9,9,0.0018109383484740116,0,1.0246595238960765e-08
"F=12, p=2",12,2,17,Random ranked: QPU-valid-unique matched,426,426,16,16,17,17,0.0021112034877985297,0,3.417185445719895e-08
"F=12, p=2",12,2,17,Random ranked: QPU-valid-unique matched,426,426,32,32,33,33,0.002183962364759366,0,3.5559162170351044e-08
"F=12, p=2",12,2,17,Random ranked: QPU-valid-unique matched,426,426,64,64,65,65,0.002183962364759366,0,3.5559162170351044e-08
"F=12, p=2",12,2,17,Random ranked: QPU-raw-draw matched,8192,792,4,4,5,5,0.0018109383484740116,0,1.0246595238960765e-08
"F=12, p=2",12,2,17,Random ranked: QPU-raw-draw matched,8192,792,8,8,9,9,0.0018109383484740116,0,1.0246595238960765e-08
"F=12, p=2",12,2,17,Random ranked: QPU-raw-draw matched,8192,792,16,16,17,17,0.0018109383484740116,0,1.0246595238960765e-08
"F=12, p=2",12,2,17,Random ranked: QPU-raw-draw matched,8192,792,32,32,33,33,0.0018109383484740116,0,1.0246595238960765e-08
"F=12, p=2",12,2,17,Random ranked: QPU-raw-draw matched,8192,792,64,64,65,65,0.0022116013691898667,0,1.5871959233026978e-09
"F=12, p=2",12,2,18,Uniform random: direct M,4,64,4,4,5,5,0.0015340557531552668,0,1.7761435031071748e-09
"F=12, p=2",12,2,18,Uniform random: direct M,8,64,8,8,9,9,0.0016616122677920384,0,6.879745037546847e-10
"F=12, p=2",12,2,18,Uniform random: direct M,16,64,16,16,16,16,0.0022464218408675546,0,2.4162556455653572e-08
"F=12, p=2",12,2,18,Uniform random: direct M,32,64,32,32,32,32,0.0022464218408675546,0,2.4162556455653572e-08
"F=12, p=2",12,2,18,Uniform random: direct M,64,64,64,64,64,64,0.0022464218408675546,0,2.4162556455653572e-08
"F=12, p=2",12,2,18,Random ranked: QPU-valid-unique matched,433,433,4,4,5,5,0.0018109383484740116,0,1.0246595238960765e-08
"F=12, p=2",12,2,18,Random ranked: QPU-valid-unique matched,433,433,8,8,9,9,0.0018109383484740116,0,1.0246595238960765e-08
"F=12, p=2",12,2,18,Random ranked: QPU-valid-unique matched,433,433,16,16,17,17,0.0018109383484740116,0,1.0246595238960765e-08
"F=12, p=2",12,2,18,Random ranked: QPU-valid-unique matched,433,433,32,32,33,33,0.0022116013691898667,0,1.5871959233026978e-09
"F=12, p=2",12,2,18,Random ranked: QPU-valid-unique matched,433,433,64,64,65,65,0.0022116013691898667,0,1.5871959233026978e-09
"F=12, p=2",12,2,18,Random ranked: QPU-raw-draw matched,8192,792,4,4,5,5,0.0018109383484740116,0,1.0246595238960765e-08
"F=12, p=2",12,2,18,Random ranked: QPU-raw-draw matched,8192,792,8,8,9,9,0.0018109383484740116,0,1.0246595238960765e-08
"F=12, p=2",12,2,18,Random ranked: QPU-raw-draw matched,8192,792,16,16,17,17,0.0018109383484740116,0,1.0246595238960765e-08
"F=12, p=2",12,2,18,Random ranked: QPU-raw-draw matched,8192,792,32,32,33,33,0.0018109383484740116,0,1.0246595238960765e-08
"F=12, p=2",12,2,18,Random ranked: QPU-raw-draw matched,8192,792,64,64,65,65,0.0022116013691898667,0,1.5871959233026978e-09
"F=12, p=2",12,2,19,Uniform random: direct M,4,64,4,4,5,5,0.0020126693784010136,0,3.573567070036532e-08
"F=12, p=2",12,2,19,Uniform random: direct M,8,64,8,8,9,9,0.0020126693784010136,0,3.573567070036532e-08
"F=12, p=2",12,2,19,Uniform random: direct M,16,64,16,16,17,17,0.0020126693784010136,0,3.573567070036532e-08
"F=12, p=2",12,2,19,Uniform random: direct M,32,64,32,32,33,33,0.0020126693784010136,0,3.573567070036532e-08
"F=12, p=2",12,2,19,Uniform random: direct M,64,64,64,64,65,65,0.0020188702083837884,0,1.6846258166225425e-08
"F=12, p=2",12,2,19,Random ranked: QPU-valid-unique matched,433,433,4,4,5,5,0.0015131400629107422,0,2.8452568079373464e-08
"F=12, p=2",12,2,19,Random ranked: QPU-valid-unique matched,433,433,8,8,9,9,0.0015131400629107422,0,2.8452568079373464e-08
"F=12, p=2",12,2,19,Random ranked: QPU-valid-unique matched,433,433,16,16,17,17,0.0015131400629107422,0,2.8452568079373464e-08
"F=12, p=2",12,2,19,Random ranked: QPU-valid-unique matched,433,433,32,32,33,33,0.0020824224192499963,0,3.288324834649359e-08
"F=12, p=2",12,2,19,Random ranked: QPU-valid-unique matched,433,433,64,64,65,65,0.0020824224192499963,0,3.288324834649359e-08
"F=12, p=2",12,2,19,Random ranked: QPU-raw-draw matched,8192,792,4,4,5,5,0.0018109383484740116,0,1.0246595238960765e-08
"F=12, p=2",12,2,19,Random ranked: QPU-raw-draw matched,8192,792,8,8,9,9,0.0018109383484740116,0,1.0246595238960765e-08
"F=12, p=2",12,2,19,Random ranked: QPU-raw-draw matched,8192,792,16,16,17,17,0.0018109383484740116,0,1.0246595238960765e-08
"F=12, p=2",12,2,19,Random ranked: QPU-raw-draw matched,8192,792,32,32,33,33,0.0018109383484740116,0,1.0246595238960765e-08
"F=12, p=2",12,2,19,Random ranked: QPU-raw-draw matched,8192,792,64,64,65,65,0.0022116013691898667,0,1.5871959233026978e-09
"F=12, p=2",12,2,20,Uniform random: direct M,4,64,4,4,5,5,0.0017726004961088268,0,1.0001905623169272e-09
"F=12, p=2",12,2,20,Uniform random: direct M,8,64,8,8,9,9,0.0017726004961088268,0,1.0001905623169272e-09
"F=12, p=2",12,2,20,Uniform random: direct M,16,64,16,16,17,17,0.0017726004961088268,0,1.0001905623169272e-09
"F=12, p=2",12,2,20,Uniform random: direct M,32,64,32,32,33,33,0.0021021221506629453,0,3.5112568685935486e-08
"F=12, p=2",12,2,20,Uniform random: direct M,64,64,64,64,65,65,0.0021021221506629453,0,3.5112568685935486e-08
"F=12, p=2",12,2,20,Random ranked: QPU-valid-unique matched,426,426,4,4,5,5,0.0018109383484740116,0,1.0246595238960765e-08
"F=12, p=2",12,2,20,Random ranked: QPU-valid-unique matched,426,426,8,8,9,9,0.0018109383484740116,0,1.0246595238960765e-08
"F=12, p=2",12,2,20,Random ranked: QPU-valid-unique matched,426,426,16,16,17,17,0.0018109383484740116,0,1.0246595238960765e-08
"F=12, p=2",12,2,20,Random ranked: QPU-valid-unique matched,426,426,32,32,33,33,0.002183962364759366,0,3.5559162170351044e-08
"F=12, p=2",12,2,20,Random ranked: QPU-valid-unique matched,426,426,64,64,65,65,0.002183962364759366,0,3.5559162170351044e-08
"F=12, p=2",12,2,20,Random ranked: QPU-raw-draw matched,8192,792,4,4,5,5,0.0018109383484740116,0,1.0246595238960765e-08
"F=12, p=2",12,2,20,Random ranked: QPU-raw-draw matched,8192,792,8,8,9,9,0.0018109383484740116,0,1.0246595238960765e-08
"F=12, p=2",12,2,20,Random ranked: QPU-raw-draw matched,8192,792,16,16,17,17,0.0018109383484740116,0,1.0246595238960765e-08
"F=12, p=2",12,2,20,Random ranked: QPU-raw-draw matched,8192,792,32,32,33,33,0.0018109383484740116,0,1.0246595238960765e-08
"F=12, p=2",12,2,20,Random ranked: QPU-raw-draw matched,8192,792,64,64,65,65,0.0022116013691898667,0,1.5871959233026978e-09
"F=12, p=2",12,2,21,Uniform random: direct M,4,64,4,4,5,5,0.0016882837195915587,0,1.6218159926140174e-08
"F=12, p=2",12,2,21,Uniform random: direct M,8,64,8,8,9,9,0.0020148794239700646,0,2.3456910858143942e-08
"F=12, p=2",12,2,21,Uniform random: direct M,16,64,16,16,17,17,0.0020148794239700646,0,2.3456910858143942e-08
"F=12, p=2",12,2,21,Uniform random: direct M,32,64,32,32,33,33,0.0020148794239700646,0,2.3456910858143942e-08
"F=12, p=2",12,2,21,Uniform random: direct M,64,64,64,64,65,65,0.0022464218408675546,0,2.4162556455653572e-08
"F=12, p=2",12,2,21,Random ranked: QPU-valid-unique matched,433,433,4,4,5,5,0.0017270418735284773,0,1.1855663006876682e-08
"F=12, p=2",12,2,21,Random ranked: QPU-valid-unique matched,433,433,8,8,9,9,0.0017270418735284773,0,1.1855663006876682e-08
"F=12, p=2",12,2,21,Random ranked: QPU-valid-unique matched,433,433,16,16,17,17,0.0017270418735284773,0,1.1855663006876682e-08
"F=12, p=2",12,2,21,Random ranked: QPU-valid-unique matched,433,433,32,32,33,33,0.0021112034877985297,0,3.417185445719895e-08
"F=12, p=2",12,2,21,Random ranked: QPU-valid-unique matched,433,433,64,64,65,65,0.0021112034877985297,0,3.417185445719895e-08
"F=12, p=2",12,2,21,Random ranked: QPU-raw-draw matched,8192,791,4,4,5,5,0.0018109383484740116,0,1.0246595238960765e-08
"F=12, p=2",12,2,21,Random ranked: QPU-raw-draw matched,8192,791,8,8,9,9,0.0018109383484740116,0,1.0246595238960765e-08
"F=12, p=2",12,2,21,Random ranked: QPU-raw-draw matched,8192,791,16,16,17,17,0.0018109383484740116,0,1.0246595238960765e-08
"F=12, p=2",12,2,21,Random ranked: QPU-raw-draw matched,8192,791,32,32,33,33,0.0018109383484740116,0,1.0246595238960765e-08
"F=12, p=2",12,2,21,Random ranked: QPU-raw-draw matched,8192,791,64,64,65,65,0.0022116013691898667,0,1.5871959233026978e-09
"F=12, p=2",12,2,22,Uniform random: direct M,4,64,4,4,5,5,0.0012038265061855638,0,1.6143829495440798e-08
"F=12, p=2",12,2,22,Uniform random: direct M,8,64,8,8,9,9,0.002072786394474252,0,1.351763656565197e-08
"F=12, p=2",12,2,22,Uniform random: direct M,16,64,16,16,17,17,0.002072786394474252,0,1.351763656565197e-08
"F=12, p=2",12,2,22,Uniform random: direct M,32,64,32,32,33,33,0.002072786394474252,0,1.351763656565197e-08
"F=12, p=2",12,2,22,Uniform random: direct M,64,64,64,64,65,65,0.002072786394474252,0,1.351763656565197e-08
"F=12, p=2",12,2,22,Random ranked: QPU-valid-unique matched,433,433,4,4,5,5,0.0016945394496301336,0,3.195868808480995e-08
"F=12, p=2",12,2,22,Random ranked: QPU-valid-unique matched,433,433,8,8,9,9,0.0016945394496301336,0,3.195868808480995e-08
"F=12, p=2",12,2,22,Random ranked: QPU-valid-unique matched,433,433,16,16,17,17,0.0016945394496301336,0,3.195868808480995e-08
"F=12, p=2",12,2,22,Random ranked: QPU-valid-unique matched,433,433,32,32,33,33,0.0022116013691898667,0,1.5871959233026978e-09
"F=12, p=2",12,2,22,Random ranked: QPU-valid-unique matched,433,433,64,64,65,65,0.0022116013691898667,0,1.5871959233026978e-09
"F=12, p=2",12,2,22,Random ranked: QPU-raw-draw matched,8192,792,4,4,5,5,0.0018109383484740116,0,1.0246595238960765e-08
"F=12, p=2",12,2,22,Random ranked: QPU-raw-draw matched,8192,792,8,8,9,9,0.0018109383484740116,0,1.0246595238960765e-08
"F=12, p=2",12,2,22,Random ranked: QPU-raw-draw matched,8192,792,16,16,17,17,0.0018109383484740116,0,1.0246595238960765e-08
"F=12, p=2",12,2,22,Random ranked: QPU-raw-draw matched,8192,792,32,32,33,33,0.0018109383484740116,0,1.0246595238960765e-08
"F=12, p=2",12,2,22,Random ranked: QPU-raw-draw matched,8192,792,64,64,65,65,0.0022116013691898667,0,1.5871959233026978e-09
"F=12, p=2",12,2,23,Uniform random: direct M,4,64,4,4,5,5,0.001843387532518781,0,1.5729187508028986e-08
"F=12, p=2",12,2,23,Uniform random: direct M,8,64,8,8,9,9,0.001843387532518781,0,1.5729187508028986e-08
"F=12, p=2",12,2,23,Uniform random: direct M,16,64,16,16,17,17,0.002021892748866397,0,1.485620942931476e-08
"F=12, p=2",12,2,23,Uniform random: direct M,32,64,32,32,33,33,0.0020338824296761704,0,1.280305744755239e-08
"F=12, p=2",12,2,23,Uniform random: direct M,64,64,64,64,65,65,0.0022116013691898667,0,1.5871959233026978e-09
"F=12, p=2",12,2,23,Random ranked: QPU-valid-unique matched,426,426,4,4,5,5,0.0018109383484740116,0,1.0246595238960765e-08
"F=12, p=2",12,2,23,Random ranked: QPU-valid-unique matched,426,426,8,8,9,9,0.0018109383484740116,0,1.0246595238960765e-08
"F=12, p=2",12,2,23,Random ranked: QPU-valid-unique matched,426,426,16,16,17,17,0.0018109383484740116,0,1.0246595238960765e-08
"F=12, p=2",12,2,23,Random ranked: QPU-valid-unique matched,426,426,32,32,33,33,0.0020824224192499963,0,3.288324834649359e-08
"F=12, p=2",12,2,23,Random ranked: QPU-valid-unique matched,426,426,64,64,65,65,0.0020824224192499963,0,3.288324834649359e-08
"F=12, p=2",12,2,23,Random ranked: QPU-raw-draw matched,8192,792,4,4,5,5,0.0018109383484740116,0,1.0246595238960765e-08
"F=12, p=2",12,2,23,Random ranked: QPU-raw-draw matched,8192,792,8,8,9,9,0.0018109383484740116,0,1.0246595238960765e-08
"F=12, p=2",12,2,23,Random ranked: QPU-raw-draw matched,8192,792,16,16,17,17,0.0018109383484740116,0,1.0246595238960765e-08
"F=12, p=2",12,2,23,Random ranked: QPU-raw-draw matched,8192,792,32,32,33,33,0.0018109383484740116,0,1.0246595238960765e-08
"F=12, p=2",12,2,23,Random ranked: QPU-raw-draw matched,8192,792,64,64,65,65,0.0022116013691898667,0,1.5871959233026978e-09
"F=12, p=2",12,2,24,Uniform random: direct M,4,64,4,4,5,5,0.0018832608885895538,0,4.053699359518603e-08
"F=12, p=2",12,2,24,Uniform random: direct M,8,64,8,8,9,9,0.001989133788541174,0,4.219225863133502e-08
"F=12, p=2",12,2,24,Uniform random: direct M,16,64,16,16,17,17,0.001989133788541174,0,4.219225863133502e-08
"F=12, p=2",12,2,24,Uniform random: direct M,32,64,32,32,33,33,0.001989133788541174,0,4.219225863133502e-08
"F=12, p=2",12,2,24,Uniform random: direct M,64,64,64,64,65,65,0.001989133788541174,0,4.219225863133502e-08
"F=12, p=2",12,2,24,Random ranked: QPU-valid-unique matched,433,433,4,4,5,5,0.0018109383484740116,0,1.0246595238960765e-08
"F=12, p=2",12,2,24,Random ranked: QPU-valid-unique matched,433,433,8,8,9,9,0.0018109383484740116,0,1.0246595238960765e-08
"F=12, p=2",12,2,24,Random ranked: QPU-valid-unique matched,433,433,16,16,17,17,0.0018109383484740116,0,1.0246595238960765e-08
"F=12, p=2",12,2,24,Random ranked: QPU-valid-unique matched,433,433,32,32,33,33,0.0021112034877985297,0,3.417185445719895e-08
"F=12, p=2",12,2,24,Random ranked: QPU-valid-unique matched,433,433,64,64,65,65,0.0021112034877985297,0,3.417185445719895e-08
"F=12, p=2",12,2,24,Random ranked: QPU-raw-draw matched,8192,792,4,4,5,5,0.0018109383484740116,0,1.0246595238960765e-08
"F=12, p=2",12,2,24,Random ranked: QPU-raw-draw matched,8192,792,8,8,9,9,0.0018109383484740116,0,1.0246595238960765e-08
"F=12, p=2",12,2,24,Random ranked: QPU-raw-draw matched,8192,792,16,16,17,17,0.0018109383484740116,0,1.0246595238960765e-08
"F=12, p=2",12,2,24,Random ranked: QPU-raw-draw matched,8192,792,32,32,33,33,0.0018109383484740116,0,1.0246595238960765e-08
"F=12, p=2",12,2,24,Random ranked: QPU-raw-draw matched,8192,792,64,64,65,65,0.0022116013691898667,0,1.5871959233026978e-09
"F=12, p=2",12,2,25,Uniform random: direct M,4,64,4,4,5,5,0.0012960998299059029,0,3.310731105932163e-08
"F=12, p=2",12,2,25,Uniform random: direct M,8,64,8,8,9,9,0.0019351976973788765,0,1.6032764393880683e-08
"F=12, p=2",12,2,25,Uniform random: direct M,16,64,16,16,17,17,0.0019351976973788765,0,1.6032764393880683e-08
"F=12, p=2",12,2,25,Uniform random: direct M,32,64,32,32,33,33,0.0019351976973788765,0,1.6032764393880683e-08
"F=12, p=2",12,2,25,Uniform random: direct M,64,64,64,64,65,65,0.001989133788541174,0,4.219225863133502e-08
"F=12, p=2",12,2,25,Random ranked: QPU-valid-unique matched,433,433,4,4,5,5,0.0018109383484740116,0,1.0246595238960765e-08
"F=12, p=2",12,2,25,Random ranked: QPU-valid-unique matched,433,433,8,8,9,9,0.0018109383484740116,0,1.0246595238960765e-08
"F=12, p=2",12,2,25,Random ranked: QPU-valid-unique matched,433,433,16,16,17,17,0.0022116013691898667,0,1.5871959233026978e-09
"F=12, p=2",12,2,25,Random ranked: QPU-valid-unique matched,433,433,32,32,33,33,0.0022116013691898667,0,1.5871959233026978e-09
"F=12, p=2",12,2,25,Random ranked: QPU-valid-unique matched,433,433,64,64,65,65,0.0022116013691898667,0,1.5871959233026978e-09
"F=12, p=2",12,2,25,Random ranked: QPU-raw-draw matched,8192,792,4,4,5,5,0.0018109383484740116,0,1.0246595238960765e-08
"F=12, p=2",12,2,25,Random ranked: QPU-raw-draw matched,8192,792,8,8,9,9,0.0018109383484740116,0,1.0246595238960765e-08
"F=12, p=2",12,2,25,Random ranked: QPU-raw-draw matched,8192,792,16,16,17,17,0.0018109383484740116,0,1.0246595238960765e-08
"F=12, p=2",12,2,25,Random ranked: QPU-raw-draw matched,8192,792,32,32,33,33,0.0018109383484740116,0,1.0246595238960765e-08
"F=12, p=2",12,2,25,Random ranked: QPU-raw-draw matched,8192,792,64,64,65,65,0.0022116013691898667,0,1.5871959233026978e-09
"F=12, p=2",12,2,26,Uniform random: direct M,4,64,4,4,5,5,0.0016101533723642258,0,1.5301274747248073e-08
"F=12, p=2",12,2,26,Uniform random: direct M,8,64,8,8,9,9,0.0021855814640852206,0,1.0401564332074287e-09
"F=12, p=2",12,2,26,Uniform random: direct M,16,64,16,16,16,16,0.0021855814640852206,0,1.0401564332074287e-09
"F=12, p=2",12,2,26,Uniform random: direct M,32,64,32,32,32,32,0.0021855814640852206,0,1.0401564332074287e-09
"F=12, p=2",12,2,26,Uniform random: direct M,64,64,64,64,64,64,0.0022532156543049117,0,1.5098162511884006e-09
"F=12, p=2",12,2,26,Random ranked: QPU-valid-unique matched,426,426,4,4,5,5,0.0018109383484740116,0,1.0246595238960765e-08
"F=12, p=2",12,2,26,Random ranked: QPU-valid-unique matched,426,426,8,8,9,9,0.0018109383484740116,0,1.0246595238960765e-08
"F=12, p=2",12,2,26,Random ranked: QPU-valid-unique matched,426,426,16,16,17,17,0.0018109383484740116,0,1.0246595238960765e-08
"F=12, p=2",12,2,26,Random ranked: QPU-valid-unique matched,426,426,32,32,33,33,0.0021112034877985297,0,3.417185445719895e-08
"F=12, p=2",12,2,26,Random ranked: QPU-valid-unique matched,426,426,64,64,65,65,0.0021112034877985297,0,3.417185445719895e-08
"F=12, p=2",12,2,26,Random ranked: QPU-raw-draw matched,8192,792,4,4,5,5,0.0018109383484740116,0,1.0246595238960765e-08
"F=12, p=2",12,2,26,Random ranked: QPU-raw-draw matched,8192,792,8,8,9,9,0.0018109383484740116,0,1.0246595238960765e-08
"F=12, p=2",12,2,26,Random ranked: QPU-raw-draw matched,8192,792,16,16,17,17,0.0018109383484740116,0,1.0246595238960765e-08
"F=12, p=2",12,2,26,Random ranked: QPU-raw-draw matched,8192,792,32,32,33,33,0.0018109383484740116,0,1.0246595238960765e-08
"F=12, p=2",12,2,26,Random ranked: QPU-raw-draw matched,8192,792,64,64,65,65,0.0022116013691898667,0,1.5871959233026978e-09
"F=12, p=2",12,2,27,Uniform random: direct M,4,64,4,4,5,5,0.0016279363104570593,0,8.850380484037856e-09
"F=12, p=2",12,2,27,Uniform random: direct M,8,64,8,8,9,9,0.0016495481476415733,0,6.311706018946595e-10
"F=12, p=2",12,2,27,Uniform random: direct M,16,64,16,16,17,17,0.0019687652154016244,0,5.915813949819437e-10
"F=12, p=2",12,2,27,Uniform random: direct M,32,64,32,32,33,33,0.00207482869845238,0,1.6061407828726892e-09
"F=12, p=2",12,2,27,Uniform random: direct M,64,64,64,64,65,65,0.00207482869845238,0,1.6061407828726892e-09
"F=12, p=2",12,2,27,Random ranked: QPU-valid-unique matched,433,433,4,4,5,5,0.0018109383484740116,0,1.0246595238960765e-08
"F=12, p=2",12,2,27,Random ranked: QPU-valid-unique matched,433,433,8,8,9,9,0.0018109383484740116,0,1.0246595238960765e-08
"F=12, p=2",12,2,27,Random ranked: QPU-valid-unique matched,433,433,16,16,17,17,0.0018109383484740116,0,1.0246595238960765e-08
"F=12, p=2",12,2,27,Random ranked: QPU-valid-unique matched,433,433,32,32,33,33,0.002021892748866397,0,1.485620942931476e-08
"F=12, p=2",12,2,27,Random ranked: QPU-valid-unique matched,433,433,64,64,65,65,0.002021892748866397,0,1.485620942931476e-08
"F=12, p=2",12,2,27,Random ranked: QPU-raw-draw matched,8192,792,4,4,5,5,0.0018109383484740116,0,1.0246595238960765e-08
"F=12, p=2",12,2,27,Random ranked: QPU-raw-draw matched,8192,792,8,8,9,9,0.0018109383484740116,0,1.0246595238960765e-08
"F=12, p=2",12,2,27,Random ranked: QPU-raw-draw matched,8192,792,16,16,17,17,0.0018109383484740116,0,1.0246595238960765e-08
"F=12, p=2",12,2,27,Random ranked: QPU-raw-draw matched,8192,792,32,32,33,33,0.0018109383484740116,0,1.0246595238960765e-08
"F=12, p=2",12,2,27,Random ranked: QPU-raw-draw matched,8192,792,64,64,65,65,0.0022116013691898667,0,1.5871959233026978e-09
"F=12, p=2",12,2,28,Uniform random: direct M,4,64,4,4,5,5,0.0015378121477176501,0,1.4007637202939627e-09
"F=12, p=2",12,2,28,Uniform random: direct M,8,64,8,8,9,9,0.0018551059213389731,0,1.0237577105498552e-09
"F=12, p=2",12,2,28,Uniform random: direct M,16,64,16,16,17,17,0.0018551059213389731,0,1.0237577105498552e-09
"F=12, p=2",12,2,28,Uniform random: direct M,32,64,32,32,33,33,0.0018776869446997316,0,2.8257627127104e-08
"F=12, p=2",12,2,28,Uniform random: direct M,64,64,64,64,65,65,0.002072786394474252,0,1.351763656565197e-08
"F=12, p=2",12,2,28,Random ranked: QPU-valid-unique matched,433,433,4,4,5,5,0.0016945394496301336,0,3.195868808480995e-08
"F=12, p=2",12,2,28,Random ranked: QPU-valid-unique matched,433,433,8,8,9,9,0.0016945394496301336,0,3.195868808480995e-08
"F=12, p=2",12,2,28,Random ranked: QPU-valid-unique matched,433,433,16,16,17,17,0.0016945394496301336,0,3.195868808480995e-08
"F=12, p=2",12,2,28,Random ranked: QPU-valid-unique matched,433,433,32,32,33,33,0.002183962364759366,0,3.5559162170351044e-08
"F=12, p=2",12,2,28,Random ranked: QPU-valid-unique matched,433,433,64,64,65,65,0.002183962364759366,0,3.5559162170351044e-08
"F=12, p=2",12,2,28,Random ranked: QPU-raw-draw matched,8192,792,4,4,5,5,0.0018109383484740116,0,1.0246595238960765e-08
"F=12, p=2",12,2,28,Random ranked: QPU-raw-draw matched,8192,792,8,8,9,9,0.0018109383484740116,0,1.0246595238960765e-08
"F=12, p=2",12,2,28,Random ranked: QPU-raw-draw matched,8192,792,16,16,17,17,0.0018109383484740116,0,1.0246595238960765e-08
"F=12, p=2",12,2,28,Random ranked: QPU-raw-draw matched,8192,792,32,32,33,33,0.0018109383484740116,0,1.0246595238960765e-08
"F=12, p=2",12,2,28,Random ranked: QPU-raw-draw matched,8192,792,64,64,65,65,0.0022116013691898667,0,1.5871959233026978e-09
"F=12, p=2",12,2,29,Uniform random: direct M,4,64,4,4,5,5,0.0017266455175268466,0,2.2424007095622756e-10
"F=12, p=2",12,2,29,Uniform random: direct M,8,64,8,8,9,9,0.0018326274370369725,0,3.7741000602498076e-08
"F=12, p=2",12,2,29,Uniform random: direct M,16,64,16,16,17,17,0.0018670513252302331,0,1.942098781793078e-08
"F=12, p=2",12,2,29,Uniform random: direct M,32,64,32,32,33,33,0.0021855814640852206,0,1.0401564332074287e-09
"F=12, p=2",12,2,29,Uniform random: direct M,64,64,64,64,65,65,0.0021855814640852206,0,1.0401564332074287e-09
"F=12, p=2",12,2,29,Random ranked: QPU-valid-unique matched,426,426,4,4,5,5,0.0016945394496301336,0,3.195868808480995e-08
"F=12, p=2",12,2,29,Random ranked: QPU-valid-unique matched,426,426,8,8,9,9,0.0016945394496301336,0,3.195868808480995e-08
"F=12, p=2",12,2,29,Random ranked: QPU-valid-unique matched,426,426,16,16,17,17,0.0016945394496301336,0,3.195868808480995e-08
"F=12, p=2",12,2,29,Random ranked: QPU-valid-unique matched,426,426,32,32,33,33,0.0021112034877985297,0,3.417185445719895e-08
"F=12, p=2",12,2,29,Random ranked: QPU-valid-unique matched,426,426,64,64,65,65,0.0021112034877985297,0,3.417185445719895e-08
"F=12, p=2",12,2,29,Random ranked: QPU-raw-draw matched,8192,792,4,4,5,5,0.0018109383484740116,0,1.0246595238960765e-08
"F=12, p=2",12,2,29,Random ranked: QPU-raw-draw matched,8192,792,8,8,9,9,0.0018109383484740116,0,1.0246595238960765e-08
"F=12, p=2",12,2,29,Random ranked: QPU-raw-draw matched,8192,792,16,16,17,17,0.0018109383484740116,0,1.0246595238960765e-08
"F=12, p=2",12,2,29,Random ranked: QPU-raw-draw matched,8192,792,32,32,33,33,0.0018109383484740116,0,1.0246595238960765e-08
"F=12, p=2",12,2,29,Random ranked: QPU-raw-draw matched,8192,792,64,64,65,65,0.0022116013691898667,0,1.5871959233026978e-09
"F=12, p=2",12,2,30,Uniform random: direct M,4,64,4,4,5,5,0.0017197368114529807,0,1.660234222322643e-08
"F=12, p=2",12,2,30,Uniform random: direct M,8,64,8,8,9,9,0.0017197368114529807,0,1.660234222322643e-08
"F=12, p=2",12,2,30,Uniform random: direct M,16,64,16,16,17,17,0.002183962364759366,0,3.5559162170351044e-08
"F=12, p=2",12,2,30,Uniform random: direct M,32,64,32,32,33,33,0.002183962364759366,0,3.5559162170351044e-08
"F=12, p=2",12,2,30,Uniform random: direct M,64,64,64,64,65,65,0.002183962364759366,0,3.5559162170351044e-08
"F=12, p=2",12,2,30,Random ranked: QPU-valid-unique matched,433,433,4,4,5,5,0.0018109383484740116,0,1.0246595238960765e-08
"F=12, p=2",12,2,30,Random ranked: QPU-valid-unique matched,433,433,8,8,9,9,0.0018109383484740116,0,1.0246595238960765e-08
"F=12, p=2",12,2,30,Random ranked: QPU-valid-unique matched,433,433,16,16,17,17,0.0018109383484740116,0,1.0246595238960765e-08
"F=12, p=2",12,2,30,Random ranked: QPU-valid-unique matched,433,433,32,32,33,33,0.002183962364759366,0,3.5559162170351044e-08
"F=12, p=2",12,2,30,Random ranked: QPU-valid-unique matched,433,433,64,64,65,65,0.002183962364759366,0,3.5559162170351044e-08
"F=12, p=2",12,2,30,Random ranked: QPU-raw-draw matched,8192,792,4,4,5,5,0.0018109383484740116,0,1.0246595238960765e-08
"F=12, p=2",12,2,30,Random ranked: QPU-raw-draw matched,8192,792,8,8,9,9,0.0018109383484740116,0,1.0246595238960765e-08
"F=12, p=2",12,2,30,Random ranked: QPU-raw-draw matched,8192,792,16,16,17,17,0.0018109383484740116,0,1.0246595238960765e-08
"F=12, p=2",12,2,30,Random ranked: QPU-raw-draw matched,8192,792,32,32,33,33,0.0018109383484740116,0,1.0246595238960765e-08
"F=12, p=2",12,2,30,Random ranked: QPU-raw-draw matched,8192,792,64,64,65,65,0.0022116013691898667,0,1.5871959233026978e-09
"F=12, p=2",12,2,31,Uniform random: direct M,4,64,4,4,5,5,0.0021021221506629453,0,3.5112568685935486e-08
"F=12, p=2",12,2,31,Uniform random: direct M,8,64,8,8,9,9,0.0021021221506629453,0,3.5112568685935486e-08
"F=12, p=2",12,2,31,Uniform random: direct M,16,64,16,16,17,17,0.0021021221506629453,0,3.5112568685935486e-08
"F=12, p=2",12,2,31,Uniform random: direct M,32,64,32,32,33,33,0.0021021221506629453,0,3.5112568685935486e-08
"F=12, p=2",12,2,31,Uniform random: direct M,64,64,64,64,65,65,0.0021021221506629453,0,3.5112568685935486e-08
"F=12, p=2",12,2,31,Random ranked: QPU-valid-unique matched,433,433,4,4,5,5,0.00163140356135235,0,1.872900903809871e-09
"F=12, p=2",12,2,31,Random ranked: QPU-valid-unique matched,433,433,8,8,9,9,0.00163140356135235,0,1.872900903809871e-09
"F=12, p=2",12,2,31,Random ranked: QPU-valid-unique matched,433,433,16,16,17,17,0.00163140356135235,0,1.872900903809871e-09
"F=12, p=2",12,2,31,Random ranked: QPU-valid-unique matched,433,433,32,32,33,33,0.0022116013691898667,0,1.5871959233026978e-09
"F=12, p=2",12,2,31,Random ranked: QPU-valid-unique matched,433,433,64,64,65,65,0.0022116013691898667,0,1.5871959233026978e-09
"F=12, p=2",12,2,31,Random ranked: QPU-raw-draw matched,8192,792,4,4,5,5,0.0018109383484740116,0,1.0246595238960765e-08
"F=12, p=2",12,2,31,Random ranked: QPU-raw-draw matched,8192,792,8,8,9,9,0.0018109383484740116,0,1.0246595238960765e-08
"F=12, p=2",12,2,31,Random ranked: QPU-raw-draw matched,8192,792,16,16,17,17,0.0018109383484740116,0,1.0246595238960765e-08
"F=12, p=2",12,2,31,Random ranked: QPU-raw-draw matched,8192,792,32,32,33,33,0.0018109383484740116,0,1.0246595238960765e-08
"F=12, p=2",12,2,31,Random ranked: QPU-raw-draw matched,8192,792,64,64,65,65,0.0022116013691898667,0,1.5871959233026978e-09
"F=12, p=2",12,2,32,Uniform random: direct M,4,64,4,4,5,5,0.0015785314628854186,0,2.5206480736006398e-08
"F=12, p=2",12,2,32,Uniform random: direct M,8,64,8,8,9,9,0.0017754328817441503,0,3.790085845167823e-08
"F=12, p=2",12,2,32,Uniform random: direct M,16,64,16,16,17,17,0.0017754328817441503,0,3.790085845167823e-08
"F=12, p=2",12,2,32,Uniform random: direct M,32,64,32,32,33,33,0.0017754328817441503,0,3.790085845167823e-08
"F=12, p=2",12,2,32,Uniform random: direct M,64,64,64,64,65,65,0.002021892748866397,0,1.485620942931476e-08
"F=12, p=2",12,2,32,Random ranked: QPU-valid-unique matched,426,426,4,4,5,5,0.0017270418735284773,0,1.1855663006876682e-08
"F=12, p=2",12,2,32,Random ranked: QPU-valid-unique matched,426,426,8,8,9,9,0.0017270418735284773,0,1.1855663006876682e-08
"F=12, p=2",12,2,32,Random ranked: QPU-valid-unique matched,426,426,16,16,17,17,0.0017270418735284773,0,1.1855663006876682e-08
"F=12, p=2",12,2,32,Random ranked: QPU-valid-unique matched,426,426,32,32,33,33,0.0022116013691898667,0,1.5871959233026978e-09
"F=12, p=2",12,2,32,Random ranked: QPU-valid-unique matched,426,426,64,64,65,65,0.0022116013691898667,0,1.5871959233026978e-09
"F=12, p=2",12,2,32,Random ranked: QPU-raw-draw matched,8192,792,4,4,5,5,0.0018109383484740116,0,1.0246595238960765e-08
"F=12, p=2",12,2,32,Random ranked: QPU-raw-draw matched,8192,792,8,8,9,9,0.0018109383484740116,0,1.0246595238960765e-08
"F=12, p=2",12,2,32,Random ranked: QPU-raw-draw matched,8192,792,16,16,17,17,0.0018109383484740116,0,1.0246595238960765e-08
"F=12, p=2",12,2,32,Random ranked: QPU-raw-draw matched,8192,792,32,32,33,33,0.0018109383484740116,0,1.0246595238960765e-08
"F=12, p=2",12,2,32,Random ranked: QPU-raw-draw matched,8192,792,64,64,65,65,0.0022116013691898667,0,1.5871959233026978e-09
"F=12, p=2",12,2,33,Uniform random: direct M,4,64,4,4,5,5,0.0017805614521680044,0,9.057999350581269e-10
"F=12, p=2",12,2,33,Uniform random: direct M,8,64,8,8,9,9,0.0017805614521680044,0,9.057999350581269e-10
"F=12, p=2",12,2,33,Uniform random: direct M,16,64,16,16,17,17,0.0022913879545879354,0,5.332866925833457e-09
"F=12, p=2",12,2,33,Uniform random: direct M,32,64,32,32,33,33,0.0022913879545879354,0,5.332866925833457e-09
"F=12, p=2",12,2,33,Uniform random: direct M,64,64,64,64,65,65,0.0022913879545879354,0,5.332866925833457e-09
"F=12, p=2",12,2,33,Random ranked: QPU-valid-unique matched,433,433,4,4,5,5,0.0016945394496301336,0,3.195868808480995e-08
"F=12, p=2",12,2,33,Random ranked: QPU-valid-unique matched,433,433,8,8,9,9,0.0016945394496301336,0,3.195868808480995e-08
"F=12, p=2",12,2,33,Random ranked: QPU-valid-unique matched,433,433,16,16,17,17,0.0016945394496301336,0,3.195868808480995e-08
"F=12, p=2",12,2,33,Random ranked: QPU-valid-unique matched,433,433,32,32,33,33,0.0022116013691898667,0,1.5871959233026978e-09
"F=12, p=2",12,2,33,Random ranked: QPU-valid-unique matched,433,433,64,64,65,65,0.0022116013691898667,0,1.5871959233026978e-09
"F=12, p=2",12,2,33,Random ranked: QPU-raw-draw matched,8192,792,4,4,5,5,0.0018109383484740116,0,1.0246595238960765e-08
"F=12, p=2",12,2,33,Random ranked: QPU-raw-draw matched,8192,792,8,8,9,9,0.0018109383484740116,0,1.0246595238960765e-08
"F=12, p=2",12,2,33,Random ranked: QPU-raw-draw matched,8192,792,16,16,17,17,0.0018109383484740116,0,1.0246595238960765e-08
"F=12, p=2",12,2,33,Random ranked: QPU-raw-draw matched,8192,792,32,32,33,33,0.0018109383484740116,0,1.0246595238960765e-08
"F=12, p=2",12,2,33,Random ranked: QPU-raw-draw matched,8192,792,64,64,65,65,0.0022116013691898667,0,1.5871959233026978e-09
"F=12, p=2",12,2,34,Uniform random: direct M,4,64,4,4,5,5,0.0020641706177956937,0,2.9259401151948694e-10
"F=12, p=2",12,2,34,Uniform random: direct M,8,64,8,8,9,9,0.0020641706177956937,0,2.9259401151948694e-10
"F=12, p=2",12,2,34,Uniform random: direct M,16,64,16,16,17,17,0.0020641706177956937,0,2.9259401151948694e-10
"F=12, p=2",12,2,34,Uniform random: direct M,32,64,32,32,33,33,0.002072786394474252,0,1.351763656565197e-08
"F=12, p=2",12,2,34,Uniform random: direct M,64,64,64,64,65,65,0.0020824224192499963,0,3.288324834649359e-08
"F=12, p=2",12,2,34,Random ranked: QPU-valid-unique matched,433,433,4,4,5,5,0.0018109383484740116,0,1.0246595238960765e-08
"F=12, p=2",12,2,34,Random ranked: QPU-valid-unique matched,433,433,8,8,9,9,0.0018109383484740116,0,1.0246595238960765e-08
"F=12, p=2",12,2,34,Random ranked: QPU-valid-unique matched,433,433,16,16,17,17,0.0018109383484740116,0,1.0246595238960765e-08
"F=12, p=2",12,2,34,Random ranked: QPU-valid-unique matched,433,433,32,32,33,33,0.002183962364759366,0,3.5559162170351044e-08
"F=12, p=2",12,2,34,Random ranked: QPU-valid-unique matched,433,433,64,64,65,65,0.002183962364759366,0,3.5559162170351044e-08
"F=12, p=2",12,2,34,Random ranked: QPU-raw-draw matched,8192,792,4,4,5,5,0.0018109383484740116,0,1.0246595238960765e-08
"F=12, p=2",12,2,34,Random ranked: QPU-raw-draw matched,8192,792,8,8,9,9,0.0018109383484740116,0,1.0246595238960765e-08
"F=12, p=2",12,2,34,Random ranked: QPU-raw-draw matched,8192,792,16,16,17,17,0.0018109383484740116,0,1.0246595238960765e-08
"F=12, p=2",12,2,34,Random ranked: QPU-raw-draw matched,8192,792,32,32,33,33,0.0018109383484740116,0,1.0246595238960765e-08
"F=12, p=2",12,2,34,Random ranked: QPU-raw-draw matched,8192,792,64,64,65,65,0.0022116013691898667,0,1.5871959233026978e-09
"F=12, p=2",12,2,35,Uniform random: direct M,4,64,4,4,5,5,0.0016333725701178706,0,1.5223377725082088e-08
"F=12, p=2",12,2,35,Uniform random: direct M,8,64,8,8,9,9,0.0017099736952814054,0,3.624508337907173e-08
"F=12, p=2",12,2,35,Uniform random: direct M,16,64,16,16,17,17,0.0017099736952814054,0,3.624508337907173e-08
"F=12, p=2",12,2,35,Uniform random: direct M,32,64,32,32,33,33,0.0020126693784010136,0,3.573567070036532e-08
"F=12, p=2",12,2,35,Uniform random: direct M,64,64,64,64,65,65,0.0021526211860807554,0,2.3899178247521746e-08
"F=12, p=2",12,2,35,Random ranked: QPU-valid-unique matched,426,426,4,4,5,5,0.0018109383484740116,0,1.0246595238960765e-08
"F=12, p=2",12,2,35,Random ranked: QPU-valid-unique matched,426,426,8,8,9,9,0.0018109383484740116,0,1.0246595238960765e-08
"F=12, p=2",12,2,35,Random ranked: QPU-valid-unique matched,426,426,16,16,17,17,0.0018109383484740116,0,1.0246595238960765e-08
"F=12, p=2",12,2,35,Random ranked: QPU-valid-unique matched,426,426,32,32,33,33,0.0021112034877985297,0,3.417185445719895e-08
"F=12, p=2",12,2,35,Random ranked: QPU-valid-unique matched,426,426,64,64,65,65,0.0021112034877985297,0,3.417185445719895e-08
"F=12, p=2",12,2,35,Random ranked: QPU-raw-draw matched,8192,792,4,4,5,5,0.0018109383484740116,0,1.0246595238960765e-08
"F=12, p=2",12,2,35,Random ranked: QPU-raw-draw matched,8192,792,8,8,9,9,0.0018109383484740116,0,1.0246595238960765e-08
"F=12, p=2",12,2,35,Random ranked: QPU-raw-draw matched,8192,792,16,16,17,17,0.0018109383484740116,0,1.0246595238960765e-08
"F=12, p=2",12,2,35,Random ranked: QPU-raw-draw matched,8192,792,32,32,33,33,0.0018109383484740116,0,1.0246595238960765e-08
"F=12, p=2",12,2,35,Random ranked: QPU-raw-draw matched,8192,792,64,64,65,65,0.0022116013691898667,0,1.5871959233026978e-09
"F=12, p=2",12,2,36,Uniform random: direct M,4,64,4,4,5,5,0.0016391709961509626,0,4.278557186321308e-08
"F=12, p=2",12,2,36,Uniform random: direct M,8,64,8,8,9,9,0.0016391709961509626,0,4.278557186321308e-08
"F=12, p=2",12,2,36,Uniform random: direct M,16,64,16,16,17,17,0.002041048851242372,0,2.5198947262161653e-08
"F=12, p=2",12,2,36,Uniform random: direct M,32,64,32,32,33,33,0.002041048851242372,0,2.5198947262161653e-08
"F=12, p=2",12,2,36,Uniform random: direct M,64,64,64,64,65,65,0.0021526211860807554,0,2.3899178247521746e-08
"F=12, p=2",12,2,36,Random ranked: QPU-valid-unique matched,433,433,4,4,5,5,0.0018109383484740116,0,1.0246595238960765e-08
"F=12, p=2",12,2,36,Random ranked: QPU-valid-unique matched,433,433,8,8,9,9,0.0018109383484740116,0,1.0246595238960765e-08
"F=12, p=2",12,2,36,Random ranked: QPU-valid-unique matched,433,433,16,16,17,17,0.0018109383484740116,0,1.0246595238960765e-08
"F=12, p=2",12,2,36,Random ranked: QPU-valid-unique matched,433,433,32,32,33,33,0.0020824224192499963,0,3.288324834649359e-08
"F=12, p=2",12,2,36,Random ranked: QPU-valid-unique matched,433,433,64,64,65,65,0.0020824224192499963,0,3.288324834649359e-08
"F=12, p=2",12,2,36,Random ranked: QPU-raw-draw matched,8192,792,4,4,5,5,0.0018109383484740116,0,1.0246595238960765e-08
"F=12, p=2",12,2,36,Random ranked: QPU-raw-draw matched,8192,792,8,8,9,9,0.0018109383484740116,0,1.0246595238960765e-08
"F=12, p=2",12,2,36,Random ranked: QPU-raw-draw matched,8192,792,16,16,17,17,0.0018109383484740116,0,1.0246595238960765e-08
"F=12, p=2",12,2,36,Random ranked: QPU-raw-draw matched,8192,792,32,32,33,33,0.0018109383484740116,0,1.0246595238960765e-08
"F=12, p=2",12,2,36,Random ranked: QPU-raw-draw matched,8192,792,64,64,65,65,0.0022116013691898667,0,1.5871959233026978e-09
"F=12, p=2",12,2,37,Uniform random: direct M,4,64,4,4,5,5,0.0013869239830448313,0,9.813051926599314e-09
"F=12, p=2",12,2,37,Uniform random: direct M,8,64,8,8,9,9,0.0018670513252302331,0,1.942098781793078e-08
"F=12, p=2",12,2,37,Uniform random: direct M,16,64,16,16,17,17,0.0019214433783780113,0,3.272498594331097e-08
"F=12, p=2",12,2,37,Uniform random: direct M,32,64,32,32,33,33,0.0019214433783780113,0,3.272498594331097e-08
"F=12, p=2",12,2,37,Uniform random: direct M,64,64,64,64,65,65,0.002041048851242372,0,2.5198947262161653e-08
"F=12, p=2",12,2,37,Random ranked: QPU-valid-unique matched,433,433,4,4,5,5,0.0017270418735284773,0,1.1855663006876682e-08
"F=12, p=2",12,2,37,Random ranked: QPU-valid-unique matched,433,433,8,8,9,9,0.0017270418735284773,0,1.1855663006876682e-08
"F=12, p=2",12,2,37,Random ranked: QPU-valid-unique matched,433,433,16,16,17,17,0.0017270418735284773,0,1.1855663006876682e-08
"F=12, p=2",12,2,37,Random ranked: QPU-valid-unique matched,433,433,32,32,33,33,0.0022116013691898667,0,1.5871959233026978e-09
"F=12, p=2",12,2,37,Random ranked: QPU-valid-unique matched,433,433,64,64,65,65,0.0022116013691898667,0,1.5871959233026978e-09
"F=12, p=2",12,2,37,Random ranked: QPU-raw-draw matched,8192,792,4,4,5,5,0.0018109383484740116,0,1.0246595238960765e-08
"F=12, p=2",12,2,37,Random ranked: QPU-raw-draw matched,8192,792,8,8,9,9,0.0018109383484740116,0,1.0246595238960765e-08
"F=12, p=2",12,2,37,Random ranked: QPU-raw-draw matched,8192,792,16,16,17,17,0.0018109383484740116,0,1.0246595238960765e-08
"F=12, p=2",12,2,37,Random ranked: QPU-raw-draw matched,8192,792,32,32,33,33,0.0018109383484740116,0,1.0246595238960765e-08
"F=12, p=2",12,2,37,Random ranked: QPU-raw-draw matched,8192,792,64,64,65,65,0.0022116013691898667,0,1.5871959233026978e-09
"F=12, p=2",12,2,38,Uniform random: direct M,4,64,4,4,5,5,0.001758534674580925,0,3.017642147273847e-08
"F=12, p=2",12,2,38,Uniform random: direct M,8,64,8,8,9,9,0.001766823500980029,0,4.250038321274019e-08
"F=12, p=2",12,2,38,Uniform random: direct M,16,64,16,16,17,17,0.00183456854255043,0,7.941003410394387e-10
"F=12, p=2",12,2,38,Uniform random: direct M,32,64,32,32,33,33,0.0019351976973788765,0,1.6032764393880683e-08
"F=12, p=2",12,2,38,Uniform random: direct M,64,64,64,64,65,65,0.0019967414930876504,0,8.237071233430093e-10
"F=12, p=2",12,2,38,Random ranked: QPU-valid-unique matched,426,426,4,4,5,5,0.0018109383484740116,0,1.0246595238960765e-08
"F=12, p=2",12,2,38,Random ranked: QPU-valid-unique matched,426,426,8,8,9,9,0.0018109383484740116,0,1.0246595238960765e-08
"F=12, p=2",12,2,38,Random ranked: QPU-valid-unique matched,426,426,16,16,17,17,0.0018109383484740116,0,1.0246595238960765e-08
"F=12, p=2",12,2,38,Random ranked: QPU-valid-unique matched,426,426,32,32,33,33,0.0021112034877985297,0,3.417185445719895e-08
"F=12, p=2",12,2,38,Random ranked: QPU-valid-unique matched,426,426,64,64,65,65,0.0021112034877985297,0,3.417185445719895e-08
"F=12, p=2",12,2,38,Random ranked: QPU-raw-draw matched,8192,792,4,4,5,5,0.0018109383484740116,0,1.0246595238960765e-08
"F=12, p=2",12,2,38,Random ranked: QPU-raw-draw matched,8192,792,8,8,9,9,0.0018109383484740116,0,1.0246595238960765e-08
"F=12, p=2",12,2,38,Random ranked: QPU-raw-draw matched,8192,792,16,16,17,17,0.0018109383484740116,0,1.0246595238960765e-08
"F=12, p=2",12,2,38,Random ranked: QPU-raw-draw matched,8192,792,32,32,33,33,0.0018109383484740116,0,1.0246595238960765e-08
"F=12, p=2",12,2,38,Random ranked: QPU-raw-draw matched,8192,792,64,64,65,65,0.0022116013691898667,0,1.5871959233026978e-09
"F=12, p=2",12,2,39,Uniform random: direct M,4,64,4,4,5,5,0.0012436930749854316,0,1.1906784447290875e-09
"F=12, p=2",12,2,39,Uniform random: direct M,8,64,8,8,9,9,0.0017604880290487124,0,4.013296431293334e-10
"F=12, p=2",12,2,39,Uniform random: direct M,16,64,16,16,17,17,0.0017684601055106136,0,3.246633750730865e-08
"F=12, p=2",12,2,39,Uniform random: direct M,32,64,32,32,33,33,0.0020188702083837884,0,1.6846258166225425e-08
"F=12, p=2",12,2,39,Uniform random: direct M,64,64,64,64,65,65,0.0021112034877985297,0,3.417185445719895e-08
"F=12, p=2",12,2,39,Random ranked: QPU-valid-unique matched,433,433,4,4,5,5,0.0017270418735284773,0,1.1855663006876682e-08
"F=12, p=2",12,2,39,Random ranked: QPU-valid-unique matched,433,433,8,8,9,9,0.0017270418735284773,0,1.1855663006876682e-08
"F=12, p=2",12,2,39,Random ranked: QPU-valid-unique matched,433,433,16,16,17,17,0.0017270418735284773,0,1.1855663006876682e-08
"F=12, p=2",12,2,39,Random ranked: QPU-valid-unique matched,433,433,32,32,33,33,0.002183962364759366,0,3.5559162170351044e-08
"F=12, p=2",12,2,39,Random ranked: QPU-valid-unique matched,433,433,64,64,65,65,0.002183962364759366,0,3.5559162170351044e-08
"F=12, p=2",12,2,39,Random ranked: QPU-raw-draw matched,8192,792,4,4,5,5,0.0018109383484740116,0,1.0246595238960765e-08
"F=12, p=2",12,2,39,Random ranked: QPU-raw-draw matched,8192,792,8,8,9,9,0.0018109383484740116,0,1.0246595238960765e-08
"F=12, p=2",12,2,39,Random ranked: QPU-raw-draw matched,8192,792,16,16,17,17,0.0018109383484740116,0,1.0246595238960765e-08
"F=12, p=2",12,2,39,Random ranked: QPU-raw-draw matched,8192,792,32,32,33,33,0.0018109383484740116,0,1.0246595238960765e-08
"F=12, p=2",12,2,39,Random ranked: QPU-raw-draw matched,8192,792,64,64,65,65,0.0022116013691898667,0,1.5871959233026978e-09
"F=12, p=2",12,2,40,Uniform random: direct M,4,64,4,4,5,5,0.0016035196225646295,0,3.1109633924497615e-08
"F=12, p=2",12,2,40,Uniform random: direct M,8,64,8,8,9,9,0.0018914244630182514,0,9.377968887558374e-10
"F=12, p=2",12,2,40,Uniform random: direct M,16,64,16,16,17,17,0.0018914244630182514,0,9.377968887558374e-10
"F=12, p=2",12,2,40,Uniform random: direct M,32,64,32,32,33,33,0.0018914244630182514,0,9.377968887558374e-10
"F=12, p=2",12,2,40,Uniform random: direct M,64,64,64,64,65,65,0.0018914244630182514,0,9.377968887558374e-10
"F=12, p=2",12,2,40,Random ranked: QPU-valid-unique matched,433,433,4,4,5,5,0.0017270418735284773,0,1.1855663006876682e-08
"F=12, p=2",12,2,40,Random ranked: QPU-valid-unique matched,433,433,8,8,9,9,0.0017270418735284773,0,1.1855663006876682e-08
"F=12, p=2",12,2,40,Random ranked: QPU-valid-unique matched,433,433,16,16,17,17,0.0017270418735284773,0,1.1855663006876682e-08
"F=12, p=2",12,2,40,Random ranked: QPU-valid-unique matched,433,433,32,32,33,33,0.0021112034877985297,0,3.417185445719895e-08
"F=12, p=2",12,2,40,Random ranked: QPU-valid-unique matched,433,433,64,64,65,65,0.0021112034877985297,0,3.417185445719895e-08
"F=12, p=2",12,2,40,Random ranked: QPU-raw-draw matched,8192,792,4,4,5,5,0.0018109383484740116,0,1.0246595238960765e-08
"F=12, p=2",12,2,40,Random ranked: QPU-raw-draw matched,8192,792,8,8,9,9,0.0018109383484740116,0,1.0246595238960765e-08
"F=12, p=2",12,2,40,Random ranked: QPU-raw-draw matched,8192,792,16,16,17,17,0.0018109383484740116,0,1.0246595238960765e-08
"F=12, p=2",12,2,40,Random ranked: QPU-raw-draw matched,8192,792,32,32,33,33,0.0018109383484740116,0,1.0246595238960765e-08
"F=12, p=2",12,2,40,Random ranked: QPU-raw-draw matched,8192,792,64,64,65,65,0.0022116013691898667,0,1.5871959233026978e-09
"F=12, p=2",12,2,41,Uniform random: direct M,4,64,4,4,5,5,0.0015894014512679924,0,1.19212983928918e-09
"F=12, p=2",12,2,41,Uniform random: direct M,8,64,8,8,9,9,0.0015894014512679924,0,1.19212983928918e-09
"F=12, p=2",12,2,41,Uniform random: direct M,16,64,16,16,17,17,0.0015894014512679924,0,1.19212983928918e-09
"F=12, p=2",12,2,41,Uniform random: direct M,32,64,32,32,33,33,0.0019214433783780113,0,3.272498594331097e-08
"F=12, p=2",12,2,41,Uniform random: direct M,64,64,64,64,65,65,0.0019917658011265257,0,9.136416179167384e-09
"F=12, p=2",12,2,41,Random ranked: QPU-valid-unique matched,426,426,4,4,5,5,0.0018109383484740116,0,1.0246595238960765e-08
"F=12, p=2",12,2,41,Random ranked: QPU-valid-unique matched,426,426,8,8,9,9,0.0018109383484740116,0,1.0246595238960765e-08
"F=12, p=2",12,2,41,Random ranked: QPU-valid-unique matched,426,426,16,16,17,17,0.0021112034877985297,0,3.417185445719895e-08
"F=12, p=2",12,2,41,Random ranked: QPU-valid-unique matched,426,426,32,32,33,33,0.0021112034877985297,0,3.417185445719895e-08
"F=12, p=2",12,2,41,Random ranked: QPU-valid-unique matched,426,426,64,64,65,65,0.0021112034877985297,0,3.417185445719895e-08
"F=12, p=2",12,2,41,Random ranked: QPU-raw-draw matched,8192,792,4,4,5,5,0.0018109383484740116,0,1.0246595238960765e-08
"F=12, p=2",12,2,41,Random ranked: QPU-raw-draw matched,8192,792,8,8,9,9,0.0018109383484740116,0,1.0246595238960765e-08
"F=12, p=2",12,2,41,Random ranked: QPU-raw-draw matched,8192,792,16,16,17,17,0.0018109383484740116,0,1.0246595238960765e-08
"F=12, p=2",12,2,41,Random ranked: QPU-raw-draw matched,8192,792,32,32,33,33,0.0018109383484740116,0,1.0246595238960765e-08
"F=12, p=2",12,2,41,Random ranked: QPU-raw-draw matched,8192,792,64,64,65,65,0.0022116013691898667,0,1.5871959233026978e-09
"F=12, p=2",12,2,42,Uniform random: direct M,4,64,4,4,5,5,0.002095995446612646,0,3.3439829238979257e-09
"F=12, p=2",12,2,42,Uniform random: direct M,8,64,8,8,9,9,0.002095995446612646,0,3.3439829238979257e-09
"F=12, p=2",12,2,42,Uniform random: direct M,16,64,16,16,17,17,0.002171533395821844,0,2.5322205887690075e-08
"F=12, p=2",12,2,42,Uniform random: direct M,32,64,32,32,33,33,0.002171533395821844,0,2.5322205887690075e-08
"F=12, p=2",12,2,42,Uniform random: direct M,64,64,64,64,65,65,0.002171533395821844,0,2.5322205887690075e-08
"F=12, p=2",12,2,42,Random ranked: QPU-valid-unique matched,433,433,4,4,5,5,0.0018109383484740116,0,1.0246595238960765e-08
"F=12, p=2",12,2,42,Random ranked: QPU-valid-unique matched,433,433,8,8,9,9,0.0018109383484740116,0,1.0246595238960765e-08
"F=12, p=2",12,2,42,Random ranked: QPU-valid-unique matched,433,433,16,16,17,17,0.0018109383484740116,0,1.0246595238960765e-08
"F=12, p=2",12,2,42,Random ranked: QPU-valid-unique matched,433,433,32,32,33,33,0.002183962364759366,0,3.5559162170351044e-08
"F=12, p=2",12,2,42,Random ranked: QPU-valid-unique matched,433,433,64,64,65,65,0.002183962364759366,0,3.5559162170351044e-08
"F=12, p=2",12,2,42,Random ranked: QPU-raw-draw matched,8192,792,4,4,5,5,0.0018109383484740116,0,1.0246595238960765e-08
"F=12, p=2",12,2,42,Random ranked: QPU-raw-draw matched,8192,792,8,8,9,9,0.0018109383484740116,0,1.0246595238960765e-08
"F=12, p=2",12,2,42,Random ranked: QPU-raw-draw matched,8192,792,16,16,17,17,0.0018109383484740116,0,1.0246595238960765e-08
"F=12, p=2",12,2,42,Random ranked: QPU-raw-draw matched,8192,792,32,32,33,33,0.0018109383484740116,0,1.0246595238960765e-08
"F=12, p=2",12,2,42,Random ranked: QPU-raw-draw matched,8192,792,64,64,65,65,0.0022116013691898667,0,1.5871959233026978e-09
"F=12, p=2",12,2,43,Uniform random: direct M,4,64,4,4,5,5,0.0015866118236423574,0,1.3677319943283806e-08
"F=12, p=2",12,2,43,Uniform random: direct M,8,64,8,8,9,9,0.002347699485818054,0,1.0108587300550198e-09
"F=12, p=2",12,2,43,Uniform random: direct M,16,64,16,16,17,17,0.002347699485818054,0,1.0108587300550198e-09
"F=12, p=2",12,2,43,Uniform random: direct M,32,64,32,32,33,33,0.002347699485818054,0,1.0108587300550198e-09
"F=12, p=2",12,2,43,Uniform random: direct M,64,64,64,64,65,65,0.002347699485818054,0,1.0108587300550198e-09
"F=12, p=2",12,2,43,Random ranked: QPU-valid-unique matched,433,433,4,4,5,5,0.0017270418735284773,0,1.1855663006876682e-08
"F=12, p=2",12,2,43,Random ranked: QPU-valid-unique matched,433,433,8,8,9,9,0.0017270418735284773,0,1.1855663006876682e-08
"F=12, p=2",12,2,43,Random ranked: QPU-valid-unique matched,433,433,16,16,17,17,0.0021112034877985297,0,3.417185445719895e-08
"F=12, p=2",12,2,43,Random ranked: QPU-valid-unique matched,433,433,32,32,33,33,0.002183962364759366,0,3.5559162170351044e-08
"F=12, p=2",12,2,43,Random ranked: QPU-valid-unique matched,433,433,64,64,65,65,0.002183962364759366,0,3.5559162170351044e-08
"F=12, p=2",12,2,43,Random ranked: QPU-raw-draw matched,8192,792,4,4,5,5,0.0018109383484740116,0,1.0246595238960765e-08
"F=12, p=2",12,2,43,Random ranked: QPU-raw-draw matched,8192,792,8,8,9,9,0.0018109383484740116,0,1.0246595238960765e-08
"F=12, p=2",12,2,43,Random ranked: QPU-raw-draw matched,8192,792,16,16,17,17,0.0018109383484740116,0,1.0246595238960765e-08
"F=12, p=2",12,2,43,Random ranked: QPU-raw-draw matched,8192,792,32,32,33,33,0.0018109383484740116,0,1.0246595238960765e-08
"F=12, p=2",12,2,43,Random ranked: QPU-raw-draw matched,8192,792,64,64,65,65,0.0022116013691898667,0,1.5871959233026978e-09
"F=12, p=2",12,2,44,Uniform random: direct M,4,64,4,4,5,5,0.0016909154543725963,0,1.5607296455222297e-08
"F=12, p=2",12,2,44,Uniform random: direct M,8,64,8,8,9,9,0.0017406775422416018,0,2.2979032010539413e-09
"F=12, p=2",12,2,44,Uniform random: direct M,16,64,16,16,17,17,0.0022913879545879354,0,5.332866925833457e-09
"F=12, p=2",12,2,44,Uniform random: direct M,32,64,32,32,32,32,0.0022913879545879354,0,5.332866925833457e-09
"F=12, p=2",12,2,44,Uniform random: direct M,64,64,64,64,64,64,0.002347699485818054,0,1.0108587300550198e-09
"F=12, p=2",12,2,44,Random ranked: QPU-valid-unique matched,426,426,4,4,5,5,0.0018109383484740116,0,1.0246595238960765e-08
"F=12, p=2",12,2,44,Random ranked: QPU-valid-unique matched,426,426,8,8,9,9,0.0018109383484740116,0,1.0246595238960765e-08
"F=12, p=2",12,2,44,Random ranked: QPU-valid-unique matched,426,426,16,16,17,17,0.0021112034877985297,0,3.417185445719895e-08
"F=12, p=2",12,2,44,Random ranked: QPU-valid-unique matched,426,426,32,32,33,33,0.0021112034877985297,0,3.417185445719895e-08
"F=12, p=2",12,2,44,Random ranked: QPU-valid-unique matched,426,426,64,64,65,65,0.0021112034877985297,0,3.417185445719895e-08
"F=12, p=2",12,2,44,Random ranked: QPU-raw-draw matched,8192,792,4,4,5,5,0.0018109383484740116,0,1.0246595238960765e-08
"F=12, p=2",12,2,44,Random ranked: QPU-raw-draw matched,8192,792,8,8,9,9,0.0018109383484740116,0,1.0246595238960765e-08
"F=12, p=2",12,2,44,Random ranked: QPU-raw-draw matched,8192,792,16,16,17,17,0.0018109383484740116,0,1.0246595238960765e-08
"F=12, p=2",12,2,44,Random ranked: QPU-raw-draw matched,8192,792,32,32,33,33,0.0018109383484740116,0,1.0246595238960765e-08
"F=12, p=2",12,2,44,Random ranked: QPU-raw-draw matched,8192,792,64,64,65,65,0.0022116013691898667,0,1.5871959233026978e-09
"F=12, p=2",12,2,45,Uniform random: direct M,4,64,4,4,5,5,0.0018326274370369725,0,3.7741000602498076e-08
"F=12, p=2",12,2,45,Uniform random: direct M,8,64,8,8,9,9,0.0018326274370369725,0,3.7741000602498076e-08
"F=12, p=2",12,2,45,Uniform random: direct M,16,64,16,16,17,17,0.0018326274370369725,0,3.7741000602498076e-08
"F=12, p=2",12,2,45,Uniform random: direct M,32,64,32,32,33,33,0.0018326274370369725,0,3.7741000602498076e-08
"F=12, p=2",12,2,45,Uniform random: direct M,64,64,64,64,64,64,0.0020126693784010136,0,3.573567070036532e-08
"F=12, p=2",12,2,45,Random ranked: QPU-valid-unique matched,433,433,4,4,5,5,0.0017270418735284773,0,1.1855663006876682e-08
"F=12, p=2",12,2,45,Random ranked: QPU-valid-unique matched,433,433,8,8,9,9,0.0017270418735284773,0,1.1855663006876682e-08
"F=12, p=2",12,2,45,Random ranked: QPU-valid-unique matched,433,433,16,16,17,17,0.0017270418735284773,0,1.1855663006876682e-08
"F=12, p=2",12,2,45,Random ranked: QPU-valid-unique matched,433,433,32,32,33,33,0.0021112034877985297,0,3.417185445719895e-08
"F=12, p=2",12,2,45,Random ranked: QPU-valid-unique matched,433,433,64,64,65,65,0.0021112034877985297,0,3.417185445719895e-08
"F=12, p=2",12,2,45,Random ranked: QPU-raw-draw matched,8192,792,4,4,5,5,0.0018109383484740116,0,1.0246595238960765e-08
"F=12, p=2",12,2,45,Random ranked: QPU-raw-draw matched,8192,792,8,8,9,9,0.0018109383484740116,0,1.0246595238960765e-08
"F=12, p=2",12,2,45,Random ranked: QPU-raw-draw matched,8192,792,16,16,17,17,0.0018109383484740116,0,1.0246595238960765e-08
"F=12, p=2",12,2,45,Random ranked: QPU-raw-draw matched,8192,792,32,32,33,33,0.0018109383484740116,0,1.0246595238960765e-08
"F=12, p=2",12,2,45,Random ranked: QPU-raw-draw matched,8192,792,64,64,65,65,0.0022116013691898667,0,1.5871959233026978e-09
"F=12, p=2",12,2,46,Uniform random: direct M,4,64,4,4,5,5,0.0012673042931896777,0,3.6608268749738215e-08
"F=12, p=2",12,2,46,Uniform random: direct M,8,64,8,8,9,9,0.0015150912124157478,0,1.7234459970261184e-09
"F=12, p=2",12,2,46,Uniform random: direct M,16,64,16,16,17,17,0.0018780941469730625,0,5.846136005849267e-10
"F=12, p=2",12,2,46,Uniform random: direct M,32,64,32,32,32,32,0.002183962364759366,0,3.5559162170351044e-08
"F=12, p=2",12,2,46,Uniform random: direct M,64,64,64,64,64,64,0.0022532156543049117,0,1.5098162511884006e-09
"F=12, p=2",12,2,46,Random ranked: QPU-valid-unique matched,433,433,4,4,5,5,0.0018109383484740116,0,1.0246595238960765e-08
"F=12, p=2",12,2,46,Random ranked: QPU-valid-unique matched,433,433,8,8,9,9,0.0018109383484740116,0,1.0246595238960765e-08
"F=12, p=2",12,2,46,Random ranked: QPU-valid-unique matched,433,433,16,16,17,17,0.0018109383484740116,0,1.0246595238960765e-08
"F=12, p=2",12,2,46,Random ranked: QPU-valid-unique matched,433,433,32,32,33,33,0.0021112034877985297,0,3.417185445719895e-08
"F=12, p=2",12,2,46,Random ranked: QPU-valid-unique matched,433,433,64,64,65,65,0.0021112034877985297,0,3.417185445719895e-08
"F=12, p=2",12,2,46,Random ranked: QPU-raw-draw matched,8192,792,4,4,5,5,0.0018109383484740116,0,1.0246595238960765e-08
"F=12, p=2",12,2,46,Random ranked: QPU-raw-draw matched,8192,792,8,8,9,9,0.0018109383484740116,0,1.0246595238960765e-08
"F=12, p=2",12,2,46,Random ranked: QPU-raw-draw matched,8192,792,16,16,17,17,0.0018109383484740116,0,1.0246595238960765e-08
"F=12, p=2",12,2,46,Random ranked: QPU-raw-draw matched,8192,792,32,32,33,33,0.0018109383484740116,0,1.0246595238960765e-08
"F=12, p=2",12,2,46,Random ranked: QPU-raw-draw matched,8192,792,64,64,65,65,0.0022116013691898667,0,1.5871959233026978e-09
"F=12, p=2",12,2,47,Uniform random: direct M,4,64,4,4,5,5,0.002148224422386276,0,2.8151271147525136e-08
"F=12, p=2",12,2,47,Uniform random: direct M,8,64,8,8,9,9,0.002148224422386276,0,2.8151271147525136e-08
"F=12, p=2",12,2,47,Uniform random: direct M,16,64,16,16,17,17,0.002148224422386276,0,2.8151271147525136e-08
"F=12, p=2",12,2,47,Uniform random: direct M,32,64,32,32,33,33,0.0022051517826403508,0,1.6640180955374007e-08
"F=12, p=2",12,2,47,Uniform random: direct M,64,64,64,64,65,65,0.0022051517826403508,0,1.6640180955374007e-08
"F=12, p=2",12,2,47,Random ranked: QPU-valid-unique matched,426,426,4,4,5,5,0.0017270418735284773,0,1.1855663006876682e-08
"F=12, p=2",12,2,47,Random ranked: QPU-valid-unique matched,426,426,8,8,9,9,0.0017270418735284773,0,1.1855663006876682e-08
"F=12, p=2",12,2,47,Random ranked: QPU-valid-unique matched,426,426,16,16,17,17,0.0017270418735284773,0,1.1855663006876682e-08
"F=12, p=2",12,2,47,Random ranked: QPU-valid-unique matched,426,426,32,32,33,33,0.0022116013691898667,0,1.5871959233026978e-09
"F=12, p=2",12,2,47,Random ranked: QPU-valid-unique matched,426,426,64,64,65,65,0.0022116013691898667,0,1.5871959233026978e-09
"F=12, p=2",12,2,47,Random ranked: QPU-raw-draw matched,8192,792,4,4,5,5,0.0018109383484740116,0,1.0246595238960765e-08
"F=12, p=2",12,2,47,Random ranked: QPU-raw-draw matched,8192,792,8,8,9,9,0.0018109383484740116,0,1.0246595238960765e-08
"F=12, p=2",12,2,47,Random ranked: QPU-raw-draw matched,8192,792,16,16,17,17,0.0018109383484740116,0,1.0246595238960765e-08
"F=12, p=2",12,2,47,Random ranked: QPU-raw-draw matched,8192,792,32,32,33,33,0.0018109383484740116,0,1.0246595238960765e-08
"F=12, p=2",12,2,47,Random ranked: QPU-raw-draw matched,8192,792,64,64,65,65,0.0022116013691898667,0,1.5871959233026978e-09
"F=12, p=2",12,2,48,Uniform random: direct M,4,64,4,4,5,5,0.001758534674580925,0,3.017642147273847e-08
"F=12, p=2",12,2,48,Uniform random: direct M,8,64,8,8,9,9,0.0017684601055106136,0,3.246633750730865e-08
"F=12, p=2",12,2,48,Uniform random: direct M,16,64,16,16,17,17,0.0018353451272057827,0,5.004522074525397e-09
"F=12, p=2",12,2,48,Uniform random: direct M,32,64,32,32,33,33,0.002347699485818054,0,1.0108587300550198e-09
"F=12, p=2",12,2,48,Uniform random: direct M,64,64,64,64,65,65,0.002347699485818054,0,1.0108587300550198e-09
"F=12, p=2",12,2,48,Random ranked: QPU-valid-unique matched,433,433,4,4,5,5,0.0015983817811347709,0,1.562041318514673e-08
"F=12, p=2",12,2,48,Random ranked: QPU-valid-unique matched,433,433,8,8,9,9,0.0015983817811347709,0,1.562041318514673e-08
"F=12, p=2",12,2,48,Random ranked: QPU-valid-unique matched,433,433,16,16,17,17,0.0015983817811347709,0,1.562041318514673e-08
"F=12, p=2",12,2,48,Random ranked: QPU-valid-unique matched,433,433,32,32,33,33,0.002183962364759366,0,3.5559162170351044e-08
"F=12, p=2",12,2,48,Random ranked: QPU-valid-unique matched,433,433,64,64,65,65,0.002183962364759366,0,3.5559162170351044e-08
"F=12, p=2",12,2,48,Random ranked: QPU-raw-draw matched,8192,792,4,4,5,5,0.0018109383484740116,0,1.0246595238960765e-08
"F=12, p=2",12,2,48,Random ranked: QPU-raw-draw matched,8192,792,8,8,9,9,0.0018109383484740116,0,1.0246595238960765e-08
"F=12, p=2",12,2,48,Random ranked: QPU-raw-draw matched,8192,792,16,16,17,17,0.0018109383484740116,0,1.0246595238960765e-08
"F=12, p=2",12,2,48,Random ranked: QPU-raw-draw matched,8192,792,32,32,33,33,0.0018109383484740116,0,1.0246595238960765e-08
"F=12, p=2",12,2,48,Random ranked: QPU-raw-draw matched,8192,792,64,64,65,65,0.0022116013691898667,0,1.5871959233026978e-09
"F=12, p=2",12,2,49,Uniform random: direct M,4,64,4,4,5,5,0.0015732573897107999,0,1.6084667139870668e-09
"F=12, p=2",12,2,49,Uniform random: direct M,8,64,8,8,9,9,0.002148224422386276,0,2.8151271147525136e-08
"F=12, p=2",12,2,49,Uniform random: direct M,16,64,16,16,17,17,0.002148224422386276,0,2.8151271147525136e-08
"F=12, p=2",12,2,49,Uniform random: direct M,32,64,32,32,33,33,0.0022913879545879354,0,5.332866925833457e-09
"F=12, p=2",12,2,49,Uniform random: direct M,64,64,64,64,65,65,0.0022913879545879354,0,5.332866925833457e-09
"F=12, p=2",12,2,49,Random ranked: QPU-valid-unique matched,433,433,4,4,5,5,0.0018109383484740116,0,1.0246595238960765e-08
"F=12, p=2",12,2,49,Random ranked: QPU-valid-unique matched,433,433,8,8,9,9,0.0018109383484740116,0,1.0246595238960765e-08
"F=12, p=2",12,2,49,Random ranked: QPU-valid-unique matched,433,433,16,16,17,17,0.0018109383484740116,0,1.0246595238960765e-08
"F=12, p=2",12,2,49,Random ranked: QPU-valid-unique matched,433,433,32,32,33,33,0.002183962364759366,0,3.5559162170351044e-08
"F=12, p=2",12,2,49,Random ranked: QPU-valid-unique matched,433,433,64,64,65,65,0.002183962364759366,0,3.5559162170351044e-08
"F=12, p=2",12,2,49,Random ranked: QPU-raw-draw matched,8192,791,4,4,5,5,0.0018109383484740116,0,1.0246595238960765e-08
"F=12, p=2",12,2,49,Random ranked: QPU-raw-draw matched,8192,791,8,8,9,9,0.0018109383484740116,0,1.0246595238960765e-08
"F=12, p=2",12,2,49,Random ranked: QPU-raw-draw matched,8192,791,16,16,17,17,0.0018109383484740116,0,1.0246595238960765e-08
"F=12, p=2",12,2,49,Random ranked: QPU-raw-draw matched,8192,791,32,32,33,33,0.0018109383484740116,0,1.0246595238960765e-08
"F=12, p=2",12,2,49,Random ranked: QPU-raw-draw matched,8192,791,64,64,65,65,0.0022116013691898667,0,1.5871959233026978e-09
"F=12, p=3",12,3,0,Uniform random: direct M,4,64,4,4,5,5,0.0014969183495731689,0,2.1697854624136426e-09
"F=12, p=3",12,3,0,Uniform random: direct M,8,64,8,8,9,9,0.001621826522585794,0,1.1077958661509513e-08
"F=12, p=3",12,3,0,Uniform random: direct M,16,64,16,16,17,17,0.0017574577872738334,0,2.6407577791154324e-08
"F=12, p=3",12,3,0,Uniform random: direct M,32,64,32,32,33,33,0.0019378524802506208,0,3.6320275786927425e-08
"F=12, p=3",12,3,0,Uniform random: direct M,64,64,64,64,65,65,0.0022051517826403508,0,1.6640180955374007e-08
"F=12, p=3",12,3,0,Random ranked: QPU-valid-unique matched,604,604,4,4,5,5,0.0016945394496301336,0,3.195868808480995e-08
"F=12, p=3",12,3,0,Random ranked: QPU-valid-unique matched,604,604,8,8,9,9,0.0016945394496301336,0,3.195868808480995e-08
"F=12, p=3",12,3,0,Random ranked: QPU-valid-unique matched,604,604,16,16,17,17,0.0016945394496301336,0,3.195868808480995e-08
"F=12, p=3",12,3,0,Random ranked: QPU-valid-unique matched,604,604,32,32,33,33,0.0022116013691898667,0,1.5871959233026978e-09
"F=12, p=3",12,3,0,Random ranked: QPU-valid-unique matched,604,604,64,64,65,65,0.0022116013691898667,0,1.5871959233026978e-09
"F=12, p=3",12,3,0,Random ranked: QPU-raw-draw matched,8192,792,4,4,5,5,0.0018109383484740116,0,1.0246595238960765e-08
"F=12, p=3",12,3,0,Random ranked: QPU-raw-draw matched,8192,792,8,8,9,9,0.0018109383484740116,0,1.0246595238960765e-08
"F=12, p=3",12,3,0,Random ranked: QPU-raw-draw matched,8192,792,16,16,17,17,0.0018109383484740116,0,1.0246595238960765e-08
"F=12, p=3",12,3,0,Random ranked: QPU-raw-draw matched,8192,792,32,32,33,33,0.0018109383484740116,0,1.0246595238960765e-08
"F=12, p=3",12,3,0,Random ranked: QPU-raw-draw matched,8192,792,64,64,65,65,0.0022116013691898667,0,1.5871959233026978e-09
"F=12, p=3",12,3,1,Uniform random: direct M,4,64,4,4,5,5,0.0017217134715258667,0,3.1686246071416235e-08
"F=12, p=3",12,3,1,Uniform random: direct M,8,64,8,8,9,9,0.0017217134715258667,0,3.1686246071416235e-08
"F=12, p=3",12,3,1,Uniform random: direct M,16,64,16,16,17,17,0.0019384078118303005,0,2.689383060694439e-08
"F=12, p=3",12,3,1,Uniform random: direct M,32,64,32,32,33,33,0.0022051517826403508,0,1.6640180955374007e-08
"F=12, p=3",12,3,1,Uniform random: direct M,64,64,64,64,65,65,0.0022051517826403508,0,1.6640180955374007e-08
"F=12, p=3",12,3,1,Random ranked: QPU-valid-unique matched,567,567,4,4,5,5,0.0018109383484740116,0,1.0246595238960765e-08
"F=12, p=3",12,3,1,Random ranked: QPU-valid-unique matched,567,567,8,8,9,9,0.0018109383484740116,0,1.0246595238960765e-08
"F=12, p=3",12,3,1,Random ranked: QPU-valid-unique matched,567,567,16,16,17,17,0.0018109383484740116,0,1.0246595238960765e-08
"F=12, p=3",12,3,1,Random ranked: QPU-valid-unique matched,567,567,32,32,33,33,0.002183962364759366,0,3.5559162170351044e-08
"F=12, p=3",12,3,1,Random ranked: QPU-valid-unique matched,567,567,64,64,65,65,0.002183962364759366,0,3.5559162170351044e-08
"F=12, p=3",12,3,1,Random ranked: QPU-raw-draw matched,8192,792,4,4,5,5,0.0018109383484740116,0,1.0246595238960765e-08
"F=12, p=3",12,3,1,Random ranked: QPU-raw-draw matched,8192,792,8,8,9,9,0.0018109383484740116,0,1.0246595238960765e-08
"F=12, p=3",12,3,1,Random ranked: QPU-raw-draw matched,8192,792,16,16,17,17,0.0018109383484740116,0,1.0246595238960765e-08
"F=12, p=3",12,3,1,Random ranked: QPU-raw-draw matched,8192,792,32,32,33,33,0.0018109383484740116,0,1.0246595238960765e-08
"F=12, p=3",12,3,1,Random ranked: QPU-raw-draw matched,8192,792,64,64,65,65,0.0022116013691898667,0,1.5871959233026978e-09
"F=12, p=3",12,3,2,Uniform random: direct M,4,64,4,4,5,5,0.0015194775911213515,0,9.97419874471106e-09
"F=12, p=3",12,3,2,Uniform random: direct M,8,64,8,8,9,9,0.0022464218408675546,0,2.4162556455653572e-08
"F=12, p=3",12,3,2,Uniform random: direct M,16,64,16,16,17,17,0.0022464218408675546,0,2.4162556455653572e-08
"F=12, p=3",12,3,2,Uniform random: direct M,32,64,32,32,33,33,0.0022464218408675546,0,2.4162556455653572e-08
"F=12, p=3",12,3,2,Uniform random: direct M,64,64,64,64,65,65,0.0022464218408675546,0,2.4162556455653572e-08
"F=12, p=3",12,3,2,Random ranked: QPU-valid-unique matched,573,573,4,4,5,5,0.0016945394496301336,0,3.195868808480995e-08
"F=12, p=3",12,3,2,Random ranked: QPU-valid-unique matched,573,573,8,8,9,9,0.0016945394496301336,0,3.195868808480995e-08
"F=12, p=3",12,3,2,Random ranked: QPU-valid-unique matched,573,573,16,16,17,17,0.0016945394496301336,0,3.195868808480995e-08
"F=12, p=3",12,3,2,Random ranked: QPU-valid-unique matched,573,573,32,32,33,33,0.0022116013691898667,0,1.5871959233026978e-09
"F=12, p=3",12,3,2,Random ranked: QPU-valid-unique matched,573,573,64,64,65,65,0.0022116013691898667,0,1.5871959233026978e-09
"F=12, p=3",12,3,2,Random ranked: QPU-raw-draw matched,8192,792,4,4,5,5,0.0018109383484740116,0,1.0246595238960765e-08
"F=12, p=3",12,3,2,Random ranked: QPU-raw-draw matched,8192,792,8,8,9,9,0.0018109383484740116,0,1.0246595238960765e-08
"F=12, p=3",12,3,2,Random ranked: QPU-raw-draw matched,8192,792,16,16,17,17,0.0018109383484740116,0,1.0246595238960765e-08
"F=12, p=3",12,3,2,Random ranked: QPU-raw-draw matched,8192,792,32,32,33,33,0.0018109383484740116,0,1.0246595238960765e-08
"F=12, p=3",12,3,2,Random ranked: QPU-raw-draw matched,8192,792,64,64,65,65,0.0022116013691898667,0,1.5871959233026978e-09
"F=12, p=3",12,3,3,Uniform random: direct M,4,64,4,4,5,5,0.002095995446612646,0,3.3439829238979257e-09
"F=12, p=3",12,3,3,Uniform random: direct M,8,64,8,8,9,9,0.002095995446612646,0,3.3439829238979257e-09
"F=12, p=3",12,3,3,Uniform random: direct M,16,64,16,16,17,17,0.002095995446612646,0,3.3439829238979257e-09
"F=12, p=3",12,3,3,Uniform random: direct M,32,64,32,32,33,33,0.002095995446612646,0,3.3439829238979257e-09
"F=12, p=3",12,3,3,Uniform random: direct M,64,64,64,64,65,65,0.002095995446612646,0,3.3439829238979257e-09
"F=12, p=3",12,3,3,Random ranked: QPU-valid-unique matched,604,604,4,4,5,5,0.0018109383484740116,0,1.0246595238960765e-08
"F=12, p=3",12,3,3,Random ranked: QPU-valid-unique matched,604,604,8,8,9,9,0.0018109383484740116,0,1.0246595238960765e-08
"F=12, p=3",12,3,3,Random ranked: QPU-valid-unique matched,604,604,16,16,17,17,0.0018109383484740116,0,1.0246595238960765e-08
"F=12, p=3",12,3,3,Random ranked: QPU-valid-unique matched,604,604,32,32,33,33,0.0022116013691898667,0,1.5871959233026978e-09
"F=12, p=3",12,3,3,Random ranked: QPU-valid-unique matched,604,604,64,64,65,65,0.0022116013691898667,0,1.5871959233026978e-09
"F=12, p=3",12,3,3,Random ranked: QPU-raw-draw matched,8192,792,4,4,5,5,0.0018109383484740116,0,1.0246595238960765e-08
"F=12, p=3",12,3,3,Random ranked: QPU-raw-draw matched,8192,792,8,8,9,9,0.0018109383484740116,0,1.0246595238960765e-08
"F=12, p=3",12,3,3,Random ranked: QPU-raw-draw matched,8192,792,16,16,17,17,0.0018109383484740116,0,1.0246595238960765e-08
"F=12, p=3",12,3,3,Random ranked: QPU-raw-draw matched,8192,792,32,32,33,33,0.0018109383484740116,0,1.0246595238960765e-08
"F=12, p=3",12,3,3,Random ranked: QPU-raw-draw matched,8192,792,64,64,65,65,0.0022116013691898667,0,1.5871959233026978e-09
"F=12, p=3",12,3,4,Uniform random: direct M,4,64,4,4,5,5,0.0014962306417816776,0,1.8989926298118576e-09
"F=12, p=3",12,3,4,Uniform random: direct M,8,64,8,8,9,9,0.001799657371696399,0,3.9778281779589975e-08
"F=12, p=3",12,3,4,Uniform random: direct M,16,64,16,16,17,17,0.001799657371696399,0,3.9778281779589975e-08
"F=12, p=3",12,3,4,Uniform random: direct M,32,64,32,32,33,33,0.0019384078118303005,0,2.689383060694439e-08
"F=12, p=3",12,3,4,Uniform random: direct M,64,64,64,64,65,65,0.0021526211860807554,0,2.3899178247521746e-08
"F=12, p=3",12,3,4,Random ranked: QPU-valid-unique matched,567,567,4,4,5,5,0.0018109383484740116,0,1.0246595238960765e-08
"F=12, p=3",12,3,4,Random ranked: QPU-valid-unique matched,567,567,8,8,9,9,0.0018109383484740116,0,1.0246595238960765e-08
"F=12, p=3",12,3,4,Random ranked: QPU-valid-unique matched,567,567,16,16,17,17,0.0018109383484740116,0,1.0246595238960765e-08
"F=12, p=3",12,3,4,Random ranked: QPU-valid-unique matched,567,567,32,32,33,33,0.0022116013691898667,0,1.5871959233026978e-09
"F=12, p=3",12,3,4,Random ranked: QPU-valid-unique matched,567,567,64,64,65,65,0.0022116013691898667,0,1.5871959233026978e-09
"F=12, p=3",12,3,4,Random ranked: QPU-raw-draw matched,8192,792,4,4,5,5,0.0018109383484740116,0,1.0246595238960765e-08
"F=12, p=3",12,3,4,Random ranked: QPU-raw-draw matched,8192,792,8,8,9,9,0.0018109383484740116,0,1.0246595238960765e-08
"F=12, p=3",12,3,4,Random ranked: QPU-raw-draw matched,8192,792,16,16,17,17,0.0018109383484740116,0,1.0246595238960765e-08
"F=12, p=3",12,3,4,Random ranked: QPU-raw-draw matched,8192,792,32,32,33,33,0.0018109383484740116,0,1.0246595238960765e-08
"F=12, p=3",12,3,4,Random ranked: QPU-raw-draw matched,8192,792,64,64,65,65,0.0022116013691898667,0,1.5871959233026978e-09
"F=12, p=3",12,3,5,Uniform random: direct M,4,64,4,4,5,5,0.0017097339669307696,0,8.922100627750673e-10
"F=12, p=3",12,3,5,Uniform random: direct M,8,64,8,8,9,9,0.0022051517826403508,0,1.6640180955374007e-08
"F=12, p=3",12,3,5,Uniform random: direct M,16,64,16,16,17,17,0.0022051517826403508,0,1.6640180955374007e-08
"F=12, p=3",12,3,5,Uniform random: direct M,32,64,32,32,33,33,0.0022051517826403508,0,1.6640180955374007e-08
"F=12, p=3",12,3,5,Uniform random: direct M,64,64,64,64,65,65,0.0022532156543049117,0,1.5098162511884006e-09
"F=12, p=3",12,3,5,Random ranked: QPU-valid-unique matched,573,573,4,4,5,5,0.0018109383484740116,0,1.0246595238960765e-08
"F=12, p=3",12,3,5,Random ranked: QPU-valid-unique matched,573,573,8,8,9,9,0.0018109383484740116,0,1.0246595238960765e-08
"F=12, p=3",12,3,5,Random ranked: QPU-valid-unique matched,573,573,16,16,17,17,0.0018109383484740116,0,1.0246595238960765e-08
"F=12, p=3",12,3,5,Random ranked: QPU-valid-unique matched,573,573,32,32,33,33,0.002183962364759366,0,3.5559162170351044e-08
"F=12, p=3",12,3,5,Random ranked: QPU-valid-unique matched,573,573,64,64,65,65,0.002183962364759366,0,3.5559162170351044e-08
"F=12, p=3",12,3,5,Random ranked: QPU-raw-draw matched,8192,791,4,4,5,5,0.0018109383484740116,0,1.0246595238960765e-08
"F=12, p=3",12,3,5,Random ranked: QPU-raw-draw matched,8192,791,8,8,9,9,0.0018109383484740116,0,1.0246595238960765e-08
"F=12, p=3",12,3,5,Random ranked: QPU-raw-draw matched,8192,791,16,16,17,17,0.0018109383484740116,0,1.0246595238960765e-08
"F=12, p=3",12,3,5,Random ranked: QPU-raw-draw matched,8192,791,32,32,33,33,0.0018109383484740116,0,1.0246595238960765e-08
"F=12, p=3",12,3,5,Random ranked: QPU-raw-draw matched,8192,791,64,64,65,65,0.0022116013691898667,0,1.5871959233026978e-09
"F=12, p=3",12,3,6,Uniform random: direct M,4,64,4,4,5,5,0.0012967388743895178,0,1.3714721927571283e-09
"F=12, p=3",12,3,6,Uniform random: direct M,8,64,8,8,9,9,0.0012967388743895178,0,1.3714721927571283e-09
"F=12, p=3",12,3,6,Uniform random: direct M,16,64,16,16,17,17,0.0019687652154016244,0,5.915813949819437e-10
"F=12, p=3",12,3,6,Uniform random: direct M,32,64,32,32,33,33,0.0021021221506629453,0,3.5112568685935486e-08
"F=12, p=3",12,3,6,Uniform random: direct M,64,64,64,64,65,65,0.0022116013691898667,0,1.5871959233026978e-09
"F=12, p=3",12,3,6,Random ranked: QPU-valid-unique matched,604,604,4,4,5,5,0.0018109383484740116,0,1.0246595238960765e-08
"F=12, p=3",12,3,6,Random ranked: QPU-valid-unique matched,604,604,8,8,9,9,0.0018109383484740116,0,1.0246595238960765e-08
"F=12, p=3",12,3,6,Random ranked: QPU-valid-unique matched,604,604,16,16,17,17,0.0018109383484740116,0,1.0246595238960765e-08
"F=12, p=3",12,3,6,Random ranked: QPU-valid-unique matched,604,604,32,32,33,33,0.0022116013691898667,0,1.5871959233026978e-09
"F=12, p=3",12,3,6,Random ranked: QPU-valid-unique matched,604,604,64,64,65,65,0.0022116013691898667,0,1.5871959233026978e-09
"F=12, p=3",12,3,6,Random ranked: QPU-raw-draw matched,8192,792,4,4,5,5,0.0018109383484740116,0,1.0246595238960765e-08
"F=12, p=3",12,3,6,Random ranked: QPU-raw-draw matched,8192,792,8,8,9,9,0.0018109383484740116,0,1.0246595238960765e-08
"F=12, p=3",12,3,6,Random ranked: QPU-raw-draw matched,8192,792,16,16,17,17,0.0018109383484740116,0,1.0246595238960765e-08
"F=12, p=3",12,3,6,Random ranked: QPU-raw-draw matched,8192,792,32,32,33,33,0.0018109383484740116,0,1.0246595238960765e-08
"F=12, p=3",12,3,6,Random ranked: QPU-raw-draw matched,8192,792,64,64,65,65,0.0022116013691898667,0,1.5871959233026978e-09
"F=12, p=3",12,3,7,Uniform random: direct M,4,64,4,4,5,5,0.001573053456582027,0,2.349535219159371e-10
"F=12, p=3",12,3,7,Uniform random: direct M,8,64,8,8,9,9,0.00207482869845238,0,1.6061407828726892e-09
"F=12, p=3",12,3,7,Uniform random: direct M,16,64,16,16,17,17,0.002183962364759366,0,3.5559162170351044e-08
"F=12, p=3",12,3,7,Uniform random: direct M,32,64,32,32,33,33,0.002183962364759366,0,3.5559162170351044e-08
"F=12, p=3",12,3,7,Uniform random: direct M,64,64,64,64,65,65,0.002183962364759366,0,3.5559162170351044e-08
"F=12, p=3",12,3,7,Random ranked: QPU-valid-unique matched,567,567,4,4,5,5,0.0018109383484740116,0,1.0246595238960765e-08
"F=12, p=3",12,3,7,Random ranked: QPU-valid-unique matched,567,567,8,8,9,9,0.0018109383484740116,0,1.0246595238960765e-08
"F=12, p=3",12,3,7,Random ranked: QPU-valid-unique matched,567,567,16,16,17,17,0.0018109383484740116,0,1.0246595238960765e-08
"F=12, p=3",12,3,7,Random ranked: QPU-valid-unique matched,567,567,32,32,33,33,0.0022116013691898667,0,1.5871959233026978e-09
"F=12, p=3",12,3,7,Random ranked: QPU-valid-unique matched,567,567,64,64,65,65,0.0022116013691898667,0,1.5871959233026978e-09
"F=12, p=3",12,3,7,Random ranked: QPU-raw-draw matched,8192,792,4,4,5,5,0.0018109383484740116,0,1.0246595238960765e-08
"F=12, p=3",12,3,7,Random ranked: QPU-raw-draw matched,8192,792,8,8,9,9,0.0018109383484740116,0,1.0246595238960765e-08
"F=12, p=3",12,3,7,Random ranked: QPU-raw-draw matched,8192,792,16,16,17,17,0.0018109383484740116,0,1.0246595238960765e-08
"F=12, p=3",12,3,7,Random ranked: QPU-raw-draw matched,8192,792,32,32,33,33,0.0018109383484740116,0,1.0246595238960765e-08
"F=12, p=3",12,3,7,Random ranked: QPU-raw-draw matched,8192,792,64,64,65,65,0.0022116013691898667,0,1.5871959233026978e-09
"F=12, p=3",12,3,8,Uniform random: direct M,4,64,4,4,5,5,0.0015698061270580585,0,1.8103542206993062e-09
"F=12, p=3",12,3,8,Uniform random: direct M,8,64,8,8,9,9,0.0015698061270580585,0,1.8103542206993062e-09
"F=12, p=3",12,3,8,Uniform random: direct M,16,64,16,16,17,17,0.0022051517826403508,0,1.6640180955374007e-08
"F=12, p=3",12,3,8,Uniform random: direct M,32,64,32,32,33,33,0.0022913879545879354,0,5.332866925833457e-09
"F=12, p=3",12,3,8,Uniform random: direct M,64,64,64,64,65,65,0.0022913879545879354,0,5.332866925833457e-09
"F=12, p=3",12,3,8,Random ranked: QPU-valid-unique matched,573,573,4,4,5,5,0.0018109383484740116,0,1.0246595238960765e-08
"F=12, p=3",12,3,8,Random ranked: QPU-valid-unique matched,573,573,8,8,9,9,0.0018109383484740116,0,1.0246595238960765e-08
"F=12, p=3",12,3,8,Random ranked: QPU-valid-unique matched,573,573,16,16,17,17,0.0018109383484740116,0,1.0246595238960765e-08
"F=12, p=3",12,3,8,Random ranked: QPU-valid-unique matched,573,573,32,32,33,33,0.0022116013691898667,0,1.5871959233026978e-09
"F=12, p=3",12,3,8,Random ranked: QPU-valid-unique matched,573,573,64,64,65,65,0.0022116013691898667,0,1.5871959233026978e-09
"F=12, p=3",12,3,8,Random ranked: QPU-raw-draw matched,8192,792,4,4,5,5,0.0018109383484740116,0,1.0246595238960765e-08
"F=12, p=3",12,3,8,Random ranked: QPU-raw-draw matched,8192,792,8,8,9,9,0.0018109383484740116,0,1.0246595238960765e-08
"F=12, p=3",12,3,8,Random ranked: QPU-raw-draw matched,8192,792,16,16,17,17,0.0018109383484740116,0,1.0246595238960765e-08
"F=12, p=3",12,3,8,Random ranked: QPU-raw-draw matched,8192,792,32,32,33,33,0.0018109383484740116,0,1.0246595238960765e-08
"F=12, p=3",12,3,8,Random ranked: QPU-raw-draw matched,8192,792,64,64,65,65,0.0022116013691898667,0,1.5871959233026978e-09
"F=12, p=3",12,3,9,Uniform random: direct M,4,64,4,4,5,5,0.0018831079075740248,0,3.29440356938715e-10
"F=12, p=3",12,3,9,Uniform random: direct M,8,64,8,8,9,9,0.0018831079075740248,0,3.29440356938715e-10
"F=12, p=3",12,3,9,Uniform random: direct M,16,64,16,16,17,17,0.0018934299750731354,0,3.5502889017546835e-08
"F=12, p=3",12,3,9,Uniform random: direct M,32,64,32,32,33,33,0.002041048851242372,0,2.5198947262161653e-08
"F=12, p=3",12,3,9,Uniform random: direct M,64,64,64,64,65,65,0.0021021221506629453,0,3.5112568685935486e-08
"F=12, p=3",12,3,9,Random ranked: QPU-valid-unique matched,604,604,4,4,5,5,0.0018109383484740116,0,1.0246595238960765e-08
"F=12, p=3",12,3,9,Random ranked: QPU-valid-unique matched,604,604,8,8,9,9,0.0018109383484740116,0,1.0246595238960765e-08
"F=12, p=3",12,3,9,Random ranked: QPU-valid-unique matched,604,604,16,16,17,17,0.0018109383484740116,0,1.0246595238960765e-08
"F=12, p=3",12,3,9,Random ranked: QPU-valid-unique matched,604,604,32,32,33,33,0.0022116013691898667,0,1.5871959233026978e-09
"F=12, p=3",12,3,9,Random ranked: QPU-valid-unique matched,604,604,64,64,65,65,0.0022116013691898667,0,1.5871959233026978e-09
"F=12, p=3",12,3,9,Random ranked: QPU-raw-draw matched,8192,792,4,4,5,5,0.0018109383484740116,0,1.0246595238960765e-08
"F=12, p=3",12,3,9,Random ranked: QPU-raw-draw matched,8192,792,8,8,9,9,0.0018109383484740116,0,1.0246595238960765e-08
"F=12, p=3",12,3,9,Random ranked: QPU-raw-draw matched,8192,792,16,16,17,17,0.0018109383484740116,0,1.0246595238960765e-08
"F=12, p=3",12,3,9,Random ranked: QPU-raw-draw matched,8192,792,32,32,33,33,0.0018109383484740116,0,1.0246595238960765e-08
"F=12, p=3",12,3,9,Random ranked: QPU-raw-draw matched,8192,792,64,64,65,65,0.0022116013691898667,0,1.5871959233026978e-09
"F=12, p=3",12,3,10,Uniform random: direct M,4,64,4,4,5,5,0.0020641706177956937,0,2.9259401151948694e-10
"F=12, p=3",12,3,10,Uniform random: direct M,8,64,8,8,9,9,0.0020641706177956937,0,2.9259401151948694e-10
"F=12, p=3",12,3,10,Uniform random: direct M,16,64,16,16,17,17,0.0020641706177956937,0,2.9259401151948694e-10
"F=12, p=3",12,3,10,Uniform random: direct M,32,64,32,32,33,33,0.0020641706177956937,0,2.9259401151948694e-10
"F=12, p=3",12,3,10,Uniform random: direct M,64,64,64,64,65,65,0.0020824224192499963,0,3.288324834649359e-08
"F=12, p=3",12,3,10,Random ranked: QPU-valid-unique matched,567,567,4,4,5,5,0.0018109383484740116,0,1.0246595238960765e-08
"F=12, p=3",12,3,10,Random ranked: QPU-valid-unique matched,567,567,8,8,9,9,0.0018109383484740116,0,1.0246595238960765e-08
"F=12, p=3",12,3,10,Random ranked: QPU-valid-unique matched,567,567,16,16,17,17,0.0018109383484740116,0,1.0246595238960765e-08
"F=12, p=3",12,3,10,Random ranked: QPU-valid-unique matched,567,567,32,32,33,33,0.0022116013691898667,0,1.5871959233026978e-09
"F=12, p=3",12,3,10,Random ranked: QPU-valid-unique matched,567,567,64,64,65,65,0.0022116013691898667,0,1.5871959233026978e-09
"F=12, p=3",12,3,10,Random ranked: QPU-raw-draw matched,8192,792,4,4,5,5,0.0018109383484740116,0,1.0246595238960765e-08
"F=12, p=3",12,3,10,Random ranked: QPU-raw-draw matched,8192,792,8,8,9,9,0.0018109383484740116,0,1.0246595238960765e-08
"F=12, p=3",12,3,10,Random ranked: QPU-raw-draw matched,8192,792,16,16,17,17,0.0018109383484740116,0,1.0246595238960765e-08
"F=12, p=3",12,3,10,Random ranked: QPU-raw-draw matched,8192,792,32,32,33,33,0.0018109383484740116,0,1.0246595238960765e-08
"F=12, p=3",12,3,10,Random ranked: QPU-raw-draw matched,8192,792,64,64,65,65,0.0022116013691898667,0,1.5871959233026978e-09
"F=12, p=3",12,3,11,Uniform random: direct M,4,64,4,4,5,5,0.0010715991060737604,0,1.5415989942924035e-09
"F=12, p=3",12,3,11,Uniform random: direct M,8,64,8,8,9,9,0.0015297012430184054,0,4.715348042583223e-10
"F=12, p=3",12,3,11,Uniform random: direct M,16,64,16,16,17,17,0.001803285748001822,0,1.640714752948469e-08
"F=12, p=3",12,3,11,Uniform random: direct M,32,64,32,32,33,33,0.0018982536463375208,0,3.448352570156743e-08
"F=12, p=3",12,3,11,Uniform random: direct M,64,64,64,64,65,65,0.0019687652154016244,0,5.915813949819437e-10
"F=12, p=3",12,3,11,Random ranked: QPU-valid-unique matched,573,573,4,4,5,5,0.0018109383484740116,0,1.0246595238960765e-08
"F=12, p=3",12,3,11,Random ranked: QPU-valid-unique matched,573,573,8,8,9,9,0.0018109383484740116,0,1.0246595238960765e-08
"F=12, p=3",12,3,11,Random ranked: QPU-valid-unique matched,573,573,16,16,17,17,0.0018109383484740116,0,1.0246595238960765e-08
"F=12, p=3",12,3,11,Random ranked: QPU-valid-unique matched,573,573,32,32,33,33,0.0022116013691898667,0,1.5871959233026978e-09
"F=12, p=3",12,3,11,Random ranked: QPU-valid-unique matched,573,573,64,64,65,65,0.0022116013691898667,0,1.5871959233026978e-09
"F=12, p=3",12,3,11,Random ranked: QPU-raw-draw matched,8192,792,4,4,5,5,0.0018109383484740116,0,1.0246595238960765e-08
"F=12, p=3",12,3,11,Random ranked: QPU-raw-draw matched,8192,792,8,8,9,9,0.0018109383484740116,0,1.0246595238960765e-08
"F=12, p=3",12,3,11,Random ranked: QPU-raw-draw matched,8192,792,16,16,17,17,0.0018109383484740116,0,1.0246595238960765e-08
"F=12, p=3",12,3,11,Random ranked: QPU-raw-draw matched,8192,792,32,32,33,33,0.0018109383484740116,0,1.0246595238960765e-08
"F=12, p=3",12,3,11,Random ranked: QPU-raw-draw matched,8192,792,64,64,65,65,0.0022116013691898667,0,1.5871959233026978e-09
"F=12, p=3",12,3,12,Uniform random: direct M,4,64,4,4,5,5,0.0014178083999717359,0,1.0812841186660926e-09
"F=12, p=3",12,3,12,Uniform random: direct M,8,64,8,8,9,9,0.0014178083999717359,0,1.0812841186660926e-09
"F=12, p=3",12,3,12,Uniform random: direct M,16,64,16,16,17,17,0.0018934299750731354,0,3.5502889017546835e-08
"F=12, p=3",12,3,12,Uniform random: direct M,32,64,32,32,33,33,0.002183962364759366,0,3.5559162170351044e-08
"F=12, p=3",12,3,12,Uniform random: direct M,64,64,64,64,65,65,0.002183962364759366,0,3.5559162170351044e-08
"F=12, p=3",12,3,12,Random ranked: QPU-valid-unique matched,604,604,4,4,5,5,0.0018109383484740116,0,1.0246595238960765e-08
"F=12, p=3",12,3,12,Random ranked: QPU-valid-unique matched,604,604,8,8,9,9,0.0018109383484740116,0,1.0246595238960765e-08
"F=12, p=3",12,3,12,Random ranked: QPU-valid-unique matched,604,604,16,16,17,17,0.0018109383484740116,0,1.0246595238960765e-08
"F=12, p=3",12,3,12,Random ranked: QPU-valid-unique matched,604,604,32,32,33,33,0.0022116013691898667,0,1.5871959233026978e-09
"F=12, p=3",12,3,12,Random ranked: QPU-valid-unique matched,604,604,64,64,65,65,0.0022116013691898667,0,1.5871959233026978e-09
"F=12, p=3",12,3,12,Random ranked: QPU-raw-draw matched,8192,792,4,4,5,5,0.0018109383484740116,0,1.0246595238960765e-08
"F=12, p=3",12,3,12,Random ranked: QPU-raw-draw matched,8192,792,8,8,9,9,0.0018109383484740116,0,1.0246595238960765e-08
"F=12, p=3",12,3,12,Random ranked: QPU-raw-draw matched,8192,792,16,16,17,17,0.0018109383484740116,0,1.0246595238960765e-08
"F=12, p=3",12,3,12,Random ranked: QPU-raw-draw matched,8192,792,32,32,33,33,0.0018109383484740116,0,1.0246595238960765e-08
"F=12, p=3",12,3,12,Random ranked: QPU-raw-draw matched,8192,792,64,64,65,65,0.0022116013691898667,0,1.5871959233026978e-09
"F=12, p=3",12,3,13,Uniform random: direct M,4,64,4,4,5,5,0.0021021221506629453,0,3.5112568685935486e-08
"F=12, p=3",12,3,13,Uniform random: direct M,8,64,8,8,9,9,0.0021021221506629453,0,3.5112568685935486e-08
"F=12, p=3",12,3,13,Uniform random: direct M,16,64,16,16,17,17,0.0021021221506629453,0,3.5112568685935486e-08
"F=12, p=3",12,3,13,Uniform random: direct M,32,64,32,32,33,33,0.0021021221506629453,0,3.5112568685935486e-08
"F=12, p=3",12,3,13,Uniform random: direct M,64,64,64,64,65,65,0.0021021221506629453,0,3.5112568685935486e-08
"F=12, p=3",12,3,13,Random ranked: QPU-valid-unique matched,567,567,4,4,5,5,0.0018109383484740116,0,1.0246595238960765e-08
"F=12, p=3",12,3,13,Random ranked: QPU-valid-unique matched,567,567,8,8,9,9,0.0018109383484740116,0,1.0246595238960765e-08
"F=12, p=3",12,3,13,Random ranked: QPU-valid-unique matched,567,567,16,16,17,17,0.0018109383484740116,0,1.0246595238960765e-08
"F=12, p=3",12,3,13,Random ranked: QPU-valid-unique matched,567,567,32,32,33,33,0.0022116013691898667,0,1.5871959233026978e-09
"F=12, p=3",12,3,13,Random ranked: QPU-valid-unique matched,567,567,64,64,65,65,0.0022116013691898667,0,1.5871959233026978e-09
"F=12, p=3",12,3,13,Random ranked: QPU-raw-draw matched,8192,792,4,4,5,5,0.0018109383484740116,0,1.0246595238960765e-08
"F=12, p=3",12,3,13,Random ranked: QPU-raw-draw matched,8192,792,8,8,9,9,0.0018109383484740116,0,1.0246595238960765e-08
"F=12, p=3",12,3,13,Random ranked: QPU-raw-draw matched,8192,792,16,16,17,17,0.0018109383484740116,0,1.0246595238960765e-08
"F=12, p=3",12,3,13,Random ranked: QPU-raw-draw matched,8192,792,32,32,33,33,0.0018109383484740116,0,1.0246595238960765e-08
"F=12, p=3",12,3,13,Random ranked: QPU-raw-draw matched,8192,792,64,64,65,65,0.0022116013691898667,0,1.5871959233026978e-09
"F=12, p=3",12,3,14,Uniform random: direct M,4,64,4,4,5,5,0.0019967414930876504,0,8.237071233430093e-10
"F=12, p=3",12,3,14,Uniform random: direct M,8,64,8,8,9,9,0.0019967414930876504,0,8.237071233430093e-10
"F=12, p=3",12,3,14,Uniform random: direct M,16,64,16,16,17,17,0.0019967414930876504,0,8.237071233430093e-10
"F=12, p=3",12,3,14,Uniform random: direct M,32,64,32,32,33,33,0.0019967414930876504,0,8.237071233430093e-10
"F=12, p=3",12,3,14,Uniform random: direct M,64,64,64,64,65,65,0.0019967414930876504,0,8.237071233430093e-10
"F=12, p=3",12,3,14,Random ranked: QPU-valid-unique matched,573,573,4,4,5,5,0.0017270418735284773,0,1.1855663006876682e-08
"F=12, p=3",12,3,14,Random ranked: QPU-valid-unique matched,573,573,8,8,9,9,0.0017270418735284773,0,1.1855663006876682e-08
"F=12, p=3",12,3,14,Random ranked: QPU-valid-unique matched,573,573,16,16,17,17,0.0017270418735284773,0,1.1855663006876682e-08
"F=12, p=3",12,3,14,Random ranked: QPU-valid-unique matched,573,573,32,32,33,33,0.0022116013691898667,0,1.5871959233026978e-09
"F=12, p=3",12,3,14,Random ranked: QPU-valid-unique matched,573,573,64,64,65,65,0.0022116013691898667,0,1.5871959233026978e-09
"F=12, p=3",12,3,14,Random ranked: QPU-raw-draw matched,8192,792,4,4,5,5,0.0018109383484740116,0,1.0246595238960765e-08
"F=12, p=3",12,3,14,Random ranked: QPU-raw-draw matched,8192,792,8,8,9,9,0.0018109383484740116,0,1.0246595238960765e-08
"F=12, p=3",12,3,14,Random ranked: QPU-raw-draw matched,8192,792,16,16,17,17,0.0018109383484740116,0,1.0246595238960765e-08
"F=12, p=3",12,3,14,Random ranked: QPU-raw-draw matched,8192,792,32,32,33,33,0.0018109383484740116,0,1.0246595238960765e-08
"F=12, p=3",12,3,14,Random ranked: QPU-raw-draw matched,8192,792,64,64,65,65,0.0022116013691898667,0,1.5871959233026978e-09
"F=12, p=3",12,3,15,Uniform random: direct M,4,64,4,4,5,5,0.0014995784040085988,0,1.927887141595086e-09
"F=12, p=3",12,3,15,Uniform random: direct M,8,64,8,8,9,9,0.0019351976973788765,0,1.6032764393880683e-08
"F=12, p=3",12,3,15,Uniform random: direct M,16,64,16,16,17,17,0.002148224422386276,0,2.8151271147525136e-08
"F=12, p=3",12,3,15,Uniform random: direct M,32,64,32,32,33,33,0.0022532156543049117,0,1.5098162511884006e-09
"F=12, p=3",12,3,15,Uniform random: direct M,64,64,64,64,65,65,0.0022532156543049117,0,1.5098162511884006e-09
"F=12, p=3",12,3,15,Random ranked: QPU-valid-unique matched,604,604,4,4,5,5,0.0018109383484740116,0,1.0246595238960765e-08
"F=12, p=3",12,3,15,Random ranked: QPU-valid-unique matched,604,604,8,8,9,9,0.0018109383484740116,0,1.0246595238960765e-08
"F=12, p=3",12,3,15,Random ranked: QPU-valid-unique matched,604,604,16,16,17,17,0.0018109383484740116,0,1.0246595238960765e-08
"F=12, p=3",12,3,15,Random ranked: QPU-valid-unique matched,604,604,32,32,33,33,0.0020824224192499963,0,3.288324834649359e-08
"F=12, p=3",12,3,15,Random ranked: QPU-valid-unique matched,604,604,64,64,65,65,0.0020824224192499963,0,3.288324834649359e-08
"F=12, p=3",12,3,15,Random ranked: QPU-raw-draw matched,8192,792,4,4,5,5,0.0018109383484740116,0,1.0246595238960765e-08
"F=12, p=3",12,3,15,Random ranked: QPU-raw-draw matched,8192,792,8,8,9,9,0.0018109383484740116,0,1.0246595238960765e-08
"F=12, p=3",12,3,15,Random ranked: QPU-raw-draw matched,8192,792,16,16,17,17,0.0018109383484740116,0,1.0246595238960765e-08
"F=12, p=3",12,3,15,Random ranked: QPU-raw-draw matched,8192,792,32,32,33,33,0.0018109383484740116,0,1.0246595238960765e-08
"F=12, p=3",12,3,15,Random ranked: QPU-raw-draw matched,8192,792,64,64,65,65,0.0022116013691898667,0,1.5871959233026978e-09
"F=12, p=3",12,3,16,Uniform random: direct M,4,64,4,4,5,5,0.0015358439223189732,0,8.843467069752364e-10
"F=12, p=3",12,3,16,Uniform random: direct M,8,64,8,8,9,9,0.0016101533723642258,0,1.5301274747248073e-08
"F=12, p=3",12,3,16,Uniform random: direct M,16,64,16,16,17,17,0.0016101533723642258,0,1.5301274747248073e-08
"F=12, p=3",12,3,16,Uniform random: direct M,32,64,32,32,33,33,0.001988625112187635,0,1.8992615091750764e-08
"F=12, p=3",12,3,16,Uniform random: direct M,64,64,64,64,65,65,0.002072786394474252,0,1.351763656565197e-08
"F=12, p=3",12,3,16,Random ranked: QPU-valid-unique matched,567,567,4,4,5,5,0.0018109383484740116,0,1.0246595238960765e-08
"F=12, p=3",12,3,16,Random ranked: QPU-valid-unique matched,567,567,8,8,9,9,0.0018109383484740116,0,1.0246595238960765e-08
"F=12, p=3",12,3,16,Random ranked: QPU-valid-unique matched,567,567,16,16,17,17,0.0018109383484740116,0,1.0246595238960765e-08
"F=12, p=3",12,3,16,Random ranked: QPU-valid-unique matched,567,567,32,32,33,33,0.0018109383484740116,0,1.0246595238960765e-08
"F=12, p=3",12,3,16,Random ranked: QPU-valid-unique matched,567,567,64,64,65,65,0.0022116013691898667,0,1.5871959233026978e-09
"F=12, p=3",12,3,16,Random ranked: QPU-raw-draw matched,8192,792,4,4,5,5,0.0018109383484740116,0,1.0246595238960765e-08
"F=12, p=3",12,3,16,Random ranked: QPU-raw-draw matched,8192,792,8,8,9,9,0.0018109383484740116,0,1.0246595238960765e-08
"F=12, p=3",12,3,16,Random ranked: QPU-raw-draw matched,8192,792,16,16,17,17,0.0018109383484740116,0,1.0246595238960765e-08
"F=12, p=3",12,3,16,Random ranked: QPU-raw-draw matched,8192,792,32,32,33,33,0.0018109383484740116,0,1.0246595238960765e-08
"F=12, p=3",12,3,16,Random ranked: QPU-raw-draw matched,8192,792,64,64,65,65,0.0022116013691898667,0,1.5871959233026978e-09
"F=12, p=3",12,3,17,Uniform random: direct M,4,64,4,4,5,5,0.0017149813546147377,0,2.5764006816864082e-08
"F=12, p=3",12,3,17,Uniform random: direct M,8,64,8,8,9,9,0.0017149813546147377,0,2.5764006816864082e-08
"F=12, p=3",12,3,17,Uniform random: direct M,16,64,16,16,17,17,0.0019795327160341755,0,4.216046778360294e-08
"F=12, p=3",12,3,17,Uniform random: direct M,32,64,32,32,33,33,0.0019795327160341755,0,4.216046778360294e-08
"F=12, p=3",12,3,17,Uniform random: direct M,64,64,64,64,65,65,0.0019795327160341755,0,4.216046778360294e-08
"F=12, p=3",12,3,17,Random ranked: QPU-valid-unique matched,573,573,4,4,5,5,0.0018109383484740116,0,1.0246595238960765e-08
"F=12, p=3",12,3,17,Random ranked: QPU-valid-unique matched,573,573,8,8,9,9,0.0018109383484740116,0,1.0246595238960765e-08
"F=12, p=3",12,3,17,Random ranked: QPU-valid-unique matched,573,573,16,16,17,17,0.0018109383484740116,0,1.0246595238960765e-08
"F=12, p=3",12,3,17,Random ranked: QPU-valid-unique matched,573,573,32,32,33,33,0.0022116013691898667,0,1.5871959233026978e-09
"F=12, p=3",12,3,17,Random ranked: QPU-valid-unique matched,573,573,64,64,65,65,0.0022116013691898667,0,1.5871959233026978e-09
"F=12, p=3",12,3,17,Random ranked: QPU-raw-draw matched,8192,792,4,4,5,5,0.0018109383484740116,0,1.0246595238960765e-08
"F=12, p=3",12,3,17,Random ranked: QPU-raw-draw matched,8192,792,8,8,9,9,0.0018109383484740116,0,1.0246595238960765e-08
"F=12, p=3",12,3,17,Random ranked: QPU-raw-draw matched,8192,792,16,16,17,17,0.0018109383484740116,0,1.0246595238960765e-08
"F=12, p=3",12,3,17,Random ranked: QPU-raw-draw matched,8192,792,32,32,33,33,0.0018109383484740116,0,1.0246595238960765e-08
"F=12, p=3",12,3,17,Random ranked: QPU-raw-draw matched,8192,792,64,64,65,65,0.0022116013691898667,0,1.5871959233026978e-09
"F=12, p=3",12,3,18,Uniform random: direct M,4,64,4,4,5,5,0.0018013294743834812,0,2.964946821393255e-08
"F=12, p=3",12,3,18,Uniform random: direct M,8,64,8,8,9,9,0.0018013294743834812,0,2.964946821393255e-08
"F=12, p=3",12,3,18,Uniform random: direct M,16,64,16,16,17,17,0.0018132092405595268,0,9.863091246509192e-10
"F=12, p=3",12,3,18,Uniform random: direct M,32,64,32,32,33,33,0.0021021221506629453,0,3.5112568685935486e-08
"F=12, p=3",12,3,18,Uniform random: direct M,64,64,64,64,65,65,0.0022532156543049117,0,1.5098162511884006e-09
"F=12, p=3",12,3,18,Random ranked: QPU-valid-unique matched,604,604,4,4,5,5,0.0017270418735284773,0,1.1855663006876682e-08
"F=12, p=3",12,3,18,Random ranked: QPU-valid-unique matched,604,604,8,8,9,9,0.0017270418735284773,0,1.1855663006876682e-08
"F=12, p=3",12,3,18,Random ranked: QPU-valid-unique matched,604,604,16,16,17,17,0.0017270418735284773,0,1.1855663006876682e-08
"F=12, p=3",12,3,18,Random ranked: QPU-valid-unique matched,604,604,32,32,33,33,0.0022116013691898667,0,1.5871959233026978e-09
"F=12, p=3",12,3,18,Random ranked: QPU-valid-unique matched,604,604,64,64,65,65,0.0022116013691898667,0,1.5871959233026978e-09
"F=12, p=3",12,3,18,Random ranked: QPU-raw-draw matched,8192,792,4,4,5,5,0.0018109383484740116,0,1.0246595238960765e-08
"F=12, p=3",12,3,18,Random ranked: QPU-raw-draw matched,8192,792,8,8,9,9,0.0018109383484740116,0,1.0246595238960765e-08
"F=12, p=3",12,3,18,Random ranked: QPU-raw-draw matched,8192,792,16,16,17,17,0.0018109383484740116,0,1.0246595238960765e-08
"F=12, p=3",12,3,18,Random ranked: QPU-raw-draw matched,8192,792,32,32,33,33,0.0018109383484740116,0,1.0246595238960765e-08
"F=12, p=3",12,3,18,Random ranked: QPU-raw-draw matched,8192,792,64,64,65,65,0.0022116013691898667,0,1.5871959233026978e-09
"F=12, p=3",12,3,19,Uniform random: direct M,4,64,4,4,5,5,0.0018045281117457096,0,1.3221292949339158e-09
"F=12, p=3",12,3,19,Uniform random: direct M,8,64,8,8,9,9,0.0018045281117457096,0,1.3221292949339158e-09
"F=12, p=3",12,3,19,Uniform random: direct M,16,64,16,16,17,17,0.0018045281117457096,0,1.3221292949339158e-09
"F=12, p=3",12,3,19,Uniform random: direct M,32,64,32,32,33,33,0.0020338824296761704,0,1.280305744755239e-08
"F=12, p=3",12,3,19,Uniform random: direct M,64,64,64,64,65,65,0.0020338824296761704,0,1.280305744755239e-08
"F=12, p=3",12,3,19,Random ranked: QPU-valid-unique matched,567,567,4,4,5,5,0.0018109383484740116,0,1.0246595238960765e-08
"F=12, p=3",12,3,19,Random ranked: QPU-valid-unique matched,567,567,8,8,9,9,0.0018109383484740116,0,1.0246595238960765e-08
"F=12, p=3",12,3,19,Random ranked: QPU-valid-unique matched,567,567,16,16,17,17,0.0018109383484740116,0,1.0246595238960765e-08
"F=12, p=3",12,3,19,Random ranked: QPU-valid-unique matched,567,567,32,32,33,33,0.0022116013691898667,0,1.5871959233026978e-09
"F=12, p=3",12,3,19,Random ranked: QPU-valid-unique matched,567,567,64,64,65,65,0.0022116013691898667,0,1.5871959233026978e-09
"F=12, p=3",12,3,19,Random ranked: QPU-raw-draw matched,8192,792,4,4,5,5,0.0018109383484740116,0,1.0246595238960765e-08
"F=12, p=3",12,3,19,Random ranked: QPU-raw-draw matched,8192,792,8,8,9,9,0.0018109383484740116,0,1.0246595238960765e-08
"F=12, p=3",12,3,19,Random ranked: QPU-raw-draw matched,8192,792,16,16,17,17,0.0018109383484740116,0,1.0246595238960765e-08
"F=12, p=3",12,3,19,Random ranked: QPU-raw-draw matched,8192,792,32,32,33,33,0.0018109383484740116,0,1.0246595238960765e-08
"F=12, p=3",12,3,19,Random ranked: QPU-raw-draw matched,8192,792,64,64,65,65,0.0022116013691898667,0,1.5871959233026978e-09
"F=12, p=3",12,3,20,Uniform random: direct M,4,64,4,4,5,5,0.0013876396203048036,0,1.016766032480021e-08
"F=12, p=3",12,3,20,Uniform random: direct M,8,64,8,8,9,9,0.0015785314628854186,0,2.5206480736006398e-08
"F=12, p=3",12,3,20,Uniform random: direct M,16,64,16,16,17,17,0.0018670513252302331,0,1.942098781793078e-08
"F=12, p=3",12,3,20,Uniform random: direct M,32,64,32,32,33,33,0.001953374087301639,0,1.8076673491407291e-10
"F=12, p=3",12,3,20,Uniform random: direct M,64,64,64,64,65,65,0.002183962364759366,0,3.5559162170351044e-08
"F=12, p=3",12,3,20,Random ranked: QPU-valid-unique matched,573,573,4,4,5,5,0.0018109383484740116,0,1.0246595238960765e-08
"F=12, p=3",12,3,20,Random ranked: QPU-valid-unique matched,573,573,8,8,9,9,0.0018109383484740116,0,1.0246595238960765e-08
"F=12, p=3",12,3,20,Random ranked: QPU-valid-unique matched,573,573,16,16,17,17,0.0018109383484740116,0,1.0246595238960765e-08
"F=12, p=3",12,3,20,Random ranked: QPU-valid-unique matched,573,573,32,32,33,33,0.0022116013691898667,0,1.5871959233026978e-09
"F=12, p=3",12,3,20,Random ranked: QPU-valid-unique matched,573,573,64,64,65,65,0.0022116013691898667,0,1.5871959233026978e-09
"F=12, p=3",12,3,20,Random ranked: QPU-raw-draw matched,8192,792,4,4,5,5,0.0018109383484740116,0,1.0246595238960765e-08
"F=12, p=3",12,3,20,Random ranked: QPU-raw-draw matched,8192,792,8,8,9,9,0.0018109383484740116,0,1.0246595238960765e-08
"F=12, p=3",12,3,20,Random ranked: QPU-raw-draw matched,8192,792,16,16,17,17,0.0018109383484740116,0,1.0246595238960765e-08
"F=12, p=3",12,3,20,Random ranked: QPU-raw-draw matched,8192,792,32,32,33,33,0.0018109383484740116,0,1.0246595238960765e-08
"F=12, p=3",12,3,20,Random ranked: QPU-raw-draw matched,8192,792,64,64,65,65,0.0022116013691898667,0,1.5871959233026978e-09
"F=12, p=3",12,3,21,Uniform random: direct M,4,64,4,4,5,5,0.001605963567886462,0,8.719816119162616e-10
"F=12, p=3",12,3,21,Uniform random: direct M,8,64,8,8,9,9,0.0016184681395193107,0,2.7987265116546922e-08
"F=12, p=3",12,3,21,Uniform random: direct M,16,64,16,16,17,17,0.0016184681395193107,0,2.7987265116546922e-08
"F=12, p=3",12,3,21,Uniform random: direct M,32,64,32,32,33,33,0.0020641706177956937,0,2.9259401151948694e-10
"F=12, p=3",12,3,21,Uniform random: direct M,64,64,64,64,65,65,0.0020641706177956937,0,2.9259401151948694e-10
"F=12, p=3",12,3,21,Random ranked: QPU-valid-unique matched,604,604,4,4,5,5,0.0018109383484740116,0,1.0246595238960765e-08
"F=12, p=3",12,3,21,Random ranked: QPU-valid-unique matched,604,604,8,8,9,9,0.0018109383484740116,0,1.0246595238960765e-08
"F=12, p=3",12,3,21,Random ranked: QPU-valid-unique matched,604,604,16,16,17,17,0.0018109383484740116,0,1.0246595238960765e-08
"F=12, p=3",12,3,21,Random ranked: QPU-valid-unique matched,604,604,32,32,33,33,0.0021112034877985297,0,3.417185445719895e-08
"F=12, p=3",12,3,21,Random ranked: QPU-valid-unique matched,604,604,64,64,65,65,0.0021112034877985297,0,3.417185445719895e-08
"F=12, p=3",12,3,21,Random ranked: QPU-raw-draw matched,8192,792,4,4,5,5,0.0018109383484740116,0,1.0246595238960765e-08
"F=12, p=3",12,3,21,Random ranked: QPU-raw-draw matched,8192,792,8,8,9,9,0.0018109383484740116,0,1.0246595238960765e-08
"F=12, p=3",12,3,21,Random ranked: QPU-raw-draw matched,8192,792,16,16,17,17,0.0018109383484740116,0,1.0246595238960765e-08
"F=12, p=3",12,3,21,Random ranked: QPU-raw-draw matched,8192,792,32,32,33,33,0.0018109383484740116,0,1.0246595238960765e-08
"F=12, p=3",12,3,21,Random ranked: QPU-raw-draw matched,8192,792,64,64,65,65,0.0022116013691898667,0,1.5871959233026978e-09
"F=12, p=3",12,3,22,Uniform random: direct M,4,64,4,4,5,5,0.0020197665033433523,0,3.902699063917936e-08
"F=12, p=3",12,3,22,Uniform random: direct M,8,64,8,8,9,9,0.002347699485818054,0,1.0108587300550198e-09
"F=12, p=3",12,3,22,Uniform random: direct M,16,64,16,16,17,17,0.002347699485818054,0,1.0108587300550198e-09
"F=12, p=3",12,3,22,Uniform random: direct M,32,64,32,32,33,33,0.002347699485818054,0,1.0108587300550198e-09
"F=12, p=3",12,3,22,Uniform random: direct M,64,64,64,64,65,65,0.002347699485818054,0,1.0108587300550198e-09
"F=12, p=3",12,3,22,Random ranked: QPU-valid-unique matched,567,567,4,4,5,5,0.00163140356135235,0,1.872900903809871e-09
"F=12, p=3",12,3,22,Random ranked: QPU-valid-unique matched,567,567,8,8,9,9,0.00163140356135235,0,1.872900903809871e-09
"F=12, p=3",12,3,22,Random ranked: QPU-valid-unique matched,567,567,16,16,17,17,0.00163140356135235,0,1.872900903809871e-09
"F=12, p=3",12,3,22,Random ranked: QPU-valid-unique matched,567,567,32,32,33,33,0.002183962364759366,0,3.5559162170351044e-08
"F=12, p=3",12,3,22,Random ranked: QPU-valid-unique matched,567,567,64,64,65,65,0.002183962364759366,0,3.5559162170351044e-08
"F=12, p=3",12,3,22,Random ranked: QPU-raw-draw matched,8192,792,4,4,5,5,0.0018109383484740116,0,1.0246595238960765e-08
"F=12, p=3",12,3,22,Random ranked: QPU-raw-draw matched,8192,792,8,8,9,9,0.0018109383484740116,0,1.0246595238960765e-08
"F=12, p=3",12,3,22,Random ranked: QPU-raw-draw matched,8192,792,16,16,17,17,0.0018109383484740116,0,1.0246595238960765e-08
"F=12, p=3",12,3,22,Random ranked: QPU-raw-draw matched,8192,792,32,32,33,33,0.0018109383484740116,0,1.0246595238960765e-08
"F=12, p=3",12,3,22,Random ranked: QPU-raw-draw matched,8192,792,64,64,65,65,0.0022116013691898667,0,1.5871959233026978e-09
"F=12, p=3",12,3,23,Uniform random: direct M,4,64,4,4,5,5,0.001464008881103318,0,4.365823513818867e-08
"F=12, p=3",12,3,23,Uniform random: direct M,8,64,8,8,9,9,0.001464008881103318,0,4.365823513818867e-08
"F=12, p=3",12,3,23,Uniform random: direct M,16,64,16,16,17,17,0.0017984382700286933,0,2.876238103244333e-08
"F=12, p=3",12,3,23,Uniform random: direct M,32,64,32,32,33,33,0.002148224422386276,0,2.8151271147525136e-08
"F=12, p=3",12,3,23,Uniform random: direct M,64,64,64,64,64,64,0.002148224422386276,0,2.8151271147525136e-08
"F=12, p=3",12,3,23,Random ranked: QPU-valid-unique matched,573,573,4,4,5,5,0.0018109383484740116,0,1.0246595238960765e-08
"F=12, p=3",12,3,23,Random ranked: QPU-valid-unique matched,573,573,8,8,9,9,0.0018109383484740116,0,1.0246595238960765e-08
"F=12, p=3",12,3,23,Random ranked: QPU-valid-unique matched,573,573,16,16,17,17,0.0018109383484740116,0,1.0246595238960765e-08
"F=12, p=3",12,3,23,Random ranked: QPU-valid-unique matched,573,573,32,32,33,33,0.0022116013691898667,0,1.5871959233026978e-09
"F=12, p=3",12,3,23,Random ranked: QPU-valid-unique matched,573,573,64,64,65,65,0.0022116013691898667,0,1.5871959233026978e-09
"F=12, p=3",12,3,23,Random ranked: QPU-raw-draw matched,8192,792,4,4,5,5,0.0018109383484740116,0,1.0246595238960765e-08
"F=12, p=3",12,3,23,Random ranked: QPU-raw-draw matched,8192,792,8,8,9,9,0.0018109383484740116,0,1.0246595238960765e-08
"F=12, p=3",12,3,23,Random ranked: QPU-raw-draw matched,8192,792,16,16,17,17,0.0018109383484740116,0,1.0246595238960765e-08
"F=12, p=3",12,3,23,Random ranked: QPU-raw-draw matched,8192,792,32,32,33,33,0.0018109383484740116,0,1.0246595238960765e-08
"F=12, p=3",12,3,23,Random ranked: QPU-raw-draw matched,8192,792,64,64,65,65,0.0022116013691898667,0,1.5871959233026978e-09
"F=12, p=3",12,3,24,Uniform random: direct M,4,64,4,4,5,5,0.0018831079075740248,0,3.29440356938715e-10
"F=12, p=3",12,3,24,Uniform random: direct M,8,64,8,8,9,9,0.0022464218408675546,0,2.4162556455653572e-08
"F=12, p=3",12,3,24,Uniform random: direct M,16,64,16,16,17,17,0.0022464218408675546,0,2.4162556455653572e-08
"F=12, p=3",12,3,24,Uniform random: direct M,32,64,32,32,33,33,0.0022464218408675546,0,2.4162556455653572e-08
"F=12, p=3",12,3,24,Uniform random: direct M,64,64,64,64,65,65,0.0022464218408675546,0,2.4162556455653572e-08
"F=12, p=3",12,3,24,Random ranked: QPU-valid-unique matched,604,604,4,4,5,5,0.0018109383484740116,0,1.0246595238960765e-08
"F=12, p=3",12,3,24,Random ranked: QPU-valid-unique matched,604,604,8,8,9,9,0.0018109383484740116,0,1.0246595238960765e-08
"F=12, p=3",12,3,24,Random ranked: QPU-valid-unique matched,604,604,16,16,17,17,0.0018109383484740116,0,1.0246595238960765e-08
"F=12, p=3",12,3,24,Random ranked: QPU-valid-unique matched,604,604,32,32,33,33,0.0022116013691898667,0,1.5871959233026978e-09
"F=12, p=3",12,3,24,Random ranked: QPU-valid-unique matched,604,604,64,64,65,65,0.0022116013691898667,0,1.5871959233026978e-09
"F=12, p=3",12,3,24,Random ranked: QPU-raw-draw matched,8192,792,4,4,5,5,0.0018109383484740116,0,1.0246595238960765e-08
"F=12, p=3",12,3,24,Random ranked: QPU-raw-draw matched,8192,792,8,8,9,9,0.0018109383484740116,0,1.0246595238960765e-08
"F=12, p=3",12,3,24,Random ranked: QPU-raw-draw matched,8192,792,16,16,17,17,0.0018109383484740116,0,1.0246595238960765e-08
"F=12, p=3",12,3,24,Random ranked: QPU-raw-draw matched,8192,792,32,32,33,33,0.0018109383484740116,0,1.0246595238960765e-08
"F=12, p=3",12,3,24,Random ranked: QPU-raw-draw matched,8192,792,64,64,65,65,0.0022116013691898667,0,1.5871959233026978e-09
"F=12, p=3",12,3,25,Uniform random: direct M,4,64,4,4,5,5,0.0015935003481713436,0,8.000593521018118e-10
"F=12, p=3",12,3,25,Uniform random: direct M,8,64,8,8,9,9,0.0022051517826403508,0,1.6640180955374007e-08
"F=12, p=3",12,3,25,Uniform random: direct M,16,64,16,16,17,17,0.0022051517826403508,0,1.6640180955374007e-08
"F=12, p=3",12,3,25,Uniform random: direct M,32,64,32,32,33,33,0.0022051517826403508,0,1.6640180955374007e-08
"F=12, p=3",12,3,25,Uniform random: direct M,64,64,64,64,65,65,0.0022913879545879354,0,5.332866925833457e-09
"F=12, p=3",12,3,25,Random ranked: QPU-valid-unique matched,567,567,4,4,5,5,0.0018109383484740116,0,1.0246595238960765e-08
"F=12, p=3",12,3,25,Random ranked: QPU-valid-unique matched,567,567,8,8,9,9,0.0018109383484740116,0,1.0246595238960765e-08
"F=12, p=3",12,3,25,Random ranked: QPU-valid-unique matched,567,567,16,16,17,17,0.0018109383484740116,0,1.0246595238960765e-08
"F=12, p=3",12,3,25,Random ranked: QPU-valid-unique matched,567,567,32,32,33,33,0.0022116013691898667,0,1.5871959233026978e-09
"F=12, p=3",12,3,25,Random ranked: QPU-valid-unique matched,567,567,64,64,65,65,0.0022116013691898667,0,1.5871959233026978e-09
"F=12, p=3",12,3,25,Random ranked: QPU-raw-draw matched,8192,792,4,4,5,5,0.0018109383484740116,0,1.0246595238960765e-08
"F=12, p=3",12,3,25,Random ranked: QPU-raw-draw matched,8192,792,8,8,9,9,0.0018109383484740116,0,1.0246595238960765e-08
"F=12, p=3",12,3,25,Random ranked: QPU-raw-draw matched,8192,792,16,16,17,17,0.0018109383484740116,0,1.0246595238960765e-08
"F=12, p=3",12,3,25,Random ranked: QPU-raw-draw matched,8192,792,32,32,33,33,0.0018109383484740116,0,1.0246595238960765e-08
"F=12, p=3",12,3,25,Random ranked: QPU-raw-draw matched,8192,792,64,64,65,65,0.0022116013691898667,0,1.5871959233026978e-09
"F=12, p=3",12,3,26,Uniform random: direct M,4,64,4,4,5,5,0.001344842812916705,0,2.728116132999503e-08
"F=12, p=3",12,3,26,Uniform random: direct M,8,64,8,8,9,9,0.0016882837195915587,0,1.6218159926140174e-08
"F=12, p=3",12,3,26,Uniform random: direct M,16,64,16,16,17,17,0.0022913879545879354,0,5.332866925833457e-09
"F=12, p=3",12,3,26,Uniform random: direct M,32,64,32,32,33,33,0.0022913879545879354,0,5.332866925833457e-09
"F=12, p=3",12,3,26,Uniform random: direct M,64,64,64,64,65,65,0.0022913879545879354,0,5.332866925833457e-09
"F=12, p=3",12,3,26,Random ranked: QPU-valid-unique matched,573,573,4,4,5,5,0.0018109383484740116,0,1.0246595238960765e-08
"F=12, p=3",12,3,26,Random ranked: QPU-valid-unique matched,573,573,8,8,9,9,0.0018109383484740116,0,1.0246595238960765e-08
"F=12, p=3",12,3,26,Random ranked: QPU-valid-unique matched,573,573,16,16,17,17,0.0018109383484740116,0,1.0246595238960765e-08
"F=12, p=3",12,3,26,Random ranked: QPU-valid-unique matched,573,573,32,32,33,33,0.0022116013691898667,0,1.5871959233026978e-09
"F=12, p=3",12,3,26,Random ranked: QPU-valid-unique matched,573,573,64,64,65,65,0.0022116013691898667,0,1.5871959233026978e-09
"F=12, p=3",12,3,26,Random ranked: QPU-raw-draw matched,8192,792,4,4,5,5,0.0018109383484740116,0,1.0246595238960765e-08
"F=12, p=3",12,3,26,Random ranked: QPU-raw-draw matched,8192,792,8,8,9,9,0.0018109383484740116,0,1.0246595238960765e-08
"F=12, p=3",12,3,26,Random ranked: QPU-raw-draw matched,8192,792,16,16,17,17,0.0018109383484740116,0,1.0246595238960765e-08
"F=12, p=3",12,3,26,Random ranked: QPU-raw-draw matched,8192,792,32,32,33,33,0.0018109383484740116,0,1.0246595238960765e-08
"F=12, p=3",12,3,26,Random ranked: QPU-raw-draw matched,8192,792,64,64,65,65,0.0022116013691898667,0,1.5871959233026978e-09
"F=12, p=3",12,3,27,Uniform random: direct M,4,64,4,4,5,5,0.0017819038842051133,0,9.740913561873121e-10
"F=12, p=3",12,3,27,Uniform random: direct M,8,64,8,8,9,9,0.0017819038842051133,0,9.740913561873121e-10
"F=12, p=3",12,3,27,Uniform random: direct M,16,64,16,16,17,17,0.0018914244630182514,0,9.377968887558374e-10
"F=12, p=3",12,3,27,Uniform random: direct M,32,64,32,32,33,33,0.0019795327160341755,0,4.216046778360294e-08
"F=12, p=3",12,3,27,Uniform random: direct M,64,64,64,64,65,65,0.002072786394474252,0,1.351763656565197e-08
"F=12, p=3",12,3,27,Random ranked: QPU-valid-unique matched,604,604,4,4,5,5,0.0018109383484740116,0,1.0246595238960765e-08
"F=12, p=3",12,3,27,Random ranked: QPU-valid-unique matched,604,604,8,8,9,9,0.0018109383484740116,0,1.0246595238960765e-08
"F=12, p=3",12,3,27,Random ranked: QPU-valid-unique matched,604,604,16,16,17,17,0.0018109383484740116,0,1.0246595238960765e-08
"F=12, p=3",12,3,27,Random ranked: QPU-valid-unique matched,604,604,32,32,33,33,0.0022116013691898667,0,1.5871959233026978e-09
"F=12, p=3",12,3,27,Random ranked: QPU-valid-unique matched,604,604,64,64,65,65,0.0022116013691898667,0,1.5871959233026978e-09
"F=12, p=3",12,3,27,Random ranked: QPU-raw-draw matched,8192,792,4,4,5,5,0.0018109383484740116,0,1.0246595238960765e-08
"F=12, p=3",12,3,27,Random ranked: QPU-raw-draw matched,8192,792,8,8,9,9,0.0018109383484740116,0,1.0246595238960765e-08
"F=12, p=3",12,3,27,Random ranked: QPU-raw-draw matched,8192,792,16,16,17,17,0.0018109383484740116,0,1.0246595238960765e-08
"F=12, p=3",12,3,27,Random ranked: QPU-raw-draw matched,8192,792,32,32,33,33,0.0018109383484740116,0,1.0246595238960765e-08
"F=12, p=3",12,3,27,Random ranked: QPU-raw-draw matched,8192,792,64,64,65,65,0.0022116013691898667,0,1.5871959233026978e-09
"F=12, p=3",12,3,28,Uniform random: direct M,4,64,4,4,5,5,0.0017728483043574078,0,1.8388625622201005e-08
"F=12, p=3",12,3,28,Uniform random: direct M,8,64,8,8,9,9,0.001953835940990245,0,2.602881876700991e-08
"F=12, p=3",12,3,28,Uniform random: direct M,16,64,16,16,17,17,0.001989133788541174,0,4.219225863133502e-08
"F=12, p=3",12,3,28,Uniform random: direct M,32,64,32,32,33,33,0.0020188702083837884,0,1.6846258166225425e-08
"F=12, p=3",12,3,28,Uniform random: direct M,64,64,64,64,65,65,0.0020188702083837884,0,1.6846258166225425e-08
"F=12, p=3",12,3,28,Random ranked: QPU-valid-unique matched,567,567,4,4,5,5,0.0018109383484740116,0,1.0246595238960765e-08
"F=12, p=3",12,3,28,Random ranked: QPU-valid-unique matched,567,567,8,8,9,9,0.0018109383484740116,0,1.0246595238960765e-08
"F=12, p=3",12,3,28,Random ranked: QPU-valid-unique matched,567,567,16,16,17,17,0.0018109383484740116,0,1.0246595238960765e-08
"F=12, p=3",12,3,28,Random ranked: QPU-valid-unique matched,567,567,32,32,33,33,0.0022116013691898667,0,1.5871959233026978e-09
"F=12, p=3",12,3,28,Random ranked: QPU-valid-unique matched,567,567,64,64,65,65,0.0022116013691898667,0,1.5871959233026978e-09
"F=12, p=3",12,3,28,Random ranked: QPU-raw-draw matched,8192,792,4,4,5,5,0.0018109383484740116,0,1.0246595238960765e-08
"F=12, p=3",12,3,28,Random ranked: QPU-raw-draw matched,8192,792,8,8,9,9,0.0018109383484740116,0,1.0246595238960765e-08
"F=12, p=3",12,3,28,Random ranked: QPU-raw-draw matched,8192,792,16,16,17,17,0.0018109383484740116,0,1.0246595238960765e-08
"F=12, p=3",12,3,28,Random ranked: QPU-raw-draw matched,8192,792,32,32,33,33,0.0018109383484740116,0,1.0246595238960765e-08
"F=12, p=3",12,3,28,Random ranked: QPU-raw-draw matched,8192,792,64,64,65,65,0.0022116013691898667,0,1.5871959233026978e-09
"F=12, p=3",12,3,29,Uniform random: direct M,4,64,4,4,5,5,0.0018390995708183755,0,1.9527900629867645e-08
"F=12, p=3",12,3,29,Uniform random: direct M,8,64,8,8,9,9,0.0018390995708183755,0,1.9527900629867645e-08
"F=12, p=3",12,3,29,Uniform random: direct M,16,64,16,16,17,17,0.0020824224192499963,0,3.288324834649359e-08
"F=12, p=3",12,3,29,Uniform random: direct M,32,64,32,32,33,33,0.0022051517826403508,0,1.6640180955374007e-08
"F=12, p=3",12,3,29,Uniform random: direct M,64,64,64,64,65,65,0.0022051517826403508,0,1.6640180955374007e-08
"F=12, p=3",12,3,29,Random ranked: QPU-valid-unique matched,573,573,4,4,5,5,0.0017270418735284773,0,1.1855663006876682e-08
"F=12, p=3",12,3,29,Random ranked: QPU-valid-unique matched,573,573,8,8,9,9,0.0017270418735284773,0,1.1855663006876682e-08
"F=12, p=3",12,3,29,Random ranked: QPU-valid-unique matched,573,573,16,16,17,17,0.0017270418735284773,0,1.1855663006876682e-08
"F=12, p=3",12,3,29,Random ranked: QPU-valid-unique matched,573,573,32,32,33,33,0.0022116013691898667,0,1.5871959233026978e-09
"F=12, p=3",12,3,29,Random ranked: QPU-valid-unique matched,573,573,64,64,65,65,0.0022116013691898667,0,1.5871959233026978e-09
"F=12, p=3",12,3,29,Random ranked: QPU-raw-draw matched,8192,792,4,4,5,5,0.0018109383484740116,0,1.0246595238960765e-08
"F=12, p=3",12,3,29,Random ranked: QPU-raw-draw matched,8192,792,8,8,9,9,0.0018109383484740116,0,1.0246595238960765e-08
"F=12, p=3",12,3,29,Random ranked: QPU-raw-draw matched,8192,792,16,16,17,17,0.0018109383484740116,0,1.0246595238960765e-08
"F=12, p=3",12,3,29,Random ranked: QPU-raw-draw matched,8192,792,32,32,33,33,0.0018109383484740116,0,1.0246595238960765e-08
"F=12, p=3",12,3,29,Random ranked: QPU-raw-draw matched,8192,792,64,64,65,65,0.0022116013691898667,0,1.5871959233026978e-09
"F=12, p=3",12,3,30,Uniform random: direct M,4,64,4,4,5,5,0.0015297012430184054,0,4.715348042583223e-10
"F=12, p=3",12,3,30,Uniform random: direct M,8,64,8,8,9,9,0.0015297012430184054,0,4.715348042583223e-10
"F=12, p=3",12,3,30,Uniform random: direct M,16,64,16,16,17,17,0.0022464218408675546,0,2.4162556455653572e-08
"F=12, p=3",12,3,30,Uniform random: direct M,32,64,32,32,33,33,0.0022464218408675546,0,2.4162556455653572e-08
"F=12, p=3",12,3,30,Uniform random: direct M,64,64,64,64,65,65,0.0022464218408675546,0,2.4162556455653572e-08
"F=12, p=3",12,3,30,Random ranked: QPU-valid-unique matched,604,604,4,4,5,5,0.0017270418735284773,0,1.1855663006876682e-08
"F=12, p=3",12,3,30,Random ranked: QPU-valid-unique matched,604,604,8,8,9,9,0.0017270418735284773,0,1.1855663006876682e-08
"F=12, p=3",12,3,30,Random ranked: QPU-valid-unique matched,604,604,16,16,17,17,0.0017270418735284773,0,1.1855663006876682e-08
"F=12, p=3",12,3,30,Random ranked: QPU-valid-unique matched,604,604,32,32,33,33,0.002183962364759366,0,3.5559162170351044e-08
"F=12, p=3",12,3,30,Random ranked: QPU-valid-unique matched,604,604,64,64,65,65,0.002183962364759366,0,3.5559162170351044e-08
"F=12, p=3",12,3,30,Random ranked: QPU-raw-draw matched,8192,792,4,4,5,5,0.0018109383484740116,0,1.0246595238960765e-08
"F=12, p=3",12,3,30,Random ranked: QPU-raw-draw matched,8192,792,8,8,9,9,0.0018109383484740116,0,1.0246595238960765e-08
"F=12, p=3",12,3,30,Random ranked: QPU-raw-draw matched,8192,792,16,16,17,17,0.0018109383484740116,0,1.0246595238960765e-08
"F=12, p=3",12,3,30,Random ranked: QPU-raw-draw matched,8192,792,32,32,33,33,0.0018109383484740116,0,1.0246595238960765e-08
"F=12, p=3",12,3,30,Random ranked: QPU-raw-draw matched,8192,792,64,64,65,65,0.0022116013691898667,0,1.5871959233026978e-09
"F=12, p=3",12,3,31,Uniform random: direct M,4,64,4,4,5,5,0.001701300066795676,0,3.1603875766395007e-10
"F=12, p=3",12,3,31,Uniform random: direct M,8,64,8,8,9,9,0.0022532156543049117,0,1.5098162511884006e-09
"F=12, p=3",12,3,31,Uniform random: direct M,16,64,16,16,17,17,0.0022532156543049117,0,1.5098162511884006e-09
"F=12, p=3",12,3,31,Uniform random: direct M,32,64,32,32,33,33,0.0022532156543049117,0,1.5098162511884006e-09
"F=12, p=3",12,3,31,Uniform random: direct M,64,64,64,64,65,65,0.0022532156543049117,0,1.5098162511884006e-09
"F=12, p=3",12,3,31,Random ranked: QPU-valid-unique matched,567,567,4,4,5,5,0.0018109383484740116,0,1.0246595238960765e-08
"F=12, p=3",12,3,31,Random ranked: QPU-valid-unique matched,567,567,8,8,9,9,0.0018109383484740116,0,1.0246595238960765e-08
"F=12, p=3",12,3,31,Random ranked: QPU-valid-unique matched,567,567,16,16,17,17,0.0018109383484740116,0,1.0246595238960765e-08
"F=12, p=3",12,3,31,Random ranked: QPU-valid-unique matched,567,567,32,32,33,33,0.0021112034877985297,0,3.417185445719895e-08
"F=12, p=3",12,3,31,Random ranked: QPU-valid-unique matched,567,567,64,64,65,65,0.002183962364759366,0,3.5559162170351044e-08
"F=12, p=3",12,3,31,Random ranked: QPU-raw-draw matched,8192,792,4,4,5,5,0.0018109383484740116,0,1.0246595238960765e-08
"F=12, p=3",12,3,31,Random ranked: QPU-raw-draw matched,8192,792,8,8,9,9,0.0018109383484740116,0,1.0246595238960765e-08
"F=12, p=3",12,3,31,Random ranked: QPU-raw-draw matched,8192,792,16,16,17,17,0.0018109383484740116,0,1.0246595238960765e-08
"F=12, p=3",12,3,31,Random ranked: QPU-raw-draw matched,8192,792,32,32,33,33,0.0018109383484740116,0,1.0246595238960765e-08
"F=12, p=3",12,3,31,Random ranked: QPU-raw-draw matched,8192,792,64,64,65,65,0.0022116013691898667,0,1.5871959233026978e-09
"F=12, p=3",12,3,32,Uniform random: direct M,4,64,4,4,5,5,0.0017371897290156882,0,3.205395482375195e-08
"F=12, p=3",12,3,32,Uniform random: direct M,8,64,8,8,9,9,0.0017371897290156882,0,3.205395482375195e-08
"F=12, p=3",12,3,32,Uniform random: direct M,16,64,16,16,17,17,0.002171533395821844,0,2.5322205887690075e-08
"F=12, p=3",12,3,32,Uniform random: direct M,32,64,32,32,33,33,0.002171533395821844,0,2.5322205887690075e-08
"F=12, p=3",12,3,32,Uniform random: direct M,64,64,64,64,65,65,0.002171533395821844,0,2.5322205887690075e-08
"F=12, p=3",12,3,32,Random ranked: QPU-valid-unique matched,573,573,4,4,5,5,0.0018109383484740116,0,1.0246595238960765e-08
"F=12, p=3",12,3,32,Random ranked: QPU-valid-unique matched,573,573,8,8,9,9,0.0018109383484740116,0,1.0246595238960765e-08
"F=12, p=3",12,3,32,Random ranked: QPU-valid-unique matched,573,573,16,16,17,17,0.0018109383484740116,0,1.0246595238960765e-08
"F=12, p=3",12,3,32,Random ranked: QPU-valid-unique matched,573,573,32,32,33,33,0.0022116013691898667,0,1.5871959233026978e-09
"F=12, p=3",12,3,32,Random ranked: QPU-valid-unique matched,573,573,64,64,65,65,0.0022116013691898667,0,1.5871959233026978e-09
"F=12, p=3",12,3,32,Random ranked: QPU-raw-draw matched,8192,792,4,4,5,5,0.0018109383484740116,0,1.0246595238960765e-08
"F=12, p=3",12,3,32,Random ranked: QPU-raw-draw matched,8192,792,8,8,9,9,0.0018109383484740116,0,1.0246595238960765e-08
"F=12, p=3",12,3,32,Random ranked: QPU-raw-draw matched,8192,792,16,16,17,17,0.0018109383484740116,0,1.0246595238960765e-08
"F=12, p=3",12,3,32,Random ranked: QPU-raw-draw matched,8192,792,32,32,33,33,0.0018109383484740116,0,1.0246595238960765e-08
"F=12, p=3",12,3,32,Random ranked: QPU-raw-draw matched,8192,792,64,64,65,65,0.0022116013691898667,0,1.5871959233026978e-09
"F=12, p=3",12,3,33,Uniform random: direct M,4,64,4,4,5,5,0.0018529145888838833,0,3.3455762604717165e-08
"F=12, p=3",12,3,33,Uniform random: direct M,8,64,8,8,9,9,0.0018529145888838833,0,3.3455762604717165e-08
"F=12, p=3",12,3,33,Uniform random: direct M,16,64,16,16,17,17,0.0018934299750731354,0,3.5502889017546835e-08
"F=12, p=3",12,3,33,Uniform random: direct M,32,64,32,32,33,33,0.0020397992668093473,0,2.1682067807837768e-08
"F=12, p=3",12,3,33,Uniform random: direct M,64,64,64,64,65,65,0.0022464218408675546,0,2.4162556455653572e-08
"F=12, p=3",12,3,33,Random ranked: QPU-valid-unique matched,604,604,4,4,5,5,0.0018109383484740116,0,1.0246595238960765e-08
"F=12, p=3",12,3,33,Random ranked: QPU-valid-unique matched,604,604,8,8,9,9,0.0018109383484740116,0,1.0246595238960765e-08
"F=12, p=3",12,3,33,Random ranked: QPU-valid-unique matched,604,604,16,16,17,17,0.0018109383484740116,0,1.0246595238960765e-08
"F=12, p=3",12,3,33,Random ranked: QPU-valid-unique matched,604,604,32,32,33,33,0.0022116013691898667,0,1.5871959233026978e-09
"F=12, p=3",12,3,33,Random ranked: QPU-valid-unique matched,604,604,64,64,65,65,0.0022116013691898667,0,1.5871959233026978e-09
"F=12, p=3",12,3,33,Random ranked: QPU-raw-draw matched,8192,792,4,4,5,5,0.0018109383484740116,0,1.0246595238960765e-08
"F=12, p=3",12,3,33,Random ranked: QPU-raw-draw matched,8192,792,8,8,9,9,0.0018109383484740116,0,1.0246595238960765e-08
"F=12, p=3",12,3,33,Random ranked: QPU-raw-draw matched,8192,792,16,16,17,17,0.0018109383484740116,0,1.0246595238960765e-08
"F=12, p=3",12,3,33,Random ranked: QPU-raw-draw matched,8192,792,32,32,33,33,0.0018109383484740116,0,1.0246595238960765e-08
"F=12, p=3",12,3,33,Random ranked: QPU-raw-draw matched,8192,792,64,64,65,65,0.0022116013691898667,0,1.5871959233026978e-09
"F=12, p=3",12,3,34,Uniform random: direct M,4,64,4,4,5,5,0.0015983817811347709,0,1.562041318514673e-08
"F=12, p=3",12,3,34,Uniform random: direct M,8,64,8,8,9,9,0.0015983817811347709,0,1.562041318514673e-08
"F=12, p=3",12,3,34,Uniform random: direct M,16,64,16,16,17,17,0.0019351976973788765,0,1.6032764393880683e-08
"F=12, p=3",12,3,34,Uniform random: direct M,32,64,32,32,33,33,0.0019351976973788765,0,1.6032764393880683e-08
"F=12, p=3",12,3,34,Uniform random: direct M,64,64,64,64,65,65,0.0019351976973788765,0,1.6032764393880683e-08
"F=12, p=3",12,3,34,Random ranked: QPU-valid-unique matched,567,567,4,4,5,5,0.0018109383484740116,0,1.0246595238960765e-08
"F=12, p=3",12,3,34,Random ranked: QPU-valid-unique matched,567,567,8,8,9,9,0.0018109383484740116,0,1.0246595238960765e-08
"F=12, p=3",12,3,34,Random ranked: QPU-valid-unique matched,567,567,16,16,17,17,0.0018109383484740116,0,1.0246595238960765e-08
"F=12, p=3",12,3,34,Random ranked: QPU-valid-unique matched,567,567,32,32,33,33,0.002183962364759366,0,3.5559162170351044e-08
"F=12, p=3",12,3,34,Random ranked: QPU-valid-unique matched,567,567,64,64,65,65,0.002183962364759366,0,3.5559162170351044e-08
"F=12, p=3",12,3,34,Random ranked: QPU-raw-draw matched,8192,792,4,4,5,5,0.0018109383484740116,0,1.0246595238960765e-08
"F=12, p=3",12,3,34,Random ranked: QPU-raw-draw matched,8192,792,8,8,9,9,0.0018109383484740116,0,1.0246595238960765e-08
"F=12, p=3",12,3,34,Random ranked: QPU-raw-draw matched,8192,792,16,16,17,17,0.0018109383484740116,0,1.0246595238960765e-08
"F=12, p=3",12,3,34,Random ranked: QPU-raw-draw matched,8192,792,32,32,33,33,0.0018109383484740116,0,1.0246595238960765e-08
"F=12, p=3",12,3,34,Random ranked: QPU-raw-draw matched,8192,792,64,64,65,65,0.0022116013691898667,0,1.5871959233026978e-09
"F=12, p=3",12,3,35,Uniform random: direct M,4,64,4,4,5,5,0.0017036736898794619,0,2.0084613971960152e-09
"F=12, p=3",12,3,35,Uniform random: direct M,8,64,8,8,9,9,0.0019378524802506208,0,3.6320275786927425e-08
"F=12, p=3",12,3,35,Uniform random: direct M,16,64,16,16,17,17,0.0019378524802506208,0,3.6320275786927425e-08
"F=12, p=3",12,3,35,Uniform random: direct M,32,64,32,32,33,33,0.0022464218408675546,0,2.4162556455653572e-08
"F=12, p=3",12,3,35,Uniform random: direct M,64,64,64,64,65,65,0.0022464218408675546,0,2.4162556455653572e-08
"F=12, p=3",12,3,35,Random ranked: QPU-valid-unique matched,573,573,4,4,5,5,0.0018109383484740116,0,1.0246595238960765e-08
"F=12, p=3",12,3,35,Random ranked: QPU-valid-unique matched,573,573,8,8,9,9,0.0018109383484740116,0,1.0246595238960765e-08
"F=12, p=3",12,3,35,Random ranked: QPU-valid-unique matched,573,573,16,16,17,17,0.0018109383484740116,0,1.0246595238960765e-08
"F=12, p=3",12,3,35,Random ranked: QPU-valid-unique matched,573,573,32,32,33,33,0.0022116013691898667,0,1.5871959233026978e-09
"F=12, p=3",12,3,35,Random ranked: QPU-valid-unique matched,573,573,64,64,65,65,0.0022116013691898667,0,1.5871959233026978e-09
"F=12, p=3",12,3,35,Random ranked: QPU-raw-draw matched,8192,792,4,4,5,5,0.0018109383484740116,0,1.0246595238960765e-08
"F=12, p=3",12,3,35,Random ranked: QPU-raw-draw matched,8192,792,8,8,9,9,0.0018109383484740116,0,1.0246595238960765e-08
"F=12, p=3",12,3,35,Random ranked: QPU-raw-draw matched,8192,792,16,16,17,17,0.0018109383484740116,0,1.0246595238960765e-08
"F=12, p=3",12,3,35,Random ranked: QPU-raw-draw matched,8192,792,32,32,33,33,0.0018109383484740116,0,1.0246595238960765e-08
"F=12, p=3",12,3,35,Random ranked: QPU-raw-draw matched,8192,792,64,64,65,65,0.0022116013691898667,0,1.5871959233026978e-09
"F=12, p=3",12,3,36,Uniform random: direct M,4,64,4,4,5,5,0.0018832608885895538,0,4.053699359518603e-08
"F=12, p=3",12,3,36,Uniform random: direct M,8,64,8,8,9,9,0.0018832608885895538,0,4.053699359518603e-08
"F=12, p=3",12,3,36,Uniform random: direct M,16,64,16,16,17,17,0.0018832608885895538,0,4.053699359518603e-08
"F=12, p=3",12,3,36,Uniform random: direct M,32,64,32,32,33,33,0.0019687652154016244,0,5.915813949819437e-10
"F=12, p=3",12,3,36,Uniform random: direct M,64,64,64,64,65,65,0.0021112034877985297,0,3.417185445719895e-08
"F=12, p=3",12,3,36,Random ranked: QPU-valid-unique matched,604,604,4,4,5,5,0.0018109383484740116,0,1.0246595238960765e-08
"F=12, p=3",12,3,36,Random ranked: QPU-valid-unique matched,604,604,8,8,9,9,0.0018109383484740116,0,1.0246595238960765e-08
"F=12, p=3",12,3,36,Random ranked: QPU-valid-unique matched,604,604,16,16,17,17,0.0018109383484740116,0,1.0246595238960765e-08
"F=12, p=3",12,3,36,Random ranked: QPU-valid-unique matched,604,604,32,32,33,33,0.0022116013691898667,0,1.5871959233026978e-09
"F=12, p=3",12,3,36,Random ranked: QPU-valid-unique matched,604,604,64,64,65,65,0.0022116013691898667,0,1.5871959233026978e-09
"F=12, p=3",12,3,36,Random ranked: QPU-raw-draw matched,8192,792,4,4,5,5,0.0018109383484740116,0,1.0246595238960765e-08
"F=12, p=3",12,3,36,Random ranked: QPU-raw-draw matched,8192,792,8,8,9,9,0.0018109383484740116,0,1.0246595238960765e-08
"F=12, p=3",12,3,36,Random ranked: QPU-raw-draw matched,8192,792,16,16,17,17,0.0018109383484740116,0,1.0246595238960765e-08
"F=12, p=3",12,3,36,Random ranked: QPU-raw-draw matched,8192,792,32,32,33,33,0.0018109383484740116,0,1.0246595238960765e-08
"F=12, p=3",12,3,36,Random ranked: QPU-raw-draw matched,8192,792,64,64,65,65,0.0022116013691898667,0,1.5871959233026978e-09
"F=12, p=3",12,3,37,Uniform random: direct M,4,64,4,4,5,5,0.0019378524802506208,0,3.6320275786927425e-08
"F=12, p=3",12,3,37,Uniform random: direct M,8,64,8,8,9,9,0.0019378524802506208,0,3.6320275786927425e-08
"F=12, p=3",12,3,37,Uniform random: direct M,16,64,16,16,17,17,0.0019378524802506208,0,3.6320275786927425e-08
"F=12, p=3",12,3,37,Uniform random: direct M,32,64,32,32,33,33,0.0019784962464583916,0,1.0862355459551054e-10
"F=12, p=3",12,3,37,Uniform random: direct M,64,64,64,64,65,65,0.002095995446612646,0,3.3439829238979257e-09
"F=12, p=3",12,3,37,Random ranked: QPU-valid-unique matched,567,567,4,4,5,5,0.0017270418735284773,0,1.1855663006876682e-08
"F=12, p=3",12,3,37,Random ranked: QPU-valid-unique matched,567,567,8,8,9,9,0.0017270418735284773,0,1.1855663006876682e-08
"F=12, p=3",12,3,37,Random ranked: QPU-valid-unique matched,567,567,16,16,17,17,0.0017270418735284773,0,1.1855663006876682e-08
"F=12, p=3",12,3,37,Random ranked: QPU-valid-unique matched,567,567,32,32,33,33,0.0022116013691898667,0,1.5871959233026978e-09
"F=12, p=3",12,3,37,Random ranked: QPU-valid-unique matched,567,567,64,64,65,65,0.0022116013691898667,0,1.5871959233026978e-09
"F=12, p=3",12,3,37,Random ranked: QPU-raw-draw matched,8192,792,4,4,5,5,0.0018109383484740116,0,1.0246595238960765e-08
"F=12, p=3",12,3,37,Random ranked: QPU-raw-draw matched,8192,792,8,8,9,9,0.0018109383484740116,0,1.0246595238960765e-08
"F=12, p=3",12,3,37,Random ranked: QPU-raw-draw matched,8192,792,16,16,17,17,0.0018109383484740116,0,1.0246595238960765e-08
"F=12, p=3",12,3,37,Random ranked: QPU-raw-draw matched,8192,792,32,32,33,33,0.0018109383484740116,0,1.0246595238960765e-08
"F=12, p=3",12,3,37,Random ranked: QPU-raw-draw matched,8192,792,64,64,65,65,0.0022116013691898667,0,1.5871959233026978e-09
"F=12, p=3",12,3,38,Uniform random: direct M,4,64,4,4,5,5,0.001264254224360599,0,6.360586501941157e-09
"F=12, p=3",12,3,38,Uniform random: direct M,8,64,8,8,9,9,0.001868372331714413,0,3.472937770698792e-08
"F=12, p=3",12,3,38,Uniform random: direct M,16,64,16,16,17,17,0.001868372331714413,0,3.472937770698792e-08
"F=12, p=3",12,3,38,Uniform random: direct M,32,64,32,32,33,33,0.002072786394474252,0,1.351763656565197e-08
"F=12, p=3",12,3,38,Uniform random: direct M,64,64,64,64,65,65,0.002072786394474252,0,1.351763656565197e-08
"F=12, p=3",12,3,38,Random ranked: QPU-valid-unique matched,573,573,4,4,5,5,0.0018109383484740116,0,1.0246595238960765e-08
"F=12, p=3",12,3,38,Random ranked: QPU-valid-unique matched,573,573,8,8,9,9,0.0018109383484740116,0,1.0246595238960765e-08
"F=12, p=3",12,3,38,Random ranked: QPU-valid-unique matched,573,573,16,16,17,17,0.0018109383484740116,0,1.0246595238960765e-08
"F=12, p=3",12,3,38,Random ranked: QPU-valid-unique matched,573,573,32,32,33,33,0.0022116013691898667,0,1.5871959233026978e-09
"F=12, p=3",12,3,38,Random ranked: QPU-valid-unique matched,573,573,64,64,65,65,0.0022116013691898667,0,1.5871959233026978e-09
"F=12, p=3",12,3,38,Random ranked: QPU-raw-draw matched,8192,792,4,4,5,5,0.0018109383484740116,0,1.0246595238960765e-08
"F=12, p=3",12,3,38,Random ranked: QPU-raw-draw matched,8192,792,8,8,9,9,0.0018109383484740116,0,1.0246595238960765e-08
"F=12, p=3",12,3,38,Random ranked: QPU-raw-draw matched,8192,792,16,16,17,17,0.0018109383484740116,0,1.0246595238960765e-08
"F=12, p=3",12,3,38,Random ranked: QPU-raw-draw matched,8192,792,32,32,33,33,0.0018109383484740116,0,1.0246595238960765e-08
"F=12, p=3",12,3,38,Random ranked: QPU-raw-draw matched,8192,792,64,64,65,65,0.0022116013691898667,0,1.5871959233026978e-09
"F=12, p=3",12,3,39,Uniform random: direct M,4,64,4,4,5,5,0.0017217134715258667,0,3.1686246071416235e-08
"F=12, p=3",12,3,39,Uniform random: direct M,8,64,8,8,9,9,0.0017217134715258667,0,3.1686246071416235e-08
"F=12, p=3",12,3,39,Uniform random: direct M,16,64,16,16,17,17,0.0017726004961088268,0,1.0001905623169272e-09
"F=12, p=3",12,3,39,Uniform random: direct M,32,64,32,32,33,33,0.0019378524802506208,0,3.6320275786927425e-08
"F=12, p=3",12,3,39,Uniform random: direct M,64,64,64,64,65,65,0.0020148794239700646,0,2.3456910858143942e-08
"F=12, p=3",12,3,39,Random ranked: QPU-valid-unique matched,604,604,4,4,5,5,0.0018109383484740116,0,1.0246595238960765e-08
"F=12, p=3",12,3,39,Random ranked: QPU-valid-unique matched,604,604,8,8,9,9,0.0018109383484740116,0,1.0246595238960765e-08
"F=12, p=3",12,3,39,Random ranked: QPU-valid-unique matched,604,604,16,16,17,17,0.0018109383484740116,0,1.0246595238960765e-08
"F=12, p=3",12,3,39,Random ranked: QPU-valid-unique matched,604,604,32,32,33,33,0.0022116013691898667,0,1.5871959233026978e-09
"F=12, p=3",12,3,39,Random ranked: QPU-valid-unique matched,604,604,64,64,65,65,0.0022116013691898667,0,1.5871959233026978e-09
"F=12, p=3",12,3,39,Random ranked: QPU-raw-draw matched,8192,792,4,4,5,5,0.0018109383484740116,0,1.0246595238960765e-08
"F=12, p=3",12,3,39,Random ranked: QPU-raw-draw matched,8192,792,8,8,9,9,0.0018109383484740116,0,1.0246595238960765e-08
"F=12, p=3",12,3,39,Random ranked: QPU-raw-draw matched,8192,792,16,16,17,17,0.0018109383484740116,0,1.0246595238960765e-08
"F=12, p=3",12,3,39,Random ranked: QPU-raw-draw matched,8192,792,32,32,33,33,0.0018109383484740116,0,1.0246595238960765e-08
"F=12, p=3",12,3,39,Random ranked: QPU-raw-draw matched,8192,792,64,64,65,65,0.0022116013691898667,0,1.5871959233026978e-09
"F=12, p=3",12,3,40,Uniform random: direct M,4,64,4,4,5,5,0.0015532738709193791,0,7.298363025043386e-10
"F=12, p=3",12,3,40,Uniform random: direct M,8,64,8,8,9,9,0.001696986392719306,0,5.101296468579264e-10
"F=12, p=3",12,3,40,Uniform random: direct M,16,64,16,16,17,17,0.001696986392719306,0,5.101296468579264e-10
"F=12, p=3",12,3,40,Uniform random: direct M,32,64,32,32,33,33,0.0021526211860807554,0,2.3899178247521746e-08
"F=12, p=3",12,3,40,Uniform random: direct M,64,64,64,64,65,65,0.0021526211860807554,0,2.3899178247521746e-08
"F=12, p=3",12,3,40,Random ranked: QPU-valid-unique matched,567,567,4,4,5,5,0.0018109383484740116,0,1.0246595238960765e-08
"F=12, p=3",12,3,40,Random ranked: QPU-valid-unique matched,567,567,8,8,9,9,0.0018109383484740116,0,1.0246595238960765e-08
"F=12, p=3",12,3,40,Random ranked: QPU-valid-unique matched,567,567,16,16,17,17,0.0018109383484740116,0,1.0246595238960765e-08
"F=12, p=3",12,3,40,Random ranked: QPU-valid-unique matched,567,567,32,32,33,33,0.0022116013691898667,0,1.5871959233026978e-09
"F=12, p=3",12,3,40,Random ranked: QPU-valid-unique matched,567,567,64,64,65,65,0.0022116013691898667,0,1.5871959233026978e-09
"F=12, p=3",12,3,40,Random ranked: QPU-raw-draw matched,8192,792,4,4,5,5,0.0018109383484740116,0,1.0246595238960765e-08
"F=12, p=3",12,3,40,Random ranked: QPU-raw-draw matched,8192,792,8,8,9,9,0.0018109383484740116,0,1.0246595238960765e-08
"F=12, p=3",12,3,40,Random ranked: QPU-raw-draw matched,8192,792,16,16,17,17,0.0018109383484740116,0,1.0246595238960765e-08
"F=12, p=3",12,3,40,Random ranked: QPU-raw-draw matched,8192,792,32,32,33,33,0.0018109383484740116,0,1.0246595238960765e-08
"F=12, p=3",12,3,40,Random ranked: QPU-raw-draw matched,8192,792,64,64,65,65,0.0022116013691898667,0,1.5871959233026978e-09
"F=12, p=3",12,3,41,Uniform random: direct M,4,64,4,4,5,5,0.0018107110606467372,0,9.207884121842369e-09
"F=12, p=3",12,3,41,Uniform random: direct M,8,64,8,8,9,9,0.00207482869845238,0,1.6061407828726892e-09
"F=12, p=3",12,3,41,Uniform random: direct M,16,64,16,16,17,17,0.00207482869845238,0,1.6061407828726892e-09
"F=12, p=3",12,3,41,Uniform random: direct M,32,64,32,32,33,33,0.00207482869845238,0,1.6061407828726892e-09
"F=12, p=3",12,3,41,Uniform random: direct M,64,64,64,64,65,65,0.0020824224192499963,0,3.288324834649359e-08
"F=12, p=3",12,3,41,Random ranked: QPU-valid-unique matched,573,573,4,4,5,5,0.0017270418735284773,0,1.1855663006876682e-08
"F=12, p=3",12,3,41,Random ranked: QPU-valid-unique matched,573,573,8,8,9,9,0.0017270418735284773,0,1.1855663006876682e-08
"F=12, p=3",12,3,41,Random ranked: QPU-valid-unique matched,573,573,16,16,17,17,0.0017270418735284773,0,1.1855663006876682e-08
"F=12, p=3",12,3,41,Random ranked: QPU-valid-unique matched,573,573,32,32,33,33,0.0022116013691898667,0,1.5871959233026978e-09
"F=12, p=3",12,3,41,Random ranked: QPU-valid-unique matched,573,573,64,64,65,65,0.0022116013691898667,0,1.5871959233026978e-09
"F=12, p=3",12,3,41,Random ranked: QPU-raw-draw matched,8192,792,4,4,5,5,0.0018109383484740116,0,1.0246595238960765e-08
"F=12, p=3",12,3,41,Random ranked: QPU-raw-draw matched,8192,792,8,8,9,9,0.0018109383484740116,0,1.0246595238960765e-08
"F=12, p=3",12,3,41,Random ranked: QPU-raw-draw matched,8192,792,16,16,17,17,0.0018109383484740116,0,1.0246595238960765e-08
"F=12, p=3",12,3,41,Random ranked: QPU-raw-draw matched,8192,792,32,32,33,33,0.0018109383484740116,0,1.0246595238960765e-08
"F=12, p=3",12,3,41,Random ranked: QPU-raw-draw matched,8192,792,64,64,65,65,0.0022116013691898667,0,1.5871959233026978e-09
"F=12, p=3",12,3,42,Uniform random: direct M,4,64,4,4,5,5,0.00158902029688833,0,9.092310127023495e-09
"F=12, p=3",12,3,42,Uniform random: direct M,8,64,8,8,9,9,0.00158902029688833,0,9.092310127023495e-09
"F=12, p=3",12,3,42,Uniform random: direct M,16,64,16,16,17,17,0.002000580204181847,0,4.778222817414246e-10
"F=12, p=3",12,3,42,Uniform random: direct M,32,64,32,32,33,33,0.002000580204181847,0,4.778222817414246e-10
"F=12, p=3",12,3,42,Uniform random: direct M,64,64,64,64,65,65,0.0022051517826403508,0,1.6640180955374007e-08
"F=12, p=3",12,3,42,Random ranked: QPU-valid-unique matched,604,604,4,4,5,5,0.0018109383484740116,0,1.0246595238960765e-08
"F=12, p=3",12,3,42,Random ranked: QPU-valid-unique matched,604,604,8,8,9,9,0.0018109383484740116,0,1.0246595238960765e-08
"F=12, p=3",12,3,42,Random ranked: QPU-valid-unique matched,604,604,16,16,17,17,0.0018109383484740116,0,1.0246595238960765e-08
"F=12, p=3",12,3,42,Random ranked: QPU-valid-unique matched,604,604,32,32,33,33,0.0022116013691898667,0,1.5871959233026978e-09
"F=12, p=3",12,3,42,Random ranked: QPU-valid-unique matched,604,604,64,64,65,65,0.0022116013691898667,0,1.5871959233026978e-09
"F=12, p=3",12,3,42,Random ranked: QPU-raw-draw matched,8192,792,4,4,5,5,0.0018109383484740116,0,1.0246595238960765e-08
"F=12, p=3",12,3,42,Random ranked: QPU-raw-draw matched,8192,792,8,8,9,9,0.0018109383484740116,0,1.0246595238960765e-08
"F=12, p=3",12,3,42,Random ranked: QPU-raw-draw matched,8192,792,16,16,17,17,0.0018109383484740116,0,1.0246595238960765e-08
"F=12, p=3",12,3,42,Random ranked: QPU-raw-draw matched,8192,792,32,32,33,33,0.0018109383484740116,0,1.0246595238960765e-08
"F=12, p=3",12,3,42,Random ranked: QPU-raw-draw matched,8192,792,64,64,65,65,0.0022116013691898667,0,1.5871959233026978e-09
"F=12, p=3",12,3,43,Uniform random: direct M,4,64,4,4,5,5,0.0020397992668093473,0,2.1682067807837768e-08
"F=12, p=3",12,3,43,Uniform random: direct M,8,64,8,8,9,9,0.0020397992668093473,0,2.1682067807837768e-08
"F=12, p=3",12,3,43,Uniform random: direct M,16,64,16,16,17,17,0.0020397992668093473,0,2.1682067807837768e-08
"F=12, p=3",12,3,43,Uniform random: direct M,32,64,32,32,33,33,0.0020641706177956937,0,2.9259401151948694e-10
"F=12, p=3",12,3,43,Uniform random: direct M,64,64,64,64,65,65,0.0020641706177956937,0,2.9259401151948694e-10
"F=12, p=3",12,3,43,Random ranked: QPU-valid-unique matched,567,567,4,4,5,5,0.0018109383484740116,0,1.0246595238960765e-08
"F=12, p=3",12,3,43,Random ranked: QPU-valid-unique matched,567,567,8,8,9,9,0.0018109383484740116,0,1.0246595238960765e-08
"F=12, p=3",12,3,43,Random ranked: QPU-valid-unique matched,567,567,16,16,17,17,0.0018109383484740116,0,1.0246595238960765e-08
"F=12, p=3",12,3,43,Random ranked: QPU-valid-unique matched,567,567,32,32,33,33,0.002183962364759366,0,3.5559162170351044e-08
"F=12, p=3",12,3,43,Random ranked: QPU-valid-unique matched,567,567,64,64,65,65,0.002183962364759366,0,3.5559162170351044e-08
"F=12, p=3",12,3,43,Random ranked: QPU-raw-draw matched,8192,792,4,4,5,5,0.0018109383484740116,0,1.0246595238960765e-08
"F=12, p=3",12,3,43,Random ranked: QPU-raw-draw matched,8192,792,8,8,9,9,0.0018109383484740116,0,1.0246595238960765e-08
"F=12, p=3",12,3,43,Random ranked: QPU-raw-draw matched,8192,792,16,16,17,17,0.0018109383484740116,0,1.0246595238960765e-08
"F=12, p=3",12,3,43,Random ranked: QPU-raw-draw matched,8192,792,32,32,33,33,0.0018109383484740116,0,1.0246595238960765e-08
"F=12, p=3",12,3,43,Random ranked: QPU-raw-draw matched,8192,792,64,64,65,65,0.0022116013691898667,0,1.5871959233026978e-09
"F=12, p=3",12,3,44,Uniform random: direct M,4,64,4,4,5,5,0.0012674860223538323,0,1.2993784048731527e-08
"F=12, p=3",12,3,44,Uniform random: direct M,8,64,8,8,9,9,0.001988625112187635,0,1.8992615091750764e-08
"F=12, p=3",12,3,44,Uniform random: direct M,16,64,16,16,17,17,0.001988625112187635,0,1.8992615091750764e-08
"F=12, p=3",12,3,44,Uniform random: direct M,32,64,32,32,33,33,0.001988625112187635,0,1.8992615091750764e-08
"F=12, p=3",12,3,44,Uniform random: direct M,64,64,64,64,65,65,0.0021112034877985297,0,3.417185445719895e-08
"F=12, p=3",12,3,44,Random ranked: QPU-valid-unique matched,573,573,4,4,5,5,0.0018109383484740116,0,1.0246595238960765e-08
"F=12, p=3",12,3,44,Random ranked: QPU-valid-unique matched,573,573,8,8,9,9,0.0018109383484740116,0,1.0246595238960765e-08
"F=12, p=3",12,3,44,Random ranked: QPU-valid-unique matched,573,573,16,16,17,17,0.0018109383484740116,0,1.0246595238960765e-08
"F=12, p=3",12,3,44,Random ranked: QPU-valid-unique matched,573,573,32,32,33,33,0.002183962364759366,0,3.5559162170351044e-08
"F=12, p=3",12,3,44,Random ranked: QPU-valid-unique matched,573,573,64,64,65,65,0.002183962364759366,0,3.5559162170351044e-08
"F=12, p=3",12,3,44,Random ranked: QPU-raw-draw matched,8192,792,4,4,5,5,0.0018109383484740116,0,1.0246595238960765e-08
"F=12, p=3",12,3,44,Random ranked: QPU-raw-draw matched,8192,792,8,8,9,9,0.0018109383484740116,0,1.0246595238960765e-08
"F=12, p=3",12,3,44,Random ranked: QPU-raw-draw matched,8192,792,16,16,17,17,0.0018109383484740116,0,1.0246595238960765e-08
"F=12, p=3",12,3,44,Random ranked: QPU-raw-draw matched,8192,792,32,32,33,33,0.0018109383484740116,0,1.0246595238960765e-08
"F=12, p=3",12,3,44,Random ranked: QPU-raw-draw matched,8192,792,64,64,65,65,0.0022116013691898667,0,1.5871959233026978e-09
"F=12, p=3",12,3,45,Uniform random: direct M,4,64,4,4,5,5,0.0019687652154016244,0,5.915813949819437e-10
"F=12, p=3",12,3,45,Uniform random: direct M,8,64,8,8,9,9,0.0019687652154016244,0,5.915813949819437e-10
"F=12, p=3",12,3,45,Uniform random: direct M,16,64,16,16,17,17,0.0019687652154016244,0,5.915813949819437e-10
"F=12, p=3",12,3,45,Uniform random: direct M,32,64,32,32,33,33,0.0021021221506629453,0,3.5112568685935486e-08
"F=12, p=3",12,3,45,Uniform random: direct M,64,64,64,64,65,65,0.0021526211860807554,0,2.3899178247521746e-08
"F=12, p=3",12,3,45,Random ranked: QPU-valid-unique matched,604,604,4,4,5,5,0.0016945394496301336,0,3.195868808480995e-08
"F=12, p=3",12,3,45,Random ranked: QPU-valid-unique matched,604,604,8,8,9,9,0.0016945394496301336,0,3.195868808480995e-08
"F=12, p=3",12,3,45,Random ranked: QPU-valid-unique matched,604,604,16,16,17,17,0.0016945394496301336,0,3.195868808480995e-08
"F=12, p=3",12,3,45,Random ranked: QPU-valid-unique matched,604,604,32,32,33,33,0.0022116013691898667,0,1.5871959233026978e-09
"F=12, p=3",12,3,45,Random ranked: QPU-valid-unique matched,604,604,64,64,65,65,0.0022116013691898667,0,1.5871959233026978e-09
"F=12, p=3",12,3,45,Random ranked: QPU-raw-draw matched,8192,792,4,4,5,5,0.0018109383484740116,0,1.0246595238960765e-08
"F=12, p=3",12,3,45,Random ranked: QPU-raw-draw matched,8192,792,8,8,9,9,0.0018109383484740116,0,1.0246595238960765e-08
"F=12, p=3",12,3,45,Random ranked: QPU-raw-draw matched,8192,792,16,16,17,17,0.0018109383484740116,0,1.0246595238960765e-08
"F=12, p=3",12,3,45,Random ranked: QPU-raw-draw matched,8192,792,32,32,33,33,0.0018109383484740116,0,1.0246595238960765e-08
"F=12, p=3",12,3,45,Random ranked: QPU-raw-draw matched,8192,792,64,64,65,65,0.0022116013691898667,0,1.5871959233026978e-09
"F=12, p=3",12,3,46,Uniform random: direct M,4,64,4,4,5,5,0.001433728262299809,0,4.2519178844457883e-08
"F=12, p=3",12,3,46,Uniform random: direct M,8,64,8,8,9,9,0.0018482233378308358,0,2.368061718938108e-10
"F=12, p=3",12,3,46,Uniform random: direct M,16,64,16,16,17,17,0.0018482233378308358,0,2.368061718938108e-10
"F=12, p=3",12,3,46,Uniform random: direct M,32,64,32,32,33,33,0.0020397663322370904,0,5.461071664325523e-10
"F=12, p=3",12,3,46,Uniform random: direct M,64,64,64,64,65,65,0.0020397663322370904,0,5.461071664325523e-10
"F=12, p=3",12,3,46,Random ranked: QPU-valid-unique matched,567,567,4,4,5,5,0.0018109383484740116,0,1.0246595238960765e-08
"F=12, p=3",12,3,46,Random ranked: QPU-valid-unique matched,567,567,8,8,9,9,0.0018109383484740116,0,1.0246595238960765e-08
"F=12, p=3",12,3,46,Random ranked: QPU-valid-unique matched,567,567,16,16,17,17,0.0018109383484740116,0,1.0246595238960765e-08
"F=12, p=3",12,3,46,Random ranked: QPU-valid-unique matched,567,567,32,32,33,33,0.0022116013691898667,0,1.5871959233026978e-09
"F=12, p=3",12,3,46,Random ranked: QPU-valid-unique matched,567,567,64,64,65,65,0.0022116013691898667,0,1.5871959233026978e-09
"F=12, p=3",12,3,46,Random ranked: QPU-raw-draw matched,8192,792,4,4,5,5,0.0018109383484740116,0,1.0246595238960765e-08
"F=12, p=3",12,3,46,Random ranked: QPU-raw-draw matched,8192,792,8,8,9,9,0.0018109383484740116,0,1.0246595238960765e-08
"F=12, p=3",12,3,46,Random ranked: QPU-raw-draw matched,8192,792,16,16,17,17,0.0018109383484740116,0,1.0246595238960765e-08
"F=12, p=3",12,3,46,Random ranked: QPU-raw-draw matched,8192,792,32,32,33,33,0.0018109383484740116,0,1.0246595238960765e-08
"F=12, p=3",12,3,46,Random ranked: QPU-raw-draw matched,8192,792,64,64,65,65,0.0022116013691898667,0,1.5871959233026978e-09
"F=12, p=3",12,3,47,Uniform random: direct M,4,64,4,4,5,5,0.001868372331714413,0,3.472937770698792e-08
"F=12, p=3",12,3,47,Uniform random: direct M,8,64,8,8,9,9,0.001868372331714413,0,3.472937770698792e-08
"F=12, p=3",12,3,47,Uniform random: direct M,16,64,16,16,17,17,0.001868372331714413,0,3.472937770698792e-08
"F=12, p=3",12,3,47,Uniform random: direct M,32,64,32,32,33,33,0.001868372331714413,0,3.472937770698792e-08
"F=12, p=3",12,3,47,Uniform random: direct M,64,64,64,64,65,65,0.0022532156543049117,0,1.5098162511884006e-09
"F=12, p=3",12,3,47,Random ranked: QPU-valid-unique matched,573,573,4,4,5,5,0.0015131400629107422,0,2.8452568079373464e-08
"F=12, p=3",12,3,47,Random ranked: QPU-valid-unique matched,573,573,8,8,9,9,0.0015131400629107422,0,2.8452568079373464e-08
"F=12, p=3",12,3,47,Random ranked: QPU-valid-unique matched,573,573,16,16,17,17,0.0015131400629107422,0,2.8452568079373464e-08
"F=12, p=3",12,3,47,Random ranked: QPU-valid-unique matched,573,573,32,32,33,33,0.0022116013691898667,0,1.5871959233026978e-09
"F=12, p=3",12,3,47,Random ranked: QPU-valid-unique matched,573,573,64,64,65,65,0.0022116013691898667,0,1.5871959233026978e-09
"F=12, p=3",12,3,47,Random ranked: QPU-raw-draw matched,8192,792,4,4,5,5,0.0018109383484740116,0,1.0246595238960765e-08
"F=12, p=3",12,3,47,Random ranked: QPU-raw-draw matched,8192,792,8,8,9,9,0.0018109383484740116,0,1.0246595238960765e-08
"F=12, p=3",12,3,47,Random ranked: QPU-raw-draw matched,8192,792,16,16,17,17,0.0018109383484740116,0,1.0246595238960765e-08
"F=12, p=3",12,3,47,Random ranked: QPU-raw-draw matched,8192,792,32,32,33,33,0.0018109383484740116,0,1.0246595238960765e-08
"F=12, p=3",12,3,47,Random ranked: QPU-raw-draw matched,8192,792,64,64,65,65,0.0022116013691898667,0,1.5871959233026978e-09
"F=12, p=3",12,3,48,Uniform random: direct M,4,64,4,4,5,5,0.0016495481476415733,0,6.311706018946595e-10
"F=12, p=3",12,3,48,Uniform random: direct M,8,64,8,8,9,9,0.0016495481476415733,0,6.311706018946595e-10
"F=12, p=3",12,3,48,Uniform random: direct M,16,64,16,16,17,17,0.0017984382700286933,0,2.876238103244333e-08
"F=12, p=3",12,3,48,Uniform random: direct M,32,64,32,32,33,33,0.0018529145888838833,0,3.3455762604717165e-08
"F=12, p=3",12,3,48,Uniform random: direct M,64,64,64,64,65,65,0.0020824224192499963,0,3.288324834649359e-08
"F=12, p=3",12,3,48,Random ranked: QPU-valid-unique matched,604,604,4,4,5,5,0.0018109383484740116,0,1.0246595238960765e-08
"F=12, p=3",12,3,48,Random ranked: QPU-valid-unique matched,604,604,8,8,9,9,0.0018109383484740116,0,1.0246595238960765e-08
"F=12, p=3",12,3,48,Random ranked: QPU-valid-unique matched,604,604,16,16,17,17,0.0018109383484740116,0,1.0246595238960765e-08
"F=12, p=3",12,3,48,Random ranked: QPU-valid-unique matched,604,604,32,32,33,33,0.0022116013691898667,0,1.5871959233026978e-09
"F=12, p=3",12,3,48,Random ranked: QPU-valid-unique matched,604,604,64,64,65,65,0.0022116013691898667,0,1.5871959233026978e-09
"F=12, p=3",12,3,48,Random ranked: QPU-raw-draw matched,8192,792,4,4,5,5,0.0018109383484740116,0,1.0246595238960765e-08
"F=12, p=3",12,3,48,Random ranked: QPU-raw-draw matched,8192,792,8,8,9,9,0.0018109383484740116,0,1.0246595238960765e-08
"F=12, p=3",12,3,48,Random ranked: QPU-raw-draw matched,8192,792,16,16,17,17,0.0018109383484740116,0,1.0246595238960765e-08
"F=12, p=3",12,3,48,Random ranked: QPU-raw-draw matched,8192,792,32,32,33,33,0.0018109383484740116,0,1.0246595238960765e-08
"F=12, p=3",12,3,48,Random ranked: QPU-raw-draw matched,8192,792,64,64,65,65,0.0022116013691898667,0,1.5871959233026978e-09
"F=12, p=3",12,3,49,Uniform random: direct M,4,64,4,4,5,5,0.0018551059213389731,0,1.0237577105498552e-09
"F=12, p=3",12,3,49,Uniform random: direct M,8,64,8,8,9,9,0.0018551059213389731,0,1.0237577105498552e-09
"F=12, p=3",12,3,49,Uniform random: direct M,16,64,16,16,17,17,0.0020553601560186277,0,1.3760207584478934e-08
"F=12, p=3",12,3,49,Uniform random: direct M,32,64,32,32,33,33,0.0020553601560186277,0,1.3760207584478934e-08
"F=12, p=3",12,3,49,Uniform random: direct M,64,64,64,64,65,65,0.002347699485818054,0,1.0108587300550198e-09
"F=12, p=3",12,3,49,Random ranked: QPU-valid-unique matched,567,567,4,4,5,5,0.0018109383484740116,0,1.0246595238960765e-08
"F=12, p=3",12,3,49,Random ranked: QPU-valid-unique matched,567,567,8,8,9,9,0.0018109383484740116,0,1.0246595238960765e-08
"F=12, p=3",12,3,49,Random ranked: QPU-valid-unique matched,567,567,16,16,17,17,0.0018109383484740116,0,1.0246595238960765e-08
"F=12, p=3",12,3,49,Random ranked: QPU-valid-unique matched,567,567,32,32,33,33,0.0022116013691898667,0,1.5871959233026978e-09
"F=12, p=3",12,3,49,Random ranked: QPU-valid-unique matched,567,567,64,64,65,65,0.0022116013691898667,0,1.5871959233026978e-09
"F=12, p=3",12,3,49,Random ranked: QPU-raw-draw matched,8192,792,4,4,5,5,0.0018109383484740116,0,1.0246595238960765e-08
"F=12, p=3",12,3,49,Random ranked: QPU-raw-draw matched,8192,792,8,8,9,9,0.0018109383484740116,0,1.0246595238960765e-08
"F=12, p=3",12,3,49,Random ranked: QPU-raw-draw matched,8192,792,16,16,17,17,0.0018109383484740116,0,1.0246595238960765e-08
"F=12, p=3",12,3,49,Random ranked: QPU-raw-draw matched,8192,792,32,32,33,33,0.0018109383484740116,0,1.0246595238960765e-08
"F=12, p=3",12,3,49,Random ranked: QPU-raw-draw matched,8192,792,64,64,65,65,0.0022116013691898667,0,1.5871959233026978e-09
"F=16, p=1",16,1,0,Uniform random: direct M,4,64,4,4,5,5,0.0018347805126407227,0,1.503695074012157e-08
"F=16, p=1",16,1,0,Uniform random: direct M,8,64,8,8,9,9,0.002054087818756767,0,1.0894559088203692e-08
"F=16, p=1",16,1,0,Uniform random: direct M,16,64,16,16,17,17,0.002054087818756767,0,1.0894559088203692e-08
"F=16, p=1",16,1,0,Uniform random: direct M,32,64,32,32,33,33,0.002054087818756767,0,1.0894559088203692e-08
"F=16, p=1",16,1,0,Uniform random: direct M,64,64,64,64,65,65,0.0021351819132639435,0,5.170778458185588e-10
"F=16, p=1",16,1,0,Random ranked: QPU-valid-unique matched,411,411,4,4,5,5,0.0018375036744810308,0,1.5013292331556016e-08
"F=16, p=1",16,1,0,Random ranked: QPU-valid-unique matched,411,411,8,8,9,9,0.0018375036744810308,0,1.5013292331556016e-08
"F=16, p=1",16,1,0,Random ranked: QPU-valid-unique matched,411,411,16,16,17,17,0.0020243233647777234,0,4.824574142969773e-10
"F=16, p=1",16,1,0,Random ranked: QPU-valid-unique matched,411,411,32,32,33,33,0.0020243233647777234,0,4.824574142969773e-10
"F=16, p=1",16,1,0,Random ranked: QPU-valid-unique matched,411,411,64,64,65,65,0.0020243233647777234,0,4.824574142969773e-10
"F=16, p=1",16,1,0,Random ranked: QPU-raw-draw matched,8192,5843,4,4,5,5,0.0019497081808131159,0,2.801875909064222e-08
"F=16, p=1",16,1,0,Random ranked: QPU-raw-draw matched,8192,5843,8,8,9,9,0.0019497081808131159,0,2.801875909064222e-08
"F=16, p=1",16,1,0,Random ranked: QPU-raw-draw matched,8192,5843,16,16,17,17,0.0019497081808131159,0,2.801875909064222e-08
"F=16, p=1",16,1,0,Random ranked: QPU-raw-draw matched,8192,5843,32,32,33,33,0.0019497081808131159,0,2.801875909064222e-08
"F=16, p=1",16,1,0,Random ranked: QPU-raw-draw matched,8192,5843,64,64,65,65,0.0019497081808131159,0,2.801875909064222e-08
"F=16, p=1",16,1,1,Uniform random: direct M,4,64,4,4,5,5,0.0016197677485621509,0,2.796225861967372e-09
"F=16, p=1",16,1,1,Uniform random: direct M,8,64,8,8,9,9,0.0022913879545879354,0,5.332866925833457e-09
"F=16, p=1",16,1,1,Uniform random: direct M,16,64,16,16,17,17,0.0022913879545879354,0,5.332866925833457e-09
"F=16, p=1",16,1,1,Uniform random: direct M,32,64,32,32,33,33,0.0022913879545879354,0,5.332866925833457e-09
"F=16, p=1",16,1,1,Uniform random: direct M,64,64,64,64,65,65,0.0022913879545879354,0,5.332866925833457e-09
"F=16, p=1",16,1,1,Random ranked: QPU-valid-unique matched,427,427,4,4,5,5,0.0016945394496301336,0,3.195868808480995e-08
"F=16, p=1",16,1,1,Random ranked: QPU-valid-unique matched,427,427,8,8,9,9,0.0016945394496301336,0,3.195868808480995e-08
"F=16, p=1",16,1,1,Random ranked: QPU-valid-unique matched,427,427,16,16,17,17,0.002079291481696062,0,1.94314078161284e-08
"F=16, p=1",16,1,1,Random ranked: QPU-valid-unique matched,427,427,32,32,33,33,0.002079291481696062,0,1.94314078161284e-08
"F=16, p=1",16,1,1,Random ranked: QPU-valid-unique matched,427,427,64,64,65,65,0.002079291481696062,0,1.94314078161284e-08
"F=16, p=1",16,1,1,Random ranked: QPU-raw-draw matched,8192,5843,4,4,5,5,0.002136943316528514,0,2.1148861384379103e-08
"F=16, p=1",16,1,1,Random ranked: QPU-raw-draw matched,8192,5843,8,8,9,9,0.002136943316528514,0,2.1148861384379103e-08
"F=16, p=1",16,1,1,Random ranked: QPU-raw-draw matched,8192,5843,16,16,17,17,0.002136943316528514,0,2.1148861384379103e-08
"F=16, p=1",16,1,1,Random ranked: QPU-raw-draw matched,8192,5843,32,32,33,33,0.002136943316528514,0,2.1148861384379103e-08
"F=16, p=1",16,1,1,Random ranked: QPU-raw-draw matched,8192,5843,64,64,65,65,0.002136943316528514,0,2.1148861384379103e-08
"F=16, p=1",16,1,2,Uniform random: direct M,4,64,4,4,5,5,0.0013519926584534478,0,1.1758897966451798e-08
"F=16, p=1",16,1,2,Uniform random: direct M,8,64,8,8,9,9,0.0018627373482619156,0,4.02509259256334e-09
"F=16, p=1",16,1,2,Uniform random: direct M,16,64,16,16,17,17,0.0018627373482619156,0,4.02509259256334e-09
"F=16, p=1",16,1,2,Uniform random: direct M,32,64,32,32,33,33,0.002126714673433866,0,3.9514618466185425e-08
"F=16, p=1",16,1,2,Uniform random: direct M,64,64,64,64,65,65,0.002126714673433866,0,3.9514618466185425e-08
"F=16, p=1",16,1,2,Random ranked: QPU-valid-unique matched,428,428,4,4,5,5,0.0019256869433814106,0,3.742468906997587e-08
"F=16, p=1",16,1,2,Random ranked: QPU-valid-unique matched,428,428,8,8,9,9,0.0019256869433814106,0,3.742468906997587e-08
"F=16, p=1",16,1,2,Random ranked: QPU-valid-unique matched,428,428,16,16,17,17,0.002001649416372299,0,2.589217862336568e-08
"F=16, p=1",16,1,2,Random ranked: QPU-valid-unique matched,428,428,32,32,33,33,0.00203435050697115,0,2.4074151450115266e-08
"F=16, p=1",16,1,2,Random ranked: QPU-valid-unique matched,428,428,64,64,65,65,0.00203435050697115,0,2.4074151450115266e-08
"F=16, p=1",16,1,2,Random ranked: QPU-raw-draw matched,8192,5799,4,4,5,5,0.0020397046754091763,0,4.361372946126707e-08
"F=16, p=1",16,1,2,Random ranked: QPU-raw-draw matched,8192,5799,8,8,9,9,0.0020397046754091763,0,4.361372946126707e-08
"F=16, p=1",16,1,2,Random ranked: QPU-raw-draw matched,8192,5799,16,16,17,17,0.0020397046754091763,0,4.361372946126707e-08
"F=16, p=1",16,1,2,Random ranked: QPU-raw-draw matched,8192,5799,32,32,33,33,0.0020397046754091763,0,4.361372946126707e-08
"F=16, p=1",16,1,2,Random ranked: QPU-raw-draw matched,8192,5799,64,64,65,65,0.0020397046754091763,0,4.361372946126707e-08
"F=16, p=1",16,1,3,Uniform random: direct M,4,64,4,4,5,5,0.0015318075868544778,0,3.711705209852312e-08
"F=16, p=1",16,1,3,Uniform random: direct M,8,64,8,8,9,9,0.001603728153916316,0,3.2648189984829656e-08
"F=16, p=1",16,1,3,Uniform random: direct M,16,64,16,16,17,17,0.0016797200544573232,0,3.592228442483858e-08
"F=16, p=1",16,1,3,Uniform random: direct M,32,64,32,32,33,33,0.00196015219824075,0,2.7869261010060598e-08
"F=16, p=1",16,1,3,Uniform random: direct M,64,64,64,64,65,65,0.0020907636234247517,0,2.0453704507872317e-08
"F=16, p=1",16,1,3,Random ranked: QPU-valid-unique matched,411,411,4,4,5,5,0.0019256869433814106,0,3.742468906997587e-08
"F=16, p=1",16,1,3,Random ranked: QPU-valid-unique matched,411,411,8,8,9,9,0.0020261703249888907,0,4.51633241915772e-09
"F=16, p=1",16,1,3,Random ranked: QPU-valid-unique matched,411,411,16,16,17,17,0.0022084042544919316,0,7.154498868344739e-10
"F=16, p=1",16,1,3,Random ranked: QPU-valid-unique matched,411,411,32,32,33,33,0.0022084042544919316,0,7.154498868344739e-10
"F=16, p=1",16,1,3,Random ranked: QPU-valid-unique matched,411,411,64,64,65,65,0.0022084042544919316,0,7.154498868344739e-10
"F=16, p=1",16,1,3,Random ranked: QPU-raw-draw matched,8192,5795,4,4,5,5,0.002136943316528514,0,2.1148861384379103e-08
"F=16, p=1",16,1,3,Random ranked: QPU-raw-draw matched,8192,5795,8,8,9,9,0.002136943316528514,0,2.1148861384379103e-08
"F=16, p=1",16,1,3,Random ranked: QPU-raw-draw matched,8192,5795,16,16,17,17,0.002136943316528514,0,2.1148861384379103e-08
"F=16, p=1",16,1,3,Random ranked: QPU-raw-draw matched,8192,5795,32,32,33,33,0.002136943316528514,0,2.1148861384379103e-08
"F=16, p=1",16,1,3,Random ranked: QPU-raw-draw matched,8192,5795,64,64,65,65,0.002136943316528514,0,2.1148861384379103e-08
"F=16, p=1",16,1,4,Uniform random: direct M,4,64,4,4,5,5,0.0016220048577225282,0,7.793548653656224e-10
"F=16, p=1",16,1,4,Uniform random: direct M,8,64,8,8,9,9,0.0016220048577225282,0,7.793548653656224e-10
"F=16, p=1",16,1,4,Uniform random: direct M,16,64,16,16,17,17,0.0016997397648213786,0,2.527499315396753e-08
"F=16, p=1",16,1,4,Uniform random: direct M,32,64,32,32,33,33,0.001996580832520585,0,1.806782640167981e-08
"F=16, p=1",16,1,4,Uniform random: direct M,64,64,64,64,65,65,0.0021855814640852206,0,1.0401564332074287e-09
"F=16, p=1",16,1,4,Random ranked: QPU-valid-unique matched,427,427,4,4,5,5,0.0014853401885590797,0,3.2999285137780277e-08
"F=16, p=1",16,1,4,Random ranked: QPU-valid-unique matched,427,427,8,8,9,9,0.0022116013691898667,0,1.5871959233026978e-09
"F=16, p=1",16,1,4,Random ranked: QPU-valid-unique matched,427,427,16,16,17,17,0.0022116013691898667,0,1.5871959233026978e-09
"F=16, p=1",16,1,4,Random ranked: QPU-valid-unique matched,427,427,32,32,33,33,0.0022116013691898667,0,1.5871959233026978e-09
"F=16, p=1",16,1,4,Random ranked: QPU-valid-unique matched,427,427,64,64,65,65,0.0022116013691898667,0,1.5871959233026978e-09
"F=16, p=1",16,1,4,Random ranked: QPU-raw-draw matched,8192,5821,4,4,5,5,0.002136943316528514,0,2.1148861384379103e-08
"F=16, p=1",16,1,4,Random ranked: QPU-raw-draw matched,8192,5821,8,8,9,9,0.002136943316528514,0,2.1148861384379103e-08
"F=16, p=1",16,1,4,Random ranked: QPU-raw-draw matched,8192,5821,16,16,17,17,0.002136943316528514,0,2.1148861384379103e-08
"F=16, p=1",16,1,4,Random ranked: QPU-raw-draw matched,8192,5821,32,32,33,33,0.002136943316528514,0,2.1148861384379103e-08
"F=16, p=1",16,1,4,Random ranked: QPU-raw-draw matched,8192,5821,64,64,65,65,0.002136943316528514,0,2.1148861384379103e-08
"F=16, p=1",16,1,5,Uniform random: direct M,4,64,4,4,5,5,0.0020497434965128306,0,4.492259897403983e-10
"F=16, p=1",16,1,5,Uniform random: direct M,8,64,8,8,9,9,0.0020497434965128306,0,4.492259897403983e-10
"F=16, p=1",16,1,5,Uniform random: direct M,16,64,16,16,17,17,0.0020497434965128306,0,4.492259897403983e-10
"F=16, p=1",16,1,5,Uniform random: direct M,32,64,32,32,33,33,0.0020497434965128306,0,4.492259897403983e-10
"F=16, p=1",16,1,5,Uniform random: direct M,64,64,64,64,65,65,0.002265283660198958,0,1.4574698004032882e-08
"F=16, p=1",16,1,5,Random ranked: QPU-valid-unique matched,428,428,4,4,5,5,0.0018109383484740116,0,1.0246595238960765e-08
"F=16, p=1",16,1,5,Random ranked: QPU-valid-unique matched,428,428,8,8,9,9,0.0018109383484740116,0,1.0246595238960765e-08
"F=16, p=1",16,1,5,Random ranked: QPU-valid-unique matched,428,428,16,16,17,17,0.002303867793736515,0,1.7388692818975926e-08
"F=16, p=1",16,1,5,Random ranked: QPU-valid-unique matched,428,428,32,32,33,33,0.002303867793736515,0,1.7388692818975926e-08
"F=16, p=1",16,1,5,Random ranked: QPU-valid-unique matched,428,428,64,64,65,65,0.002303867793736515,0,1.7388692818975926e-08
"F=16, p=1",16,1,5,Random ranked: QPU-raw-draw matched,8192,5895,4,4,5,5,0.002136943316528514,0,2.1148861384379103e-08
"F=16, p=1",16,1,5,Random ranked: QPU-raw-draw matched,8192,5895,8,8,9,9,0.002136943316528514,0,2.1148861384379103e-08
"F=16, p=1",16,1,5,Random ranked: QPU-raw-draw matched,8192,5895,16,16,17,17,0.002136943316528514,0,2.1148861384379103e-08
"F=16, p=1",16,1,5,Random ranked: QPU-raw-draw matched,8192,5895,32,32,33,33,0.002136943316528514,0,2.1148861384379103e-08
"F=16, p=1",16,1,5,Random ranked: QPU-raw-draw matched,8192,5895,64,64,65,65,0.002136943316528514,0,2.1148861384379103e-08
"F=16, p=1",16,1,6,Uniform random: direct M,4,64,4,4,5,5,0.0016745512790924816,0,3.142107407594352e-08
"F=16, p=1",16,1,6,Uniform random: direct M,8,64,8,8,9,9,0.002264087608138919,0,1.47366618907796e-09
"F=16, p=1",16,1,6,Uniform random: direct M,16,64,16,16,17,17,0.002264087608138919,0,1.47366618907796e-09
"F=16, p=1",16,1,6,Uniform random: direct M,32,64,32,32,33,33,0.002264087608138919,0,1.47366618907796e-09
"F=16, p=1",16,1,6,Uniform random: direct M,64,64,64,64,65,65,0.002264087608138919,0,1.47366618907796e-09
"F=16, p=1",16,1,6,Random ranked: QPU-valid-unique matched,411,411,4,4,5,5,0.0015131400629107422,0,2.8452568079373464e-08
"F=16, p=1",16,1,6,Random ranked: QPU-valid-unique matched,411,411,8,8,9,9,0.002056533034294178,0,3.453376917761375e-09
"F=16, p=1",16,1,6,Random ranked: QPU-valid-unique matched,411,411,16,16,17,17,0.0021112034877985297,0,3.417185445719895e-08
"F=16, p=1",16,1,6,Random ranked: QPU-valid-unique matched,411,411,32,32,33,33,0.0021112034877985297,0,3.417185445719895e-08
"F=16, p=1",16,1,6,Random ranked: QPU-valid-unique matched,411,411,64,64,65,65,0.0021112034877985297,0,3.417185445719895e-08
"F=16, p=1",16,1,6,Random ranked: QPU-raw-draw matched,8192,5849,4,4,5,5,0.002136943316528514,0,2.1148861384379103e-08
"F=16, p=1",16,1,6,Random ranked: QPU-raw-draw matched,8192,5849,8,8,9,9,0.002136943316528514,0,2.1148861384379103e-08
"F=16, p=1",16,1,6,Random ranked: QPU-raw-draw matched,8192,5849,16,16,17,17,0.002136943316528514,0,2.1148861384379103e-08
"F=16, p=1",16,1,6,Random ranked: QPU-raw-draw matched,8192,5849,32,32,33,33,0.002136943316528514,0,2.1148861384379103e-08
"F=16, p=1",16,1,6,Random ranked: QPU-raw-draw matched,8192,5849,64,64,65,65,0.002136943316528514,0,2.1148861384379103e-08
"F=16, p=1",16,1,7,Uniform random: direct M,4,64,4,4,5,5,0.0017311993466649425,0,4.275504444928302e-08
"F=16, p=1",16,1,7,Uniform random: direct M,8,64,8,8,9,9,0.00173434522087354,0,2.5244005330549157e-08
"F=16, p=1",16,1,7,Uniform random: direct M,16,64,16,16,17,17,0.0018251899764513413,0,3.306402329705804e-08
"F=16, p=1",16,1,7,Uniform random: direct M,32,64,32,32,33,33,0.0020255859411211496,0,1.6744483022357315e-08
"F=16, p=1",16,1,7,Uniform random: direct M,64,64,64,64,65,65,0.0021116789547941314,0,1.4322642516439998e-09
"F=16, p=1",16,1,7,Random ranked: QPU-valid-unique matched,427,427,4,4,5,5,0.0018229434007230108,0,3.2221292578515914e-08
"F=16, p=1",16,1,7,Random ranked: QPU-valid-unique matched,427,427,8,8,9,9,0.0018229434007230108,0,3.2221292578515914e-08
"F=16, p=1",16,1,7,Random ranked: QPU-valid-unique matched,427,427,16,16,17,17,0.0020365901009167867,0,3.8512109390431704e-08
"F=16, p=1",16,1,7,Random ranked: QPU-valid-unique matched,427,427,32,32,33,33,0.0020365901009167867,0,3.8512109390431704e-08
"F=16, p=1",16,1,7,Random ranked: QPU-valid-unique matched,427,427,64,64,65,65,0.0020365901009167867,0,3.8512109390431704e-08
"F=16, p=1",16,1,7,Random ranked: QPU-raw-draw matched,8192,5865,4,4,5,5,0.002136943316528514,0,2.1148861384379103e-08
"F=16, p=1",16,1,7,Random ranked: QPU-raw-draw matched,8192,5865,8,8,9,9,0.002136943316528514,0,2.1148861384379103e-08
"F=16, p=1",16,1,7,Random ranked: QPU-raw-draw matched,8192,5865,16,16,17,17,0.002136943316528514,0,2.1148861384379103e-08
"F=16, p=1",16,1,7,Random ranked: QPU-raw-draw matched,8192,5865,32,32,33,33,0.002136943316528514,0,2.1148861384379103e-08
"F=16, p=1",16,1,7,Random ranked: QPU-raw-draw matched,8192,5865,64,64,65,65,0.002136943316528514,0,2.1148861384379103e-08
"F=16, p=1",16,1,8,Uniform random: direct M,4,64,4,4,5,5,0.002130895477075831,0,3.220726185748646e-08
"F=16, p=1",16,1,8,Uniform random: direct M,8,64,8,8,9,9,0.002130895477075831,0,3.220726185748646e-08
"F=16, p=1",16,1,8,Uniform random: direct M,16,64,16,16,17,17,0.002130895477075831,0,3.220726185748646e-08
"F=16, p=1",16,1,8,Uniform random: direct M,32,64,32,32,33,33,0.002130895477075831,0,3.220726185748646e-08
"F=16, p=1",16,1,8,Uniform random: direct M,64,64,64,64,65,65,0.002347699485818054,0,1.0108587300550198e-09
"F=16, p=1",16,1,8,Random ranked: QPU-valid-unique matched,428,428,4,4,5,5,0.0013098666147050644,0,1.2705607330132374e-09
"F=16, p=1",16,1,8,Random ranked: QPU-valid-unique matched,428,428,8,8,9,9,0.0017600361629005398,0,1.3985374802683026e-09
"F=16, p=1",16,1,8,Random ranked: QPU-valid-unique matched,428,428,16,16,17,17,0.0020326302718968667,0,1.3969321033258097e-08
"F=16, p=1",16,1,8,Random ranked: QPU-valid-unique matched,428,428,32,32,33,33,0.0020326302718968667,0,1.3969321033258097e-08
"F=16, p=1",16,1,8,Random ranked: QPU-valid-unique matched,428,428,64,64,65,65,0.0020326302718968667,0,1.3969321033258097e-08
"F=16, p=1",16,1,8,Random ranked: QPU-raw-draw matched,8192,5853,4,4,5,5,0.002136943316528514,0,2.1148861384379103e-08
"F=16, p=1",16,1,8,Random ranked: QPU-raw-draw matched,8192,5853,8,8,9,9,0.002136943316528514,0,2.1148861384379103e-08
"F=16, p=1",16,1,8,Random ranked: QPU-raw-draw matched,8192,5853,16,16,17,17,0.002136943316528514,0,2.1148861384379103e-08
"F=16, p=1",16,1,8,Random ranked: QPU-raw-draw matched,8192,5853,32,32,33,33,0.002136943316528514,0,2.1148861384379103e-08
"F=16, p=1",16,1,8,Random ranked: QPU-raw-draw matched,8192,5853,64,64,65,65,0.002136943316528514,0,2.1148861384379103e-08
"F=16, p=1",16,1,9,Uniform random: direct M,4,64,4,4,5,5,0.0020824224192499963,0,3.288324834649359e-08
"F=16, p=1",16,1,9,Uniform random: direct M,8,64,8,8,9,9,0.0020824224192499963,0,3.288324834649359e-08
"F=16, p=1",16,1,9,Uniform random: direct M,16,64,16,16,17,17,0.0020824224192499963,0,3.288324834649359e-08
"F=16, p=1",16,1,9,Uniform random: direct M,32,64,32,32,33,33,0.0020824224192499963,0,3.288324834649359e-08
"F=16, p=1",16,1,9,Uniform random: direct M,64,64,64,64,65,65,0.0020824224192499963,0,3.288324834649359e-08
"F=16, p=1",16,1,9,Random ranked: QPU-valid-unique matched,411,411,4,4,5,5,0.00170233772338646,0,3.53844561429284e-08
"F=16, p=1",16,1,9,Random ranked: QPU-valid-unique matched,411,411,8,8,9,9,0.00170233772338646,0,3.53844561429284e-08
"F=16, p=1",16,1,9,Random ranked: QPU-valid-unique matched,411,411,16,16,17,17,0.0017074303579524969,0,6.565480381581779e-10
"F=16, p=1",16,1,9,Random ranked: QPU-valid-unique matched,411,411,32,32,33,33,0.0020194160243739295,0,2.4151710575903707e-08
"F=16, p=1",16,1,9,Random ranked: QPU-valid-unique matched,411,411,64,64,65,65,0.0020194160243739295,0,2.4151710575903707e-08
"F=16, p=1",16,1,9,Random ranked: QPU-raw-draw matched,8192,5823,4,4,5,5,0.0019497081808131159,0,2.801875909064222e-08
"F=16, p=1",16,1,9,Random ranked: QPU-raw-draw matched,8192,5823,8,8,9,9,0.0019497081808131159,0,2.801875909064222e-08
"F=16, p=1",16,1,9,Random ranked: QPU-raw-draw matched,8192,5823,16,16,17,17,0.0019497081808131159,0,2.801875909064222e-08
"F=16, p=1",16,1,9,Random ranked: QPU-raw-draw matched,8192,5823,32,32,33,33,0.0019497081808131159,0,2.801875909064222e-08
"F=16, p=1",16,1,9,Random ranked: QPU-raw-draw matched,8192,5823,64,64,65,65,0.0019497081808131159,0,2.801875909064222e-08
"F=16, p=1",16,1,10,Uniform random: direct M,4,64,4,4,5,5,0.0017660833261310682,0,8.119955610674801e-10
"F=16, p=1",16,1,10,Uniform random: direct M,8,64,8,8,9,9,0.0017660833261310682,0,8.119955610674801e-10
"F=16, p=1",16,1,10,Uniform random: direct M,16,64,16,16,17,17,0.0017660833261310682,0,8.119955610674801e-10
"F=16, p=1",16,1,10,Uniform random: direct M,32,64,32,32,33,33,0.0018666715132104536,0,3.536560438943681e-08
"F=16, p=1",16,1,10,Uniform random: direct M,64,64,64,64,65,65,0.002247223526033272,0,2.7813976899437876e-08
"F=16, p=1",16,1,10,Random ranked: QPU-valid-unique matched,427,427,4,4,5,5,0.0016945394496301336,0,3.195868808480995e-08
"F=16, p=1",16,1,10,Random ranked: QPU-valid-unique matched,427,427,8,8,9,9,0.002247223526033272,0,2.7813976899437876e-08
"F=16, p=1",16,1,10,Random ranked: QPU-valid-unique matched,427,427,16,16,17,17,0.002247223526033272,0,2.7813976899437876e-08
"F=16, p=1",16,1,10,Random ranked: QPU-valid-unique matched,427,427,32,32,33,33,0.002247223526033272,0,2.7813976899437876e-08
"F=16, p=1",16,1,10,Random ranked: QPU-valid-unique matched,427,427,64,64,65,65,0.002247223526033272,0,2.7813976899437876e-08
"F=16, p=1",16,1,10,Random ranked: QPU-raw-draw matched,8192,5841,4,4,5,5,0.0018375036744810308,0,1.5013292331556016e-08
"F=16, p=1",16,1,10,Random ranked: QPU-raw-draw matched,8192,5841,8,8,9,9,0.0018375036744810308,0,1.5013292331556016e-08
"F=16, p=1",16,1,10,Random ranked: QPU-raw-draw matched,8192,5841,16,16,17,17,0.0018375036744810308,0,1.5013292331556016e-08
"F=16, p=1",16,1,10,Random ranked: QPU-raw-draw matched,8192,5841,32,32,33,33,0.0018375036744810308,0,1.5013292331556016e-08
"F=16, p=1",16,1,10,Random ranked: QPU-raw-draw matched,8192,5841,64,64,65,65,0.0018375036744810308,0,1.5013292331556016e-08
"F=16, p=1",16,1,11,Uniform random: direct M,4,64,4,4,5,5,0.00155626520416427,0,3.7164235522357814e-08
"F=16, p=1",16,1,11,Uniform random: direct M,8,64,8,8,9,9,0.002004850252833007,0,2.647384422793664e-09
"F=16, p=1",16,1,11,Uniform random: direct M,16,64,16,16,17,17,0.002004850252833007,0,2.647384422793664e-09
"F=16, p=1",16,1,11,Uniform random: direct M,32,64,32,32,33,33,0.0020124996041941193,0,1.3641011514797796e-09
"F=16, p=1",16,1,11,Uniform random: direct M,64,64,64,64,65,65,0.0022229111604137666,0,3.498489253850323e-08
"F=16, p=1",16,1,11,Random ranked: QPU-valid-unique matched,428,428,4,4,5,5,0.0017220204846705514,0,9.811601531239944e-10
"F=16, p=1",16,1,11,Random ranked: QPU-valid-unique matched,428,428,8,8,9,9,0.0017220204846705514,0,9.811601531239944e-10
"F=16, p=1",16,1,11,Random ranked: QPU-valid-unique matched,428,428,16,16,17,17,0.002303867793736515,0,1.7388692818975926e-08
"F=16, p=1",16,1,11,Random ranked: QPU-valid-unique matched,428,428,32,32,33,33,0.002303867793736515,0,1.7388692818975926e-08
"F=16, p=1",16,1,11,Random ranked: QPU-valid-unique matched,428,428,64,64,65,65,0.002303867793736515,0,1.7388692818975926e-08
"F=16, p=1",16,1,11,Random ranked: QPU-raw-draw matched,8192,5819,4,4,5,5,0.002136943316528514,0,2.1148861384379103e-08
"F=16, p=1",16,1,11,Random ranked: QPU-raw-draw matched,8192,5819,8,8,9,9,0.002136943316528514,0,2.1148861384379103e-08
"F=16, p=1",16,1,11,Random ranked: QPU-raw-draw matched,8192,5819,16,16,17,17,0.002136943316528514,0,2.1148861384379103e-08
"F=16, p=1",16,1,11,Random ranked: QPU-raw-draw matched,8192,5819,32,32,33,33,0.002136943316528514,0,2.1148861384379103e-08
"F=16, p=1",16,1,11,Random ranked: QPU-raw-draw matched,8192,5819,64,64,65,65,0.002136943316528514,0,2.1148861384379103e-08
"F=16, p=1",16,1,12,Uniform random: direct M,4,64,4,4,5,5,0.0016421274275768144,0,1.2365302670680478e-09
"F=16, p=1",16,1,12,Uniform random: direct M,8,64,8,8,9,9,0.0016965688256471434,0,1.6705570649033774e-08
"F=16, p=1",16,1,12,Uniform random: direct M,16,64,16,16,17,17,0.0017934917186988517,0,1.662034732063944e-08
"F=16, p=1",16,1,12,Uniform random: direct M,32,64,32,32,33,33,0.0018664477728059792,0,3.332379328035984e-08
"F=16, p=1",16,1,12,Uniform random: direct M,64,64,64,64,65,65,0.00224416714072867,0,1.0789687754364508e-09
"F=16, p=1",16,1,12,Random ranked: QPU-valid-unique matched,411,411,4,4,5,5,0.0013165203110955676,0,1.0881794465511518e-08
"F=16, p=1",16,1,12,Random ranked: QPU-valid-unique matched,411,411,8,8,9,9,0.002303867793736515,0,1.7388692818975926e-08
"F=16, p=1",16,1,12,Random ranked: QPU-valid-unique matched,411,411,16,16,17,17,0.002303867793736515,0,1.7388692818975926e-08
"F=16, p=1",16,1,12,Random ranked: QPU-valid-unique matched,411,411,32,32,33,33,0.002303867793736515,0,1.7388692818975926e-08
"F=16, p=1",16,1,12,Random ranked: QPU-valid-unique matched,411,411,64,64,65,65,0.002303867793736515,0,1.7388692818975926e-08
"F=16, p=1",16,1,12,Random ranked: QPU-raw-draw matched,8192,5913,4,4,5,5,0.002136943316528514,0,2.1148861384379103e-08
"F=16, p=1",16,1,12,Random ranked: QPU-raw-draw matched,8192,5913,8,8,9,9,0.002136943316528514,0,2.1148861384379103e-08
"F=16, p=1",16,1,12,Random ranked: QPU-raw-draw matched,8192,5913,16,16,17,17,0.002136943316528514,0,2.1148861384379103e-08
"F=16, p=1",16,1,12,Random ranked: QPU-raw-draw matched,8192,5913,32,32,33,33,0.002136943316528514,0,2.1148861384379103e-08
"F=16, p=1",16,1,12,Random ranked: QPU-raw-draw matched,8192,5913,64,64,65,65,0.002136943316528514,0,2.1148861384379103e-08
"F=16, p=1",16,1,13,Uniform random: direct M,4,64,4,4,5,5,0.0019121269724614726,0,1.6510251499290973e-09
"F=16, p=1",16,1,13,Uniform random: direct M,8,64,8,8,9,9,0.0020563909643025735,0,3.9541303398227257e-08
"F=16, p=1",16,1,13,Uniform random: direct M,16,64,16,16,17,17,0.0020563909643025735,0,3.9541303398227257e-08
"F=16, p=1",16,1,13,Uniform random: direct M,32,64,32,32,33,33,0.002247223526033272,0,2.7813976899437876e-08
"F=16, p=1",16,1,13,Uniform random: direct M,64,64,64,64,65,65,0.002247223526033272,0,2.7813976899437876e-08
"F=16, p=1",16,1,13,Random ranked: QPU-valid-unique matched,427,427,4,4,5,5,0.0015150476766581655,0,1.3190409653418556e-08
"F=16, p=1",16,1,13,Random ranked: QPU-valid-unique matched,427,427,8,8,9,9,0.0019873217110968275,0,1.3559805500662492e-09
"F=16, p=1",16,1,13,Random ranked: QPU-valid-unique matched,427,427,16,16,17,17,0.0022116013691898667,0,1.5871959233026978e-09
"F=16, p=1",16,1,13,Random ranked: QPU-valid-unique matched,427,427,32,32,33,33,0.0022116013691898667,0,1.5871959233026978e-09
"F=16, p=1",16,1,13,Random ranked: QPU-valid-unique matched,427,427,64,64,65,65,0.0022116013691898667,0,1.5871959233026978e-09
"F=16, p=1",16,1,13,Random ranked: QPU-raw-draw matched,8192,5876,4,4,5,5,0.002136943316528514,0,2.1148861384379103e-08
"F=16, p=1",16,1,13,Random ranked: QPU-raw-draw matched,8192,5876,8,8,9,9,0.002136943316528514,0,2.1148861384379103e-08
"F=16, p=1",16,1,13,Random ranked: QPU-raw-draw matched,8192,5876,16,16,17,17,0.002136943316528514,0,2.1148861384379103e-08
"F=16, p=1",16,1,13,Random ranked: QPU-raw-draw matched,8192,5876,32,32,33,33,0.002136943316528514,0,2.1148861384379103e-08
"F=16, p=1",16,1,13,Random ranked: QPU-raw-draw matched,8192,5876,64,64,65,65,0.002136943316528514,0,2.1148861384379103e-08
"F=16, p=1",16,1,14,Uniform random: direct M,4,64,4,4,5,5,0.0015407805113333908,0,6.218921599909777e-09
"F=16, p=1",16,1,14,Uniform random: direct M,8,64,8,8,9,9,0.002019217458372788,0,3.6370070788382947e-08
"F=16, p=1",16,1,14,Uniform random: direct M,16,64,16,16,17,17,0.002019217458372788,0,3.6370070788382947e-08
"F=16, p=1",16,1,14,Uniform random: direct M,32,64,32,32,33,33,0.002019217458372788,0,3.6370070788382947e-08
"F=16, p=1",16,1,14,Uniform random: direct M,64,64,64,64,65,65,0.002135637224032122,0,2.206282623262723e-08
"F=16, p=1",16,1,14,Random ranked: QPU-valid-unique matched,428,428,4,4,5,5,0.0017270418735284773,0,1.1855663006876682e-08
"F=16, p=1",16,1,14,Random ranked: QPU-valid-unique matched,428,428,8,8,9,9,0.0017270418735284773,0,1.1855663006876682e-08
"F=16, p=1",16,1,14,Random ranked: QPU-valid-unique matched,428,428,16,16,17,17,0.002021892748866397,0,1.485620942931476e-08
"F=16, p=1",16,1,14,Random ranked: QPU-valid-unique matched,428,428,32,32,33,33,0.002021892748866397,0,1.485620942931476e-08
"F=16, p=1",16,1,14,Random ranked: QPU-valid-unique matched,428,428,64,64,65,65,0.002021892748866397,0,1.485620942931476e-08
"F=16, p=1",16,1,14,Random ranked: QPU-raw-draw matched,8192,5883,4,4,5,5,0.002136943316528514,0,2.1148861384379103e-08
"F=16, p=1",16,1,14,Random ranked: QPU-raw-draw matched,8192,5883,8,8,9,9,0.002136943316528514,0,2.1148861384379103e-08
"F=16, p=1",16,1,14,Random ranked: QPU-raw-draw matched,8192,5883,16,16,17,17,0.002136943316528514,0,2.1148861384379103e-08
"F=16, p=1",16,1,14,Random ranked: QPU-raw-draw matched,8192,5883,32,32,33,33,0.002136943316528514,0,2.1148861384379103e-08
"F=16, p=1",16,1,14,Random ranked: QPU-raw-draw matched,8192,5883,64,64,65,65,0.002136943316528514,0,2.1148861384379103e-08
"F=16, p=1",16,1,15,Uniform random: direct M,4,64,4,4,5,5,0.0016635568657247801,0,1.854490505603934e-08
"F=16, p=1",16,1,15,Uniform random: direct M,8,64,8,8,9,9,0.0016635568657247801,0,1.854490505603934e-08
"F=16, p=1",16,1,15,Uniform random: direct M,16,64,16,16,17,17,0.002079291481696062,0,1.94314078161284e-08
"F=16, p=1",16,1,15,Uniform random: direct M,32,64,32,32,33,33,0.002079291481696062,0,1.94314078161284e-08
"F=16, p=1",16,1,15,Uniform random: direct M,64,64,64,64,65,65,0.0021526211860807554,0,2.3899178247521746e-08
"F=16, p=1",16,1,15,Random ranked: QPU-valid-unique matched,411,411,4,4,5,5,0.0015987572852728948,0,4.1884713808393315e-08
"F=16, p=1",16,1,15,Random ranked: QPU-valid-unique matched,411,411,8,8,9,9,0.0015987572852728948,0,4.1884713808393315e-08
"F=16, p=1",16,1,15,Random ranked: QPU-valid-unique matched,411,411,16,16,17,17,0.0021649266988922403,0,8.006307616881259e-09
"F=16, p=1",16,1,15,Random ranked: QPU-valid-unique matched,411,411,32,32,33,33,0.0021649266988922403,0,8.006307616881259e-09
"F=16, p=1",16,1,15,Random ranked: QPU-valid-unique matched,411,411,64,64,65,65,0.0021649266988922403,0,8.006307616881259e-09
"F=16, p=1",16,1,15,Random ranked: QPU-raw-draw matched,8192,5824,4,4,5,5,0.0020397046754091763,0,4.361372946126707e-08
"F=16, p=1",16,1,15,Random ranked: QPU-raw-draw matched,8192,5824,8,8,9,9,0.0020397046754091763,0,4.361372946126707e-08
"F=16, p=1",16,1,15,Random ranked: QPU-raw-draw matched,8192,5824,16,16,17,17,0.0020397046754091763,0,4.361372946126707e-08
"F=16, p=1",16,1,15,Random ranked: QPU-raw-draw matched,8192,5824,32,32,33,33,0.0020397046754091763,0,4.361372946126707e-08
"F=16, p=1",16,1,15,Random ranked: QPU-raw-draw matched,8192,5824,64,64,65,65,0.0020397046754091763,0,4.361372946126707e-08
"F=16, p=1",16,1,16,Uniform random: direct M,4,64,4,4,5,5,0.0012541247720756765,0,1.1670338140312708e-08
"F=16, p=1",16,1,16,Uniform random: direct M,8,64,8,8,9,9,0.0019026991910802912,0,3.7776348493778755e-08
"F=16, p=1",16,1,16,Uniform random: direct M,16,64,16,16,17,17,0.0019026991910802912,0,3.7776348493778755e-08
"F=16, p=1",16,1,16,Uniform random: direct M,32,64,32,32,33,33,0.002227303752203001,0,1.509543046118722e-09
"F=16, p=1",16,1,16,Uniform random: direct M,64,64,64,64,65,65,0.00224416714072867,0,1.0789687754364508e-09
"F=16, p=1",16,1,16,Random ranked: QPU-valid-unique matched,427,427,4,4,5,5,0.00155247946062647,0,1.5704800682136977e-08
"F=16, p=1",16,1,16,Random ranked: QPU-valid-unique matched,427,427,8,8,9,9,0.0021649266988922403,0,8.006307616881259e-09
"F=16, p=1",16,1,16,Random ranked: QPU-valid-unique matched,427,427,16,16,17,17,0.0021649266988922403,0,8.006307616881259e-09
"F=16, p=1",16,1,16,Random ranked: QPU-valid-unique matched,427,427,32,32,33,33,0.0021649266988922403,0,8.006307616881259e-09
"F=16, p=1",16,1,16,Random ranked: QPU-valid-unique matched,427,427,64,64,65,65,0.0022746030966346656,0,6.991474621464988e-10
"F=16, p=1",16,1,16,Random ranked: QPU-raw-draw matched,8192,5811,4,4,5,5,0.0019256869433814106,0,3.742468906997587e-08
"F=16, p=1",16,1,16,Random ranked: QPU-raw-draw matched,8192,5811,8,8,9,9,0.0019256869433814106,0,3.742468906997587e-08
"F=16, p=1",16,1,16,Random ranked: QPU-raw-draw matched,8192,5811,16,16,17,17,0.0019256869433814106,0,3.742468906997587e-08
"F=16, p=1",16,1,16,Random ranked: QPU-raw-draw matched,8192,5811,32,32,33,33,0.0019256869433814106,0,3.742468906997587e-08
"F=16, p=1",16,1,16,Random ranked: QPU-raw-draw matched,8192,5811,64,64,65,65,0.0019256869433814106,0,3.742468906997587e-08
"F=16, p=1",16,1,17,Uniform random: direct M,4,64,4,4,5,5,0.0014256764939840696,0,4.51244652754923e-10
"F=16, p=1",16,1,17,Uniform random: direct M,8,64,8,8,9,9,0.001753485291427194,0,3.130408526841322e-08
"F=16, p=1",16,1,17,Uniform random: direct M,16,64,16,16,17,17,0.001753485291427194,0,3.130408526841322e-08
"F=16, p=1",16,1,17,Uniform random: direct M,32,64,32,32,33,33,0.002219098040447419,0,1.2098677171223926e-08
"F=16, p=1",16,1,17,Uniform random: direct M,64,64,64,64,65,65,0.002219098040447419,0,1.2098677171223926e-08
"F=16, p=1",16,1,17,Random ranked: QPU-valid-unique matched,428,428,4,4,5,5,0.0018075482766262557,0,1.1747971415121405e-09
"F=16, p=1",16,1,17,Random ranked: QPU-valid-unique matched,428,428,8,8,9,9,0.0018075482766262557,0,1.1747971415121405e-09
"F=16, p=1",16,1,17,Random ranked: QPU-valid-unique matched,428,428,16,16,17,17,0.0022191230513717783,0,8.339940127388701e-09
"F=16, p=1",16,1,17,Random ranked: QPU-valid-unique matched,428,428,32,32,33,33,0.0022191230513717783,0,8.339940127388701e-09
"F=16, p=1",16,1,17,Random ranked: QPU-valid-unique matched,428,428,64,64,65,65,0.0022191230513717783,0,8.339940127388701e-09
"F=16, p=1",16,1,17,Random ranked: QPU-raw-draw matched,8192,5862,4,4,5,5,0.0020397046754091763,0,4.361372946126707e-08
"F=16, p=1",16,1,17,Random ranked: QPU-raw-draw matched,8192,5862,8,8,9,9,0.0020397046754091763,0,4.361372946126707e-08
"F=16, p=1",16,1,17,Random ranked: QPU-raw-draw matched,8192,5862,16,16,17,17,0.0020397046754091763,0,4.361372946126707e-08
"F=16, p=1",16,1,17,Random ranked: QPU-raw-draw matched,8192,5862,32,32,33,33,0.0020397046754091763,0,4.361372946126707e-08
"F=16, p=1",16,1,17,Random ranked: QPU-raw-draw matched,8192,5862,64,64,65,65,0.0020397046754091763,0,4.361372946126707e-08
"F=16, p=1",16,1,18,Uniform random: direct M,4,64,4,4,5,5,0.0012266232314684378,0,5.650115861288718e-10
"F=16, p=1",16,1,18,Uniform random: direct M,8,64,8,8,9,9,0.0017744114805694627,0,3.281974353397388e-08
"F=16, p=1",16,1,18,Uniform random: direct M,16,64,16,16,17,17,0.0017744114805694627,0,3.281974353397388e-08
"F=16, p=1",16,1,18,Uniform random: direct M,32,64,32,32,33,33,0.0019746738123270005,0,6.803359889340221e-10
"F=16, p=1",16,1,18,Uniform random: direct M,64,64,64,64,65,65,0.002005769814212882,0,4.1719376175919365e-08
"F=16, p=1",16,1,18,Random ranked: QPU-valid-unique matched,411,411,4,4,5,5,0.0020397046754091763,0,4.361372946126707e-08
"F=16, p=1",16,1,18,Random ranked: QPU-valid-unique matched,411,411,8,8,9,9,0.0021743769376382435,0,2.5715112816904195e-08
"F=16, p=1",16,1,18,Random ranked: QPU-valid-unique matched,411,411,16,16,17,17,0.0021743769376382435,0,2.5715112816904195e-08
"F=16, p=1",16,1,18,Random ranked: QPU-valid-unique matched,411,411,32,32,33,33,0.0021743769376382435,0,2.5715112816904195e-08
"F=16, p=1",16,1,18,Random ranked: QPU-valid-unique matched,411,411,64,64,65,65,0.0021743769376382435,0,2.5715112816904195e-08
"F=16, p=1",16,1,18,Random ranked: QPU-raw-draw matched,8192,5856,4,4,5,5,0.002136943316528514,0,2.1148861384379103e-08
"F=16, p=1",16,1,18,Random ranked: QPU-raw-draw matched,8192,5856,8,8,9,9,0.002136943316528514,0,2.1148861384379103e-08
"F=16, p=1",16,1,18,Random ranked: QPU-raw-draw matched,8192,5856,16,16,17,17,0.002136943316528514,0,2.1148861384379103e-08
"F=16, p=1",16,1,18,Random ranked: QPU-raw-draw matched,8192,5856,32,32,33,33,0.002136943316528514,0,2.1148861384379103e-08
"F=16, p=1",16,1,18,Random ranked: QPU-raw-draw matched,8192,5856,64,64,65,65,0.002136943316528514,0,2.1148861384379103e-08
"F=16, p=1",16,1,19,Uniform random: direct M,4,64,4,4,5,5,0.0022245625497287064,0,4.4715180863574844e-10
"F=16, p=1",16,1,19,Uniform random: direct M,8,64,8,8,9,9,0.0022245625497287064,0,4.4715180863574844e-10
"F=16, p=1",16,1,19,Uniform random: direct M,16,64,16,16,17,17,0.0022245625497287064,0,4.4715180863574844e-10
"F=16, p=1",16,1,19,Uniform random: direct M,32,64,32,32,33,33,0.002264087608138919,0,1.47366618907796e-09
"F=16, p=1",16,1,19,Uniform random: direct M,64,64,64,64,65,65,0.002264087608138919,0,1.47366618907796e-09
"F=16, p=1",16,1,19,Random ranked: QPU-valid-unique matched,427,427,4,4,5,5,0.0016945394496301336,0,3.195868808480995e-08
"F=16, p=1",16,1,19,Random ranked: QPU-valid-unique matched,427,427,8,8,9,9,0.0016945394496301336,0,3.195868808480995e-08
"F=16, p=1",16,1,19,Random ranked: QPU-valid-unique matched,427,427,16,16,17,17,0.0021743769376382435,0,2.5715112816904195e-08
"F=16, p=1",16,1,19,Random ranked: QPU-valid-unique matched,427,427,32,32,33,33,0.0021743769376382435,0,2.5715112816904195e-08
"F=16, p=1",16,1,19,Random ranked: QPU-valid-unique matched,427,427,64,64,65,65,0.0021743769376382435,0,2.5715112816904195e-08
"F=16, p=1",16,1,19,Random ranked: QPU-raw-draw matched,8192,5871,4,4,5,5,0.0020397046754091763,0,4.361372946126707e-08
"F=16, p=1",16,1,19,Random ranked: QPU-raw-draw matched,8192,5871,8,8,9,9,0.0020397046754091763,0,4.361372946126707e-08
"F=16, p=1",16,1,19,Random ranked: QPU-raw-draw matched,8192,5871,16,16,17,17,0.0020397046754091763,0,4.361372946126707e-08
"F=16, p=1",16,1,19,Random ranked: QPU-raw-draw matched,8192,5871,32,32,33,33,0.0020397046754091763,0,4.361372946126707e-08
"F=16, p=1",16,1,19,Random ranked: QPU-raw-draw matched,8192,5871,64,64,65,65,0.0020397046754091763,0,4.361372946126707e-08
"F=16, p=1",16,1,20,Uniform random: direct M,4,64,4,4,5,5,0.0017287329066645943,0,7.572982241299542e-09
"F=16, p=1",16,1,20,Uniform random: direct M,8,64,8,8,9,9,0.0022861590746952667,0,1.6831488036661568e-08
"F=16, p=1",16,1,20,Uniform random: direct M,16,64,16,16,17,17,0.0022861590746952667,0,1.6831488036661568e-08
"F=16, p=1",16,1,20,Uniform random: direct M,32,64,32,32,33,33,0.0022861590746952667,0,1.6831488036661568e-08
"F=16, p=1",16,1,20,Uniform random: direct M,64,64,64,64,65,65,0.0022861590746952667,0,1.6831488036661568e-08
"F=16, p=1",16,1,20,Random ranked: QPU-valid-unique matched,428,428,4,4,5,5,0.00170233772338646,0,3.53844561429284e-08
"F=16, p=1",16,1,20,Random ranked: QPU-valid-unique matched,428,428,8,8,9,9,0.00170233772338646,0,3.53844561429284e-08
"F=16, p=1",16,1,20,Random ranked: QPU-valid-unique matched,428,428,16,16,17,17,0.00196015219824075,0,2.7869261010060598e-08
"F=16, p=1",16,1,20,Random ranked: QPU-valid-unique matched,428,428,32,32,33,33,0.0019800800298563487,0,1.1259832566334893e-08
"F=16, p=1",16,1,20,Random ranked: QPU-valid-unique matched,428,428,64,64,65,65,0.0019800800298563487,0,1.1259832566334893e-08
"F=16, p=1",16,1,20,Random ranked: QPU-raw-draw matched,8192,5903,4,4,5,5,0.0019497081808131159,0,2.801875909064222e-08
"F=16, p=1",16,1,20,Random ranked: QPU-raw-draw matched,8192,5903,8,8,9,9,0.0019497081808131159,0,2.801875909064222e-08
"F=16, p=1",16,1,20,Random ranked: QPU-raw-draw matched,8192,5903,16,16,17,17,0.0019497081808131159,0,2.801875909064222e-08
"F=16, p=1",16,1,20,Random ranked: QPU-raw-draw matched,8192,5903,32,32,33,33,0.0019497081808131159,0,2.801875909064222e-08
"F=16, p=1",16,1,20,Random ranked: QPU-raw-draw matched,8192,5903,64,64,65,65,0.0019497081808131159,0,2.801875909064222e-08
"F=16, p=1",16,1,21,Uniform random: direct M,4,64,4,4,5,5,0.0015045959600754263,0,3.565202483235552e-08
"F=16, p=1",16,1,21,Uniform random: direct M,8,64,8,8,9,9,0.0017324306663880004,0,3.6166885708510677e-08
"F=16, p=1",16,1,21,Uniform random: direct M,16,64,16,16,17,17,0.002005399764151046,0,5.223045676516769e-10
"F=16, p=1",16,1,21,Uniform random: direct M,32,64,32,32,33,33,0.002005399764151046,0,5.223045676516769e-10
"F=16, p=1",16,1,21,Uniform random: direct M,64,64,64,64,65,65,0.002161736730871805,0,2.1379806813826008e-08
"F=16, p=1",16,1,21,Random ranked: QPU-valid-unique matched,411,411,4,4,5,5,0.0018105178788813195,0,2.876383997651999e-08
"F=16, p=1",16,1,21,Random ranked: QPU-valid-unique matched,411,411,8,8,9,9,0.0020194160243739295,0,2.4151710575903707e-08
"F=16, p=1",16,1,21,Random ranked: QPU-valid-unique matched,411,411,16,16,17,17,0.0021112034877985297,0,3.417185445719895e-08
"F=16, p=1",16,1,21,Random ranked: QPU-valid-unique matched,411,411,32,32,33,33,0.0021112034877985297,0,3.417185445719895e-08
"F=16, p=1",16,1,21,Random ranked: QPU-valid-unique matched,411,411,64,64,65,65,0.0021112034877985297,0,3.417185445719895e-08
"F=16, p=1",16,1,21,Random ranked: QPU-raw-draw matched,8192,5867,4,4,5,5,0.002136943316528514,0,2.1148861384379103e-08
"F=16, p=1",16,1,21,Random ranked: QPU-raw-draw matched,8192,5867,8,8,9,9,0.002136943316528514,0,2.1148861384379103e-08
"F=16, p=1",16,1,21,Random ranked: QPU-raw-draw matched,8192,5867,16,16,17,17,0.002136943316528514,0,2.1148861384379103e-08
"F=16, p=1",16,1,21,Random ranked: QPU-raw-draw matched,8192,5867,32,32,33,33,0.002136943316528514,0,2.1148861384379103e-08
"F=16, p=1",16,1,21,Random ranked: QPU-raw-draw matched,8192,5867,64,64,65,65,0.002136943316528514,0,2.1148861384379103e-08
"F=16, p=1",16,1,22,Uniform random: direct M,4,64,4,4,5,5,0.0016608555649133272,0,4.565612263252028e-10
"F=16, p=1",16,1,22,Uniform random: direct M,8,64,8,8,9,9,0.0020448593370819765,0,1.8371309534401248e-09
"F=16, p=1",16,1,22,Uniform random: direct M,16,64,16,16,17,17,0.002241684700289376,0,3.62587564417538e-08
"F=16, p=1",16,1,22,Uniform random: direct M,32,64,32,32,33,33,0.002241684700289376,0,3.62587564417538e-08
"F=16, p=1",16,1,22,Uniform random: direct M,64,64,64,64,65,65,0.002241684700289376,0,3.62587564417538e-08
"F=16, p=1",16,1,22,Random ranked: QPU-valid-unique matched,427,427,4,4,5,5,0.0018109383484740116,0,1.0246595238960765e-08
"F=16, p=1",16,1,22,Random ranked: QPU-valid-unique matched,427,427,8,8,9,9,0.0018109383484740116,0,1.0246595238960765e-08
"F=16, p=1",16,1,22,Random ranked: QPU-valid-unique matched,427,427,16,16,17,17,0.0021072138770636406,0,2.528000569990141e-08
"F=16, p=1",16,1,22,Random ranked: QPU-valid-unique matched,427,427,32,32,33,33,0.0021072138770636406,0,2.528000569990141e-08
"F=16, p=1",16,1,22,Random ranked: QPU-valid-unique matched,427,427,64,64,65,65,0.0021072138770636406,0,2.528000569990141e-08
"F=16, p=1",16,1,22,Random ranked: QPU-raw-draw matched,8192,5848,4,4,5,5,0.002136943316528514,0,2.1148861384379103e-08
"F=16, p=1",16,1,22,Random ranked: QPU-raw-draw matched,8192,5848,8,8,9,9,0.002136943316528514,0,2.1148861384379103e-08
"F=16, p=1",16,1,22,Random ranked: QPU-raw-draw matched,8192,5848,16,16,17,17,0.002136943316528514,0,2.1148861384379103e-08
"F=16, p=1",16,1,22,Random ranked: QPU-raw-draw matched,8192,5848,32,32,33,33,0.002136943316528514,0,2.1148861384379103e-08
"F=16, p=1",16,1,22,Random ranked: QPU-raw-draw matched,8192,5848,64,64,65,65,0.002136943316528514,0,2.1148861384379103e-08
"F=16, p=1",16,1,23,Uniform random: direct M,4,64,4,4,5,5,0.0011894210545011427,0,7.279800061377184e-10
"F=16, p=1",16,1,23,Uniform random: direct M,8,64,8,8,9,9,0.0015406664216651295,0,2.9532672807253135e-08
"F=16, p=1",16,1,23,Uniform random: direct M,16,64,16,16,17,17,0.0015406664216651295,0,2.9532672807253135e-08
"F=16, p=1",16,1,23,Uniform random: direct M,32,64,32,32,33,33,0.0022464218408675546,0,2.4162556455653572e-08
"F=16, p=1",16,1,23,Uniform random: direct M,64,64,64,64,65,65,0.0022464218408675546,0,2.4162556455653572e-08
"F=16, p=1",16,1,23,Random ranked: QPU-valid-unique matched,428,428,4,4,5,5,0.001473994274344692,0,4.006901294095755e-08
"F=16, p=1",16,1,23,Random ranked: QPU-valid-unique matched,428,428,8,8,9,9,0.002056533034294178,0,3.453376917761375e-09
"F=16, p=1",16,1,23,Random ranked: QPU-valid-unique matched,428,428,16,16,17,17,0.0021813670814580036,0,2.120303710384519e-08
"F=16, p=1",16,1,23,Random ranked: QPU-valid-unique matched,428,428,32,32,33,33,0.0021813670814580036,0,2.120303710384519e-08
"F=16, p=1",16,1,23,Random ranked: QPU-valid-unique matched,428,428,64,64,65,65,0.0021813670814580036,0,2.120303710384519e-08
"F=16, p=1",16,1,23,Random ranked: QPU-raw-draw matched,8192,5859,4,4,5,5,0.002136943316528514,0,2.1148861384379103e-08
"F=16, p=1",16,1,23,Random ranked: QPU-raw-draw matched,8192,5859,8,8,9,9,0.002136943316528514,0,2.1148861384379103e-08
"F=16, p=1",16,1,23,Random ranked: QPU-raw-draw matched,8192,5859,16,16,17,17,0.002136943316528514,0,2.1148861384379103e-08
"F=16, p=1",16,1,23,Random ranked: QPU-raw-draw matched,8192,5859,32,32,33,33,0.002136943316528514,0,2.1148861384379103e-08
"F=16, p=1",16,1,23,Random ranked: QPU-raw-draw matched,8192,5859,64,64,65,65,0.002136943316528514,0,2.1148861384379103e-08
"F=16, p=1",16,1,24,Uniform random: direct M,4,64,4,4,5,5,0.0020988541447209616,0,1.781663849786952e-08
"F=16, p=1",16,1,24,Uniform random: direct M,8,64,8,8,9,9,0.0020988541447209616,0,1.781663849786952e-08
"F=16, p=1",16,1,24,Uniform random: direct M,16,64,16,16,17,17,0.0020988541447209616,0,1.781663849786952e-08
"F=16, p=1",16,1,24,Uniform random: direct M,32,64,32,32,33,33,0.0022733209089581263,0,2.68086881582974e-08
"F=16, p=1",16,1,24,Uniform random: direct M,64,64,64,64,65,65,0.0022733209089581263,0,2.68086881582974e-08
"F=16, p=1",16,1,24,Random ranked: QPU-valid-unique matched,411,411,4,4,5,5,0.0018033709512545112,0,3.712689877755082e-08
"F=16, p=1",16,1,24,Random ranked: QPU-valid-unique matched,411,411,8,8,9,9,0.0018033709512545112,0,3.712689877755082e-08
"F=16, p=1",16,1,24,Random ranked: QPU-valid-unique matched,411,411,16,16,17,17,0.0018033709512545112,0,3.712689877755082e-08
"F=16, p=1",16,1,24,Random ranked: QPU-valid-unique matched,411,411,32,32,33,33,0.0021813670814580036,0,2.120303710384519e-08
"F=16, p=1",16,1,24,Random ranked: QPU-valid-unique matched,411,411,64,64,65,65,0.0021813670814580036,0,2.120303710384519e-08
"F=16, p=1",16,1,24,Random ranked: QPU-raw-draw matched,8192,5852,4,4,5,5,0.0017839942328045089,0,3.008875176790937e-08
"F=16, p=1",16,1,24,Random ranked: QPU-raw-draw matched,8192,5852,8,8,9,9,0.0017839942328045089,0,3.008875176790937e-08
"F=16, p=1",16,1,24,Random ranked: QPU-raw-draw matched,8192,5852,16,16,17,17,0.0017839942328045089,0,3.008875176790937e-08
"F=16, p=1",16,1,24,Random ranked: QPU-raw-draw matched,8192,5852,32,32,33,33,0.0018109383484740116,0,1.0246595238960765e-08
"F=16, p=1",16,1,24,Random ranked: QPU-raw-draw matched,8192,5852,64,64,65,65,0.0018109383484740116,0,1.0246595238960765e-08
"F=16, p=1",16,1,25,Uniform random: direct M,4,64,4,4,5,5,0.0020542414152630445,0,9.54560175348007e-09
"F=16, p=1",16,1,25,Uniform random: direct M,8,64,8,8,9,9,0.0020542414152630445,0,9.54560175348007e-09
"F=16, p=1",16,1,25,Uniform random: direct M,16,64,16,16,17,17,0.0022802987436648173,0,2.970651957756587e-08
"F=16, p=1",16,1,25,Uniform random: direct M,32,64,32,32,33,33,0.0022802987436648173,0,2.970651957756587e-08
"F=16, p=1",16,1,25,Uniform random: direct M,64,64,64,64,65,65,0.0022802987436648173,0,2.970651957756587e-08
"F=16, p=1",16,1,25,Random ranked: QPU-valid-unique matched,427,427,4,4,5,5,0.0018229434007230108,0,3.2221292578515914e-08
"F=16, p=1",16,1,25,Random ranked: QPU-valid-unique matched,427,427,8,8,9,9,0.0018229434007230108,0,3.2221292578515914e-08
"F=16, p=1",16,1,25,Random ranked: QPU-valid-unique matched,427,427,16,16,17,17,0.0019883583039899747,0,1.9323827038508767e-08
"F=16, p=1",16,1,25,Random ranked: QPU-valid-unique matched,427,427,32,32,33,33,0.0019883583039899747,0,1.9323827038508767e-08
"F=16, p=1",16,1,25,Random ranked: QPU-valid-unique matched,427,427,64,64,65,65,0.0019883583039899747,0,1.9323827038508767e-08
"F=16, p=1",16,1,25,Random ranked: QPU-raw-draw matched,8192,5864,4,4,5,5,0.0019256869433814106,0,3.742468906997587e-08
"F=16, p=1",16,1,25,Random ranked: QPU-raw-draw matched,8192,5864,8,8,9,9,0.0019256869433814106,0,3.742468906997587e-08
"F=16, p=1",16,1,25,Random ranked: QPU-raw-draw matched,8192,5864,16,16,17,17,0.0019256869433814106,0,3.742468906997587e-08
"F=16, p=1",16,1,25,Random ranked: QPU-raw-draw matched,8192,5864,32,32,33,33,0.0019256869433814106,0,3.742468906997587e-08
"F=16, p=1",16,1,25,Random ranked: QPU-raw-draw matched,8192,5864,64,64,65,65,0.0019256869433814106,0,3.742468906997587e-08
"F=16, p=1",16,1,26,Uniform random: direct M,4,64,4,4,5,5,0.00162563123204202,0,7.198100560046328e-09
"F=16, p=1",16,1,26,Uniform random: direct M,8,64,8,8,9,9,0.00162563123204202,0,7.198100560046328e-09
"F=16, p=1",16,1,26,Uniform random: direct M,16,64,16,16,17,17,0.0018372913721825118,0,7.103963875487729e-10
"F=16, p=1",16,1,26,Uniform random: direct M,32,64,32,32,33,33,0.0018913637043692158,0,3.1244352660664276e-08
"F=16, p=1",16,1,26,Uniform random: direct M,64,64,64,64,65,65,0.0023213924412632883,0,1.6952757697641374e-08
"F=16, p=1",16,1,26,Random ranked: QPU-valid-unique matched,428,428,4,4,5,5,0.0016834265206083637,0,2.6661113594617092e-08
"F=16, p=1",16,1,26,Random ranked: QPU-valid-unique matched,428,428,8,8,9,9,0.0016834265206083637,0,2.6661113594617092e-08
"F=16, p=1",16,1,26,Random ranked: QPU-valid-unique matched,428,428,16,16,17,17,0.0022116013691898667,0,1.5871959233026978e-09
"F=16, p=1",16,1,26,Random ranked: QPU-valid-unique matched,428,428,32,32,33,33,0.0022116013691898667,0,1.5871959233026978e-09
"F=16, p=1",16,1,26,Random ranked: QPU-valid-unique matched,428,428,64,64,65,65,0.0022116013691898667,0,1.5871959233026978e-09
"F=16, p=1",16,1,26,Random ranked: QPU-raw-draw matched,8192,5809,4,4,5,5,0.0020397046754091763,0,4.361372946126707e-08
"F=16, p=1",16,1,26,Random ranked: QPU-raw-draw matched,8192,5809,8,8,9,9,0.0020397046754091763,0,4.361372946126707e-08
"F=16, p=1",16,1,26,Random ranked: QPU-raw-draw matched,8192,5809,16,16,17,17,0.0020397046754091763,0,4.361372946126707e-08
"F=16, p=1",16,1,26,Random ranked: QPU-raw-draw matched,8192,5809,32,32,33,33,0.0020397046754091763,0,4.361372946126707e-08
"F=16, p=1",16,1,26,Random ranked: QPU-raw-draw matched,8192,5809,64,64,65,65,0.0020397046754091763,0,4.361372946126707e-08
"F=16, p=1",16,1,27,Uniform random: direct M,4,64,4,4,5,5,0.001753342891898671,0,2.1183859444384723e-08
"F=16, p=1",16,1,27,Uniform random: direct M,8,64,8,8,9,9,0.001753342891898671,0,2.1183859444384723e-08
"F=16, p=1",16,1,27,Uniform random: direct M,16,64,16,16,17,17,0.0020994418864689057,0,1.3607466875509289e-08
"F=16, p=1",16,1,27,Uniform random: direct M,32,64,32,32,33,33,0.0020994418864689057,0,1.3607466875509289e-08
"F=16, p=1",16,1,27,Uniform random: direct M,64,64,64,64,65,65,0.0020994418864689057,0,1.3607466875509289e-08
"F=16, p=1",16,1,27,Random ranked: QPU-valid-unique matched,411,411,4,4,5,5,0.002136943316528514,0,2.1148861384379103e-08
"F=16, p=1",16,1,27,Random ranked: QPU-valid-unique matched,411,411,8,8,9,9,0.002136943316528514,0,2.1148861384379103e-08
"F=16, p=1",16,1,27,Random ranked: QPU-valid-unique matched,411,411,16,16,17,17,0.0021380153557443715,0,3.307530938023717e-08
"F=16, p=1",16,1,27,Random ranked: QPU-valid-unique matched,411,411,32,32,33,33,0.0021380153557443715,0,3.307530938023717e-08
"F=16, p=1",16,1,27,Random ranked: QPU-valid-unique matched,411,411,64,64,65,65,0.0021380153557443715,0,3.307530938023717e-08
"F=16, p=1",16,1,27,Random ranked: QPU-raw-draw matched,8192,5874,4,4,5,5,0.002136943316528514,0,2.1148861384379103e-08
"F=16, p=1",16,1,27,Random ranked: QPU-raw-draw matched,8192,5874,8,8,9,9,0.002136943316528514,0,2.1148861384379103e-08
"F=16, p=1",16,1,27,Random ranked: QPU-raw-draw matched,8192,5874,16,16,17,17,0.002136943316528514,0,2.1148861384379103e-08
"F=16, p=1",16,1,27,Random ranked: QPU-raw-draw matched,8192,5874,32,32,33,33,0.002136943316528514,0,2.1148861384379103e-08
"F=16, p=1",16,1,27,Random ranked: QPU-raw-draw matched,8192,5874,64,64,65,65,0.002136943316528514,0,2.1148861384379103e-08
"F=16, p=1",16,1,28,Uniform random: direct M,4,64,4,4,5,5,0.0016108447944716067,0,2.7302375471549567e-08
"F=16, p=1",16,1,28,Uniform random: direct M,8,64,8,8,9,9,0.0016108447944716067,0,2.7302375471549567e-08
"F=16, p=1",16,1,28,Uniform random: direct M,16,64,16,16,17,17,0.0017688619383746523,0,4.03819203631528e-08
"F=16, p=1",16,1,28,Uniform random: direct M,32,64,32,32,33,33,0.0020055768627149015,0,1.4280763960261567e-08
"F=16, p=1",16,1,28,Uniform random: direct M,64,64,64,64,65,65,0.0023056023012642812,0,1.6491775167715161e-09
"F=16, p=1",16,1,28,Random ranked: QPU-valid-unique matched,427,427,4,4,5,5,0.0019497081808131159,0,2.801875909064222e-08
"F=16, p=1",16,1,28,Random ranked: QPU-valid-unique matched,427,427,8,8,9,9,0.0019719260484147433,0,1.431958762676544e-08
"F=16, p=1",16,1,28,Random ranked: QPU-valid-unique matched,427,427,16,16,17,17,0.0020824224192499963,0,3.288324834649359e-08
"F=16, p=1",16,1,28,Random ranked: QPU-valid-unique matched,427,427,32,32,33,33,0.0021427266252017282,0,2.3529217796358637e-08
"F=16, p=1",16,1,28,Random ranked: QPU-valid-unique matched,427,427,64,64,65,65,0.0021427266252017282,0,2.3529217796358637e-08
"F=16, p=1",16,1,28,Random ranked: QPU-raw-draw matched,8192,5810,4,4,5,5,0.002136943316528514,0,2.1148861384379103e-08
"F=16, p=1",16,1,28,Random ranked: QPU-raw-draw matched,8192,5810,8,8,9,9,0.002136943316528514,0,2.1148861384379103e-08
"F=16, p=1",16,1,28,Random ranked: QPU-raw-draw matched,8192,5810,16,16,17,17,0.002136943316528514,0,2.1148861384379103e-08
"F=16, p=1",16,1,28,Random ranked: QPU-raw-draw matched,8192,5810,32,32,33,33,0.002136943316528514,0,2.1148861384379103e-08
"F=16, p=1",16,1,28,Random ranked: QPU-raw-draw matched,8192,5810,64,64,65,65,0.002136943316528514,0,2.1148861384379103e-08
"F=16, p=1",16,1,29,Uniform random: direct M,4,64,4,4,5,5,0.002079291481696062,0,1.94314078161284e-08
"F=16, p=1",16,1,29,Uniform random: direct M,8,64,8,8,9,9,0.0021250878336050993,0,1.698799223515124e-08
"F=16, p=1",16,1,29,Uniform random: direct M,16,64,16,16,17,17,0.0021250878336050993,0,1.698799223515124e-08
"F=16, p=1",16,1,29,Uniform random: direct M,32,64,32,32,33,33,0.0021250878336050993,0,1.698799223515124e-08
"F=16, p=1",16,1,29,Uniform random: direct M,64,64,64,64,65,65,0.0021250878336050993,0,1.698799223515124e-08
"F=16, p=1",16,1,29,Random ranked: QPU-valid-unique matched,428,428,4,4,5,5,0.0020397046754091763,0,4.361372946126707e-08
"F=16, p=1",16,1,29,Random ranked: QPU-valid-unique matched,428,428,8,8,9,9,0.0020397046754091763,0,4.361372946126707e-08
"F=16, p=1",16,1,29,Random ranked: QPU-valid-unique matched,428,428,16,16,17,17,0.0020962096684803977,0,3.503991186093458e-08
"F=16, p=1",16,1,29,Random ranked: QPU-valid-unique matched,428,428,32,32,33,33,0.0020962096684803977,0,3.503991186093458e-08
"F=16, p=1",16,1,29,Random ranked: QPU-valid-unique matched,428,428,64,64,65,65,0.0020962096684803977,0,3.503991186093458e-08
"F=16, p=1",16,1,29,Random ranked: QPU-raw-draw matched,8192,5827,4,4,5,5,0.002136943316528514,0,2.1148861384379103e-08
"F=16, p=1",16,1,29,Random ranked: QPU-raw-draw matched,8192,5827,8,8,9,9,0.002136943316528514,0,2.1148861384379103e-08
"F=16, p=1",16,1,29,Random ranked: QPU-raw-draw matched,8192,5827,16,16,17,17,0.002136943316528514,0,2.1148861384379103e-08
"F=16, p=1",16,1,29,Random ranked: QPU-raw-draw matched,8192,5827,32,32,33,33,0.002136943316528514,0,2.1148861384379103e-08
"F=16, p=1",16,1,29,Random ranked: QPU-raw-draw matched,8192,5827,64,64,65,65,0.002136943316528514,0,2.1148861384379103e-08
"F=16, p=1",16,1,30,Uniform random: direct M,4,64,4,4,5,5,0.0021717828261546834,0,1.6675043346126017e-08
"F=16, p=1",16,1,30,Uniform random: direct M,8,64,8,8,9,9,0.0021717828261546834,0,1.6675043346126017e-08
"F=16, p=1",16,1,30,Uniform random: direct M,16,64,16,16,17,17,0.0021717828261546834,0,1.6675043346126017e-08
"F=16, p=1",16,1,30,Uniform random: direct M,32,64,32,32,33,33,0.002307871309346732,0,2.2049644110566646e-08
"F=16, p=1",16,1,30,Uniform random: direct M,64,64,64,64,65,65,0.002307871309346732,0,2.2049644110566646e-08
"F=16, p=1",16,1,30,Random ranked: QPU-valid-unique matched,411,411,4,4,5,5,0.0017371983561482937,0,1.7854149381157924e-08
"F=16, p=1",16,1,30,Random ranked: QPU-valid-unique matched,411,411,8,8,9,9,0.0017371983561482937,0,1.7854149381157924e-08
"F=16, p=1",16,1,30,Random ranked: QPU-valid-unique matched,411,411,16,16,17,17,0.002303867793736515,0,1.7388692818975926e-08
"F=16, p=1",16,1,30,Random ranked: QPU-valid-unique matched,411,411,32,32,33,33,0.002303867793736515,0,1.7388692818975926e-08
"F=16, p=1",16,1,30,Random ranked: QPU-valid-unique matched,411,411,64,64,65,65,0.002303867793736515,0,1.7388692818975926e-08
"F=16, p=1",16,1,30,Random ranked: QPU-raw-draw matched,8192,5891,4,4,5,5,0.0019497081808131159,0,2.801875909064222e-08
"F=16, p=1",16,1,30,Random ranked: QPU-raw-draw matched,8192,5891,8,8,9,9,0.0019497081808131159,0,2.801875909064222e-08
"F=16, p=1",16,1,30,Random ranked: QPU-raw-draw matched,8192,5891,16,16,17,17,0.0019497081808131159,0,2.801875909064222e-08
"F=16, p=1",16,1,30,Random ranked: QPU-raw-draw matched,8192,5891,32,32,33,33,0.0019497081808131159,0,2.801875909064222e-08
"F=16, p=1",16,1,30,Random ranked: QPU-raw-draw matched,8192,5891,64,64,65,65,0.0019497081808131159,0,2.801875909064222e-08
"F=16, p=1",16,1,31,Uniform random: direct M,4,64,4,4,5,5,0.0020554650529650623,0,1.6823668458343377e-08
"F=16, p=1",16,1,31,Uniform random: direct M,8,64,8,8,9,9,0.0021526211860807554,0,2.3899178247521746e-08
"F=16, p=1",16,1,31,Uniform random: direct M,16,64,16,16,17,17,0.0021526211860807554,0,2.3899178247521746e-08
"F=16, p=1",16,1,31,Uniform random: direct M,32,64,32,32,33,33,0.002161736730871805,0,2.1379806813826008e-08
"F=16, p=1",16,1,31,Uniform random: direct M,64,64,64,64,65,65,0.002161736730871805,0,2.1379806813826008e-08
"F=16, p=1",16,1,31,Random ranked: QPU-valid-unique matched,427,427,4,4,5,5,0.0020397046754091763,0,4.361372946126707e-08
"F=16, p=1",16,1,31,Random ranked: QPU-valid-unique matched,427,427,8,8,9,9,0.0020397046754091763,0,4.361372946126707e-08
"F=16, p=1",16,1,31,Random ranked: QPU-valid-unique matched,427,427,16,16,17,17,0.0020397046754091763,0,4.361372946126707e-08
"F=16, p=1",16,1,31,Random ranked: QPU-valid-unique matched,427,427,32,32,33,33,0.0021397535668008574,0,3.414809524038276e-08
"F=16, p=1",16,1,31,Random ranked: QPU-valid-unique matched,427,427,64,64,65,65,0.0021397535668008574,0,3.414809524038276e-08
"F=16, p=1",16,1,31,Random ranked: QPU-raw-draw matched,8192,5861,4,4,5,5,0.0020397046754091763,0,4.361372946126707e-08
"F=16, p=1",16,1,31,Random ranked: QPU-raw-draw matched,8192,5861,8,8,9,9,0.0020397046754091763,0,4.361372946126707e-08
"F=16, p=1",16,1,31,Random ranked: QPU-raw-draw matched,8192,5861,16,16,17,17,0.0020397046754091763,0,4.361372946126707e-08
"F=16, p=1",16,1,31,Random ranked: QPU-raw-draw matched,8192,5861,32,32,33,33,0.0020397046754091763,0,4.361372946126707e-08
"F=16, p=1",16,1,31,Random ranked: QPU-raw-draw matched,8192,5861,64,64,65,65,0.0020397046754091763,0,4.361372946126707e-08
"F=16, p=1",16,1,32,Uniform random: direct M,4,64,4,4,5,5,0.0019024649260024201,0,6.3087757240509745e-09
"F=16, p=1",16,1,32,Uniform random: direct M,8,64,8,8,9,9,0.0019024649260024201,0,6.3087757240509745e-09
"F=16, p=1",16,1,32,Uniform random: direct M,16,64,16,16,17,17,0.0019024649260024201,0,6.3087757240509745e-09
"F=16, p=1",16,1,32,Uniform random: direct M,32,64,32,32,33,33,0.0019024649260024201,0,6.3087757240509745e-09
"F=16, p=1",16,1,32,Uniform random: direct M,64,64,64,64,65,65,0.0022207373759841886,0,1.4453555921556394e-09
"F=16, p=1",16,1,32,Random ranked: QPU-valid-unique matched,428,428,4,4,5,5,0.0015987572852728948,0,4.1884713808393315e-08
"F=16, p=1",16,1,32,Random ranked: QPU-valid-unique matched,428,428,8,8,9,9,0.0016092562775721075,0,1.0465330935183204e-08
"F=16, p=1",16,1,32,Random ranked: QPU-valid-unique matched,428,428,16,16,17,17,0.0021743769376382435,0,2.5715112816904195e-08
"F=16, p=1",16,1,32,Random ranked: QPU-valid-unique matched,428,428,32,32,33,33,0.0021743769376382435,0,2.5715112816904195e-08
"F=16, p=1",16,1,32,Random ranked: QPU-valid-unique matched,428,428,64,64,65,65,0.0021743769376382435,0,2.5715112816904195e-08
"F=16, p=1",16,1,32,Random ranked: QPU-raw-draw matched,8192,5772,4,4,5,5,0.0020397046754091763,0,4.361372946126707e-08
"F=16, p=1",16,1,32,Random ranked: QPU-raw-draw matched,8192,5772,8,8,9,9,0.0020397046754091763,0,4.361372946126707e-08
"F=16, p=1",16,1,32,Random ranked: QPU-raw-draw matched,8192,5772,16,16,17,17,0.0020397046754091763,0,4.361372946126707e-08
"F=16, p=1",16,1,32,Random ranked: QPU-raw-draw matched,8192,5772,32,32,33,33,0.0020397046754091763,0,4.361372946126707e-08
"F=16, p=1",16,1,32,Random ranked: QPU-raw-draw matched,8192,5772,64,64,65,65,0.0020397046754091763,0,4.361372946126707e-08
"F=16, p=1",16,1,33,Uniform random: direct M,4,64,4,4,5,5,0.001163026827460334,0,1.2008191996315531e-08
"F=16, p=1",16,1,33,Uniform random: direct M,8,64,8,8,9,9,0.001824040044264244,0,1.3134131213177191e-09
"F=16, p=1",16,1,33,Uniform random: direct M,16,64,16,16,17,17,0.0020124996041941193,0,1.3641011514797796e-09
"F=16, p=1",16,1,33,Uniform random: direct M,32,64,32,32,33,33,0.002043698444721985,0,3.461775102686637e-10
"F=16, p=1",16,1,33,Uniform random: direct M,64,64,64,64,65,65,0.002181267511973721,0,1.539325999999619e-09
"F=16, p=1",16,1,33,Random ranked: QPU-valid-unique matched,411,411,4,4,5,5,0.001469801473488748,0,3.727124220365141e-08
"F=16, p=1",16,1,33,Random ranked: QPU-valid-unique matched,411,411,8,8,9,9,0.0021593761200945152,0,3.155370020824222e-08
"F=16, p=1",16,1,33,Random ranked: QPU-valid-unique matched,411,411,16,16,17,17,0.0021593761200945152,0,3.155370020824222e-08
"F=16, p=1",16,1,33,Random ranked: QPU-valid-unique matched,411,411,32,32,33,33,0.0021593761200945152,0,3.155370020824222e-08
"F=16, p=1",16,1,33,Random ranked: QPU-valid-unique matched,411,411,64,64,65,65,0.0021593761200945152,0,3.155370020824222e-08
"F=16, p=1",16,1,33,Random ranked: QPU-raw-draw matched,8192,5886,4,4,5,5,0.0019497081808131159,0,2.801875909064222e-08
"F=16, p=1",16,1,33,Random ranked: QPU-raw-draw matched,8192,5886,8,8,9,9,0.0019497081808131159,0,2.801875909064222e-08
"F=16, p=1",16,1,33,Random ranked: QPU-raw-draw matched,8192,5886,16,16,17,17,0.0019497081808131159,0,2.801875909064222e-08
"F=16, p=1",16,1,33,Random ranked: QPU-raw-draw matched,8192,5886,32,32,33,33,0.0019497081808131159,0,2.801875909064222e-08
"F=16, p=1",16,1,33,Random ranked: QPU-raw-draw matched,8192,5886,64,64,65,65,0.0019497081808131159,0,2.801875909064222e-08
"F=16, p=1",16,1,34,Uniform random: direct M,4,64,4,4,5,5,0.0017097339669307696,0,8.922100627750673e-10
"F=16, p=1",16,1,34,Uniform random: direct M,8,64,8,8,9,9,0.0017097339669307696,0,8.922100627750673e-10
"F=16, p=1",16,1,34,Uniform random: direct M,16,64,16,16,17,17,0.002102375075228591,0,2.5066660525041584e-08
"F=16, p=1",16,1,34,Uniform random: direct M,32,64,32,32,33,33,0.0022651854171511776,0,1.4214426927172674e-09
"F=16, p=1",16,1,34,Uniform random: direct M,64,64,64,64,65,65,0.0022651854171511776,0,1.4214426927172674e-09
"F=16, p=1",16,1,34,Random ranked: QPU-valid-unique matched,427,427,4,4,5,5,0.0019256869433814106,0,3.742468906997587e-08
"F=16, p=1",16,1,34,Random ranked: QPU-valid-unique matched,427,427,8,8,9,9,0.0019256869433814106,0,3.742468906997587e-08
"F=16, p=1",16,1,34,Random ranked: QPU-valid-unique matched,427,427,16,16,17,17,0.002303867793736515,0,1.7388692818975926e-08
"F=16, p=1",16,1,34,Random ranked: QPU-valid-unique matched,427,427,32,32,33,33,0.002303867793736515,0,1.7388692818975926e-08
"F=16, p=1",16,1,34,Random ranked: QPU-valid-unique matched,427,427,64,64,65,65,0.002303867793736515,0,1.7388692818975926e-08
"F=16, p=1",16,1,34,Random ranked: QPU-raw-draw matched,8192,5884,4,4,5,5,0.0020397046754091763,0,4.361372946126707e-08
"F=16, p=1",16,1,34,Random ranked: QPU-raw-draw matched,8192,5884,8,8,9,9,0.0020397046754091763,0,4.361372946126707e-08
"F=16, p=1",16,1,34,Random ranked: QPU-raw-draw matched,8192,5884,16,16,17,17,0.0020397046754091763,0,4.361372946126707e-08
"F=16, p=1",16,1,34,Random ranked: QPU-raw-draw matched,8192,5884,32,32,33,33,0.0020397046754091763,0,4.361372946126707e-08
"F=16, p=1",16,1,34,Random ranked: QPU-raw-draw matched,8192,5884,64,64,65,65,0.0020397046754091763,0,4.361372946126707e-08
"F=16, p=1",16,1,35,Uniform random: direct M,4,64,4,4,5,5,0.0023511537738672636,0,3.5983356738711336e-08
"F=16, p=1",16,1,35,Uniform random: direct M,8,64,8,8,9,9,0.0023511537738672636,0,3.5983356738711336e-08
"F=16, p=1",16,1,35,Uniform random: direct M,16,64,16,16,17,17,0.0023511537738672636,0,3.5983356738711336e-08
"F=16, p=1",16,1,35,Uniform random: direct M,32,64,32,32,33,33,0.0023511537738672636,0,3.5983356738711336e-08
"F=16, p=1",16,1,35,Uniform random: direct M,64,64,64,64,65,65,0.0023511537738672636,0,3.5983356738711336e-08
"F=16, p=1",16,1,35,Random ranked: QPU-valid-unique matched,428,428,4,4,5,5,0.001720082558495456,0,1.7755763692672843e-08
"F=16, p=1",16,1,35,Random ranked: QPU-valid-unique matched,428,428,8,8,9,9,0.0019873217110968275,0,1.3559805500662492e-09
"F=16, p=1",16,1,35,Random ranked: QPU-valid-unique matched,428,428,16,16,17,17,0.0019873217110968275,0,1.3559805500662492e-09
"F=16, p=1",16,1,35,Random ranked: QPU-valid-unique matched,428,428,32,32,33,33,0.0019873217110968275,0,1.3559805500662492e-09
"F=16, p=1",16,1,35,Random ranked: QPU-valid-unique matched,428,428,64,64,65,65,0.0019873217110968275,0,1.3559805500662492e-09
"F=16, p=1",16,1,35,Random ranked: QPU-raw-draw matched,8192,5820,4,4,5,5,0.0020397046754091763,0,4.361372946126707e-08
"F=16, p=1",16,1,35,Random ranked: QPU-raw-draw matched,8192,5820,8,8,9,9,0.0020397046754091763,0,4.361372946126707e-08
"F=16, p=1",16,1,35,Random ranked: QPU-raw-draw matched,8192,5820,16,16,17,17,0.0020397046754091763,0,4.361372946126707e-08
"F=16, p=1",16,1,35,Random ranked: QPU-raw-draw matched,8192,5820,32,32,33,33,0.0020397046754091763,0,4.361372946126707e-08
"F=16, p=1",16,1,35,Random ranked: QPU-raw-draw matched,8192,5820,64,64,65,65,0.0020397046754091763,0,4.361372946126707e-08
"F=16, p=1",16,1,36,Uniform random: direct M,4,64,4,4,5,5,0.0012253277276445818,0,2.946934590797312e-08
"F=16, p=1",16,1,36,Uniform random: direct M,8,64,8,8,9,9,0.001406392025381134,0,8.071799340036989e-10
"F=16, p=1",16,1,36,Uniform random: direct M,16,64,16,16,17,17,0.0021250878336050993,0,1.698799223515124e-08
"F=16, p=1",16,1,36,Uniform random: direct M,32,64,32,32,33,33,0.0021331208987338257,0,1.5131719210970118e-09
"F=16, p=1",16,1,36,Uniform random: direct M,64,64,64,64,65,65,0.0021331208987338257,0,1.5131719210970118e-09
"F=16, p=1",16,1,36,Random ranked: QPU-valid-unique matched,411,411,4,4,5,5,0.0015176017710699999,0,2.9978991844537006e-08
"F=16, p=1",16,1,36,Random ranked: QPU-valid-unique matched,411,411,8,8,9,9,0.0016092562775721075,0,1.0465330935183204e-08
"F=16, p=1",16,1,36,Random ranked: QPU-valid-unique matched,411,411,16,16,17,17,0.0022116013691898667,0,1.5871959233026978e-09
"F=16, p=1",16,1,36,Random ranked: QPU-valid-unique matched,411,411,32,32,33,33,0.0022116013691898667,0,1.5871959233026978e-09
"F=16, p=1",16,1,36,Random ranked: QPU-valid-unique matched,411,411,64,64,65,65,0.0022116013691898667,0,1.5871959233026978e-09
"F=16, p=1",16,1,36,Random ranked: QPU-raw-draw matched,8192,5850,4,4,5,5,0.002136943316528514,0,2.1148861384379103e-08
"F=16, p=1",16,1,36,Random ranked: QPU-raw-draw matched,8192,5850,8,8,9,9,0.002136943316528514,0,2.1148861384379103e-08
"F=16, p=1",16,1,36,Random ranked: QPU-raw-draw matched,8192,5850,16,16,17,17,0.002136943316528514,0,2.1148861384379103e-08
"F=16, p=1",16,1,36,Random ranked: QPU-raw-draw matched,8192,5850,32,32,33,33,0.002136943316528514,0,2.1148861384379103e-08
"F=16, p=1",16,1,36,Random ranked: QPU-raw-draw matched,8192,5850,64,64,65,65,0.002136943316528514,0,2.1148861384379103e-08
"F=16, p=1",16,1,37,Uniform random: direct M,4,64,4,4,5,5,0.0020892833239984643,0,1.833427232256213e-08
"F=16, p=1",16,1,37,Uniform random: direct M,8,64,8,8,9,9,0.0020892833239984643,0,1.833427232256213e-08
"F=16, p=1",16,1,37,Uniform random: direct M,16,64,16,16,17,17,0.0020892833239984643,0,1.833427232256213e-08
"F=16, p=1",16,1,37,Uniform random: direct M,32,64,32,32,33,33,0.0020892833239984643,0,1.833427232256213e-08
"F=16, p=1",16,1,37,Uniform random: direct M,64,64,64,64,65,65,0.0021468423294872183,0,2.995145986783854e-08
"F=16, p=1",16,1,37,Random ranked: QPU-valid-unique matched,427,427,4,4,5,5,0.0016854869080716733,0,2.9827112446589865e-08
"F=16, p=1",16,1,37,Random ranked: QPU-valid-unique matched,427,427,8,8,9,9,0.0016854869080716733,0,2.9827112446589865e-08
"F=16, p=1",16,1,37,Random ranked: QPU-valid-unique matched,427,427,16,16,17,17,0.002062103967353221,0,5.266557953631512e-10
"F=16, p=1",16,1,37,Random ranked: QPU-valid-unique matched,427,427,32,32,33,33,0.002062103967353221,0,5.266557953631512e-10
"F=16, p=1",16,1,37,Random ranked: QPU-valid-unique matched,427,427,64,64,65,65,0.002062103967353221,0,5.266557953631512e-10
"F=16, p=1",16,1,37,Random ranked: QPU-raw-draw matched,8192,5837,4,4,5,5,0.0020397046754091763,0,4.361372946126707e-08
"F=16, p=1",16,1,37,Random ranked: QPU-raw-draw matched,8192,5837,8,8,9,9,0.0020397046754091763,0,4.361372946126707e-08
"F=16, p=1",16,1,37,Random ranked: QPU-raw-draw matched,8192,5837,16,16,17,17,0.0020397046754091763,0,4.361372946126707e-08
"F=16, p=1",16,1,37,Random ranked: QPU-raw-draw matched,8192,5837,32,32,33,33,0.0020397046754091763,0,4.361372946126707e-08
"F=16, p=1",16,1,37,Random ranked: QPU-raw-draw matched,8192,5837,64,64,65,65,0.0020397046754091763,0,4.361372946126707e-08
"F=16, p=1",16,1,38,Uniform random: direct M,4,64,4,4,5,5,0.0018003224288737005,0,1.6857814033599539e-09
"F=16, p=1",16,1,38,Uniform random: direct M,8,64,8,8,9,9,0.0018003224288737005,0,1.6857814033599539e-09
"F=16, p=1",16,1,38,Uniform random: direct M,16,64,16,16,17,17,0.002303867793736515,0,1.7388692818975926e-08
"F=16, p=1",16,1,38,Uniform random: direct M,32,64,32,32,33,33,0.002303867793736515,0,1.7388692818975926e-08
"F=16, p=1",16,1,38,Uniform random: direct M,64,64,64,64,65,65,0.0023213924412632883,0,1.6952757697641374e-08
"F=16, p=1",16,1,38,Random ranked: QPU-valid-unique matched,428,428,4,4,5,5,0.00170233772338646,0,3.53844561429284e-08
"F=16, p=1",16,1,38,Random ranked: QPU-valid-unique matched,428,428,8,8,9,9,0.0022191230513717783,0,8.339940127388701e-09
"F=16, p=1",16,1,38,Random ranked: QPU-valid-unique matched,428,428,16,16,17,17,0.0022191230513717783,0,8.339940127388701e-09
"F=16, p=1",16,1,38,Random ranked: QPU-valid-unique matched,428,428,32,32,33,33,0.0022191230513717783,0,8.339940127388701e-09
"F=16, p=1",16,1,38,Random ranked: QPU-valid-unique matched,428,428,64,64,65,65,0.0022191230513717783,0,8.339940127388701e-09
"F=16, p=1",16,1,38,Random ranked: QPU-raw-draw matched,8192,5826,4,4,5,5,0.0020397046754091763,0,4.361372946126707e-08
"F=16, p=1",16,1,38,Random ranked: QPU-raw-draw matched,8192,5826,8,8,9,9,0.0020397046754091763,0,4.361372946126707e-08
"F=16, p=1",16,1,38,Random ranked: QPU-raw-draw matched,8192,5826,16,16,17,17,0.0020397046754091763,0,4.361372946126707e-08
"F=16, p=1",16,1,38,Random ranked: QPU-raw-draw matched,8192,5826,32,32,33,33,0.0020397046754091763,0,4.361372946126707e-08
"F=16, p=1",16,1,38,Random ranked: QPU-raw-draw matched,8192,5826,64,64,65,65,0.0020397046754091763,0,4.361372946126707e-08
"F=16, p=1",16,1,39,Uniform random: direct M,4,64,4,4,5,5,0.00205401976146731,0,2.5766071498622978e-08
"F=16, p=1",16,1,39,Uniform random: direct M,8,64,8,8,9,9,0.00205401976146731,0,2.5766071498622978e-08
"F=16, p=1",16,1,39,Uniform random: direct M,16,64,16,16,17,17,0.00205401976146731,0,2.5766071498622978e-08
"F=16, p=1",16,1,39,Uniform random: direct M,32,64,32,32,33,33,0.00205401976146731,0,2.5766071498622978e-08
"F=16, p=1",16,1,39,Uniform random: direct M,64,64,64,64,65,65,0.002175977758770778,0,1.9078866264621297e-08
"F=16, p=1",16,1,39,Random ranked: QPU-valid-unique matched,411,411,4,4,5,5,0.001473994274344692,0,4.006901294095755e-08
"F=16, p=1",16,1,39,Random ranked: QPU-valid-unique matched,411,411,8,8,9,9,0.0021610667505931602,0,1.476396571664651e-08
"F=16, p=1",16,1,39,Random ranked: QPU-valid-unique matched,411,411,16,16,17,17,0.0021610667505931602,0,1.476396571664651e-08
"F=16, p=1",16,1,39,Random ranked: QPU-valid-unique matched,411,411,32,32,33,33,0.0021610667505931602,0,1.476396571664651e-08
"F=16, p=1",16,1,39,Random ranked: QPU-valid-unique matched,411,411,64,64,65,65,0.0021610667505931602,0,1.476396571664651e-08
"F=16, p=1",16,1,39,Random ranked: QPU-raw-draw matched,8192,5842,4,4,5,5,0.0020397046754091763,0,4.361372946126707e-08
"F=16, p=1",16,1,39,Random ranked: QPU-raw-draw matched,8192,5842,8,8,9,9,0.0020397046754091763,0,4.361372946126707e-08
"F=16, p=1",16,1,39,Random ranked: QPU-raw-draw matched,8192,5842,16,16,17,17,0.0020397046754091763,0,4.361372946126707e-08
"F=16, p=1",16,1,39,Random ranked: QPU-raw-draw matched,8192,5842,32,32,33,33,0.0020397046754091763,0,4.361372946126707e-08
"F=16, p=1",16,1,39,Random ranked: QPU-raw-draw matched,8192,5842,64,64,65,65,0.0020397046754091763,0,4.361372946126707e-08
"F=16, p=1",16,1,40,Uniform random: direct M,4,64,4,4,5,5,0.0018218783900370156,0,7.194618234507288e-10
"F=16, p=1",16,1,40,Uniform random: direct M,8,64,8,8,9,9,0.0018218783900370156,0,7.194618234507288e-10
"F=16, p=1",16,1,40,Uniform random: direct M,16,64,16,16,17,17,0.0020384965068111077,0,1.0890628399096158e-09
"F=16, p=1",16,1,40,Uniform random: direct M,32,64,32,32,33,33,0.0020384965068111077,0,1.0890628399096158e-09
"F=16, p=1",16,1,40,Uniform random: direct M,64,64,64,64,65,65,0.0020384965068111077,0,1.0890628399096158e-09
"F=16, p=1",16,1,40,Random ranked: QPU-valid-unique matched,427,427,4,4,5,5,0.00170233772338646,0,3.53844561429284e-08
"F=16, p=1",16,1,40,Random ranked: QPU-valid-unique matched,427,427,8,8,9,9,0.00170233772338646,0,3.53844561429284e-08
"F=16, p=1",16,1,40,Random ranked: QPU-valid-unique matched,427,427,16,16,17,17,0.0017773649866631436,0,1.1821906786835257e-09
"F=16, p=1",16,1,40,Random ranked: QPU-valid-unique matched,427,427,32,32,33,33,0.0019687652154016244,0,5.915813949819437e-10
"F=16, p=1",16,1,40,Random ranked: QPU-valid-unique matched,427,427,64,64,65,65,0.0019687652154016244,0,5.915813949819437e-10
"F=16, p=1",16,1,40,Random ranked: QPU-raw-draw matched,8192,5878,4,4,5,5,0.002136943316528514,0,2.1148861384379103e-08
"F=16, p=1",16,1,40,Random ranked: QPU-raw-draw matched,8192,5878,8,8,9,9,0.002136943316528514,0,2.1148861384379103e-08
"F=16, p=1",16,1,40,Random ranked: QPU-raw-draw matched,8192,5878,16,16,17,17,0.002136943316528514,0,2.1148861384379103e-08
"F=16, p=1",16,1,40,Random ranked: QPU-raw-draw matched,8192,5878,32,32,33,33,0.002136943316528514,0,2.1148861384379103e-08
"F=16, p=1",16,1,40,Random ranked: QPU-raw-draw matched,8192,5878,64,64,65,65,0.002136943316528514,0,2.1148861384379103e-08
"F=16, p=1",16,1,41,Uniform random: direct M,4,64,4,4,5,5,0.0019093234060418435,0,2.1169511310592526e-08
"F=16, p=1",16,1,41,Uniform random: direct M,8,64,8,8,9,9,0.0019093234060418435,0,2.1169511310592526e-08
"F=16, p=1",16,1,41,Uniform random: direct M,16,64,16,16,17,17,0.0019093234060418435,0,2.1169511310592526e-08
"F=16, p=1",16,1,41,Uniform random: direct M,32,64,32,32,33,33,0.0019093234060418435,0,2.1169511310592526e-08
"F=16, p=1",16,1,41,Uniform random: direct M,64,64,64,64,65,65,0.0020924164015998503,0,7.826408243705174e-09
"F=16, p=1",16,1,41,Random ranked: QPU-valid-unique matched,428,428,4,4,5,5,0.002136943316528514,0,2.1148861384379103e-08
"F=16, p=1",16,1,41,Random ranked: QPU-valid-unique matched,428,428,8,8,9,9,0.002136943316528514,0,2.1148861384379103e-08
"F=16, p=1",16,1,41,Random ranked: QPU-valid-unique matched,428,428,16,16,17,17,0.0021380153557443715,0,3.307530938023717e-08
"F=16, p=1",16,1,41,Random ranked: QPU-valid-unique matched,428,428,32,32,33,33,0.0021380153557443715,0,3.307530938023717e-08
"F=16, p=1",16,1,41,Random ranked: QPU-valid-unique matched,428,428,64,64,65,65,0.0021380153557443715,0,3.307530938023717e-08
"F=16, p=1",16,1,41,Random ranked: QPU-raw-draw matched,8192,5835,4,4,5,5,0.002136943316528514,0,2.1148861384379103e-08
"F=16, p=1",16,1,41,Random ranked: QPU-raw-draw matched,8192,5835,8,8,9,9,0.002136943316528514,0,2.1148861384379103e-08
"F=16, p=1",16,1,41,Random ranked: QPU-raw-draw matched,8192,5835,16,16,17,17,0.002136943316528514,0,2.1148861384379103e-08
"F=16, p=1",16,1,41,Random ranked: QPU-raw-draw matched,8192,5835,32,32,33,33,0.002136943316528514,0,2.1148861384379103e-08
"F=16, p=1",16,1,41,Random ranked: QPU-raw-draw matched,8192,5835,64,64,65,65,0.002136943316528514,0,2.1148861384379103e-08
"F=16, p=1",16,1,42,Uniform random: direct M,4,64,4,4,5,5,0.0018934322347463964,0,5.315829998409072e-10
"F=16, p=1",16,1,42,Uniform random: direct M,8,64,8,8,9,9,0.0021610073000519966,0,1.5830000721708815e-09
"F=16, p=1",16,1,42,Uniform random: direct M,16,64,16,16,17,17,0.002173375157116443,0,5.445564624229071e-10
"F=16, p=1",16,1,42,Uniform random: direct M,32,64,32,32,33,33,0.002173375157116443,0,5.445564624229071e-10
"F=16, p=1",16,1,42,Uniform random: direct M,64,64,64,64,65,65,0.002173375157116443,0,5.445564624229071e-10
"F=16, p=1",16,1,42,Random ranked: QPU-valid-unique matched,411,411,4,4,5,5,0.0016468789497857683,0,1.492922224732851e-08
"F=16, p=1",16,1,42,Random ranked: QPU-valid-unique matched,411,411,8,8,9,9,0.0016468789497857683,0,1.492922224732851e-08
"F=16, p=1",16,1,42,Random ranked: QPU-valid-unique matched,411,411,16,16,17,17,0.001981108438216986,0,8.486555902464943e-10
"F=16, p=1",16,1,42,Random ranked: QPU-valid-unique matched,411,411,32,32,33,33,0.001981108438216986,0,8.486555902464943e-10
"F=16, p=1",16,1,42,Random ranked: QPU-valid-unique matched,411,411,64,64,65,65,0.001981108438216986,0,8.486555902464943e-10
"F=16, p=1",16,1,42,Random ranked: QPU-raw-draw matched,8192,5848,4,4,5,5,0.0019497081808131159,0,2.801875909064222e-08
"F=16, p=1",16,1,42,Random ranked: QPU-raw-draw matched,8192,5848,8,8,9,9,0.0019497081808131159,0,2.801875909064222e-08
"F=16, p=1",16,1,42,Random ranked: QPU-raw-draw matched,8192,5848,16,16,17,17,0.0019497081808131159,0,2.801875909064222e-08
"F=16, p=1",16,1,42,Random ranked: QPU-raw-draw matched,8192,5848,32,32,33,33,0.0019497081808131159,0,2.801875909064222e-08
"F=16, p=1",16,1,42,Random ranked: QPU-raw-draw matched,8192,5848,64,64,65,65,0.0019497081808131159,0,2.801875909064222e-08
"F=16, p=1",16,1,43,Uniform random: direct M,4,64,4,4,5,5,0.0018006515849687196,0,1.2373688740296984e-08
"F=16, p=1",16,1,43,Uniform random: direct M,8,64,8,8,9,9,0.0018006515849687196,0,1.2373688740296984e-08
"F=16, p=1",16,1,43,Uniform random: direct M,16,64,16,16,17,17,0.0019906727525820303,0,3.215364474673521e-09
"F=16, p=1",16,1,43,Uniform random: direct M,32,64,32,32,33,33,0.0020819831935417407,0,2.912786278841395e-08
"F=16, p=1",16,1,43,Uniform random: direct M,64,64,64,64,65,65,0.0022027995367215614,0,1.996346532529003e-09
"F=16, p=1",16,1,43,Random ranked: QPU-valid-unique matched,427,427,4,4,5,5,0.0019497081808131159,0,2.801875909064222e-08
"F=16, p=1",16,1,43,Random ranked: QPU-valid-unique matched,427,427,8,8,9,9,0.0019497081808131159,0,2.801875909064222e-08
"F=16, p=1",16,1,43,Random ranked: QPU-valid-unique matched,427,427,16,16,17,17,0.002247223526033272,0,2.7813976899437876e-08
"F=16, p=1",16,1,43,Random ranked: QPU-valid-unique matched,427,427,32,32,33,33,0.002247223526033272,0,2.7813976899437876e-08
"F=16, p=1",16,1,43,Random ranked: QPU-valid-unique matched,427,427,64,64,65,65,0.002247223526033272,0,2.7813976899437876e-08
"F=16, p=1",16,1,43,Random ranked: QPU-raw-draw matched,8192,5849,4,4,5,5,0.002136943316528514,0,2.1148861384379103e-08
"F=16, p=1",16,1,43,Random ranked: QPU-raw-draw matched,8192,5849,8,8,9,9,0.002136943316528514,0,2.1148861384379103e-08
"F=16, p=1",16,1,43,Random ranked: QPU-raw-draw matched,8192,5849,16,16,17,17,0.002136943316528514,0,2.1148861384379103e-08
"F=16, p=1",16,1,43,Random ranked: QPU-raw-draw matched,8192,5849,32,32,33,33,0.002136943316528514,0,2.1148861384379103e-08
"F=16, p=1",16,1,43,Random ranked: QPU-raw-draw matched,8192,5849,64,64,65,65,0.002136943316528514,0,2.1148861384379103e-08
"F=16, p=1",16,1,44,Uniform random: direct M,4,64,4,4,5,5,0.0020577651284330797,0,2.6557258725468103e-08
"F=16, p=1",16,1,44,Uniform random: direct M,8,64,8,8,9,9,0.0020577651284330797,0,2.6557258725468103e-08
"F=16, p=1",16,1,44,Uniform random: direct M,16,64,16,16,17,17,0.0020577651284330797,0,2.6557258725468103e-08
"F=16, p=1",16,1,44,Uniform random: direct M,32,64,32,32,33,33,0.0020577651284330797,0,2.6557258725468103e-08
"F=16, p=1",16,1,44,Uniform random: direct M,64,64,64,64,65,65,0.0020577651284330797,0,2.6557258725468103e-08
"F=16, p=1",16,1,44,Random ranked: QPU-valid-unique matched,428,428,4,4,5,5,0.0019101233567109105,0,4.2087688889580477e-10
"F=16, p=1",16,1,44,Random ranked: QPU-valid-unique matched,428,428,8,8,9,9,0.0019101233567109105,0,4.2087688889580477e-10
"F=16, p=1",16,1,44,Random ranked: QPU-valid-unique matched,428,428,16,16,17,17,0.002303867793736515,0,1.7388692818975926e-08
"F=16, p=1",16,1,44,Random ranked: QPU-valid-unique matched,428,428,32,32,33,33,0.002303867793736515,0,1.7388692818975926e-08
"F=16, p=1",16,1,44,Random ranked: QPU-valid-unique matched,428,428,64,64,65,65,0.002303867793736515,0,1.7388692818975926e-08
"F=16, p=1",16,1,44,Random ranked: QPU-raw-draw matched,8192,5871,4,4,5,5,0.0019101233567109105,0,4.2087688889580477e-10
"F=16, p=1",16,1,44,Random ranked: QPU-raw-draw matched,8192,5871,8,8,9,9,0.0019101233567109105,0,4.2087688889580477e-10
"F=16, p=1",16,1,44,Random ranked: QPU-raw-draw matched,8192,5871,16,16,17,17,0.0019101233567109105,0,4.2087688889580477e-10
"F=16, p=1",16,1,44,Random ranked: QPU-raw-draw matched,8192,5871,32,32,33,33,0.0019101233567109105,0,4.2087688889580477e-10
"F=16, p=1",16,1,44,Random ranked: QPU-raw-draw matched,8192,5871,64,64,65,65,0.0019101233567109105,0,4.2087688889580477e-10
"F=16, p=1",16,1,45,Uniform random: direct M,4,64,4,4,5,5,0.002171533395821844,0,2.5322205887690075e-08
"F=16, p=1",16,1,45,Uniform random: direct M,8,64,8,8,9,9,0.002171533395821844,0,2.5322205887690075e-08
"F=16, p=1",16,1,45,Uniform random: direct M,16,64,16,16,17,17,0.002171533395821844,0,2.5322205887690075e-08
"F=16, p=1",16,1,45,Uniform random: direct M,32,64,32,32,33,33,0.002171533395821844,0,2.5322205887690075e-08
"F=16, p=1",16,1,45,Uniform random: direct M,64,64,64,64,65,65,0.002171533395821844,0,2.5322205887690075e-08
"F=16, p=1",16,1,45,Random ranked: QPU-valid-unique matched,411,411,4,4,5,5,0.0018906149267052044,0,5.852434301067966e-10
"F=16, p=1",16,1,45,Random ranked: QPU-valid-unique matched,411,411,8,8,9,9,0.00195203953701642,0,1.8507341345216921e-09
"F=16, p=1",16,1,45,Random ranked: QPU-valid-unique matched,411,411,16,16,17,17,0.00195203953701642,0,1.8507341345216921e-09
"F=16, p=1",16,1,45,Random ranked: QPU-valid-unique matched,411,411,32,32,33,33,0.00195203953701642,0,1.8507341345216921e-09
"F=16, p=1",16,1,45,Random ranked: QPU-valid-unique matched,411,411,64,64,65,65,0.00195203953701642,0,1.8507341345216921e-09
"F=16, p=1",16,1,45,Random ranked: QPU-raw-draw matched,8192,5840,4,4,5,5,0.0020397046754091763,0,4.361372946126707e-08
"F=16, p=1",16,1,45,Random ranked: QPU-raw-draw matched,8192,5840,8,8,9,9,0.0020397046754091763,0,4.361372946126707e-08
"F=16, p=1",16,1,45,Random ranked: QPU-raw-draw matched,8192,5840,16,16,17,17,0.0020397046754091763,0,4.361372946126707e-08
"F=16, p=1",16,1,45,Random ranked: QPU-raw-draw matched,8192,5840,32,32,33,33,0.0020397046754091763,0,4.361372946126707e-08
"F=16, p=1",16,1,45,Random ranked: QPU-raw-draw matched,8192,5840,64,64,65,65,0.0020397046754091763,0,4.361372946126707e-08
"F=16, p=1",16,1,46,Uniform random: direct M,4,64,4,4,5,5,0.0018218783900370156,0,7.194618234507288e-10
"F=16, p=1",16,1,46,Uniform random: direct M,8,64,8,8,9,9,0.0018218783900370156,0,7.194618234507288e-10
"F=16, p=1",16,1,46,Uniform random: direct M,16,64,16,16,17,17,0.0018218783900370156,0,7.194618234507288e-10
"F=16, p=1",16,1,46,Uniform random: direct M,32,64,32,32,33,33,0.0019323341820338819,0,2.540866006484066e-08
"F=16, p=1",16,1,46,Uniform random: direct M,64,64,64,64,65,65,0.0021021221506629453,0,3.5112568685935486e-08
"F=16, p=1",16,1,46,Random ranked: QPU-valid-unique matched,427,427,4,4,5,5,0.0017839942328045089,0,3.008875176790937e-08
"F=16, p=1",16,1,46,Random ranked: QPU-valid-unique matched,427,427,8,8,9,9,0.0022010535583161794,0,6.033818930606394e-10
"F=16, p=1",16,1,46,Random ranked: QPU-valid-unique matched,427,427,16,16,17,17,0.0022010535583161794,0,6.033818930606394e-10
"F=16, p=1",16,1,46,Random ranked: QPU-valid-unique matched,427,427,32,32,33,33,0.0022010535583161794,0,6.033818930606394e-10
"F=16, p=1",16,1,46,Random ranked: QPU-valid-unique matched,427,427,64,64,65,65,0.0022010535583161794,0,6.033818930606394e-10
"F=16, p=1",16,1,46,Random ranked: QPU-raw-draw matched,8192,5849,4,4,5,5,0.002136943316528514,0,2.1148861384379103e-08
"F=16, p=1",16,1,46,Random ranked: QPU-raw-draw matched,8192,5849,8,8,9,9,0.002136943316528514,0,2.1148861384379103e-08
"F=16, p=1",16,1,46,Random ranked: QPU-raw-draw matched,8192,5849,16,16,17,17,0.002136943316528514,0,2.1148861384379103e-08
"F=16, p=1",16,1,46,Random ranked: QPU-raw-draw matched,8192,5849,32,32,33,33,0.002136943316528514,0,2.1148861384379103e-08
"F=16, p=1",16,1,46,Random ranked: QPU-raw-draw matched,8192,5849,64,64,65,65,0.002136943316528514,0,2.1148861384379103e-08
"F=16, p=1",16,1,47,Uniform random: direct M,4,64,4,4,5,5,0.0016322697620447316,0,2.3600638499043924e-08
"F=16, p=1",16,1,47,Uniform random: direct M,8,64,8,8,9,9,0.0016322697620447316,0,2.3600638499043924e-08
"F=16, p=1",16,1,47,Uniform random: direct M,16,64,16,16,17,17,0.0023506477070917645,0,1.422403689277374e-08
"F=16, p=1",16,1,47,Uniform random: direct M,32,64,32,32,33,33,0.0023506477070917645,0,1.422403689277374e-08
"F=16, p=1",16,1,47,Uniform random: direct M,64,64,64,64,65,65,0.0023506477070917645,0,1.422403689277374e-08
"F=16, p=1",16,1,47,Random ranked: QPU-valid-unique matched,428,428,4,4,5,5,0.0015935117345171543,0,3.802985892864541e-08
"F=16, p=1",16,1,47,Random ranked: QPU-valid-unique matched,428,428,8,8,9,9,0.00163140356135235,0,1.872900903809871e-09
"F=16, p=1",16,1,47,Random ranked: QPU-valid-unique matched,428,428,16,16,17,17,0.0020430942257555,0,4.6138757398006547e-10
"F=16, p=1",16,1,47,Random ranked: QPU-valid-unique matched,428,428,32,32,33,33,0.0020839256867673586,0,2.455942615942064e-08
"F=16, p=1",16,1,47,Random ranked: QPU-valid-unique matched,428,428,64,64,65,65,0.0020839256867673586,0,2.455942615942064e-08
"F=16, p=1",16,1,47,Random ranked: QPU-raw-draw matched,8192,5851,4,4,5,5,0.002136943316528514,0,2.1148861384379103e-08
"F=16, p=1",16,1,47,Random ranked: QPU-raw-draw matched,8192,5851,8,8,9,9,0.002136943316528514,0,2.1148861384379103e-08
"F=16, p=1",16,1,47,Random ranked: QPU-raw-draw matched,8192,5851,16,16,17,17,0.002136943316528514,0,2.1148861384379103e-08
"F=16, p=1",16,1,47,Random ranked: QPU-raw-draw matched,8192,5851,32,32,33,33,0.002136943316528514,0,2.1148861384379103e-08
"F=16, p=1",16,1,47,Random ranked: QPU-raw-draw matched,8192,5851,64,64,65,65,0.002136943316528514,0,2.1148861384379103e-08
"F=16, p=1",16,1,48,Uniform random: direct M,4,64,4,4,5,5,0.0017727708437211623,0,1.1093767016134848e-09
"F=16, p=1",16,1,48,Uniform random: direct M,8,64,8,8,9,9,0.002051804506015907,0,3.9658038519796435e-09
"F=16, p=1",16,1,48,Uniform random: direct M,16,64,16,16,17,17,0.002051804506015907,0,3.9658038519796435e-09
"F=16, p=1",16,1,48,Uniform random: direct M,32,64,32,32,33,33,0.0023506477070917645,0,1.422403689277374e-08
"F=16, p=1",16,1,48,Uniform random: direct M,64,64,64,64,65,65,0.0023506477070917645,0,1.422403689277374e-08
"F=16, p=1",16,1,48,Random ranked: QPU-valid-unique matched,411,411,4,4,5,5,0.0017644615973845743,0,2.516993730106165e-08
"F=16, p=1",16,1,48,Random ranked: QPU-valid-unique matched,411,411,8,8,9,9,0.0017644615973845743,0,2.516993730106165e-08
"F=16, p=1",16,1,48,Random ranked: QPU-valid-unique matched,411,411,16,16,17,17,0.0019298124404788647,0,1.2952739214533437e-08
"F=16, p=1",16,1,48,Random ranked: QPU-valid-unique matched,411,411,32,32,33,33,0.002092942959376641,0,1.8996621775624334e-08
"F=16, p=1",16,1,48,Random ranked: QPU-valid-unique matched,411,411,64,64,65,65,0.002092942959376641,0,1.8996621775624334e-08
"F=16, p=1",16,1,48,Random ranked: QPU-raw-draw matched,8192,5826,4,4,5,5,0.0020397046754091763,0,4.361372946126707e-08
"F=16, p=1",16,1,48,Random ranked: QPU-raw-draw matched,8192,5826,8,8,9,9,0.0020397046754091763,0,4.361372946126707e-08
"F=16, p=1",16,1,48,Random ranked: QPU-raw-draw matched,8192,5826,16,16,17,17,0.0020397046754091763,0,4.361372946126707e-08
"F=16, p=1",16,1,48,Random ranked: QPU-raw-draw matched,8192,5826,32,32,33,33,0.0020397046754091763,0,4.361372946126707e-08
"F=16, p=1",16,1,48,Random ranked: QPU-raw-draw matched,8192,5826,64,64,65,65,0.0020397046754091763,0,4.361372946126707e-08
"F=16, p=1",16,1,49,Uniform random: direct M,4,64,4,4,5,5,0.0019967414930876504,0,8.237071233430093e-10
"F=16, p=1",16,1,49,Uniform random: direct M,8,64,8,8,9,9,0.0019967414930876504,0,8.237071233430093e-10
"F=16, p=1",16,1,49,Uniform random: direct M,16,64,16,16,17,17,0.0019967414930876504,0,8.237071233430093e-10
"F=16, p=1",16,1,49,Uniform random: direct M,32,64,32,32,33,33,0.0020788847461023427,0,1.8465644791021418e-08
"F=16, p=1",16,1,49,Uniform random: direct M,64,64,64,64,65,65,0.002190691585331757,0,3.146796545561159e-09
"F=16, p=1",16,1,49,Random ranked: QPU-valid-unique matched,427,427,4,4,5,5,0.0016468789497857683,0,1.492922224732851e-08
"F=16, p=1",16,1,49,Random ranked: QPU-valid-unique matched,427,427,8,8,9,9,0.0016468789497857683,0,1.492922224732851e-08
"F=16, p=1",16,1,49,Random ranked: QPU-valid-unique matched,427,427,16,16,17,17,0.0020002389752255822,0,2.047215702516425e-08
"F=16, p=1",16,1,49,Random ranked: QPU-valid-unique matched,427,427,32,32,33,33,0.0020400900551729093,0,7.587916961426799e-10
"F=16, p=1",16,1,49,Random ranked: QPU-valid-unique matched,427,427,64,64,65,65,0.0020400900551729093,0,7.587916961426799e-10
"F=16, p=1",16,1,49,Random ranked: QPU-raw-draw matched,8192,5886,4,4,5,5,0.002136943316528514,0,2.1148861384379103e-08
"F=16, p=1",16,1,49,Random ranked: QPU-raw-draw matched,8192,5886,8,8,9,9,0.002136943316528514,0,2.1148861384379103e-08
"F=16, p=1",16,1,49,Random ranked: QPU-raw-draw matched,8192,5886,16,16,17,17,0.002136943316528514,0,2.1148861384379103e-08
"F=16, p=1",16,1,49,Random ranked: QPU-raw-draw matched,8192,5886,32,32,33,33,0.002136943316528514,0,2.1148861384379103e-08
"F=16, p=1",16,1,49,Random ranked: QPU-raw-draw matched,8192,5886,64,64,65,65,0.002136943316528514,0,2.1148861384379103e-08
"F=16, p=2",16,2,0,Uniform random: direct M,4,64,4,4,5,5,0.0022197606796970776,0,2.51283193142271e-08
"F=16, p=2",16,2,0,Uniform random: direct M,8,64,8,8,9,9,0.0022197606796970776,0,2.51283193142271e-08
"F=16, p=2",16,2,0,Uniform random: direct M,16,64,16,16,17,17,0.0022197606796970776,0,2.51283193142271e-08
"F=16, p=2",16,2,0,Uniform random: direct M,32,64,32,32,33,33,0.0022197606796970776,0,2.51283193142271e-08
"F=16, p=2",16,2,0,Uniform random: direct M,64,64,64,64,65,65,0.0022197606796970776,0,2.51283193142271e-08
"F=16, p=2",16,2,0,Random ranked: QPU-valid-unique matched,1031,1031,4,4,5,5,0.0019101233567109105,0,4.2087688889580477e-10
"F=16, p=2",16,2,0,Random ranked: QPU-valid-unique matched,1031,1031,8,8,9,9,0.0019101233567109105,0,4.2087688889580477e-10
"F=16, p=2",16,2,0,Random ranked: QPU-valid-unique matched,1031,1031,16,16,17,17,0.0019101233567109105,0,4.2087688889580477e-10
"F=16, p=2",16,2,0,Random ranked: QPU-valid-unique matched,1031,1031,32,32,33,33,0.002016169130201355,0,2.962885081725375e-08
"F=16, p=2",16,2,0,Random ranked: QPU-valid-unique matched,1031,1031,64,64,65,65,0.0020400900551729093,0,7.587916961426799e-10
"F=16, p=2",16,2,0,Random ranked: QPU-raw-draw matched,8192,5883,4,4,5,5,0.002136943316528514,0,2.1148861384379103e-08
"F=16, p=2",16,2,0,Random ranked: QPU-raw-draw matched,8192,5883,8,8,9,9,0.002136943316528514,0,2.1148861384379103e-08
"F=16, p=2",16,2,0,Random ranked: QPU-raw-draw matched,8192,5883,16,16,17,17,0.002136943316528514,0,2.1148861384379103e-08
"F=16, p=2",16,2,0,Random ranked: QPU-raw-draw matched,8192,5883,32,32,33,33,0.002136943316528514,0,2.1148861384379103e-08
"F=16, p=2",16,2,0,Random ranked: QPU-raw-draw matched,8192,5883,64,64,65,65,0.002136943316528514,0,2.1148861384379103e-08
"F=16, p=2",16,2,1,Uniform random: direct M,4,64,4,4,5,5,0.002062373232904341,0,3.4826666772680426e-08
"F=16, p=2",16,2,1,Uniform random: direct M,8,64,8,8,9,9,0.002062373232904341,0,3.4826666772680426e-08
"F=16, p=2",16,2,1,Uniform random: direct M,16,64,16,16,17,17,0.002062373232904341,0,3.4826666772680426e-08
"F=16, p=2",16,2,1,Uniform random: direct M,32,64,32,32,33,33,0.002062373232904341,0,3.4826666772680426e-08
"F=16, p=2",16,2,1,Uniform random: direct M,64,64,64,64,65,65,0.002062373232904341,0,3.4826666772680426e-08
"F=16, p=2",16,2,1,Random ranked: QPU-valid-unique matched,1053,1053,4,4,5,5,0.0018105178788813195,0,2.876383997651999e-08
"F=16, p=2",16,2,1,Random ranked: QPU-valid-unique matched,1053,1053,8,8,9,9,0.0018105178788813195,0,2.876383997651999e-08
"F=16, p=2",16,2,1,Random ranked: QPU-valid-unique matched,1053,1053,16,16,17,17,0.0018105178788813195,0,2.876383997651999e-08
"F=16, p=2",16,2,1,Random ranked: QPU-valid-unique matched,1053,1053,32,32,33,33,0.002303867793736515,0,1.7388692818975926e-08
"F=16, p=2",16,2,1,Random ranked: QPU-valid-unique matched,1053,1053,64,64,65,65,0.002303867793736515,0,1.7388692818975926e-08
"F=16, p=2",16,2,1,Random ranked: QPU-raw-draw matched,8192,5883,4,4,5,5,0.0019256869433814106,0,3.742468906997587e-08
"F=16, p=2",16,2,1,Random ranked: QPU-raw-draw matched,8192,5883,8,8,9,9,0.0019256869433814106,0,3.742468906997587e-08
"F=16, p=2",16,2,1,Random ranked: QPU-raw-draw matched,8192,5883,16,16,17,17,0.0019256869433814106,0,3.742468906997587e-08
"F=16, p=2",16,2,1,Random ranked: QPU-raw-draw matched,8192,5883,32,32,33,33,0.0019256869433814106,0,3.742468906997587e-08
"F=16, p=2",16,2,1,Random ranked: QPU-raw-draw matched,8192,5883,64,64,65,65,0.0019256869433814106,0,3.742468906997587e-08
"F=16, p=2",16,2,2,Uniform random: direct M,4,64,4,4,5,5,0.001965565735971113,0,3.1470485939433246e-08
"F=16, p=2",16,2,2,Uniform random: direct M,8,64,8,8,9,9,0.001965565735971113,0,3.1470485939433246e-08
"F=16, p=2",16,2,2,Uniform random: direct M,16,64,16,16,17,17,0.0021815741487642842,0,7.284354786030178e-10
"F=16, p=2",16,2,2,Uniform random: direct M,32,64,32,32,33,33,0.0021815741487642842,0,7.284354786030178e-10
"F=16, p=2",16,2,2,Uniform random: direct M,64,64,64,64,65,65,0.0021815741487642842,0,7.284354786030178e-10
"F=16, p=2",16,2,2,Random ranked: QPU-valid-unique matched,1048,1048,4,4,5,5,0.0020397046754091763,0,4.361372946126707e-08
"F=16, p=2",16,2,2,Random ranked: QPU-valid-unique matched,1048,1048,8,8,9,9,0.0020397046754091763,0,4.361372946126707e-08
"F=16, p=2",16,2,2,Random ranked: QPU-valid-unique matched,1048,1048,16,16,17,17,0.0020397046754091763,0,4.361372946126707e-08
"F=16, p=2",16,2,2,Random ranked: QPU-valid-unique matched,1048,1048,32,32,33,33,0.002090646878285765,0,2.660515407981734e-08
"F=16, p=2",16,2,2,Random ranked: QPU-valid-unique matched,1048,1048,64,64,65,65,0.0021112034877985297,0,3.417185445719895e-08
"F=16, p=2",16,2,2,Random ranked: QPU-raw-draw matched,8192,5866,4,4,5,5,0.002136943316528514,0,2.1148861384379103e-08
"F=16, p=2",16,2,2,Random ranked: QPU-raw-draw matched,8192,5866,8,8,9,9,0.002136943316528514,0,2.1148861384379103e-08
"F=16, p=2",16,2,2,Random ranked: QPU-raw-draw matched,8192,5866,16,16,17,17,0.002136943316528514,0,2.1148861384379103e-08
"F=16, p=2",16,2,2,Random ranked: QPU-raw-draw matched,8192,5866,32,32,33,33,0.002136943316528514,0,2.1148861384379103e-08
"F=16, p=2",16,2,2,Random ranked: QPU-raw-draw matched,8192,5866,64,64,65,65,0.002136943316528514,0,2.1148861384379103e-08
"F=16, p=2",16,2,3,Uniform random: direct M,4,64,4,4,5,5,0.001863950644703155,0,1.7898206250421822e-08
"F=16, p=2",16,2,3,Uniform random: direct M,8,64,8,8,9,9,0.001863950644703155,0,1.7898206250421822e-08
"F=16, p=2",16,2,3,Uniform random: direct M,16,64,16,16,17,17,0.001863950644703155,0,1.7898206250421822e-08
"F=16, p=2",16,2,3,Uniform random: direct M,32,64,32,32,33,33,0.0019206815683474876,0,1.615430011980834e-09
"F=16, p=2",16,2,3,Uniform random: direct M,64,64,64,64,65,65,0.002176796285682535,0,7.379452993117042e-09
"F=16, p=2",16,2,3,Random ranked: QPU-valid-unique matched,1031,1031,4,4,5,5,0.0018229434007230108,0,3.2221292578515914e-08
"F=16, p=2",16,2,3,Random ranked: QPU-valid-unique matched,1031,1031,8,8,9,9,0.0018229434007230108,0,3.2221292578515914e-08
"F=16, p=2",16,2,3,Random ranked: QPU-valid-unique matched,1031,1031,16,16,17,17,0.0018229434007230108,0,3.2221292578515914e-08
"F=16, p=2",16,2,3,Random ranked: QPU-valid-unique matched,1031,1031,32,32,33,33,0.002247223526033272,0,2.7813976899437876e-08
"F=16, p=2",16,2,3,Random ranked: QPU-valid-unique matched,1031,1031,64,64,65,65,0.002247223526033272,0,2.7813976899437876e-08
"F=16, p=2",16,2,3,Random ranked: QPU-raw-draw matched,8192,5836,4,4,5,5,0.0020397046754091763,0,4.361372946126707e-08
"F=16, p=2",16,2,3,Random ranked: QPU-raw-draw matched,8192,5836,8,8,9,9,0.0020397046754091763,0,4.361372946126707e-08
"F=16, p=2",16,2,3,Random ranked: QPU-raw-draw matched,8192,5836,16,16,17,17,0.0020397046754091763,0,4.361372946126707e-08
"F=16, p=2",16,2,3,Random ranked: QPU-raw-draw matched,8192,5836,32,32,33,33,0.0020397046754091763,0,4.361372946126707e-08
"F=16, p=2",16,2,3,Random ranked: QPU-raw-draw matched,8192,5836,64,64,65,65,0.0020397046754091763,0,4.361372946126707e-08
"F=16, p=2",16,2,4,Uniform random: direct M,4,64,4,4,5,5,0.001577186733248262,0,3.043675267377921e-08
"F=16, p=2",16,2,4,Uniform random: direct M,8,64,8,8,9,9,0.001577186733248262,0,3.043675267377921e-08
"F=16, p=2",16,2,4,Uniform random: direct M,16,64,16,16,17,17,0.001577186733248262,0,3.043675267377921e-08
"F=16, p=2",16,2,4,Uniform random: direct M,32,64,32,32,33,33,0.00205401976146731,0,2.5766071498622978e-08
"F=16, p=2",16,2,4,Uniform random: direct M,64,64,64,64,65,65,0.00229543892426938,0,3.505344936538535e-08
"F=16, p=2",16,2,4,Random ranked: QPU-valid-unique matched,1053,1053,4,4,5,5,0.0017251842680929066,0,1.1348252115794821e-08
"F=16, p=2",16,2,4,Random ranked: QPU-valid-unique matched,1053,1053,8,8,9,9,0.0017251842680929066,0,1.1348252115794821e-08
"F=16, p=2",16,2,4,Random ranked: QPU-valid-unique matched,1053,1053,16,16,17,17,0.0017251842680929066,0,1.1348252115794821e-08
"F=16, p=2",16,2,4,Random ranked: QPU-valid-unique matched,1053,1053,32,32,33,33,0.0021649266988922403,0,8.006307616881259e-09
"F=16, p=2",16,2,4,Random ranked: QPU-valid-unique matched,1053,1053,64,64,65,65,0.0021649266988922403,0,8.006307616881259e-09
"F=16, p=2",16,2,4,Random ranked: QPU-raw-draw matched,8192,5849,4,4,5,5,0.0019256869433814106,0,3.742468906997587e-08
"F=16, p=2",16,2,4,Random ranked: QPU-raw-draw matched,8192,5849,8,8,9,9,0.0019256869433814106,0,3.742468906997587e-08
"F=16, p=2",16,2,4,Random ranked: QPU-raw-draw matched,8192,5849,16,16,17,17,0.0019256869433814106,0,3.742468906997587e-08
"F=16, p=2",16,2,4,Random ranked: QPU-raw-draw matched,8192,5849,32,32,33,33,0.0019256869433814106,0,3.742468906997587e-08
"F=16, p=2",16,2,4,Random ranked: QPU-raw-draw matched,8192,5849,64,64,65,65,0.0019256869433814106,0,3.742468906997587e-08
"F=16, p=2",16,2,5,Uniform random: direct M,4,64,4,4,5,5,0.0021042797543355043,0,2.4935186138108634e-09
"F=16, p=2",16,2,5,Uniform random: direct M,8,64,8,8,9,9,0.0021042797543355043,0,2.4935186138108634e-09
"F=16, p=2",16,2,5,Uniform random: direct M,16,64,16,16,17,17,0.0021042797543355043,0,2.4935186138108634e-09
"F=16, p=2",16,2,5,Uniform random: direct M,32,64,32,32,33,33,0.0021042797543355043,0,2.4935186138108634e-09
"F=16, p=2",16,2,5,Uniform random: direct M,64,64,64,64,65,65,0.0021042797543355043,0,2.4935186138108634e-09
"F=16, p=2",16,2,5,Random ranked: QPU-valid-unique matched,1048,1048,4,4,5,5,0.0018075482766262557,0,1.1747971415121405e-09
"F=16, p=2",16,2,5,Random ranked: QPU-valid-unique matched,1048,1048,8,8,9,9,0.0018075482766262557,0,1.1747971415121405e-09
"F=16, p=2",16,2,5,Random ranked: QPU-valid-unique matched,1048,1048,16,16,17,17,0.0018075482766262557,0,1.1747971415121405e-09
"F=16, p=2",16,2,5,Random ranked: QPU-valid-unique matched,1048,1048,32,32,33,33,0.002016169130201355,0,2.962885081725375e-08
"F=16, p=2",16,2,5,Random ranked: QPU-valid-unique matched,1048,1048,64,64,65,65,0.0020400900551729093,0,7.587916961426799e-10
"F=16, p=2",16,2,5,Random ranked: QPU-raw-draw matched,8192,5827,4,4,5,5,0.002136943316528514,0,2.1148861384379103e-08
"F=16, p=2",16,2,5,Random ranked: QPU-raw-draw matched,8192,5827,8,8,9,9,0.002136943316528514,0,2.1148861384379103e-08
"F=16, p=2",16,2,5,Random ranked: QPU-raw-draw matched,8192,5827,16,16,17,17,0.002136943316528514,0,2.1148861384379103e-08
"F=16, p=2",16,2,5,Random ranked: QPU-raw-draw matched,8192,5827,32,32,33,33,0.002136943316528514,0,2.1148861384379103e-08
"F=16, p=2",16,2,5,Random ranked: QPU-raw-draw matched,8192,5827,64,64,65,65,0.002136943316528514,0,2.1148861384379103e-08
"F=16, p=2",16,2,6,Uniform random: direct M,4,64,4,4,5,5,0.0018595435922470968,0,1.7671433871768727e-08
"F=16, p=2",16,2,6,Uniform random: direct M,8,64,8,8,9,9,0.0018595435922470968,0,1.7671433871768727e-08
"F=16, p=2",16,2,6,Uniform random: direct M,16,64,16,16,17,17,0.0018595435922470968,0,1.7671433871768727e-08
"F=16, p=2",16,2,6,Uniform random: direct M,32,64,32,32,33,33,0.002095995446612646,0,3.3439829238979257e-09
"F=16, p=2",16,2,6,Uniform random: direct M,64,64,64,64,65,65,0.002095995446612646,0,3.3439829238979257e-09
"F=16, p=2",16,2,6,Random ranked: QPU-valid-unique matched,1031,1031,4,4,5,5,0.0019101233567109105,0,4.2087688889580477e-10
"F=16, p=2",16,2,6,Random ranked: QPU-valid-unique matched,1031,1031,8,8,9,9,0.0019101233567109105,0,4.2087688889580477e-10
"F=16, p=2",16,2,6,Random ranked: QPU-valid-unique matched,1031,1031,16,16,17,17,0.0019101233567109105,0,4.2087688889580477e-10
"F=16, p=2",16,2,6,Random ranked: QPU-valid-unique matched,1031,1031,32,32,33,33,0.002247223526033272,0,2.7813976899437876e-08
"F=16, p=2",16,2,6,Random ranked: QPU-valid-unique matched,1031,1031,64,64,65,65,0.002247223526033272,0,2.7813976899437876e-08
"F=16, p=2",16,2,6,Random ranked: QPU-raw-draw matched,8192,5818,4,4,5,5,0.0019497081808131159,0,2.801875909064222e-08
"F=16, p=2",16,2,6,Random ranked: QPU-raw-draw matched,8192,5818,8,8,9,9,0.0019497081808131159,0,2.801875909064222e-08
"F=16, p=2",16,2,6,Random ranked: QPU-raw-draw matched,8192,5818,16,16,17,17,0.0019497081808131159,0,2.801875909064222e-08
"F=16, p=2",16,2,6,Random ranked: QPU-raw-draw matched,8192,5818,32,32,33,33,0.0019497081808131159,0,2.801875909064222e-08
"F=16, p=2",16,2,6,Random ranked: QPU-raw-draw matched,8192,5818,64,64,65,65,0.0019497081808131159,0,2.801875909064222e-08
"F=16, p=2",16,2,7,Uniform random: direct M,4,64,4,4,5,5,0.001857230431499289,0,7.877924632082589e-10
"F=16, p=2",16,2,7,Uniform random: direct M,8,64,8,8,9,9,0.001857230431499289,0,7.877924632082589e-10
"F=16, p=2",16,2,7,Uniform random: direct M,16,64,16,16,17,17,0.0021255881175761965,0,6.494094151321406e-10
"F=16, p=2",16,2,7,Uniform random: direct M,32,64,32,32,33,33,0.002307871309346732,0,2.2049644110566646e-08
"F=16, p=2",16,2,7,Uniform random: direct M,64,64,64,64,65,65,0.002307871309346732,0,2.2049644110566646e-08
"F=16, p=2",16,2,7,Random ranked: QPU-valid-unique matched,1053,1053,4,4,5,5,0.0020397046754091763,0,4.361372946126707e-08
"F=16, p=2",16,2,7,Random ranked: QPU-valid-unique matched,1053,1053,8,8,9,9,0.0020397046754091763,0,4.361372946126707e-08
"F=16, p=2",16,2,7,Random ranked: QPU-valid-unique matched,1053,1053,16,16,17,17,0.0020397046754091763,0,4.361372946126707e-08
"F=16, p=2",16,2,7,Random ranked: QPU-valid-unique matched,1053,1053,32,32,33,33,0.0022010535583161794,0,6.033818930606394e-10
"F=16, p=2",16,2,7,Random ranked: QPU-valid-unique matched,1053,1053,64,64,65,65,0.0022010535583161794,0,6.033818930606394e-10
"F=16, p=2",16,2,7,Random ranked: QPU-raw-draw matched,8192,5874,4,4,5,5,0.0019497081808131159,0,2.801875909064222e-08
"F=16, p=2",16,2,7,Random ranked: QPU-raw-draw matched,8192,5874,8,8,9,9,0.0019497081808131159,0,2.801875909064222e-08
"F=16, p=2",16,2,7,Random ranked: QPU-raw-draw matched,8192,5874,16,16,17,17,0.0019497081808131159,0,2.801875909064222e-08
"F=16, p=2",16,2,7,Random ranked: QPU-raw-draw matched,8192,5874,32,32,33,33,0.0019497081808131159,0,2.801875909064222e-08
"F=16, p=2",16,2,7,Random ranked: QPU-raw-draw matched,8192,5874,64,64,65,65,0.0019497081808131159,0,2.801875909064222e-08
"F=16, p=2",16,2,8,Uniform random: direct M,4,64,4,4,5,5,0.0017311993466649425,0,4.275504444928302e-08
"F=16, p=2",16,2,8,Uniform random: direct M,8,64,8,8,9,9,0.0018541365004655225,0,1.080241895934364e-09
"F=16, p=2",16,2,8,Uniform random: direct M,16,64,16,16,17,17,0.0018541365004655225,0,1.080241895934364e-09
"F=16, p=2",16,2,8,Uniform random: direct M,32,64,32,32,33,33,0.0021966595093083283,0,6.545484154685255e-10
"F=16, p=2",16,2,8,Uniform random: direct M,64,64,64,64,65,65,0.0021966595093083283,0,6.545484154685255e-10
"F=16, p=2",16,2,8,Random ranked: QPU-valid-unique matched,1048,1048,4,4,5,5,0.0019256869433814106,0,3.742468906997587e-08
"F=16, p=2",16,2,8,Random ranked: QPU-valid-unique matched,1048,1048,8,8,9,9,0.0019256869433814106,0,3.742468906997587e-08
"F=16, p=2",16,2,8,Random ranked: QPU-valid-unique matched,1048,1048,16,16,17,17,0.0019256869433814106,0,3.742468906997587e-08
"F=16, p=2",16,2,8,Random ranked: QPU-valid-unique matched,1048,1048,32,32,33,33,0.0021610667505931602,0,1.476396571664651e-08
"F=16, p=2",16,2,8,Random ranked: QPU-valid-unique matched,1048,1048,64,64,65,65,0.0021610667505931602,0,1.476396571664651e-08
"F=16, p=2",16,2,8,Random ranked: QPU-raw-draw matched,8192,5856,4,4,5,5,0.002136943316528514,0,2.1148861384379103e-08
"F=16, p=2",16,2,8,Random ranked: QPU-raw-draw matched,8192,5856,8,8,9,9,0.002136943316528514,0,2.1148861384379103e-08
"F=16, p=2",16,2,8,Random ranked: QPU-raw-draw matched,8192,5856,16,16,17,17,0.002136943316528514,0,2.1148861384379103e-08
"F=16, p=2",16,2,8,Random ranked: QPU-raw-draw matched,8192,5856,32,32,33,33,0.002136943316528514,0,2.1148861384379103e-08
"F=16, p=2",16,2,8,Random ranked: QPU-raw-draw matched,8192,5856,64,64,65,65,0.002136943316528514,0,2.1148861384379103e-08
"F=16, p=2",16,2,9,Uniform random: direct M,4,64,4,4,5,5,0.002029195158603579,0,2.0526204180804086e-08
"F=16, p=2",16,2,9,Uniform random: direct M,8,64,8,8,9,9,0.002029195158603579,0,2.0526204180804086e-08
"F=16, p=2",16,2,9,Uniform random: direct M,16,64,16,16,17,17,0.002029195158603579,0,2.0526204180804086e-08
"F=16, p=2",16,2,9,Uniform random: direct M,32,64,32,32,33,33,0.002029195158603579,0,2.0526204180804086e-08
"F=16, p=2",16,2,9,Uniform random: direct M,64,64,64,64,65,65,0.0022430261558345696,0,3.676363702354024e-08
"F=16, p=2",16,2,9,Random ranked: QPU-valid-unique matched,1031,1031,4,4,5,5,0.0017371983561482937,0,1.7854149381157924e-08
"F=16, p=2",16,2,9,Random ranked: QPU-valid-unique matched,1031,1031,8,8,9,9,0.0017371983561482937,0,1.7854149381157924e-08
"F=16, p=2",16,2,9,Random ranked: QPU-valid-unique matched,1031,1031,16,16,17,17,0.0021743769376382435,0,2.5715112816904195e-08
"F=16, p=2",16,2,9,Random ranked: QPU-valid-unique matched,1031,1031,32,32,33,33,0.002235222478068892,0,5.841106154313991e-09
"F=16, p=2",16,2,9,Random ranked: QPU-valid-unique matched,1031,1031,64,64,65,65,0.002235222478068892,0,5.841106154313991e-09
"F=16, p=2",16,2,9,Random ranked: QPU-raw-draw matched,8192,5877,4,4,5,5,0.0020397046754091763,0,4.361372946126707e-08
"F=16, p=2",16,2,9,Random ranked: QPU-raw-draw matched,8192,5877,8,8,9,9,0.0020397046754091763,0,4.361372946126707e-08
"F=16, p=2",16,2,9,Random ranked: QPU-raw-draw matched,8192,5877,16,16,17,17,0.0020397046754091763,0,4.361372946126707e-08
"F=16, p=2",16,2,9,Random ranked: QPU-raw-draw matched,8192,5877,32,32,33,33,0.0020397046754091763,0,4.361372946126707e-08
"F=16, p=2",16,2,9,Random ranked: QPU-raw-draw matched,8192,5877,64,64,65,65,0.0020397046754091763,0,4.361372946126707e-08
"F=16, p=2",16,2,10,Uniform random: direct M,4,64,4,4,5,5,0.0020819831935417407,0,2.912786278841395e-08
"F=16, p=2",16,2,10,Uniform random: direct M,8,64,8,8,9,9,0.0020819831935417407,0,2.912786278841395e-08
"F=16, p=2",16,2,10,Uniform random: direct M,16,64,16,16,17,17,0.0020819831935417407,0,2.912786278841395e-08
"F=16, p=2",16,2,10,Uniform random: direct M,32,64,32,32,33,33,0.0020819831935417407,0,2.912786278841395e-08
"F=16, p=2",16,2,10,Uniform random: direct M,64,64,64,64,65,65,0.002182151984476778,0,9.267783374067307e-09
"F=16, p=2",16,2,10,Random ranked: QPU-valid-unique matched,1053,1053,4,4,5,5,0.0019256869433814106,0,3.742468906997587e-08
"F=16, p=2",16,2,10,Random ranked: QPU-valid-unique matched,1053,1053,8,8,9,9,0.0019256869433814106,0,3.742468906997587e-08
"F=16, p=2",16,2,10,Random ranked: QPU-valid-unique matched,1053,1053,16,16,17,17,0.0019256869433814106,0,3.742468906997587e-08
"F=16, p=2",16,2,10,Random ranked: QPU-valid-unique matched,1053,1053,32,32,33,33,0.0019873217110968275,0,1.3559805500662492e-09
"F=16, p=2",16,2,10,Random ranked: QPU-valid-unique matched,1053,1053,64,64,65,65,0.0022084042544919316,0,7.154498868344739e-10
"F=16, p=2",16,2,10,Random ranked: QPU-raw-draw matched,8192,5856,4,4,5,5,0.002136943316528514,0,2.1148861384379103e-08
"F=16, p=2",16,2,10,Random ranked: QPU-raw-draw matched,8192,5856,8,8,9,9,0.002136943316528514,0,2.1148861384379103e-08
"F=16, p=2",16,2,10,Random ranked: QPU-raw-draw matched,8192,5856,16,16,17,17,0.002136943316528514,0,2.1148861384379103e-08
"F=16, p=2",16,2,10,Random ranked: QPU-raw-draw matched,8192,5856,32,32,33,33,0.002136943316528514,0,2.1148861384379103e-08
"F=16, p=2",16,2,10,Random ranked: QPU-raw-draw matched,8192,5856,64,64,65,65,0.002136943316528514,0,2.1148861384379103e-08
"F=16, p=2",16,2,11,Uniform random: direct M,4,64,4,4,5,5,0.0021042797543355043,0,2.4935186138108634e-09
"F=16, p=2",16,2,11,Uniform random: direct M,8,64,8,8,9,9,0.0021042797543355043,0,2.4935186138108634e-09
"F=16, p=2",16,2,11,Uniform random: direct M,16,64,16,16,17,17,0.0021042797543355043,0,2.4935186138108634e-09
"F=16, p=2",16,2,11,Uniform random: direct M,32,64,32,32,33,33,0.002296815126295468,0,3.01335516539325e-08
"F=16, p=2",16,2,11,Uniform random: direct M,64,64,64,64,65,65,0.002296815126295468,0,3.01335516539325e-08
"F=16, p=2",16,2,11,Random ranked: QPU-valid-unique matched,1048,1048,4,4,5,5,0.0019256869433814106,0,3.742468906997587e-08
"F=16, p=2",16,2,11,Random ranked: QPU-valid-unique matched,1048,1048,8,8,9,9,0.0019256869433814106,0,3.742468906997587e-08
"F=16, p=2",16,2,11,Random ranked: QPU-valid-unique matched,1048,1048,16,16,17,17,0.0019256869433814106,0,3.742468906997587e-08
"F=16, p=2",16,2,11,Random ranked: QPU-valid-unique matched,1048,1048,32,32,33,33,0.002090646878285765,0,2.660515407981734e-08
"F=16, p=2",16,2,11,Random ranked: QPU-valid-unique matched,1048,1048,64,64,65,65,0.002090646878285765,0,2.660515407981734e-08
"F=16, p=2",16,2,11,Random ranked: QPU-raw-draw matched,8192,5850,4,4,5,5,0.002136943316528514,0,2.1148861384379103e-08
"F=16, p=2",16,2,11,Random ranked: QPU-raw-draw matched,8192,5850,8,8,9,9,0.002136943316528514,0,2.1148861384379103e-08
"F=16, p=2",16,2,11,Random ranked: QPU-raw-draw matched,8192,5850,16,16,17,17,0.002136943316528514,0,2.1148861384379103e-08
"F=16, p=2",16,2,11,Random ranked: QPU-raw-draw matched,8192,5850,32,32,33,33,0.002136943316528514,0,2.1148861384379103e-08
"F=16, p=2",16,2,11,Random ranked: QPU-raw-draw matched,8192,5850,64,64,65,65,0.002136943316528514,0,2.1148861384379103e-08
"F=16, p=2",16,2,12,Uniform random: direct M,4,64,4,4,5,5,0.00229543892426938,0,3.505344936538535e-08
"F=16, p=2",16,2,12,Uniform random: direct M,8,64,8,8,9,9,0.00229543892426938,0,3.505344936538535e-08
"F=16, p=2",16,2,12,Uniform random: direct M,16,64,16,16,17,17,0.00229543892426938,0,3.505344936538535e-08
"F=16, p=2",16,2,12,Uniform random: direct M,32,64,32,32,33,33,0.00229543892426938,0,3.505344936538535e-08
"F=16, p=2",16,2,12,Uniform random: direct M,64,64,64,64,65,65,0.0023488049844328715,0,2.5633156430782122e-08
"F=16, p=2",16,2,12,Random ranked: QPU-valid-unique matched,1031,1031,4,4,5,5,0.0017220204846705514,0,9.811601531239944e-10
"F=16, p=2",16,2,12,Random ranked: QPU-valid-unique matched,1031,1031,8,8,9,9,0.0017220204846705514,0,9.811601531239944e-10
"F=16, p=2",16,2,12,Random ranked: QPU-valid-unique matched,1031,1031,16,16,17,17,0.0017220204846705514,0,9.811601531239944e-10
"F=16, p=2",16,2,12,Random ranked: QPU-valid-unique matched,1031,1031,32,32,33,33,0.0017220204846705514,0,9.811601531239944e-10
"F=16, p=2",16,2,12,Random ranked: QPU-valid-unique matched,1031,1031,64,64,65,65,0.002175668494168684,0,1.2198450805023242e-08
"F=16, p=2",16,2,12,Random ranked: QPU-raw-draw matched,8192,5875,4,4,5,5,0.002136943316528514,0,2.1148861384379103e-08
"F=16, p=2",16,2,12,Random ranked: QPU-raw-draw matched,8192,5875,8,8,9,9,0.002136943316528514,0,2.1148861384379103e-08
"F=16, p=2",16,2,12,Random ranked: QPU-raw-draw matched,8192,5875,16,16,17,17,0.002136943316528514,0,2.1148861384379103e-08
"F=16, p=2",16,2,12,Random ranked: QPU-raw-draw matched,8192,5875,32,32,33,33,0.002136943316528514,0,2.1148861384379103e-08
"F=16, p=2",16,2,12,Random ranked: QPU-raw-draw matched,8192,5875,64,64,65,65,0.002136943316528514,0,2.1148861384379103e-08
"F=16, p=2",16,2,13,Uniform random: direct M,4,64,4,4,5,5,0.0014756794067414467,0,1.9042292409565675e-08
"F=16, p=2",16,2,13,Uniform random: direct M,8,64,8,8,9,9,0.0019350179994469321,0,1.6244392608832925e-08
"F=16, p=2",16,2,13,Uniform random: direct M,16,64,16,16,17,17,0.002092942959376641,0,1.8996621775624334e-08
"F=16, p=2",16,2,13,Uniform random: direct M,32,64,32,32,33,33,0.002092942959376641,0,1.8996621775624334e-08
"F=16, p=2",16,2,13,Uniform random: direct M,64,64,64,64,65,65,0.002092942959376641,0,1.8996621775624334e-08
"F=16, p=2",16,2,13,Random ranked: QPU-valid-unique matched,1053,1053,4,4,5,5,0.0019101233567109105,0,4.2087688889580477e-10
"F=16, p=2",16,2,13,Random ranked: QPU-valid-unique matched,1053,1053,8,8,9,9,0.0019101233567109105,0,4.2087688889580477e-10
"F=16, p=2",16,2,13,Random ranked: QPU-valid-unique matched,1053,1053,16,16,17,17,0.0019101233567109105,0,4.2087688889580477e-10
"F=16, p=2",16,2,13,Random ranked: QPU-valid-unique matched,1053,1053,32,32,33,33,0.0022010535583161794,0,6.033818930606394e-10
"F=16, p=2",16,2,13,Random ranked: QPU-valid-unique matched,1053,1053,64,64,65,65,0.0022010535583161794,0,6.033818930606394e-10
"F=16, p=2",16,2,13,Random ranked: QPU-raw-draw matched,8192,5888,4,4,5,5,0.0020397046754091763,0,4.361372946126707e-08
"F=16, p=2",16,2,13,Random ranked: QPU-raw-draw matched,8192,5888,8,8,9,9,0.0020397046754091763,0,4.361372946126707e-08
"F=16, p=2",16,2,13,Random ranked: QPU-raw-draw matched,8192,5888,16,16,17,17,0.0020397046754091763,0,4.361372946126707e-08
"F=16, p=2",16,2,13,Random ranked: QPU-raw-draw matched,8192,5888,32,32,33,33,0.0020397046754091763,0,4.361372946126707e-08
"F=16, p=2",16,2,13,Random ranked: QPU-raw-draw matched,8192,5888,64,64,65,65,0.0020397046754091763,0,4.361372946126707e-08
"F=16, p=2",16,2,14,Uniform random: direct M,4,64,4,4,5,5,0.0018231261565459372,0,1.6389833379371055e-08
"F=16, p=2",16,2,14,Uniform random: direct M,8,64,8,8,9,9,0.0020364607421443914,0,8.006834084639536e-10
"F=16, p=2",16,2,14,Uniform random: direct M,16,64,16,16,17,17,0.0020364607421443914,0,8.006834084639536e-10
"F=16, p=2",16,2,14,Uniform random: direct M,32,64,32,32,33,33,0.0020364607421443914,0,8.006834084639536e-10
"F=16, p=2",16,2,14,Uniform random: direct M,64,64,64,64,65,65,0.0021427266252017282,0,2.3529217796358637e-08
"F=16, p=2",16,2,14,Random ranked: QPU-valid-unique matched,1048,1048,4,4,5,5,0.0019101233567109105,0,4.2087688889580477e-10
"F=16, p=2",16,2,14,Random ranked: QPU-valid-unique matched,1048,1048,8,8,9,9,0.0019101233567109105,0,4.2087688889580477e-10
"F=16, p=2",16,2,14,Random ranked: QPU-valid-unique matched,1048,1048,16,16,17,17,0.0019101233567109105,0,4.2087688889580477e-10
"F=16, p=2",16,2,14,Random ranked: QPU-valid-unique matched,1048,1048,32,32,33,33,0.0021649266988922403,0,8.006307616881259e-09
"F=16, p=2",16,2,14,Random ranked: QPU-valid-unique matched,1048,1048,64,64,65,65,0.0021649266988922403,0,8.006307616881259e-09
"F=16, p=2",16,2,14,Random ranked: QPU-raw-draw matched,8192,5804,4,4,5,5,0.002136943316528514,0,2.1148861384379103e-08
"F=16, p=2",16,2,14,Random ranked: QPU-raw-draw matched,8192,5804,8,8,9,9,0.002136943316528514,0,2.1148861384379103e-08
"F=16, p=2",16,2,14,Random ranked: QPU-raw-draw matched,8192,5804,16,16,17,17,0.002136943316528514,0,2.1148861384379103e-08
"F=16, p=2",16,2,14,Random ranked: QPU-raw-draw matched,8192,5804,32,32,33,33,0.002136943316528514,0,2.1148861384379103e-08
"F=16, p=2",16,2,14,Random ranked: QPU-raw-draw matched,8192,5804,64,64,65,65,0.002136943316528514,0,2.1148861384379103e-08
"F=16, p=2",16,2,15,Uniform random: direct M,4,64,4,4,5,5,0.0018848884961808268,0,1.7749461844740466e-08
"F=16, p=2",16,2,15,Uniform random: direct M,8,64,8,8,9,9,0.0019287993957298188,0,1.5549110332635507e-09
"F=16, p=2",16,2,15,Uniform random: direct M,16,64,16,16,17,17,0.0019287993957298188,0,1.5549110332635507e-09
"F=16, p=2",16,2,15,Uniform random: direct M,32,64,32,32,33,33,0.0019287993957298188,0,1.5549110332635507e-09
"F=16, p=2",16,2,15,Uniform random: direct M,64,64,64,64,65,65,0.0019315236135938052,0,1.5826087440551362e-08
"F=16, p=2",16,2,15,Random ranked: QPU-valid-unique matched,1031,1031,4,4,5,5,0.0019256869433814106,0,3.742468906997587e-08
"F=16, p=2",16,2,15,Random ranked: QPU-valid-unique matched,1031,1031,8,8,9,9,0.0019256869433814106,0,3.742468906997587e-08
"F=16, p=2",16,2,15,Random ranked: QPU-valid-unique matched,1031,1031,16,16,17,17,0.0021866735055738953,0,4.1020440599837116e-08
"F=16, p=2",16,2,15,Random ranked: QPU-valid-unique matched,1031,1031,32,32,33,33,0.002235222478068892,0,5.841106154313991e-09
"F=16, p=2",16,2,15,Random ranked: QPU-valid-unique matched,1031,1031,64,64,65,65,0.002235222478068892,0,5.841106154313991e-09
"F=16, p=2",16,2,15,Random ranked: QPU-raw-draw matched,8192,5836,4,4,5,5,0.0020397046754091763,0,4.361372946126707e-08
"F=16, p=2",16,2,15,Random ranked: QPU-raw-draw matched,8192,5836,8,8,9,9,0.0020397046754091763,0,4.361372946126707e-08
"F=16, p=2",16,2,15,Random ranked: QPU-raw-draw matched,8192,5836,16,16,17,17,0.0020397046754091763,0,4.361372946126707e-08
"F=16, p=2",16,2,15,Random ranked: QPU-raw-draw matched,8192,5836,32,32,33,33,0.0020397046754091763,0,4.361372946126707e-08
"F=16, p=2",16,2,15,Random ranked: QPU-raw-draw matched,8192,5836,64,64,65,65,0.0020397046754091763,0,4.361372946126707e-08
"F=16, p=2",16,2,16,Uniform random: direct M,4,64,4,4,5,5,0.0019554657669096087,0,2.4133576914664445e-08
"F=16, p=2",16,2,16,Uniform random: direct M,8,64,8,8,9,9,0.0019554657669096087,0,2.4133576914664445e-08
"F=16, p=2",16,2,16,Uniform random: direct M,16,64,16,16,17,17,0.0019554657669096087,0,2.4133576914664445e-08
"F=16, p=2",16,2,16,Uniform random: direct M,32,64,32,32,33,33,0.0021779953281740663,0,2.3495817957908116e-08
"F=16, p=2",16,2,16,Uniform random: direct M,64,64,64,64,65,65,0.0022207373759841886,0,1.4453555921556394e-09
"F=16, p=2",16,2,16,Random ranked: QPU-valid-unique matched,1053,1053,4,4,5,5,0.0016993875775598508,0,8.309143817442077e-09
"F=16, p=2",16,2,16,Random ranked: QPU-valid-unique matched,1053,1053,8,8,9,9,0.0017644615973845743,0,2.516993730106165e-08
"F=16, p=2",16,2,16,Random ranked: QPU-valid-unique matched,1053,1053,16,16,17,17,0.0017644615973845743,0,2.516993730106165e-08
"F=16, p=2",16,2,16,Random ranked: QPU-valid-unique matched,1053,1053,32,32,33,33,0.0022191230513717783,0,8.339940127388701e-09
"F=16, p=2",16,2,16,Random ranked: QPU-valid-unique matched,1053,1053,64,64,65,65,0.0022191230513717783,0,8.339940127388701e-09
"F=16, p=2",16,2,16,Random ranked: QPU-raw-draw matched,8192,5781,4,4,5,5,0.0020397046754091763,0,4.361372946126707e-08
"F=16, p=2",16,2,16,Random ranked: QPU-raw-draw matched,8192,5781,8,8,9,9,0.0020397046754091763,0,4.361372946126707e-08
"F=16, p=2",16,2,16,Random ranked: QPU-raw-draw matched,8192,5781,16,16,17,17,0.0020397046754091763,0,4.361372946126707e-08
"F=16, p=2",16,2,16,Random ranked: QPU-raw-draw matched,8192,5781,32,32,33,33,0.0020397046754091763,0,4.361372946126707e-08
"F=16, p=2",16,2,16,Random ranked: QPU-raw-draw matched,8192,5781,64,64,65,65,0.0020397046754091763,0,4.361372946126707e-08
"F=16, p=2",16,2,17,Uniform random: direct M,4,64,4,4,5,5,0.002133339601116342,0,1.1801366384123213e-08
"F=16, p=2",16,2,17,Uniform random: direct M,8,64,8,8,9,9,0.002133339601116342,0,1.1801366384123213e-08
"F=16, p=2",16,2,17,Uniform random: direct M,16,64,16,16,17,17,0.002133339601116342,0,1.1801366384123213e-08
"F=16, p=2",16,2,17,Uniform random: direct M,32,64,32,32,33,33,0.002133339601116342,0,1.1801366384123213e-08
"F=16, p=2",16,2,17,Uniform random: direct M,64,64,64,64,65,65,0.002133339601116342,0,1.1801366384123213e-08
"F=16, p=2",16,2,17,Random ranked: QPU-valid-unique matched,1048,1048,4,4,5,5,0.001697285068272672,0,3.5458146308009475e-08
"F=16, p=2",16,2,17,Random ranked: QPU-valid-unique matched,1048,1048,8,8,9,9,0.0017270418735284773,0,1.1855663006876682e-08
"F=16, p=2",16,2,17,Random ranked: QPU-valid-unique matched,1048,1048,16,16,17,17,0.0017270418735284773,0,1.1855663006876682e-08
"F=16, p=2",16,2,17,Random ranked: QPU-valid-unique matched,1048,1048,32,32,33,33,0.002303867793736515,0,1.7388692818975926e-08
"F=16, p=2",16,2,17,Random ranked: QPU-valid-unique matched,1048,1048,64,64,65,65,0.002303867793736515,0,1.7388692818975926e-08
"F=16, p=2",16,2,17,Random ranked: QPU-raw-draw matched,8192,5887,4,4,5,5,0.002136943316528514,0,2.1148861384379103e-08
"F=16, p=2",16,2,17,Random ranked: QPU-raw-draw matched,8192,5887,8,8,9,9,0.002136943316528514,0,2.1148861384379103e-08
"F=16, p=2",16,2,17,Random ranked: QPU-raw-draw matched,8192,5887,16,16,17,17,0.002136943316528514,0,2.1148861384379103e-08
"F=16, p=2",16,2,17,Random ranked: QPU-raw-draw matched,8192,5887,32,32,33,33,0.002136943316528514,0,2.1148861384379103e-08
"F=16, p=2",16,2,17,Random ranked: QPU-raw-draw matched,8192,5887,64,64,65,65,0.002136943316528514,0,2.1148861384379103e-08
"F=16, p=2",16,2,18,Uniform random: direct M,4,64,4,4,5,5,0.0017644350276687995,0,2.0512967213726085e-08
"F=16, p=2",16,2,18,Uniform random: direct M,8,64,8,8,9,9,0.0020200283353376675,0,8.010246771439355e-10
"F=16, p=2",16,2,18,Uniform random: direct M,16,64,16,16,17,17,0.0020200283353376675,0,8.010246771439355e-10
"F=16, p=2",16,2,18,Uniform random: direct M,32,64,32,32,33,33,0.002079851560824117,0,1.465745580464528e-09
"F=16, p=2",16,2,18,Uniform random: direct M,64,64,64,64,65,65,0.002079851560824117,0,1.465745580464528e-09
"F=16, p=2",16,2,18,Random ranked: QPU-valid-unique matched,1031,1031,4,4,5,5,0.0018229434007230108,0,3.2221292578515914e-08
"F=16, p=2",16,2,18,Random ranked: QPU-valid-unique matched,1031,1031,8,8,9,9,0.0018229434007230108,0,3.2221292578515914e-08
"F=16, p=2",16,2,18,Random ranked: QPU-valid-unique matched,1031,1031,16,16,17,17,0.0018229434007230108,0,3.2221292578515914e-08
"F=16, p=2",16,2,18,Random ranked: QPU-valid-unique matched,1031,1031,32,32,33,33,0.0022782021896807433,0,1.631751700426065e-08
"F=16, p=2",16,2,18,Random ranked: QPU-valid-unique matched,1031,1031,64,64,65,65,0.0022782021896807433,0,1.631751700426065e-08
"F=16, p=2",16,2,18,Random ranked: QPU-raw-draw matched,8192,5832,4,4,5,5,0.002136943316528514,0,2.1148861384379103e-08
"F=16, p=2",16,2,18,Random ranked: QPU-raw-draw matched,8192,5832,8,8,9,9,0.002136943316528514,0,2.1148861384379103e-08
"F=16, p=2",16,2,18,Random ranked: QPU-raw-draw matched,8192,5832,16,16,17,17,0.002136943316528514,0,2.1148861384379103e-08
"F=16, p=2",16,2,18,Random ranked: QPU-raw-draw matched,8192,5832,32,32,33,33,0.002136943316528514,0,2.1148861384379103e-08
"F=16, p=2",16,2,18,Random ranked: QPU-raw-draw matched,8192,5832,64,64,65,65,0.002136943316528514,0,2.1148861384379103e-08
"F=16, p=2",16,2,19,Uniform random: direct M,4,64,4,4,5,5,0.001719035260321411,0,1.0699885089060501e-08
"F=16, p=2",16,2,19,Uniform random: direct M,8,64,8,8,9,9,0.0019493907465249344,0,2.2188307746695557e-08
"F=16, p=2",16,2,19,Uniform random: direct M,16,64,16,16,17,17,0.0019795327160341755,0,4.216046778360294e-08
"F=16, p=2",16,2,19,Uniform random: direct M,32,64,32,32,33,33,0.0019795327160341755,0,4.216046778360294e-08
"F=16, p=2",16,2,19,Uniform random: direct M,64,64,64,64,65,65,0.002286442128254372,0,1.0332294131387698e-08
"F=16, p=2",16,2,19,Random ranked: QPU-valid-unique matched,1053,1053,4,4,5,5,0.0018109383484740116,0,1.0246595238960765e-08
"F=16, p=2",16,2,19,Random ranked: QPU-valid-unique matched,1053,1053,8,8,9,9,0.0018109383484740116,0,1.0246595238960765e-08
"F=16, p=2",16,2,19,Random ranked: QPU-valid-unique matched,1053,1053,16,16,17,17,0.0018109383484740116,0,1.0246595238960765e-08
"F=16, p=2",16,2,19,Random ranked: QPU-valid-unique matched,1053,1053,32,32,33,33,0.0021593761200945152,0,3.155370020824222e-08
"F=16, p=2",16,2,19,Random ranked: QPU-valid-unique matched,1053,1053,64,64,65,65,0.0021593761200945152,0,3.155370020824222e-08
"F=16, p=2",16,2,19,Random ranked: QPU-raw-draw matched,8192,5861,4,4,5,5,0.002136943316528514,0,2.1148861384379103e-08
"F=16, p=2",16,2,19,Random ranked: QPU-raw-draw matched,8192,5861,8,8,9,9,0.002136943316528514,0,2.1148861384379103e-08
"F=16, p=2",16,2,19,Random ranked: QPU-raw-draw matched,8192,5861,16,16,17,17,0.002136943316528514,0,2.1148861384379103e-08
"F=16, p=2",16,2,19,Random ranked: QPU-raw-draw matched,8192,5861,32,32,33,33,0.002136943316528514,0,2.1148861384379103e-08
"F=16, p=2",16,2,19,Random ranked: QPU-raw-draw matched,8192,5861,64,64,65,65,0.002136943316528514,0,2.1148861384379103e-08
"F=16, p=2",16,2,20,Uniform random: direct M,4,64,4,4,5,5,0.0013474047661566346,0,4.687598989527864e-10
"F=16, p=2",16,2,20,Uniform random: direct M,8,64,8,8,9,9,0.0014735697246709006,0,2.1037607267349046e-08
"F=16, p=2",16,2,20,Uniform random: direct M,16,64,16,16,17,17,0.0017594664401868534,0,2.3811218552438618e-09
"F=16, p=2",16,2,20,Uniform random: direct M,32,64,32,32,33,33,0.0017594664401868534,0,2.3811218552438618e-09
"F=16, p=2",16,2,20,Uniform random: direct M,64,64,64,64,65,65,0.0020597602290601535,0,2.5653249691171e-08
"F=16, p=2",16,2,20,Random ranked: QPU-valid-unique matched,1048,1048,4,4,5,5,0.0017839942328045089,0,3.008875176790937e-08
"F=16, p=2",16,2,20,Random ranked: QPU-valid-unique matched,1048,1048,8,8,9,9,0.0017839942328045089,0,3.008875176790937e-08
"F=16, p=2",16,2,20,Random ranked: QPU-valid-unique matched,1048,1048,16,16,17,17,0.0021164096905506857,0,7.911308899655189e-10
"F=16, p=2",16,2,20,Random ranked: QPU-valid-unique matched,1048,1048,32,32,33,33,0.0021610667505931602,0,1.476396571664651e-08
"F=16, p=2",16,2,20,Random ranked: QPU-valid-unique matched,1048,1048,64,64,65,65,0.0021610667505931602,0,1.476396571664651e-08
"F=16, p=2",16,2,20,Random ranked: QPU-raw-draw matched,8192,5847,4,4,5,5,0.0019497081808131159,0,2.801875909064222e-08
"F=16, p=2",16,2,20,Random ranked: QPU-raw-draw matched,8192,5847,8,8,9,9,0.0019497081808131159,0,2.801875909064222e-08
"F=16, p=2",16,2,20,Random ranked: QPU-raw-draw matched,8192,5847,16,16,17,17,0.0019497081808131159,0,2.801875909064222e-08
"F=16, p=2",16,2,20,Random ranked: QPU-raw-draw matched,8192,5847,32,32,33,33,0.0019497081808131159,0,2.801875909064222e-08
"F=16, p=2",16,2,20,Random ranked: QPU-raw-draw matched,8192,5847,64,64,65,65,0.0019497081808131159,0,2.801875909064222e-08
"F=16, p=2",16,2,21,Uniform random: direct M,4,64,4,4,5,5,0.0017264944844786675,0,2.380750666053366e-10
"F=16, p=2",16,2,21,Uniform random: direct M,8,64,8,8,9,9,0.001825618132725644,0,3.530313252841921e-08
"F=16, p=2",16,2,21,Uniform random: direct M,16,64,16,16,17,17,0.0019205473374718438,0,3.0723936617071956e-08
"F=16, p=2",16,2,21,Uniform random: direct M,32,64,32,32,33,33,0.0019205473374718438,0,3.0723936617071956e-08
"F=16, p=2",16,2,21,Uniform random: direct M,64,64,64,64,65,65,0.0019715723100027158,0,3.327598496749573e-08
"F=16, p=2",16,2,21,Random ranked: QPU-valid-unique matched,1031,1031,4,4,5,5,0.00160577175500589,0,2.2761840634544228e-08
"F=16, p=2",16,2,21,Random ranked: QPU-valid-unique matched,1031,1031,8,8,9,9,0.00160577175500589,0,2.2761840634544228e-08
"F=16, p=2",16,2,21,Random ranked: QPU-valid-unique matched,1031,1031,16,16,17,17,0.00160577175500589,0,2.2761840634544228e-08
"F=16, p=2",16,2,21,Random ranked: QPU-valid-unique matched,1031,1031,32,32,33,33,0.002247223526033272,0,2.7813976899437876e-08
"F=16, p=2",16,2,21,Random ranked: QPU-valid-unique matched,1031,1031,64,64,65,65,0.002247223526033272,0,2.7813976899437876e-08
"F=16, p=2",16,2,21,Random ranked: QPU-raw-draw matched,8192,5786,4,4,5,5,0.002136943316528514,0,2.1148861384379103e-08
"F=16, p=2",16,2,21,Random ranked: QPU-raw-draw matched,8192,5786,8,8,9,9,0.002136943316528514,0,2.1148861384379103e-08
"F=16, p=2",16,2,21,Random ranked: QPU-raw-draw matched,8192,5786,16,16,17,17,0.002136943316528514,0,2.1148861384379103e-08
"F=16, p=2",16,2,21,Random ranked: QPU-raw-draw matched,8192,5786,32,32,33,33,0.002136943316528514,0,2.1148861384379103e-08
"F=16, p=2",16,2,21,Random ranked: QPU-raw-draw matched,8192,5786,64,64,65,65,0.002136943316528514,0,2.1148861384379103e-08
"F=16, p=2",16,2,22,Uniform random: direct M,4,64,4,4,5,5,0.001465251544648924,0,4.23748537370372e-08
"F=16, p=2",16,2,22,Uniform random: direct M,8,64,8,8,9,9,0.001822398899284275,0,5.431902913577424e-10
"F=16, p=2",16,2,22,Uniform random: direct M,16,64,16,16,17,17,0.002201851610311674,0,2.1704041230918847e-08
"F=16, p=2",16,2,22,Uniform random: direct M,32,64,32,32,33,33,0.002201851610311674,0,2.1704041230918847e-08
"F=16, p=2",16,2,22,Uniform random: direct M,64,64,64,64,65,65,0.002201851610311674,0,2.1704041230918847e-08
"F=16, p=2",16,2,22,Random ranked: QPU-valid-unique matched,1053,1053,4,4,5,5,0.002136943316528514,0,2.1148861384379103e-08
"F=16, p=2",16,2,22,Random ranked: QPU-valid-unique matched,1053,1053,8,8,9,9,0.002136943316528514,0,2.1148861384379103e-08
"F=16, p=2",16,2,22,Random ranked: QPU-valid-unique matched,1053,1053,16,16,17,17,0.002136943316528514,0,2.1148861384379103e-08
"F=16, p=2",16,2,22,Random ranked: QPU-valid-unique matched,1053,1053,32,32,33,33,0.0022191230513717783,0,8.339940127388701e-09
"F=16, p=2",16,2,22,Random ranked: QPU-valid-unique matched,1053,1053,64,64,65,65,0.0022191230513717783,0,8.339940127388701e-09
"F=16, p=2",16,2,22,Random ranked: QPU-raw-draw matched,8192,5826,4,4,5,5,0.0020397046754091763,0,4.361372946126707e-08
"F=16, p=2",16,2,22,Random ranked: QPU-raw-draw matched,8192,5826,8,8,9,9,0.0020397046754091763,0,4.361372946126707e-08
"F=16, p=2",16,2,22,Random ranked: QPU-raw-draw matched,8192,5826,16,16,17,17,0.0020397046754091763,0,4.361372946126707e-08
"F=16, p=2",16,2,22,Random ranked: QPU-raw-draw matched,8192,5826,32,32,33,33,0.0020397046754091763,0,4.361372946126707e-08
"F=16, p=2",16,2,22,Random ranked: QPU-raw-draw matched,8192,5826,64,64,65,65,0.0020397046754091763,0,4.361372946126707e-08
"F=16, p=2",16,2,23,Uniform random: direct M,4,64,4,4,5,5,0.0015953159874469575,0,3.071912968444224e-08
"F=16, p=2",16,2,23,Uniform random: direct M,8,64,8,8,9,9,0.0015953159874469575,0,3.071912968444224e-08
"F=16, p=2",16,2,23,Uniform random: direct M,16,64,16,16,17,17,0.001696986392719306,0,5.101296468579264e-10
"F=16, p=2",16,2,23,Uniform random: direct M,32,64,32,32,33,33,0.0019497081808131159,0,2.801875909064222e-08
"F=16, p=2",16,2,23,Uniform random: direct M,64,64,64,64,65,65,0.0020839256867673586,0,2.455942615942064e-08
"F=16, p=2",16,2,23,Random ranked: QPU-valid-unique matched,1048,1048,4,4,5,5,0.0015498186992075752,0,1.3471503579332023e-08
"F=16, p=2",16,2,23,Random ranked: QPU-valid-unique matched,1048,1048,8,8,9,9,0.0015498186992075752,0,1.3471503579332023e-08
"F=16, p=2",16,2,23,Random ranked: QPU-valid-unique matched,1048,1048,16,16,17,17,0.002056533034294178,0,3.453376917761375e-09
"F=16, p=2",16,2,23,Random ranked: QPU-valid-unique matched,1048,1048,32,32,33,33,0.0021866735055738953,0,4.1020440599837116e-08
"F=16, p=2",16,2,23,Random ranked: QPU-valid-unique matched,1048,1048,64,64,65,65,0.0021866735055738953,0,4.1020440599837116e-08
"F=16, p=2",16,2,23,Random ranked: QPU-raw-draw matched,8192,5850,4,4,5,5,0.0018375036744810308,0,1.5013292331556016e-08
"F=16, p=2",16,2,23,Random ranked: QPU-raw-draw matched,8192,5850,8,8,9,9,0.0018375036744810308,0,1.5013292331556016e-08
"F=16, p=2",16,2,23,Random ranked: QPU-raw-draw matched,8192,5850,16,16,17,17,0.0018375036744810308,0,1.5013292331556016e-08
"F=16, p=2",16,2,23,Random ranked: QPU-raw-draw matched,8192,5850,32,32,33,33,0.0018375036744810308,0,1.5013292331556016e-08
"F=16, p=2",16,2,23,Random ranked: QPU-raw-draw matched,8192,5850,64,64,65,65,0.0018375036744810308,0,1.5013292331556016e-08
"F=16, p=2",16,2,24,Uniform random: direct M,4,64,4,4,5,5,0.001734836367095531,0,1.2496989276744586e-08
"F=16, p=2",16,2,24,Uniform random: direct M,8,64,8,8,9,9,0.002060782098329772,0,1.959598983081179e-08
"F=16, p=2",16,2,24,Uniform random: direct M,16,64,16,16,17,17,0.002060782098329772,0,1.959598983081179e-08
"F=16, p=2",16,2,24,Uniform random: direct M,32,64,32,32,33,33,0.0022460672310313373,0,2.0567473002497394e-08
"F=16, p=2",16,2,24,Uniform random: direct M,64,64,64,64,65,65,0.0022460672310313373,0,2.0567473002497394e-08
"F=16, p=2",16,2,24,Random ranked: QPU-valid-unique matched,1031,1031,4,4,5,5,0.002136943316528514,0,2.1148861384379103e-08
"F=16, p=2",16,2,24,Random ranked: QPU-valid-unique matched,1031,1031,8,8,9,9,0.002136943316528514,0,2.1148861384379103e-08
"F=16, p=2",16,2,24,Random ranked: QPU-valid-unique matched,1031,1031,16,16,17,17,0.002136943316528514,0,2.1148861384379103e-08
"F=16, p=2",16,2,24,Random ranked: QPU-valid-unique matched,1031,1031,32,32,33,33,0.002136943316528514,0,2.1148861384379103e-08
"F=16, p=2",16,2,24,Random ranked: QPU-valid-unique matched,1031,1031,64,64,65,65,0.002136943316528514,0,2.1148861384379103e-08
"F=16, p=2",16,2,24,Random ranked: QPU-raw-draw matched,8192,5859,4,4,5,5,0.0020397046754091763,0,4.361372946126707e-08
"F=16, p=2",16,2,24,Random ranked: QPU-raw-draw matched,8192,5859,8,8,9,9,0.0020397046754091763,0,4.361372946126707e-08
"F=16, p=2",16,2,24,Random ranked: QPU-raw-draw matched,8192,5859,16,16,17,17,0.0020397046754091763,0,4.361372946126707e-08
"F=16, p=2",16,2,24,Random ranked: QPU-raw-draw matched,8192,5859,32,32,33,33,0.0020397046754091763,0,4.361372946126707e-08
"F=16, p=2",16,2,24,Random ranked: QPU-raw-draw matched,8192,5859,64,64,65,65,0.0020397046754091763,0,4.361372946126707e-08
"F=16, p=2",16,2,25,Uniform random: direct M,4,64,4,4,5,5,0.0019999521628491224,0,1.525226150933534e-08
"F=16, p=2",16,2,25,Uniform random: direct M,8,64,8,8,9,9,0.0019999521628491224,0,1.525226150933534e-08
"F=16, p=2",16,2,25,Uniform random: direct M,16,64,16,16,17,17,0.0019999521628491224,0,1.525226150933534e-08
"F=16, p=2",16,2,25,Uniform random: direct M,32,64,32,32,33,33,0.0019999521628491224,0,1.525226150933534e-08
"F=16, p=2",16,2,25,Uniform random: direct M,64,64,64,64,65,65,0.0019999521628491224,0,1.525226150933534e-08
"F=16, p=2",16,2,25,Random ranked: QPU-valid-unique matched,1053,1053,4,4,5,5,0.0016854869080716733,0,2.9827112446589865e-08
"F=16, p=2",16,2,25,Random ranked: QPU-valid-unique matched,1053,1053,8,8,9,9,0.0016908797215859708,0,2.9901998932491125e-08
"F=16, p=2",16,2,25,Random ranked: QPU-valid-unique matched,1053,1053,16,16,17,17,0.0016908797215859708,0,2.9901998932491125e-08
"F=16, p=2",16,2,25,Random ranked: QPU-valid-unique matched,1053,1053,32,32,33,33,0.0022191230513717783,0,8.339940127388701e-09
"F=16, p=2",16,2,25,Random ranked: QPU-valid-unique matched,1053,1053,64,64,65,65,0.0022191230513717783,0,8.339940127388701e-09
"F=16, p=2",16,2,25,Random ranked: QPU-raw-draw matched,8192,5849,4,4,5,5,0.0019256869433814106,0,3.742468906997587e-08
"F=16, p=2",16,2,25,Random ranked: QPU-raw-draw matched,8192,5849,8,8,9,9,0.0019256869433814106,0,3.742468906997587e-08
"F=16, p=2",16,2,25,Random ranked: QPU-raw-draw matched,8192,5849,16,16,17,17,0.0019256869433814106,0,3.742468906997587e-08
"F=16, p=2",16,2,25,Random ranked: QPU-raw-draw matched,8192,5849,32,32,33,33,0.0019256869433814106,0,3.742468906997587e-08
"F=16, p=2",16,2,25,Random ranked: QPU-raw-draw matched,8192,5849,64,64,65,65,0.0019256869433814106,0,3.742468906997587e-08
"F=16, p=2",16,2,26,Uniform random: direct M,4,64,4,4,5,5,0.001772390121580196,0,3.243254498297432e-09
"F=16, p=2",16,2,26,Uniform random: direct M,8,64,8,8,9,9,0.002005399764151046,0,5.223045676516769e-10
"F=16, p=2",16,2,26,Uniform random: direct M,16,64,16,16,17,17,0.002005399764151046,0,5.223045676516769e-10
"F=16, p=2",16,2,26,Uniform random: direct M,32,64,32,32,33,33,0.002005399764151046,0,5.223045676516769e-10
"F=16, p=2",16,2,26,Uniform random: direct M,64,64,64,64,65,65,0.0021739870146876977,0,3.435096396220416e-08
"F=16, p=2",16,2,26,Random ranked: QPU-valid-unique matched,1048,1048,4,4,5,5,0.0018375036744810308,0,1.5013292331556016e-08
"F=16, p=2",16,2,26,Random ranked: QPU-valid-unique matched,1048,1048,8,8,9,9,0.0018375036744810308,0,1.5013292331556016e-08
"F=16, p=2",16,2,26,Random ranked: QPU-valid-unique matched,1048,1048,16,16,17,17,0.0018375036744810308,0,1.5013292331556016e-08
"F=16, p=2",16,2,26,Random ranked: QPU-valid-unique matched,1048,1048,32,32,33,33,0.0020365901009167867,0,3.8512109390431704e-08
"F=16, p=2",16,2,26,Random ranked: QPU-valid-unique matched,1048,1048,64,64,65,65,0.002062373232904341,0,3.4826666772680426e-08
"F=16, p=2",16,2,26,Random ranked: QPU-raw-draw matched,8192,5849,4,4,5,5,0.0019101233567109105,0,4.2087688889580477e-10
"F=16, p=2",16,2,26,Random ranked: QPU-raw-draw matched,8192,5849,8,8,9,9,0.0019101233567109105,0,4.2087688889580477e-10
"F=16, p=2",16,2,26,Random ranked: QPU-raw-draw matched,8192,5849,16,16,17,17,0.0019101233567109105,0,4.2087688889580477e-10
"F=16, p=2",16,2,26,Random ranked: QPU-raw-draw matched,8192,5849,32,32,33,33,0.0019101233567109105,0,4.2087688889580477e-10
"F=16, p=2",16,2,26,Random ranked: QPU-raw-draw matched,8192,5849,64,64,65,65,0.0019101233567109105,0,4.2087688889580477e-10
"F=16, p=2",16,2,27,Uniform random: direct M,4,64,4,4,5,5,0.00157560143954074,0,1.9836453146737654e-08
"F=16, p=2",16,2,27,Uniform random: direct M,8,64,8,8,9,9,0.0019913543355098012,0,1.8430697037996602e-09
"F=16, p=2",16,2,27,Uniform random: direct M,16,64,16,16,17,17,0.0019913543355098012,0,1.8430697037996602e-09
"F=16, p=2",16,2,27,Uniform random: direct M,32,64,32,32,33,33,0.002071251537899367,0,2.2591754078593596e-08
"F=16, p=2",16,2,27,Uniform random: direct M,64,64,64,64,65,65,0.002071251537899367,0,2.2591754078593596e-08
"F=16, p=2",16,2,27,Random ranked: QPU-valid-unique matched,1031,1031,4,4,5,5,0.0016092706561616557,0,2.7713394690209725e-08
"F=16, p=2",16,2,27,Random ranked: QPU-valid-unique matched,1031,1031,8,8,9,9,0.0016092706561616557,0,2.7713394690209725e-08
"F=16, p=2",16,2,27,Random ranked: QPU-valid-unique matched,1031,1031,16,16,17,17,0.0016092706561616557,0,2.7713394690209725e-08
"F=16, p=2",16,2,27,Random ranked: QPU-valid-unique matched,1031,1031,32,32,33,33,0.0020002389752255822,0,2.047215702516425e-08
"F=16, p=2",16,2,27,Random ranked: QPU-valid-unique matched,1031,1031,64,64,65,65,0.0020002389752255822,0,2.047215702516425e-08
"F=16, p=2",16,2,27,Random ranked: QPU-raw-draw matched,8192,5842,4,4,5,5,0.002136943316528514,0,2.1148861384379103e-08
"F=16, p=2",16,2,27,Random ranked: QPU-raw-draw matched,8192,5842,8,8,9,9,0.002136943316528514,0,2.1148861384379103e-08
"F=16, p=2",16,2,27,Random ranked: QPU-raw-draw matched,8192,5842,16,16,17,17,0.002136943316528514,0,2.1148861384379103e-08
"F=16, p=2",16,2,27,Random ranked: QPU-raw-draw matched,8192,5842,32,32,33,33,0.002136943316528514,0,2.1148861384379103e-08
"F=16, p=2",16,2,27,Random ranked: QPU-raw-draw matched,8192,5842,64,64,65,65,0.002136943316528514,0,2.1148861384379103e-08
"F=16, p=2",16,2,28,Uniform random: direct M,4,64,4,4,5,5,0.001481453541218647,0,1.9719232358106353e-09
"F=16, p=2",16,2,28,Uniform random: direct M,8,64,8,8,9,9,0.001481453541218647,0,1.9719232358106353e-09
"F=16, p=2",16,2,28,Uniform random: direct M,16,64,16,16,17,17,0.0015213983358477803,0,3.9308418575689785e-08
"F=16, p=2",16,2,28,Uniform random: direct M,32,64,32,32,33,33,0.0015619655290409762,0,4.201432834971541e-08
"F=16, p=2",16,2,28,Uniform random: direct M,64,64,64,64,65,65,0.001962563629645392,0,2.3385293479449842e-08
"F=16, p=2",16,2,28,Random ranked: QPU-valid-unique matched,1053,1053,4,4,5,5,0.0016124491324132073,0,3.6842081774235425e-08
"F=16, p=2",16,2,28,Random ranked: QPU-valid-unique matched,1053,1053,8,8,9,9,0.0018109383484740116,0,1.0246595238960765e-08
"F=16, p=2",16,2,28,Random ranked: QPU-valid-unique matched,1053,1053,16,16,17,17,0.0018109383484740116,0,1.0246595238960765e-08
"F=16, p=2",16,2,28,Random ranked: QPU-valid-unique matched,1053,1053,32,32,33,33,0.0022782021896807433,0,1.631751700426065e-08
"F=16, p=2",16,2,28,Random ranked: QPU-valid-unique matched,1053,1053,64,64,65,65,0.0022782021896807433,0,1.631751700426065e-08
"F=16, p=2",16,2,28,Random ranked: QPU-raw-draw matched,8192,5870,4,4,5,5,0.002136943316528514,0,2.1148861384379103e-08
"F=16, p=2",16,2,28,Random ranked: QPU-raw-draw matched,8192,5870,8,8,9,9,0.002136943316528514,0,2.1148861384379103e-08
"F=16, p=2",16,2,28,Random ranked: QPU-raw-draw matched,8192,5870,16,16,17,17,0.002136943316528514,0,2.1148861384379103e-08
"F=16, p=2",16,2,28,Random ranked: QPU-raw-draw matched,8192,5870,32,32,33,33,0.002136943316528514,0,2.1148861384379103e-08
"F=16, p=2",16,2,28,Random ranked: QPU-raw-draw matched,8192,5870,64,64,65,65,0.002136943316528514,0,2.1148861384379103e-08
"F=16, p=2",16,2,29,Uniform random: direct M,4,64,4,4,5,5,0.0018586639782501302,0,3.4623635070119008e-09
"F=16, p=2",16,2,29,Uniform random: direct M,8,64,8,8,9,9,0.0018586639782501302,0,3.4623635070119008e-09
"F=16, p=2",16,2,29,Uniform random: direct M,16,64,16,16,17,17,0.0019056089825913586,0,3.278710491994019e-08
"F=16, p=2",16,2,29,Uniform random: direct M,32,64,32,32,33,33,0.0019149448087598733,0,2.0395022448660427e-08
"F=16, p=2",16,2,29,Uniform random: direct M,64,64,64,64,65,65,0.0019149448087598733,0,2.0395022448660427e-08
"F=16, p=2",16,2,29,Random ranked: QPU-valid-unique matched,1048,1048,4,4,5,5,0.0018105178788813195,0,2.876383997651999e-08
"F=16, p=2",16,2,29,Random ranked: QPU-valid-unique matched,1048,1048,8,8,9,9,0.0018105178788813195,0,2.876383997651999e-08
"F=16, p=2",16,2,29,Random ranked: QPU-valid-unique matched,1048,1048,16,16,17,17,0.002071251537899367,0,2.2591754078593596e-08
"F=16, p=2",16,2,29,Random ranked: QPU-valid-unique matched,1048,1048,32,32,33,33,0.0020962096684803977,0,3.503991186093458e-08
"F=16, p=2",16,2,29,Random ranked: QPU-valid-unique matched,1048,1048,64,64,65,65,0.0020962096684803977,0,3.503991186093458e-08
"F=16, p=2",16,2,29,Random ranked: QPU-raw-draw matched,8192,5871,4,4,5,5,0.0019497081808131159,0,2.801875909064222e-08
"F=16, p=2",16,2,29,Random ranked: QPU-raw-draw matched,8192,5871,8,8,9,9,0.0019497081808131159,0,2.801875909064222e-08
"F=16, p=2",16,2,29,Random ranked: QPU-raw-draw matched,8192,5871,16,16,17,17,0.0019497081808131159,0,2.801875909064222e-08
"F=16, p=2",16,2,29,Random ranked: QPU-raw-draw matched,8192,5871,32,32,33,33,0.0019497081808131159,0,2.801875909064222e-08
"F=16, p=2",16,2,29,Random ranked: QPU-raw-draw matched,8192,5871,64,64,65,65,0.0019497081808131159,0,2.801875909064222e-08
"F=16, p=2",16,2,30,Uniform random: direct M,4,64,4,4,5,5,0.0016297812239484191,0,7.091135567627305e-09
"F=16, p=2",16,2,30,Uniform random: direct M,8,64,8,8,9,9,0.002072786394474252,0,1.351763656565197e-08
"F=16, p=2",16,2,30,Uniform random: direct M,16,64,16,16,17,17,0.0023000077746556102,0,1.573262814469345e-08
"F=16, p=2",16,2,30,Uniform random: direct M,32,64,32,32,33,33,0.0023000077746556102,0,1.573262814469345e-08
"F=16, p=2",16,2,30,Uniform random: direct M,64,64,64,64,65,65,0.0023000077746556102,0,1.573262814469345e-08
"F=16, p=2",16,2,30,Random ranked: QPU-valid-unique matched,1031,1031,4,4,5,5,0.0016124491324132073,0,3.6842081774235425e-08
"F=16, p=2",16,2,30,Random ranked: QPU-valid-unique matched,1031,1031,8,8,9,9,0.0016124491324132073,0,3.6842081774235425e-08
"F=16, p=2",16,2,30,Random ranked: QPU-valid-unique matched,1031,1031,16,16,17,17,0.0016124491324132073,0,3.6842081774235425e-08
"F=16, p=2",16,2,30,Random ranked: QPU-valid-unique matched,1031,1031,32,32,33,33,0.002247223526033272,0,2.7813976899437876e-08
"F=16, p=2",16,2,30,Random ranked: QPU-valid-unique matched,1031,1031,64,64,65,65,0.002247223526033272,0,2.7813976899437876e-08
"F=16, p=2",16,2,30,Random ranked: QPU-raw-draw matched,8192,5803,4,4,5,5,0.0019497081808131159,0,2.801875909064222e-08
"F=16, p=2",16,2,30,Random ranked: QPU-raw-draw matched,8192,5803,8,8,9,9,0.0019497081808131159,0,2.801875909064222e-08
"F=16, p=2",16,2,30,Random ranked: QPU-raw-draw matched,8192,5803,16,16,17,17,0.0019497081808131159,0,2.801875909064222e-08
"F=16, p=2",16,2,30,Random ranked: QPU-raw-draw matched,8192,5803,32,32,33,33,0.0019497081808131159,0,2.801875909064222e-08
"F=16, p=2",16,2,30,Random ranked: QPU-raw-draw matched,8192,5803,64,64,65,65,0.0019497081808131159,0,2.801875909064222e-08
"F=16, p=2",16,2,31,Uniform random: direct M,4,64,4,4,5,5,0.002133339601116342,0,1.1801366384123213e-08
"F=16, p=2",16,2,31,Uniform random: direct M,8,64,8,8,9,9,0.002133339601116342,0,1.1801366384123213e-08
"F=16, p=2",16,2,31,Uniform random: direct M,16,64,16,16,17,17,0.002133339601116342,0,1.1801366384123213e-08
"F=16, p=2",16,2,31,Uniform random: direct M,32,64,32,32,33,33,0.002133339601116342,0,1.1801366384123213e-08
"F=16, p=2",16,2,31,Uniform random: direct M,64,64,64,64,65,65,0.002171533395821844,0,2.5322205887690075e-08
"F=16, p=2",16,2,31,Random ranked: QPU-valid-unique matched,1053,1053,4,4,5,5,0.0016092706561616557,0,2.7713394690209725e-08
"F=16, p=2",16,2,31,Random ranked: QPU-valid-unique matched,1053,1053,8,8,9,9,0.0018109383484740116,0,1.0246595238960765e-08
"F=16, p=2",16,2,31,Random ranked: QPU-valid-unique matched,1053,1053,16,16,17,17,0.0018109383484740116,0,1.0246595238960765e-08
"F=16, p=2",16,2,31,Random ranked: QPU-valid-unique matched,1053,1053,32,32,33,33,0.002235222478068892,0,5.841106154313991e-09
"F=16, p=2",16,2,31,Random ranked: QPU-valid-unique matched,1053,1053,64,64,65,65,0.002235222478068892,0,5.841106154313991e-09
"F=16, p=2",16,2,31,Random ranked: QPU-raw-draw matched,8192,5823,4,4,5,5,0.0018375036744810308,0,1.5013292331556016e-08
"F=16, p=2",16,2,31,Random ranked: QPU-raw-draw matched,8192,5823,8,8,9,9,0.0018375036744810308,0,1.5013292331556016e-08
"F=16, p=2",16,2,31,Random ranked: QPU-raw-draw matched,8192,5823,16,16,17,17,0.0018375036744810308,0,1.5013292331556016e-08
"F=16, p=2",16,2,31,Random ranked: QPU-raw-draw matched,8192,5823,32,32,33,33,0.0018375036744810308,0,1.5013292331556016e-08
"F=16, p=2",16,2,31,Random ranked: QPU-raw-draw matched,8192,5823,64,64,65,65,0.0018375036744810308,0,1.5013292331556016e-08
"F=16, p=2",16,2,32,Uniform random: direct M,4,64,4,4,5,5,0.0020086533646061985,0,4.855788104940473e-09
"F=16, p=2",16,2,32,Uniform random: direct M,8,64,8,8,9,9,0.0020086533646061985,0,4.855788104940473e-09
"F=16, p=2",16,2,32,Uniform random: direct M,16,64,16,16,17,17,0.0022207373759841886,0,1.4453555921556394e-09
"F=16, p=2",16,2,32,Uniform random: direct M,32,64,32,32,33,33,0.0022207373759841886,0,1.4453555921556394e-09
"F=16, p=2",16,2,32,Uniform random: direct M,64,64,64,64,65,65,0.0022207373759841886,0,1.4453555921556394e-09
"F=16, p=2",16,2,32,Random ranked: QPU-valid-unique matched,1048,1048,4,4,5,5,0.0014963758237350952,0,1.6202721803137976e-10
"F=16, p=2",16,2,32,Random ranked: QPU-valid-unique matched,1048,1048,8,8,9,9,0.0015150476766581655,0,1.3190409653418556e-08
"F=16, p=2",16,2,32,Random ranked: QPU-valid-unique matched,1048,1048,16,16,17,17,0.0016092562775721075,0,1.0465330935183204e-08
"F=16, p=2",16,2,32,Random ranked: QPU-valid-unique matched,1048,1048,32,32,33,33,0.0019433039490547727,0,3.5089114613917616e-08
"F=16, p=2",16,2,32,Random ranked: QPU-valid-unique matched,1048,1048,64,64,65,65,0.0021813670814580036,0,2.120303710384519e-08
"F=16, p=2",16,2,32,Random ranked: QPU-raw-draw matched,8192,5875,4,4,5,5,0.0018229434007230108,0,3.2221292578515914e-08
"F=16, p=2",16,2,32,Random ranked: QPU-raw-draw matched,8192,5875,8,8,9,9,0.0018229434007230108,0,3.2221292578515914e-08
"F=16, p=2",16,2,32,Random ranked: QPU-raw-draw matched,8192,5875,16,16,17,17,0.0018229434007230108,0,3.2221292578515914e-08
"F=16, p=2",16,2,32,Random ranked: QPU-raw-draw matched,8192,5875,32,32,33,33,0.0018229434007230108,0,3.2221292578515914e-08
"F=16, p=2",16,2,32,Random ranked: QPU-raw-draw matched,8192,5875,64,64,65,65,0.0018229434007230108,0,3.2221292578515914e-08
"F=16, p=2",16,2,33,Uniform random: direct M,4,64,4,4,5,5,0.0017446110037995372,0,3.6545683146371744e-09
"F=16, p=2",16,2,33,Uniform random: direct M,8,64,8,8,9,9,0.002168649507141518,0,1.352331344128821e-09
"F=16, p=2",16,2,33,Uniform random: direct M,16,64,16,16,17,17,0.002168649507141518,0,1.352331344128821e-09
"F=16, p=2",16,2,33,Uniform random: direct M,32,64,32,32,33,33,0.002168649507141518,0,1.352331344128821e-09
"F=16, p=2",16,2,33,Uniform random: direct M,64,64,64,64,65,65,0.0022124636833384184,0,3.587469774371521e-10
"F=16, p=2",16,2,33,Random ranked: QPU-valid-unique matched,1031,1031,4,4,5,5,0.0019256869433814106,0,3.742468906997587e-08
"F=16, p=2",16,2,33,Random ranked: QPU-valid-unique matched,1031,1031,8,8,9,9,0.0019256869433814106,0,3.742468906997587e-08
"F=16, p=2",16,2,33,Random ranked: QPU-valid-unique matched,1031,1031,16,16,17,17,0.0019256869433814106,0,3.742468906997587e-08
"F=16, p=2",16,2,33,Random ranked: QPU-valid-unique matched,1031,1031,32,32,33,33,0.0021072138770636406,0,2.528000569990141e-08
"F=16, p=2",16,2,33,Random ranked: QPU-valid-unique matched,1031,1031,64,64,65,65,0.002117737329477329,0,2.7863462648269888e-09
"F=16, p=2",16,2,33,Random ranked: QPU-raw-draw matched,8192,5845,4,4,5,5,0.002136943316528514,0,2.1148861384379103e-08
"F=16, p=2",16,2,33,Random ranked: QPU-raw-draw matched,8192,5845,8,8,9,9,0.002136943316528514,0,2.1148861384379103e-08
"F=16, p=2",16,2,33,Random ranked: QPU-raw-draw matched,8192,5845,16,16,17,17,0.002136943316528514,0,2.1148861384379103e-08
"F=16, p=2",16,2,33,Random ranked: QPU-raw-draw matched,8192,5845,32,32,33,33,0.002136943316528514,0,2.1148861384379103e-08
"F=16, p=2",16,2,33,Random ranked: QPU-raw-draw matched,8192,5845,64,64,65,65,0.002136943316528514,0,2.1148861384379103e-08
"F=16, p=2",16,2,34,Uniform random: direct M,4,64,4,4,5,5,0.0017500836690756624,0,7.786901123907342e-10
"F=16, p=2",16,2,34,Uniform random: direct M,8,64,8,8,9,9,0.0017500836690756624,0,7.786901123907342e-10
"F=16, p=2",16,2,34,Uniform random: direct M,16,64,16,16,17,17,0.0017500836690756624,0,7.786901123907342e-10
"F=16, p=2",16,2,34,Uniform random: direct M,32,64,32,32,33,33,0.0021610667505931602,0,1.476396571664651e-08
"F=16, p=2",16,2,34,Uniform random: direct M,64,64,64,64,65,65,0.0021610667505931602,0,1.476396571664651e-08
"F=16, p=2",16,2,34,Random ranked: QPU-valid-unique matched,1053,1053,4,4,5,5,0.0018033709512545112,0,3.712689877755082e-08
"F=16, p=2",16,2,34,Random ranked: QPU-valid-unique matched,1053,1053,8,8,9,9,0.0018033709512545112,0,3.712689877755082e-08
"F=16, p=2",16,2,34,Random ranked: QPU-valid-unique matched,1053,1053,16,16,17,17,0.0018033709512545112,0,3.712689877755082e-08
"F=16, p=2",16,2,34,Random ranked: QPU-valid-unique matched,1053,1053,32,32,33,33,0.0022116013691898667,0,1.5871959233026978e-09
"F=16, p=2",16,2,34,Random ranked: QPU-valid-unique matched,1053,1053,64,64,65,65,0.0022116013691898667,0,1.5871959233026978e-09
"F=16, p=2",16,2,34,Random ranked: QPU-raw-draw matched,8192,5801,4,4,5,5,0.0020397046754091763,0,4.361372946126707e-08
"F=16, p=2",16,2,34,Random ranked: QPU-raw-draw matched,8192,5801,8,8,9,9,0.0020397046754091763,0,4.361372946126707e-08
"F=16, p=2",16,2,34,Random ranked: QPU-raw-draw matched,8192,5801,16,16,17,17,0.0020397046754091763,0,4.361372946126707e-08
"F=16, p=2",16,2,34,Random ranked: QPU-raw-draw matched,8192,5801,32,32,33,33,0.0020397046754091763,0,4.361372946126707e-08
"F=16, p=2",16,2,34,Random ranked: QPU-raw-draw matched,8192,5801,64,64,65,65,0.0020397046754091763,0,4.361372946126707e-08
"F=16, p=2",16,2,35,Uniform random: direct M,4,64,4,4,5,5,0.001728014425928938,0,4.1528528171852486e-08
"F=16, p=2",16,2,35,Uniform random: direct M,8,64,8,8,9,9,0.0022116013691898667,0,1.5871959233026978e-09
"F=16, p=2",16,2,35,Uniform random: direct M,16,64,16,16,17,17,0.0022116013691898667,0,1.5871959233026978e-09
"F=16, p=2",16,2,35,Uniform random: direct M,32,64,32,32,33,33,0.002238986957116315,0,5.164321678630124e-10
"F=16, p=2",16,2,35,Uniform random: direct M,64,64,64,64,65,65,0.002238986957116315,0,5.164321678630124e-10
"F=16, p=2",16,2,35,Random ranked: QPU-valid-unique matched,1048,1048,4,4,5,5,0.0019497081808131159,0,2.801875909064222e-08
"F=16, p=2",16,2,35,Random ranked: QPU-valid-unique matched,1048,1048,8,8,9,9,0.0019497081808131159,0,2.801875909064222e-08
"F=16, p=2",16,2,35,Random ranked: QPU-valid-unique matched,1048,1048,16,16,17,17,0.002090646878285765,0,2.660515407981734e-08
"F=16, p=2",16,2,35,Random ranked: QPU-valid-unique matched,1048,1048,32,32,33,33,0.0021813670814580036,0,2.120303710384519e-08
"F=16, p=2",16,2,35,Random ranked: QPU-valid-unique matched,1048,1048,64,64,65,65,0.0021813670814580036,0,2.120303710384519e-08
"F=16, p=2",16,2,35,Random ranked: QPU-raw-draw matched,8192,5898,4,4,5,5,0.0019256869433814106,0,3.742468906997587e-08
"F=16, p=2",16,2,35,Random ranked: QPU-raw-draw matched,8192,5898,8,8,9,9,0.0019256869433814106,0,3.742468906997587e-08
"F=16, p=2",16,2,35,Random ranked: QPU-raw-draw matched,8192,5898,16,16,17,17,0.0019256869433814106,0,3.742468906997587e-08
"F=16, p=2",16,2,35,Random ranked: QPU-raw-draw matched,8192,5898,32,32,33,33,0.0019256869433814106,0,3.742468906997587e-08
"F=16, p=2",16,2,35,Random ranked: QPU-raw-draw matched,8192,5898,64,64,65,65,0.0019256869433814106,0,3.742468906997587e-08
"F=16, p=2",16,2,36,Uniform random: direct M,4,64,4,4,5,5,0.0013979242250519094,0,1.0223085766813966e-08
"F=16, p=2",16,2,36,Uniform random: direct M,8,64,8,8,9,9,0.0014982600233628407,0,2.512410623989325e-08
"F=16, p=2",16,2,36,Uniform random: direct M,16,64,16,16,17,17,0.0022468281347167926,0,1.6111509015814818e-08
"F=16, p=2",16,2,36,Uniform random: direct M,32,64,32,32,33,33,0.0022468281347167926,0,1.6111509015814818e-08
"F=16, p=2",16,2,36,Uniform random: direct M,64,64,64,64,65,65,0.0022468281347167926,0,1.6111509015814818e-08
"F=16, p=2",16,2,36,Random ranked: QPU-valid-unique matched,1031,1031,4,4,5,5,0.0016635274525586899,0,3.054548741721064e-08
"F=16, p=2",16,2,36,Random ranked: QPU-valid-unique matched,1031,1031,8,8,9,9,0.0016635274525586899,0,3.054548741721064e-08
"F=16, p=2",16,2,36,Random ranked: QPU-valid-unique matched,1031,1031,16,16,17,17,0.0016635274525586899,0,3.054548741721064e-08
"F=16, p=2",16,2,36,Random ranked: QPU-valid-unique matched,1031,1031,32,32,33,33,0.0022191230513717783,0,8.339940127388701e-09
"F=16, p=2",16,2,36,Random ranked: QPU-valid-unique matched,1031,1031,64,64,65,65,0.0022191230513717783,0,8.339940127388701e-09
"F=16, p=2",16,2,36,Random ranked: QPU-raw-draw matched,8192,5839,4,4,5,5,0.002136943316528514,0,2.1148861384379103e-08
"F=16, p=2",16,2,36,Random ranked: QPU-raw-draw matched,8192,5839,8,8,9,9,0.002136943316528514,0,2.1148861384379103e-08
"F=16, p=2",16,2,36,Random ranked: QPU-raw-draw matched,8192,5839,16,16,17,17,0.002136943316528514,0,2.1148861384379103e-08
"F=16, p=2",16,2,36,Random ranked: QPU-raw-draw matched,8192,5839,32,32,33,33,0.002136943316528514,0,2.1148861384379103e-08
"F=16, p=2",16,2,36,Random ranked: QPU-raw-draw matched,8192,5839,64,64,65,65,0.002136943316528514,0,2.1148861384379103e-08
"F=16, p=2",16,2,37,Uniform random: direct M,4,64,4,4,5,5,0.001632616474332757,0,6.186233261762375e-10
"F=16, p=2",16,2,37,Uniform random: direct M,8,64,8,8,9,9,0.001632616474332757,0,6.186233261762375e-10
"F=16, p=2",16,2,37,Uniform random: direct M,16,64,16,16,17,17,0.0020784645089226145,0,1.5406433906406392e-09
"F=16, p=2",16,2,37,Uniform random: direct M,32,64,32,32,33,33,0.0021886226901171937,0,1.705690905184909e-08
"F=16, p=2",16,2,37,Uniform random: direct M,64,64,64,64,65,65,0.002286442128254372,0,1.0332294131387698e-08
"F=16, p=2",16,2,37,Random ranked: QPU-valid-unique matched,1053,1053,4,4,5,5,0.0016468789497857683,0,1.492922224732851e-08
"F=16, p=2",16,2,37,Random ranked: QPU-valid-unique matched,1053,1053,8,8,9,9,0.0016468789497857683,0,1.492922224732851e-08
"F=16, p=2",16,2,37,Random ranked: QPU-valid-unique matched,1053,1053,16,16,17,17,0.0016468789497857683,0,1.492922224732851e-08
"F=16, p=2",16,2,37,Random ranked: QPU-valid-unique matched,1053,1053,32,32,33,33,0.002071893464266311,0,3.29740860172123e-08
"F=16, p=2",16,2,37,Random ranked: QPU-valid-unique matched,1053,1053,64,64,65,65,0.002071893464266311,0,3.29740860172123e-08
"F=16, p=2",16,2,37,Random ranked: QPU-raw-draw matched,8192,5843,4,4,5,5,0.002136943316528514,0,2.1148861384379103e-08
"F=16, p=2",16,2,37,Random ranked: QPU-raw-draw matched,8192,5843,8,8,9,9,0.002136943316528514,0,2.1148861384379103e-08
"F=16, p=2",16,2,37,Random ranked: QPU-raw-draw matched,8192,5843,16,16,17,17,0.002136943316528514,0,2.1148861384379103e-08
"F=16, p=2",16,2,37,Random ranked: QPU-raw-draw matched,8192,5843,32,32,33,33,0.002136943316528514,0,2.1148861384379103e-08
"F=16, p=2",16,2,37,Random ranked: QPU-raw-draw matched,8192,5843,64,64,65,65,0.002136943316528514,0,2.1148861384379103e-08
"F=16, p=2",16,2,38,Uniform random: direct M,4,64,4,4,5,5,0.0014380957878507572,0,3.2042965558698455e-08
"F=16, p=2",16,2,38,Uniform random: direct M,8,64,8,8,9,9,0.0023213924412632883,0,1.6952757697641374e-08
"F=16, p=2",16,2,38,Uniform random: direct M,16,64,16,16,17,17,0.0023213924412632883,0,1.6952757697641374e-08
"F=16, p=2",16,2,38,Uniform random: direct M,32,64,32,32,33,33,0.0023213924412632883,0,1.6952757697641374e-08
"F=16, p=2",16,2,38,Uniform random: direct M,64,64,64,64,65,65,0.0023213924412632883,0,1.6952757697641374e-08
"F=16, p=2",16,2,38,Random ranked: QPU-valid-unique matched,1048,1048,4,4,5,5,0.0018109383484740116,0,1.0246595238960765e-08
"F=16, p=2",16,2,38,Random ranked: QPU-valid-unique matched,1048,1048,8,8,9,9,0.0018109383484740116,0,1.0246595238960765e-08
"F=16, p=2",16,2,38,Random ranked: QPU-valid-unique matched,1048,1048,16,16,17,17,0.0018109383484740116,0,1.0246595238960765e-08
"F=16, p=2",16,2,38,Random ranked: QPU-valid-unique matched,1048,1048,32,32,33,33,0.0021610667505931602,0,1.476396571664651e-08
"F=16, p=2",16,2,38,Random ranked: QPU-valid-unique matched,1048,1048,64,64,65,65,0.0021610667505931602,0,1.476396571664651e-08
"F=16, p=2",16,2,38,Random ranked: QPU-raw-draw matched,8192,5863,4,4,5,5,0.002136943316528514,0,2.1148861384379103e-08
"F=16, p=2",16,2,38,Random ranked: QPU-raw-draw matched,8192,5863,8,8,9,9,0.002136943316528514,0,2.1148861384379103e-08
"F=16, p=2",16,2,38,Random ranked: QPU-raw-draw matched,8192,5863,16,16,17,17,0.002136943316528514,0,2.1148861384379103e-08
"F=16, p=2",16,2,38,Random ranked: QPU-raw-draw matched,8192,5863,32,32,33,33,0.002136943316528514,0,2.1148861384379103e-08
"F=16, p=2",16,2,38,Random ranked: QPU-raw-draw matched,8192,5863,64,64,65,65,0.002136943316528514,0,2.1148861384379103e-08
"F=16, p=2",16,2,39,Uniform random: direct M,4,64,4,4,5,5,0.0016689995280455977,0,3.792087954757051e-08
"F=16, p=2",16,2,39,Uniform random: direct M,8,64,8,8,9,9,0.0020687312925114637,0,2.5999497554884954e-08
"F=16, p=2",16,2,39,Uniform random: direct M,16,64,16,16,17,17,0.002071251537899367,0,2.2591754078593596e-08
"F=16, p=2",16,2,39,Uniform random: direct M,32,64,32,32,33,33,0.002071251537899367,0,2.2591754078593596e-08
"F=16, p=2",16,2,39,Uniform random: direct M,64,64,64,64,65,65,0.002071251537899367,0,2.2591754078593596e-08
"F=16, p=2",16,2,39,Random ranked: QPU-valid-unique matched,1031,1031,4,4,5,5,0.0018375036744810308,0,1.5013292331556016e-08
"F=16, p=2",16,2,39,Random ranked: QPU-valid-unique matched,1031,1031,8,8,9,9,0.0018375036744810308,0,1.5013292331556016e-08
"F=16, p=2",16,2,39,Random ranked: QPU-valid-unique matched,1031,1031,16,16,17,17,0.0018375036744810308,0,1.5013292331556016e-08
"F=16, p=2",16,2,39,Random ranked: QPU-valid-unique matched,1031,1031,32,32,33,33,0.0022084042544919316,0,7.154498868344739e-10
"F=16, p=2",16,2,39,Random ranked: QPU-valid-unique matched,1031,1031,64,64,65,65,0.0022084042544919316,0,7.154498868344739e-10
"F=16, p=2",16,2,39,Random ranked: QPU-raw-draw matched,8192,5822,4,4,5,5,0.0019101233567109105,0,4.2087688889580477e-10
"F=16, p=2",16,2,39,Random ranked: QPU-raw-draw matched,8192,5822,8,8,9,9,0.0019101233567109105,0,4.2087688889580477e-10
"F=16, p=2",16,2,39,Random ranked: QPU-raw-draw matched,8192,5822,16,16,17,17,0.0019101233567109105,0,4.2087688889580477e-10
"F=16, p=2",16,2,39,Random ranked: QPU-raw-draw matched,8192,5822,32,32,33,33,0.0019101233567109105,0,4.2087688889580477e-10
"F=16, p=2",16,2,39,Random ranked: QPU-raw-draw matched,8192,5822,64,64,65,65,0.0019101233567109105,0,4.2087688889580477e-10
"F=16, p=2",16,2,40,Uniform random: direct M,4,64,4,4,5,5,0.00179394027106531,0,2.4529203002110478e-08
"F=16, p=2",16,2,40,Uniform random: direct M,8,64,8,8,9,9,0.0019005005829763333,0,2.134486021265758e-08
"F=16, p=2",16,2,40,Uniform random: direct M,16,64,16,16,17,17,0.0019005005829763333,0,2.134486021265758e-08
"F=16, p=2",16,2,40,Uniform random: direct M,32,64,32,32,33,33,0.002175977758770778,0,1.9078866264621297e-08
"F=16, p=2",16,2,40,Uniform random: direct M,64,64,64,64,65,65,0.002175977758770778,0,1.9078866264621297e-08
"F=16, p=2",16,2,40,Random ranked: QPU-valid-unique matched,1053,1053,4,4,5,5,0.002136943316528514,0,2.1148861384379103e-08
"F=16, p=2",16,2,40,Random ranked: QPU-valid-unique matched,1053,1053,8,8,9,9,0.002136943316528514,0,2.1148861384379103e-08
"F=16, p=2",16,2,40,Random ranked: QPU-valid-unique matched,1053,1053,16,16,17,17,0.002136943316528514,0,2.1148861384379103e-08
"F=16, p=2",16,2,40,Random ranked: QPU-valid-unique matched,1053,1053,32,32,33,33,0.002136943316528514,0,2.1148861384379103e-08
"F=16, p=2",16,2,40,Random ranked: QPU-valid-unique matched,1053,1053,64,64,65,65,0.0021397535668008574,0,3.414809524038276e-08
"F=16, p=2",16,2,40,Random ranked: QPU-raw-draw matched,8192,5930,4,4,5,5,0.0020397046754091763,0,4.361372946126707e-08
"F=16, p=2",16,2,40,Random ranked: QPU-raw-draw matched,8192,5930,8,8,9,9,0.0020397046754091763,0,4.361372946126707e-08
"F=16, p=2",16,2,40,Random ranked: QPU-raw-draw matched,8192,5930,16,16,17,17,0.0020397046754091763,0,4.361372946126707e-08
"F=16, p=2",16,2,40,Random ranked: QPU-raw-draw matched,8192,5930,32,32,33,33,0.0020397046754091763,0,4.361372946126707e-08
"F=16, p=2",16,2,40,Random ranked: QPU-raw-draw matched,8192,5930,64,64,65,65,0.0020397046754091763,0,4.361372946126707e-08
"F=16, p=2",16,2,41,Uniform random: direct M,4,64,4,4,5,5,0.0019206335105890204,0,3.6299242722748204e-08
"F=16, p=2",16,2,41,Uniform random: direct M,8,64,8,8,9,9,0.0019206335105890204,0,3.6299242722748204e-08
"F=16, p=2",16,2,41,Uniform random: direct M,16,64,16,16,17,17,0.0019206335105890204,0,3.6299242722748204e-08
"F=16, p=2",16,2,41,Uniform random: direct M,32,64,32,32,33,33,0.0019206335105890204,0,3.6299242722748204e-08
"F=16, p=2",16,2,41,Uniform random: direct M,64,64,64,64,65,65,0.0020824792845289403,0,9.406551426671683e-09
"F=16, p=2",16,2,41,Random ranked: QPU-valid-unique matched,1048,1048,4,4,5,5,0.0016635274525586899,0,3.054548741721064e-08
"F=16, p=2",16,2,41,Random ranked: QPU-valid-unique matched,1048,1048,8,8,9,9,0.0016908797215859708,0,2.9901998932491125e-08
"F=16, p=2",16,2,41,Random ranked: QPU-valid-unique matched,1048,1048,16,16,17,17,0.0016908797215859708,0,2.9901998932491125e-08
"F=16, p=2",16,2,41,Random ranked: QPU-valid-unique matched,1048,1048,32,32,33,33,0.0022010535583161794,0,6.033818930606394e-10
"F=16, p=2",16,2,41,Random ranked: QPU-valid-unique matched,1048,1048,64,64,65,65,0.0022010535583161794,0,6.033818930606394e-10
"F=16, p=2",16,2,41,Random ranked: QPU-raw-draw matched,8192,5908,4,4,5,5,0.0020397046754091763,0,4.361372946126707e-08
"F=16, p=2",16,2,41,Random ranked: QPU-raw-draw matched,8192,5908,8,8,9,9,0.0020397046754091763,0,4.361372946126707e-08
"F=16, p=2",16,2,41,Random ranked: QPU-raw-draw matched,8192,5908,16,16,17,17,0.0020397046754091763,0,4.361372946126707e-08
"F=16, p=2",16,2,41,Random ranked: QPU-raw-draw matched,8192,5908,32,32,33,33,0.0020397046754091763,0,4.361372946126707e-08
"F=16, p=2",16,2,41,Random ranked: QPU-raw-draw matched,8192,5908,64,64,65,65,0.0020397046754091763,0,4.361372946126707e-08
"F=16, p=2",16,2,42,Uniform random: direct M,4,64,4,4,5,5,0.0018511821595013842,0,2.5751613397240192e-08
"F=16, p=2",16,2,42,Uniform random: direct M,8,64,8,8,9,9,0.0018511821595013842,0,2.5751613397240192e-08
"F=16, p=2",16,2,42,Uniform random: direct M,16,64,16,16,17,17,0.001879298185213936,0,1.9814902274539747e-08
"F=16, p=2",16,2,42,Uniform random: direct M,32,64,32,32,33,33,0.001879298185213936,0,1.9814902274539747e-08
"F=16, p=2",16,2,42,Uniform random: direct M,64,64,64,64,65,65,0.0020365901009167867,0,3.8512109390431704e-08
"F=16, p=2",16,2,42,Random ranked: QPU-valid-unique matched,1031,1031,4,4,5,5,0.0019497081808131159,0,2.801875909064222e-08
"F=16, p=2",16,2,42,Random ranked: QPU-valid-unique matched,1031,1031,8,8,9,9,0.0019497081808131159,0,2.801875909064222e-08
"F=16, p=2",16,2,42,Random ranked: QPU-valid-unique matched,1031,1031,16,16,17,17,0.0019497081808131159,0,2.801875909064222e-08
"F=16, p=2",16,2,42,Random ranked: QPU-valid-unique matched,1031,1031,32,32,33,33,0.002117737329477329,0,2.7863462648269888e-09
"F=16, p=2",16,2,42,Random ranked: QPU-valid-unique matched,1031,1031,64,64,65,65,0.002117737329477329,0,2.7863462648269888e-09
"F=16, p=2",16,2,42,Random ranked: QPU-raw-draw matched,8192,5829,4,4,5,5,0.002136943316528514,0,2.1148861384379103e-08
"F=16, p=2",16,2,42,Random ranked: QPU-raw-draw matched,8192,5829,8,8,9,9,0.002136943316528514,0,2.1148861384379103e-08
"F=16, p=2",16,2,42,Random ranked: QPU-raw-draw matched,8192,5829,16,16,17,17,0.002136943316528514,0,2.1148861384379103e-08
"F=16, p=2",16,2,42,Random ranked: QPU-raw-draw matched,8192,5829,32,32,33,33,0.002136943316528514,0,2.1148861384379103e-08
"F=16, p=2",16,2,42,Random ranked: QPU-raw-draw matched,8192,5829,64,64,65,65,0.002136943316528514,0,2.1148861384379103e-08
"F=16, p=2",16,2,43,Uniform random: direct M,4,64,4,4,5,5,0.00207750262931837,0,3.017355859613602e-08
"F=16, p=2",16,2,43,Uniform random: direct M,8,64,8,8,9,9,0.00207750262931837,0,3.017355859613602e-08
"F=16, p=2",16,2,43,Uniform random: direct M,16,64,16,16,17,17,0.00207750262931837,0,3.017355859613602e-08
"F=16, p=2",16,2,43,Uniform random: direct M,32,64,32,32,33,33,0.00207750262931837,0,3.017355859613602e-08
"F=16, p=2",16,2,43,Uniform random: direct M,64,64,64,64,65,65,0.0021739870146876977,0,3.435096396220416e-08
"F=16, p=2",16,2,43,Random ranked: QPU-valid-unique matched,1053,1053,4,4,5,5,0.0014853401885590797,0,3.2999285137780277e-08
"F=16, p=2",16,2,43,Random ranked: QPU-valid-unique matched,1053,1053,8,8,9,9,0.0017279136093735006,0,4.5795882697152734e-08
"F=16, p=2",16,2,43,Random ranked: QPU-valid-unique matched,1053,1053,16,16,17,17,0.0017279136093735006,0,4.5795882697152734e-08
"F=16, p=2",16,2,43,Random ranked: QPU-valid-unique matched,1053,1053,32,32,33,33,0.002303867793736515,0,1.7388692818975926e-08
"F=16, p=2",16,2,43,Random ranked: QPU-valid-unique matched,1053,1053,64,64,65,65,0.002303867793736515,0,1.7388692818975926e-08
"F=16, p=2",16,2,43,Random ranked: QPU-raw-draw matched,8192,5825,4,4,5,5,0.002136943316528514,0,2.1148861384379103e-08
"F=16, p=2",16,2,43,Random ranked: QPU-raw-draw matched,8192,5825,8,8,9,9,0.002136943316528514,0,2.1148861384379103e-08
"F=16, p=2",16,2,43,Random ranked: QPU-raw-draw matched,8192,5825,16,16,17,17,0.002136943316528514,0,2.1148861384379103e-08
"F=16, p=2",16,2,43,Random ranked: QPU-raw-draw matched,8192,5825,32,32,33,33,0.002136943316528514,0,2.1148861384379103e-08
"F=16, p=2",16,2,43,Random ranked: QPU-raw-draw matched,8192,5825,64,64,65,65,0.002136943316528514,0,2.1148861384379103e-08
"F=16, p=2",16,2,44,Uniform random: direct M,4,64,4,4,5,5,0.0018552825125826358,0,3.779990098706776e-08
"F=16, p=2",16,2,44,Uniform random: direct M,8,64,8,8,9,9,0.0018552825125826358,0,3.779990098706776e-08
"F=16, p=2",16,2,44,Uniform random: direct M,16,64,16,16,17,17,0.0018552825125826358,0,3.779990098706776e-08
"F=16, p=2",16,2,44,Uniform random: direct M,32,64,32,32,33,33,0.0021194166321004612,0,9.973159867393555e-10
"F=16, p=2",16,2,44,Uniform random: direct M,64,64,64,64,65,65,0.0021194166321004612,0,9.973159867393555e-10
"F=16, p=2",16,2,44,Random ranked: QPU-valid-unique matched,1048,1048,4,4,5,5,0.0018105178788813195,0,2.876383997651999e-08
"F=16, p=2",16,2,44,Random ranked: QPU-valid-unique matched,1048,1048,8,8,9,9,0.0018105178788813195,0,2.876383997651999e-08
"F=16, p=2",16,2,44,Random ranked: QPU-valid-unique matched,1048,1048,16,16,17,17,0.0018105178788813195,0,2.876383997651999e-08
"F=16, p=2",16,2,44,Random ranked: QPU-valid-unique matched,1048,1048,32,32,33,33,0.002235222478068892,0,5.841106154313991e-09
"F=16, p=2",16,2,44,Random ranked: QPU-valid-unique matched,1048,1048,64,64,65,65,0.002235222478068892,0,5.841106154313991e-09
"F=16, p=2",16,2,44,Random ranked: QPU-raw-draw matched,8192,5820,4,4,5,5,0.002136943316528514,0,2.1148861384379103e-08
"F=16, p=2",16,2,44,Random ranked: QPU-raw-draw matched,8192,5820,8,8,9,9,0.002136943316528514,0,2.1148861384379103e-08
"F=16, p=2",16,2,44,Random ranked: QPU-raw-draw matched,8192,5820,16,16,17,17,0.002136943316528514,0,2.1148861384379103e-08
"F=16, p=2",16,2,44,Random ranked: QPU-raw-draw matched,8192,5820,32,32,33,33,0.002136943316528514,0,2.1148861384379103e-08
"F=16, p=2",16,2,44,Random ranked: QPU-raw-draw matched,8192,5820,64,64,65,65,0.002136943316528514,0,2.1148861384379103e-08
"F=16, p=2",16,2,45,Uniform random: direct M,4,64,4,4,5,5,0.002159066789818899,0,2.6261512742209447e-08
"F=16, p=2",16,2,45,Uniform random: direct M,8,64,8,8,9,9,0.002159066789818899,0,2.6261512742209447e-08
"F=16, p=2",16,2,45,Uniform random: direct M,16,64,16,16,17,17,0.0021967065507681044,0,1.128947169082295e-08
"F=16, p=2",16,2,45,Uniform random: direct M,32,64,32,32,33,33,0.0021967065507681044,0,1.128947169082295e-08
"F=16, p=2",16,2,45,Uniform random: direct M,64,64,64,64,65,65,0.0021967065507681044,0,1.128947169082295e-08
"F=16, p=2",16,2,45,Random ranked: QPU-valid-unique matched,1031,1031,4,4,5,5,0.0018375036744810308,0,1.5013292331556016e-08
"F=16, p=2",16,2,45,Random ranked: QPU-valid-unique matched,1031,1031,8,8,9,9,0.0018375036744810308,0,1.5013292331556016e-08
"F=16, p=2",16,2,45,Random ranked: QPU-valid-unique matched,1031,1031,16,16,17,17,0.0018375036744810308,0,1.5013292331556016e-08
"F=16, p=2",16,2,45,Random ranked: QPU-valid-unique matched,1031,1031,32,32,33,33,0.0022084042544919316,0,7.154498868344739e-10
"F=16, p=2",16,2,45,Random ranked: QPU-valid-unique matched,1031,1031,64,64,65,65,0.0022084042544919316,0,7.154498868344739e-10
"F=16, p=2",16,2,45,Random ranked: QPU-raw-draw matched,8192,5847,4,4,5,5,0.0020397046754091763,0,4.361372946126707e-08
"F=16, p=2",16,2,45,Random ranked: QPU-raw-draw matched,8192,5847,8,8,9,9,0.0020397046754091763,0,4.361372946126707e-08
"F=16, p=2",16,2,45,Random ranked: QPU-raw-draw matched,8192,5847,16,16,17,17,0.0020397046754091763,0,4.361372946126707e-08
"F=16, p=2",16,2,45,Random ranked: QPU-raw-draw matched,8192,5847,32,32,33,33,0.0020397046754091763,0,4.361372946126707e-08
"F=16, p=2",16,2,45,Random ranked: QPU-raw-draw matched,8192,5847,64,64,65,65,0.0020397046754091763,0,4.361372946126707e-08
"F=16, p=2",16,2,46,Uniform random: direct M,4,64,4,4,5,5,0.0017751778023611317,0,2.503811430409897e-08
"F=16, p=2",16,2,46,Uniform random: direct M,8,64,8,8,9,9,0.001899614333982405,0,4.933733421808029e-10
"F=16, p=2",16,2,46,Uniform random: direct M,16,64,16,16,17,17,0.001899614333982405,0,4.933733421808029e-10
"F=16, p=2",16,2,46,Uniform random: direct M,32,64,32,32,33,33,0.001899614333982405,0,4.933733421808029e-10
"F=16, p=2",16,2,46,Uniform random: direct M,64,64,64,64,65,65,0.00198122970905016,0,6.968310789501331e-10
"F=16, p=2",16,2,46,Random ranked: QPU-valid-unique matched,1053,1053,4,4,5,5,0.0018375036744810308,0,1.5013292331556016e-08
"F=16, p=2",16,2,46,Random ranked: QPU-valid-unique matched,1053,1053,8,8,9,9,0.0018375036744810308,0,1.5013292331556016e-08
"F=16, p=2",16,2,46,Random ranked: QPU-valid-unique matched,1053,1053,16,16,17,17,0.0018375036744810308,0,1.5013292331556016e-08
"F=16, p=2",16,2,46,Random ranked: QPU-valid-unique matched,1053,1053,32,32,33,33,0.002235222478068892,0,5.841106154313991e-09
"F=16, p=2",16,2,46,Random ranked: QPU-valid-unique matched,1053,1053,64,64,65,65,0.002235222478068892,0,5.841106154313991e-09
"F=16, p=2",16,2,46,Random ranked: QPU-raw-draw matched,8192,5851,4,4,5,5,0.0018375036744810308,0,1.5013292331556016e-08
"F=16, p=2",16,2,46,Random ranked: QPU-raw-draw matched,8192,5851,8,8,9,9,0.0018375036744810308,0,1.5013292331556016e-08
"F=16, p=2",16,2,46,Random ranked: QPU-raw-draw matched,8192,5851,16,16,17,17,0.0018375036744810308,0,1.5013292331556016e-08
"F=16, p=2",16,2,46,Random ranked: QPU-raw-draw matched,8192,5851,32,32,33,33,0.0018375036744810308,0,1.5013292331556016e-08
"F=16, p=2",16,2,46,Random ranked: QPU-raw-draw matched,8192,5851,64,64,65,65,0.0018375036744810308,0,1.5013292331556016e-08
"F=16, p=2",16,2,47,Uniform random: direct M,4,64,4,4,5,5,0.002012306680915149,0,4.856740226655276e-08
"F=16, p=2",16,2,47,Uniform random: direct M,8,64,8,8,9,9,0.002012306680915149,0,4.856740226655276e-08
"F=16, p=2",16,2,47,Uniform random: direct M,16,64,16,16,17,17,0.002012306680915149,0,4.856740226655276e-08
"F=16, p=2",16,2,47,Uniform random: direct M,32,64,32,32,33,33,0.0022661382050087747,0,1.763801121823505e-08
"F=16, p=2",16,2,47,Uniform random: direct M,64,64,64,64,65,65,0.0022661382050087747,0,1.763801121823505e-08
"F=16, p=2",16,2,47,Random ranked: QPU-valid-unique matched,1048,1048,4,4,5,5,0.0019256869433814106,0,3.742468906997587e-08
"F=16, p=2",16,2,47,Random ranked: QPU-valid-unique matched,1048,1048,8,8,9,9,0.0019256869433814106,0,3.742468906997587e-08
"F=16, p=2",16,2,47,Random ranked: QPU-valid-unique matched,1048,1048,16,16,17,17,0.0019256869433814106,0,3.742468906997587e-08
"F=16, p=2",16,2,47,Random ranked: QPU-valid-unique matched,1048,1048,32,32,33,33,0.0021593761200945152,0,3.155370020824222e-08
"F=16, p=2",16,2,47,Random ranked: QPU-valid-unique matched,1048,1048,64,64,65,65,0.0021593761200945152,0,3.155370020824222e-08
"F=16, p=2",16,2,47,Random ranked: QPU-raw-draw matched,8192,5876,4,4,5,5,0.002136943316528514,0,2.1148861384379103e-08
"F=16, p=2",16,2,47,Random ranked: QPU-raw-draw matched,8192,5876,8,8,9,9,0.002136943316528514,0,2.1148861384379103e-08
"F=16, p=2",16,2,47,Random ranked: QPU-raw-draw matched,8192,5876,16,16,17,17,0.002136943316528514,0,2.1148861384379103e-08
"F=16, p=2",16,2,47,Random ranked: QPU-raw-draw matched,8192,5876,32,32,33,33,0.002136943316528514,0,2.1148861384379103e-08
"F=16, p=2",16,2,47,Random ranked: QPU-raw-draw matched,8192,5876,64,64,65,65,0.002136943316528514,0,2.1148861384379103e-08
"F=16, p=2",16,2,48,Uniform random: direct M,4,64,4,4,5,5,0.0019948355689174344,0,8.061954645532943e-10
"F=16, p=2",16,2,48,Uniform random: direct M,8,64,8,8,9,9,0.0019948355689174344,0,8.061954645532943e-10
"F=16, p=2",16,2,48,Uniform random: direct M,16,64,16,16,17,17,0.0019948355689174344,0,8.061954645532943e-10
"F=16, p=2",16,2,48,Uniform random: direct M,32,64,32,32,33,33,0.0022861590746952667,0,1.6831488036661568e-08
"F=16, p=2",16,2,48,Uniform random: direct M,64,64,64,64,65,65,0.0022861590746952667,0,1.6831488036661568e-08
"F=16, p=2",16,2,48,Random ranked: QPU-valid-unique matched,1031,1031,4,4,5,5,0.0018375036744810308,0,1.5013292331556016e-08
"F=16, p=2",16,2,48,Random ranked: QPU-valid-unique matched,1031,1031,8,8,9,9,0.0018375036744810308,0,1.5013292331556016e-08
"F=16, p=2",16,2,48,Random ranked: QPU-valid-unique matched,1031,1031,16,16,17,17,0.0022782021896807433,0,1.631751700426065e-08
"F=16, p=2",16,2,48,Random ranked: QPU-valid-unique matched,1031,1031,32,32,33,33,0.0022782021896807433,0,1.631751700426065e-08
"F=16, p=2",16,2,48,Random ranked: QPU-valid-unique matched,1031,1031,64,64,65,65,0.0022782021896807433,0,1.631751700426065e-08
"F=16, p=2",16,2,48,Random ranked: QPU-raw-draw matched,8192,5853,4,4,5,5,0.002136943316528514,0,2.1148861384379103e-08
"F=16, p=2",16,2,48,Random ranked: QPU-raw-draw matched,8192,5853,8,8,9,9,0.002136943316528514,0,2.1148861384379103e-08
"F=16, p=2",16,2,48,Random ranked: QPU-raw-draw matched,8192,5853,16,16,17,17,0.002136943316528514,0,2.1148861384379103e-08
"F=16, p=2",16,2,48,Random ranked: QPU-raw-draw matched,8192,5853,32,32,33,33,0.002136943316528514,0,2.1148861384379103e-08
"F=16, p=2",16,2,48,Random ranked: QPU-raw-draw matched,8192,5853,64,64,65,65,0.002136943316528514,0,2.1148861384379103e-08
"F=16, p=2",16,2,49,Uniform random: direct M,4,64,4,4,5,5,0.0014997662043373383,0,2.41782539545099e-08
"F=16, p=2",16,2,49,Uniform random: direct M,8,64,8,8,9,9,0.0014997662043373383,0,2.41782539545099e-08
"F=16, p=2",16,2,49,Uniform random: direct M,16,64,16,16,17,17,0.0017245682397093592,0,1.9240697868294632e-08
"F=16, p=2",16,2,49,Uniform random: direct M,32,64,32,32,33,33,0.0018906149267052044,0,5.852434301067966e-10
"F=16, p=2",16,2,49,Uniform random: direct M,64,64,64,64,65,65,0.002099174492977987,0,3.166165507551e-08
"F=16, p=2",16,2,49,Random ranked: QPU-valid-unique matched,1053,1053,4,4,5,5,0.0018105178788813195,0,2.876383997651999e-08
"F=16, p=2",16,2,49,Random ranked: QPU-valid-unique matched,1053,1053,8,8,9,9,0.0018105178788813195,0,2.876383997651999e-08
"F=16, p=2",16,2,49,Random ranked: QPU-valid-unique matched,1053,1053,16,16,17,17,0.0018105178788813195,0,2.876383997651999e-08
"F=16, p=2",16,2,49,Random ranked: QPU-valid-unique matched,1053,1053,32,32,33,33,0.0022191230513717783,0,8.339940127388701e-09
"F=16, p=2",16,2,49,Random ranked: QPU-valid-unique matched,1053,1053,64,64,65,65,0.0022191230513717783,0,8.339940127388701e-09
"F=16, p=2",16,2,49,Random ranked: QPU-raw-draw matched,8192,5887,4,4,5,5,0.002136943316528514,0,2.1148861384379103e-08
"F=16, p=2",16,2,49,Random ranked: QPU-raw-draw matched,8192,5887,8,8,9,9,0.002136943316528514,0,2.1148861384379103e-08
"F=16, p=2",16,2,49,Random ranked: QPU-raw-draw matched,8192,5887,16,16,17,17,0.002136943316528514,0,2.1148861384379103e-08
"F=16, p=2",16,2,49,Random ranked: QPU-raw-draw matched,8192,5887,32,32,33,33,0.002136943316528514,0,2.1148861384379103e-08
"F=16, p=2",16,2,49,Random ranked: QPU-raw-draw matched,8192,5887,64,64,65,65,0.002136943316528514,0,2.1148861384379103e-08
"F=20, p=1",20,1,0,Uniform random: direct M,4,64,4,4,5,5,0.001536280307360062,0,1.7372118521485902e-08
"F=20, p=1",20,1,0,Uniform random: direct M,8,64,8,8,9,9,0.001692391512066696,0,2.8390363449037892e-08
"F=20, p=1",20,1,0,Uniform random: direct M,16,64,16,16,17,17,0.0017396546957263448,0,1.7226261417313538e-08
"F=20, p=1",20,1,0,Uniform random: direct M,32,64,32,32,33,33,0.001913126014253863,0,7.642873001145745e-10
"F=20, p=1",20,1,0,Uniform random: direct M,64,64,64,64,65,65,0.0022090081370677098,0,4.4431505870357046e-10
"F=20, p=1",20,1,0,Random ranked: QPU-valid-unique matched,569,569,4,4,5,5,0.0018827047019751228,0,1.4376670904106548e-09
"F=20, p=1",20,1,0,Random ranked: QPU-valid-unique matched,569,569,8,8,9,9,0.002104071907752067,0,2.676820098912458e-08
"F=20, p=1",20,1,0,Random ranked: QPU-valid-unique matched,569,569,16,16,17,17,0.002104071907752067,0,2.676820098912458e-08
"F=20, p=1",20,1,0,Random ranked: QPU-valid-unique matched,569,569,32,32,33,33,0.002104071907752067,0,2.676820098912458e-08
"F=20, p=1",20,1,0,Random ranked: QPU-valid-unique matched,569,569,64,64,65,65,0.002253480147362194,0,1.824753924350997e-09
"F=20, p=1",20,1,0,Random ranked: QPU-raw-draw matched,8192,7982,4,4,5,5,0.0018119512766239243,0,1.7717710007469911e-09
"F=20, p=1",20,1,0,Random ranked: QPU-raw-draw matched,8192,7982,8,8,9,9,0.0018564342096090841,0,3.764884037860128e-08
"F=20, p=1",20,1,0,Random ranked: QPU-raw-draw matched,8192,7982,16,16,17,17,0.0018564342096090841,0,3.764884037860128e-08
"F=20, p=1",20,1,0,Random ranked: QPU-raw-draw matched,8192,7982,32,32,33,33,0.0018564342096090841,0,3.764884037860128e-08
"F=20, p=1",20,1,0,Random ranked: QPU-raw-draw matched,8192,7982,64,64,65,65,0.0018564342096090841,0,3.764884037860128e-08
"F=20, p=1",20,1,1,Uniform random: direct M,4,64,4,4,5,5,0.0018223360838941008,0,1.2807990557028859e-08
"F=20, p=1",20,1,1,Uniform random: direct M,8,64,8,8,9,9,0.002178808992694299,0,7.55887463732563e-10
"F=20, p=1",20,1,1,Uniform random: direct M,16,64,16,16,17,17,0.002178808992694299,0,7.55887463732563e-10
"F=20, p=1",20,1,1,Uniform random: direct M,32,64,32,32,33,33,0.002211228089458346,0,1.0344677892071275e-08
"F=20, p=1",20,1,1,Uniform random: direct M,64,64,64,64,65,65,0.002296190550288006,0,1.000417521046515e-08
"F=20, p=1",20,1,1,Random ranked: QPU-valid-unique matched,592,592,4,4,5,5,0.002205936716995552,0,1.5373453898792633e-08
"F=20, p=1",20,1,1,Random ranked: QPU-valid-unique matched,592,592,8,8,9,9,0.002205936716995552,0,1.5373453898792633e-08
"F=20, p=1",20,1,1,Random ranked: QPU-valid-unique matched,592,592,16,16,17,17,0.002205936716995552,0,1.5373453898792633e-08
"F=20, p=1",20,1,1,Random ranked: QPU-valid-unique matched,592,592,32,32,33,33,0.002205936716995552,0,1.5373453898792633e-08
"F=20, p=1",20,1,1,Random ranked: QPU-valid-unique matched,592,592,64,64,65,65,0.002273746208457182,0,9.896461650171773e-09
"F=20, p=1",20,1,1,Random ranked: QPU-raw-draw matched,8192,7986,4,4,5,5,0.0017631237869666916,0,3.889717714589125e-08
"F=20, p=1",20,1,1,Random ranked: QPU-raw-draw matched,8192,7986,8,8,9,9,0.0017631237869666916,0,3.889717714589125e-08
"F=20, p=1",20,1,1,Random ranked: QPU-raw-draw matched,8192,7986,16,16,17,17,0.0018841312330785329,0,3.4016297001393525e-08
"F=20, p=1",20,1,1,Random ranked: QPU-raw-draw matched,8192,7986,32,32,33,33,0.0018841312330785329,0,3.4016297001393525e-08
"F=20, p=1",20,1,1,Random ranked: QPU-raw-draw matched,8192,7986,64,64,65,65,0.0018841312330785329,0,3.4016297001393525e-08
"F=20, p=1",20,1,2,Uniform random: direct M,4,64,4,4,5,5,0.0018539031861298724,0,9.831109286026485e-10
"F=20, p=1",20,1,2,Uniform random: direct M,8,64,8,8,9,9,0.0021021662695869664,0,1.850043507278798e-08
"F=20, p=1",20,1,2,Uniform random: direct M,16,64,16,16,17,17,0.0021021662695869664,0,1.850043507278798e-08
"F=20, p=1",20,1,2,Uniform random: direct M,32,64,32,32,33,33,0.0021021662695869664,0,1.850043507278798e-08
"F=20, p=1",20,1,2,Uniform random: direct M,64,64,64,64,65,65,0.0021021662695869664,0,1.850043507278798e-08
"F=20, p=1",20,1,2,Random ranked: QPU-valid-unique matched,587,587,4,4,5,5,0.001986187739524574,0,2.069214755096027e-08
"F=20, p=1",20,1,2,Random ranked: QPU-valid-unique matched,587,587,8,8,9,9,0.0020449045783849304,0,1.9868955369872765e-09
"F=20, p=1",20,1,2,Random ranked: QPU-valid-unique matched,587,587,16,16,17,17,0.0020449045783849304,0,1.9868955369872765e-09
"F=20, p=1",20,1,2,Random ranked: QPU-valid-unique matched,587,587,32,32,33,33,0.0020449045783849304,0,1.9868955369872765e-09
"F=20, p=1",20,1,2,Random ranked: QPU-valid-unique matched,587,587,64,64,65,65,0.0021129789700406326,0,3.166779161123401e-08
"F=20, p=1",20,1,2,Random ranked: QPU-raw-draw matched,8192,8003,4,4,5,5,0.00212980438601805,0,1.936189464313287e-08
"F=20, p=1",20,1,2,Random ranked: QPU-raw-draw matched,8192,8003,8,8,9,9,0.00212980438601805,0,1.936189464313287e-08
"F=20, p=1",20,1,2,Random ranked: QPU-raw-draw matched,8192,8003,16,16,17,17,0.00212980438601805,0,1.936189464313287e-08
"F=20, p=1",20,1,2,Random ranked: QPU-raw-draw matched,8192,8003,32,32,33,33,0.00212980438601805,0,1.936189464313287e-08
"F=20, p=1",20,1,2,Random ranked: QPU-raw-draw matched,8192,8003,64,64,65,65,0.00212980438601805,0,1.936189464313287e-08
"F=20, p=1",20,1,3,Uniform random: direct M,4,64,4,4,5,5,0.0016105623218344856,0,1.3643753904446498e-09
"F=20, p=1",20,1,3,Uniform random: direct M,8,64,8,8,9,9,0.0021586120130702366,0,4.203532566471324e-08
"F=20, p=1",20,1,3,Uniform random: direct M,16,64,16,16,17,17,0.0021586120130702366,0,4.203532566471324e-08
"F=20, p=1",20,1,3,Uniform random: direct M,32,64,32,32,33,33,0.0021586120130702366,0,4.203532566471324e-08
"F=20, p=1",20,1,3,Uniform random: direct M,64,64,64,64,65,65,0.0021715959499650564,0,5.339460609765645e-10
"F=20, p=1",20,1,3,Random ranked: QPU-valid-unique matched,569,569,4,4,5,5,0.0018695402592751181,0,1.7042890210205996e-08
"F=20, p=1",20,1,3,Random ranked: QPU-valid-unique matched,569,569,8,8,9,9,0.001927114862356069,0,4.584014626218824e-10
"F=20, p=1",20,1,3,Random ranked: QPU-valid-unique matched,569,569,16,16,17,17,0.001927114862356069,0,4.584014626218824e-10
"F=20, p=1",20,1,3,Random ranked: QPU-valid-unique matched,569,569,32,32,33,33,0.001927114862356069,0,4.584014626218824e-10
"F=20, p=1",20,1,3,Random ranked: QPU-valid-unique matched,569,569,64,64,65,65,0.001927114862356069,0,4.584014626218824e-10
"F=20, p=1",20,1,3,Random ranked: QPU-raw-draw matched,8192,7969,4,4,5,5,0.0018827047019751228,0,1.4376670904106548e-09
"F=20, p=1",20,1,3,Random ranked: QPU-raw-draw matched,8192,7969,8,8,9,9,0.0021086294243018305,0,3.456383579347744e-08
"F=20, p=1",20,1,3,Random ranked: QPU-raw-draw matched,8192,7969,16,16,17,17,0.0021086294243018305,0,3.456383579347744e-08
"F=20, p=1",20,1,3,Random ranked: QPU-raw-draw matched,8192,7969,32,32,33,33,0.0021086294243018305,0,3.456383579347744e-08
"F=20, p=1",20,1,3,Random ranked: QPU-raw-draw matched,8192,7969,64,64,65,65,0.0021086294243018305,0,3.456383579347744e-08
"F=20, p=1",20,1,4,Uniform random: direct M,4,64,4,4,5,5,0.0014015272686511357,0,1.1906741814726729e-08
"F=20, p=1",20,1,4,Uniform random: direct M,8,64,8,8,9,9,0.0015697848490960412,0,9.888860563744828e-11
"F=20, p=1",20,1,4,Uniform random: direct M,16,64,16,16,17,17,0.0018794115648176,0,2.410067684310846e-08
"F=20, p=1",20,1,4,Uniform random: direct M,32,64,32,32,33,33,0.0021267269360470756,0,2.6608765968383352e-08
"F=20, p=1",20,1,4,Uniform random: direct M,64,64,64,64,65,65,0.0021267269360470756,0,2.6608765968383352e-08
"F=20, p=1",20,1,4,Random ranked: QPU-valid-unique matched,592,592,4,4,5,5,0.0017802674227191395,0,3.498510625643547e-08
"F=20, p=1",20,1,4,Random ranked: QPU-valid-unique matched,592,592,8,8,9,9,0.0017802674227191395,0,3.498510625643547e-08
"F=20, p=1",20,1,4,Random ranked: QPU-valid-unique matched,592,592,16,16,17,17,0.0021050930763044443,0,3.626146727331303e-08
"F=20, p=1",20,1,4,Random ranked: QPU-valid-unique matched,592,592,32,32,33,33,0.0021050930763044443,0,3.626146727331303e-08
"F=20, p=1",20,1,4,Random ranked: QPU-valid-unique matched,592,592,64,64,65,65,0.002256904136328855,0,1.4501048917203718e-08
"F=20, p=1",20,1,4,Random ranked: QPU-raw-draw matched,8192,7985,4,4,5,5,0.0021113572316577497,0,2.4384766650342726e-08
"F=20, p=1",20,1,4,Random ranked: QPU-raw-draw matched,8192,7985,8,8,9,9,0.0021113572316577497,0,2.4384766650342726e-08
"F=20, p=1",20,1,4,Random ranked: QPU-raw-draw matched,8192,7985,16,16,17,17,0.0021113572316577497,0,2.4384766650342726e-08
"F=20, p=1",20,1,4,Random ranked: QPU-raw-draw matched,8192,7985,32,32,33,33,0.0021113572316577497,0,2.4384766650342726e-08
"F=20, p=1",20,1,4,Random ranked: QPU-raw-draw matched,8192,7985,64,64,65,65,0.0021113572316577497,0,2.4384766650342726e-08
"F=20, p=1",20,1,5,Uniform random: direct M,4,64,4,4,5,5,0.0016529096698731927,0,1.1719086590034067e-08
"F=20, p=1",20,1,5,Uniform random: direct M,8,64,8,8,9,9,0.0019026635332847416,0,2.8568880816592923e-08
"F=20, p=1",20,1,5,Uniform random: direct M,16,64,16,16,17,17,0.0019026635332847416,0,2.8568880816592923e-08
"F=20, p=1",20,1,5,Uniform random: direct M,32,64,32,32,33,33,0.0019562744895405063,0,2.3375636981626258e-08
"F=20, p=1",20,1,5,Uniform random: direct M,64,64,64,64,65,65,0.002068915094913547,0,5.389720780790697e-09
"F=20, p=1",20,1,5,Random ranked: QPU-valid-unique matched,587,587,4,4,5,5,0.001600885252070347,0,2.3961266082395127e-08
"F=20, p=1",20,1,5,Random ranked: QPU-valid-unique matched,587,587,8,8,9,9,0.001722684152119576,0,1.0520709511907533e-09
"F=20, p=1",20,1,5,Random ranked: QPU-valid-unique matched,587,587,16,16,17,17,0.001955672409010588,0,1.858534119138222e-09
"F=20, p=1",20,1,5,Random ranked: QPU-valid-unique matched,587,587,32,32,33,33,0.001955672409010588,0,1.858534119138222e-09
"F=20, p=1",20,1,5,Random ranked: QPU-valid-unique matched,587,587,64,64,65,65,0.001955672409010588,0,1.858534119138222e-09
"F=20, p=1",20,1,5,Random ranked: QPU-raw-draw matched,8192,7981,4,4,5,5,0.0016554562312120144,0,3.155978933744308e-08
"F=20, p=1",20,1,5,Random ranked: QPU-raw-draw matched,8192,7981,8,8,9,9,0.0017871017096699401,0,1.0605429312526837e-08
"F=20, p=1",20,1,5,Random ranked: QPU-raw-draw matched,8192,7981,16,16,17,17,0.0017871017096699401,0,1.0605429312526837e-08
"F=20, p=1",20,1,5,Random ranked: QPU-raw-draw matched,8192,7981,32,32,33,33,0.0017871017096699401,0,1.0605429312526837e-08
"F=20, p=1",20,1,5,Random ranked: QPU-raw-draw matched,8192,7981,64,64,65,65,0.0017871017096699401,0,1.0605429312526837e-08
"F=20, p=1",20,1,6,Uniform random: direct M,4,64,4,4,5,5,0.00180026643205667,0,1.5071011216782892e-08
"F=20, p=1",20,1,6,Uniform random: direct M,8,64,8,8,9,9,0.00180026643205667,0,1.5071011216782892e-08
"F=20, p=1",20,1,6,Uniform random: direct M,16,64,16,16,17,17,0.00180026643205667,0,1.5071011216782892e-08
"F=20, p=1",20,1,6,Uniform random: direct M,32,64,32,32,33,33,0.002251822219401921,0,1.0992184162894603e-08
"F=20, p=1",20,1,6,Uniform random: direct M,64,64,64,64,65,65,0.002251822219401921,0,1.0992184162894603e-08
"F=20, p=1",20,1,6,Random ranked: QPU-valid-unique matched,569,569,4,4,5,5,0.0015107963715559267,0,2.1230574687169934e-08
"F=20, p=1",20,1,6,Random ranked: QPU-valid-unique matched,569,569,8,8,9,9,0.001969621361592129,0,1.8132096490930394e-08
"F=20, p=1",20,1,6,Random ranked: QPU-valid-unique matched,569,569,16,16,17,17,0.0020258348503185974,0,8.516328864338618e-09
"F=20, p=1",20,1,6,Random ranked: QPU-valid-unique matched,569,569,32,32,33,33,0.002093229120991226,0,6.9478680586598784e-09
"F=20, p=1",20,1,6,Random ranked: QPU-valid-unique matched,569,569,64,64,65,65,0.0022171726765289057,0,7.495795650847015e-10
"F=20, p=1",20,1,6,Random ranked: QPU-raw-draw matched,8192,8001,4,4,5,5,0.0019049757511358928,0,2.3773477741961813e-08
"F=20, p=1",20,1,6,Random ranked: QPU-raw-draw matched,8192,8001,8,8,9,9,0.0019049757511358928,0,2.3773477741961813e-08
"F=20, p=1",20,1,6,Random ranked: QPU-raw-draw matched,8192,8001,16,16,17,17,0.0019049757511358928,0,2.3773477741961813e-08
"F=20, p=1",20,1,6,Random ranked: QPU-raw-draw matched,8192,8001,32,32,33,33,0.0019049757511358928,0,2.3773477741961813e-08
"F=20, p=1",20,1,6,Random ranked: QPU-raw-draw matched,8192,8001,64,64,65,65,0.0019049757511358928,0,2.3773477741961813e-08
"F=20, p=1",20,1,7,Uniform random: direct M,4,64,4,4,5,5,0.0016097449913084205,0,1.5337714770122246e-09
"F=20, p=1",20,1,7,Uniform random: direct M,8,64,8,8,9,9,0.0019262431475546293,0,2.480836119866936e-08
"F=20, p=1",20,1,7,Uniform random: direct M,16,64,16,16,17,17,0.0020487550050453038,0,7.418363076605594e-10
"F=20, p=1",20,1,7,Uniform random: direct M,32,64,32,32,33,33,0.0020487550050453038,0,7.418363076605594e-10
"F=20, p=1",20,1,7,Uniform random: direct M,64,64,64,64,65,65,0.0021159667469708224,0,3.0547473439668238e-09
"F=20, p=1",20,1,7,Random ranked: QPU-valid-unique matched,592,592,4,4,5,5,0.0015043687284261448,0,5.319079551813211e-10
"F=20, p=1",20,1,7,Random ranked: QPU-valid-unique matched,592,592,8,8,9,9,0.00213069147957852,0,1.1977815739250275e-08
"F=20, p=1",20,1,7,Random ranked: QPU-valid-unique matched,592,592,16,16,17,17,0.0021381253124043015,0,2.0693204927368924e-08
"F=20, p=1",20,1,7,Random ranked: QPU-valid-unique matched,592,592,32,32,33,33,0.0021381253124043015,0,2.0693204927368924e-08
"F=20, p=1",20,1,7,Random ranked: QPU-valid-unique matched,592,592,64,64,65,65,0.002217848667423028,0,4.178604989801826e-08
"F=20, p=1",20,1,7,Random ranked: QPU-raw-draw matched,8192,8009,4,4,5,5,0.0019729844941846486,0,1.367491397896714e-09
"F=20, p=1",20,1,7,Random ranked: QPU-raw-draw matched,8192,8009,8,8,9,9,0.0021086294243018305,0,3.456383579347744e-08
"F=20, p=1",20,1,7,Random ranked: QPU-raw-draw matched,8192,8009,16,16,17,17,0.0021086294243018305,0,3.456383579347744e-08
"F=20, p=1",20,1,7,Random ranked: QPU-raw-draw matched,8192,8009,32,32,33,33,0.0021086294243018305,0,3.456383579347744e-08
"F=20, p=1",20,1,7,Random ranked: QPU-raw-draw matched,8192,8009,64,64,65,65,0.0021086294243018305,0,3.456383579347744e-08
"F=20, p=1",20,1,8,Uniform random: direct M,4,64,4,4,5,5,0.001787097108421648,0,6.947909469978697e-09
"F=20, p=1",20,1,8,Uniform random: direct M,8,64,8,8,9,9,0.001787097108421648,0,6.947909469978697e-09
"F=20, p=1",20,1,8,Uniform random: direct M,16,64,16,16,17,17,0.001787097108421648,0,6.947909469978697e-09
"F=20, p=1",20,1,8,Uniform random: direct M,32,64,32,32,33,33,0.0020907555540883097,0,2.347897388663145e-10
"F=20, p=1",20,1,8,Uniform random: direct M,64,64,64,64,65,65,0.0022598983841291415,0,3.405160453606726e-08
"F=20, p=1",20,1,8,Random ranked: QPU-valid-unique matched,587,587,4,4,5,5,0.002141204946316297,0,3.566161932422318e-08
"F=20, p=1",20,1,8,Random ranked: QPU-valid-unique matched,587,587,8,8,9,9,0.002141204946316297,0,3.566161932422318e-08
"F=20, p=1",20,1,8,Random ranked: QPU-valid-unique matched,587,587,16,16,17,17,0.0021660802387906478,0,1.3763515951947802e-09
"F=20, p=1",20,1,8,Random ranked: QPU-valid-unique matched,587,587,32,32,33,33,0.0021660802387906478,0,1.3763515951947802e-09
"F=20, p=1",20,1,8,Random ranked: QPU-valid-unique matched,587,587,64,64,65,65,0.0023068095126281274,0,1.3618458583053439e-08
"F=20, p=1",20,1,8,Random ranked: QPU-raw-draw matched,8192,7991,4,4,5,5,0.00203695658017939,0,3.862633046747277e-08
"F=20, p=1",20,1,8,Random ranked: QPU-raw-draw matched,8192,7991,8,8,9,9,0.00203695658017939,0,3.862633046747277e-08
"F=20, p=1",20,1,8,Random ranked: QPU-raw-draw matched,8192,7991,16,16,17,17,0.00203695658017939,0,3.862633046747277e-08
"F=20, p=1",20,1,8,Random ranked: QPU-raw-draw matched,8192,7991,32,32,33,33,0.00203695658017939,0,3.862633046747277e-08
"F=20, p=1",20,1,8,Random ranked: QPU-raw-draw matched,8192,7991,64,64,65,65,0.0021770995491558545,0,1.606970184697687e-08
"F=20, p=1",20,1,9,Uniform random: direct M,4,64,4,4,5,5,0.0017359283622921037,0,8.487230918063915e-09
"F=20, p=1",20,1,9,Uniform random: direct M,8,64,8,8,9,9,0.001834909918848028,0,3.537915155282789e-08
"F=20, p=1",20,1,9,Uniform random: direct M,16,64,16,16,17,17,0.0021356839993040347,0,2.056848635856312e-08
"F=20, p=1",20,1,9,Uniform random: direct M,32,64,32,32,33,33,0.0021977191175466815,0,2.9403810497541372e-08
"F=20, p=1",20,1,9,Uniform random: direct M,64,64,64,64,65,65,0.0021977191175466815,0,2.9403810497541372e-08
"F=20, p=1",20,1,9,Random ranked: QPU-valid-unique matched,569,569,4,4,5,5,0.0017887666418399256,0,3.352059496641857e-08
"F=20, p=1",20,1,9,Random ranked: QPU-valid-unique matched,569,569,8,8,9,9,0.0018961379053283392,0,1.7695433616668477e-09
"F=20, p=1",20,1,9,Random ranked: QPU-valid-unique matched,569,569,16,16,17,17,0.0019730629147567263,0,2.095161932835765e-08
"F=20, p=1",20,1,9,Random ranked: QPU-valid-unique matched,569,569,32,32,33,33,0.0019730629147567263,0,2.095161932835765e-08
"F=20, p=1",20,1,9,Random ranked: QPU-valid-unique matched,569,569,64,64,65,65,0.0022057136344129993,0,2.406854715530926e-09
"F=20, p=1",20,1,9,Random ranked: QPU-raw-draw matched,8192,7994,4,4,5,5,0.0017639617974139973,0,6.673037122872927e-09
"F=20, p=1",20,1,9,Random ranked: QPU-raw-draw matched,8192,7994,8,8,9,9,0.0017802674227191395,0,3.498510625643547e-08
"F=20, p=1",20,1,9,Random ranked: QPU-raw-draw matched,8192,7994,16,16,17,17,0.0017802674227191395,0,3.498510625643547e-08
"F=20, p=1",20,1,9,Random ranked: QPU-raw-draw matched,8192,7994,32,32,33,33,0.0017802674227191395,0,3.498510625643547e-08
"F=20, p=1",20,1,9,Random ranked: QPU-raw-draw matched,8192,7994,64,64,65,65,0.002103164485573253,0,4.021302374423996e-08
"F=20, p=1",20,1,10,Uniform random: direct M,4,64,4,4,5,5,0.002152213135215561,0,1.1605077237727968e-09
"F=20, p=1",20,1,10,Uniform random: direct M,8,64,8,8,9,9,0.002152213135215561,0,1.1605077237727968e-09
"F=20, p=1",20,1,10,Uniform random: direct M,16,64,16,16,17,17,0.002152213135215561,0,1.1605077237727968e-09
"F=20, p=1",20,1,10,Uniform random: direct M,32,64,32,32,33,33,0.002170934053202879,0,9.00545515936102e-09
"F=20, p=1",20,1,10,Uniform random: direct M,64,64,64,64,65,65,0.002170934053202879,0,9.00545515936102e-09
"F=20, p=1",20,1,10,Random ranked: QPU-valid-unique matched,592,592,4,4,5,5,0.001861629364109052,0,1.0341336675878665e-09
"F=20, p=1",20,1,10,Random ranked: QPU-valid-unique matched,592,592,8,8,9,9,0.0019164601155259309,0,1.1188902374059673e-09
"F=20, p=1",20,1,10,Random ranked: QPU-valid-unique matched,592,592,16,16,17,17,0.00208098614610272,0,2.974317092618861e-08
"F=20, p=1",20,1,10,Random ranked: QPU-valid-unique matched,592,592,32,32,33,33,0.00208098614610272,0,2.974317092618861e-08
"F=20, p=1",20,1,10,Random ranked: QPU-valid-unique matched,592,592,64,64,65,65,0.00208098614610272,0,2.974317092618861e-08
"F=20, p=1",20,1,10,Random ranked: QPU-raw-draw matched,8192,7971,4,4,5,5,0.0020076207062089194,0,1.3138651278055136e-08
"F=20, p=1",20,1,10,Random ranked: QPU-raw-draw matched,8192,7971,8,8,9,9,0.0020076207062089194,0,1.3138651278055136e-08
"F=20, p=1",20,1,10,Random ranked: QPU-raw-draw matched,8192,7971,16,16,17,17,0.0020076207062089194,0,1.3138651278055136e-08
"F=20, p=1",20,1,10,Random ranked: QPU-raw-draw matched,8192,7971,32,32,33,33,0.0020076207062089194,0,1.3138651278055136e-08
"F=20, p=1",20,1,10,Random ranked: QPU-raw-draw matched,8192,7971,64,64,65,65,0.0020076207062089194,0,1.3138651278055136e-08
"F=20, p=1",20,1,11,Uniform random: direct M,4,64,4,4,5,5,0.0014294832658151221,0,7.345580810280694e-10
"F=20, p=1",20,1,11,Uniform random: direct M,8,64,8,8,9,9,0.0016524991601209946,0,5.427069349472902e-10
"F=20, p=1",20,1,11,Uniform random: direct M,16,64,16,16,17,17,0.0018038365311400933,0,1.5934709662879243e-09
"F=20, p=1",20,1,11,Uniform random: direct M,32,64,32,32,33,33,0.002037062612560245,0,2.9417729197067644e-08
"F=20, p=1",20,1,11,Uniform random: direct M,64,64,64,64,65,65,0.002037062612560245,0,2.9417729197067644e-08
"F=20, p=1",20,1,11,Random ranked: QPU-valid-unique matched,587,587,4,4,5,5,0.0016898505908650857,0,2.1529543481335622e-08
"F=20, p=1",20,1,11,Random ranked: QPU-valid-unique matched,587,587,8,8,9,9,0.0019676576859687447,0,1.993190451576865e-08
"F=20, p=1",20,1,11,Random ranked: QPU-valid-unique matched,587,587,16,16,17,17,0.0019676576859687447,0,1.993190451576865e-08
"F=20, p=1",20,1,11,Random ranked: QPU-valid-unique matched,587,587,32,32,33,33,0.0019676576859687447,0,1.993190451576865e-08
"F=20, p=1",20,1,11,Random ranked: QPU-valid-unique matched,587,587,64,64,65,65,0.0021818246421070678,0,2.0463472583109876e-09
"F=20, p=1",20,1,11,Random ranked: QPU-raw-draw matched,8192,7985,4,4,5,5,0.001883259278042941,0,2.3069216759097344e-08
"F=20, p=1",20,1,11,Random ranked: QPU-raw-draw matched,8192,7985,8,8,9,9,0.001883259278042941,0,2.3069216759097344e-08
"F=20, p=1",20,1,11,Random ranked: QPU-raw-draw matched,8192,7985,16,16,17,17,0.001883259278042941,0,2.3069216759097344e-08
"F=20, p=1",20,1,11,Random ranked: QPU-raw-draw matched,8192,7985,32,32,33,33,0.001883259278042941,0,2.3069216759097344e-08
"F=20, p=1",20,1,11,Random ranked: QPU-raw-draw matched,8192,7985,64,64,65,65,0.002204214452042677,0,1.0800708036273754e-09
"F=20, p=1",20,1,12,Uniform random: direct M,4,64,4,4,5,5,0.0021178861308804794,0,2.965148715450283e-08
"F=20, p=1",20,1,12,Uniform random: direct M,8,64,8,8,9,9,0.0021480262093196215,0,1.5020789933054002e-09
"F=20, p=1",20,1,12,Uniform random: direct M,16,64,16,16,17,17,0.0021480262093196215,0,1.5020789933054002e-09
"F=20, p=1",20,1,12,Uniform random: direct M,32,64,32,32,33,33,0.0021480262093196215,0,1.5020789933054002e-09
"F=20, p=1",20,1,12,Uniform random: direct M,64,64,64,64,65,65,0.0021480262093196215,0,1.5020789933054002e-09
"F=20, p=1",20,1,12,Random ranked: QPU-valid-unique matched,569,569,4,4,5,5,0.0017193779529607184,0,2.53326577492885e-08
"F=20, p=1",20,1,12,Random ranked: QPU-valid-unique matched,569,569,8,8,9,9,0.0019139118489760396,0,1.174625092505155e-09
"F=20, p=1",20,1,12,Random ranked: QPU-valid-unique matched,569,569,16,16,17,17,0.002122291335527278,0,8.652482133553185e-10
"F=20, p=1",20,1,12,Random ranked: QPU-valid-unique matched,569,569,32,32,33,33,0.002122291335527278,0,8.652482133553185e-10
"F=20, p=1",20,1,12,Random ranked: QPU-valid-unique matched,569,569,64,64,65,65,0.002179340334788657,0,3.625816441532592e-08
"F=20, p=1",20,1,12,Random ranked: QPU-raw-draw matched,8192,8001,4,4,5,5,0.0018827047019751228,0,1.4376670904106548e-09
"F=20, p=1",20,1,12,Random ranked: QPU-raw-draw matched,8192,8001,8,8,9,9,0.0018827047019751228,0,1.4376670904106548e-09
"F=20, p=1",20,1,12,Random ranked: QPU-raw-draw matched,8192,8001,16,16,17,17,0.001898907078742372,0,3.3530753618116194e-08
"F=20, p=1",20,1,12,Random ranked: QPU-raw-draw matched,8192,8001,32,32,33,33,0.001898907078742372,0,3.3530753618116194e-08
"F=20, p=1",20,1,12,Random ranked: QPU-raw-draw matched,8192,8001,64,64,65,65,0.001898907078742372,0,3.3530753618116194e-08
"F=20, p=1",20,1,13,Uniform random: direct M,4,64,4,4,5,5,0.0014898379090731786,0,3.3449147340824936e-09
"F=20, p=1",20,1,13,Uniform random: direct M,8,64,8,8,9,9,0.0014914024422501976,0,2.0668609324037135e-08
"F=20, p=1",20,1,13,Uniform random: direct M,16,64,16,16,17,17,0.0017988638228921064,0,4.0563121750381015e-09
"F=20, p=1",20,1,13,Uniform random: direct M,32,64,32,32,33,33,0.0022510930599094134,0,1.2666184767695654e-08
"F=20, p=1",20,1,13,Uniform random: direct M,64,64,64,64,65,65,0.0022510930599094134,0,1.2666184767695654e-08
"F=20, p=1",20,1,13,Random ranked: QPU-valid-unique matched,592,592,4,4,5,5,0.0017673413674414787,0,1.8851273098086097e-08
"F=20, p=1",20,1,13,Random ranked: QPU-valid-unique matched,592,592,8,8,9,9,0.0017673413674414787,0,1.8851273098086097e-08
"F=20, p=1",20,1,13,Random ranked: QPU-valid-unique matched,592,592,16,16,17,17,0.0017673413674414787,0,1.8851273098086097e-08
"F=20, p=1",20,1,13,Random ranked: QPU-valid-unique matched,592,592,32,32,33,33,0.0017673413674414787,0,1.8851273098086097e-08
"F=20, p=1",20,1,13,Random ranked: QPU-valid-unique matched,592,592,64,64,65,65,0.002162488594190562,0,3.186702057789148e-08
"F=20, p=1",20,1,13,Random ranked: QPU-raw-draw matched,8192,8007,4,4,5,5,0.0019095007345818135,0,1.980002883872345e-08
"F=20, p=1",20,1,13,Random ranked: QPU-raw-draw matched,8192,8007,8,8,9,9,0.001920819497553905,0,1.4670096873392602e-09
"F=20, p=1",20,1,13,Random ranked: QPU-raw-draw matched,8192,8007,16,16,17,17,0.001920819497553905,0,1.4670096873392602e-09
"F=20, p=1",20,1,13,Random ranked: QPU-raw-draw matched,8192,8007,32,32,33,33,0.001920819497553905,0,1.4670096873392602e-09
"F=20, p=1",20,1,13,Random ranked: QPU-raw-draw matched,8192,8007,64,64,65,65,0.001920819497553905,0,1.4670096873392602e-09
"F=20, p=1",20,1,14,Uniform random: direct M,4,64,4,4,5,5,0.002016763222699683,0,2.5723616403627858e-08
"F=20, p=1",20,1,14,Uniform random: direct M,8,64,8,8,9,9,0.002016763222699683,0,2.5723616403627858e-08
"F=20, p=1",20,1,14,Uniform random: direct M,16,64,16,16,17,17,0.002016763222699683,0,2.5723616403627858e-08
"F=20, p=1",20,1,14,Uniform random: direct M,32,64,32,32,33,33,0.002016763222699683,0,2.5723616403627858e-08
"F=20, p=1",20,1,14,Uniform random: direct M,64,64,64,64,65,65,0.002044282472848019,0,1.4904419920469536e-09
"F=20, p=1",20,1,14,Random ranked: QPU-valid-unique matched,587,587,4,4,5,5,0.0016234669087572887,0,3.632782014095781e-08
"F=20, p=1",20,1,14,Random ranked: QPU-valid-unique matched,587,587,8,8,9,9,0.002136732267055616,0,1.2125481174685149e-09
"F=20, p=1",20,1,14,Random ranked: QPU-valid-unique matched,587,587,16,16,17,17,0.002136732267055616,0,1.2125481174685149e-09
"F=20, p=1",20,1,14,Random ranked: QPU-valid-unique matched,587,587,32,32,33,33,0.002136732267055616,0,1.2125481174685149e-09
"F=20, p=1",20,1,14,Random ranked: QPU-valid-unique matched,587,587,64,64,65,65,0.002210398639952052,0,3.1102433017959896e-08
"F=20, p=1",20,1,14,Random ranked: QPU-raw-draw matched,8192,7979,4,4,5,5,0.0019803161783807643,0,1.3166450707480237e-09
"F=20, p=1",20,1,14,Random ranked: QPU-raw-draw matched,8192,7979,8,8,9,9,0.0019803161783807643,0,1.3166450707480237e-09
"F=20, p=1",20,1,14,Random ranked: QPU-raw-draw matched,8192,7979,16,16,17,17,0.0019803161783807643,0,1.3166450707480237e-09
"F=20, p=1",20,1,14,Random ranked: QPU-raw-draw matched,8192,7979,32,32,33,33,0.0019803161783807643,0,1.3166450707480237e-09
"F=20, p=1",20,1,14,Random ranked: QPU-raw-draw matched,8192,7979,64,64,65,65,0.002204214452042677,0,1.0800708036273754e-09
"F=20, p=1",20,1,15,Uniform random: direct M,4,64,4,4,5,5,0.00215242455545412,0,4.6311138257593143e-10
"F=20, p=1",20,1,15,Uniform random: direct M,8,64,8,8,9,9,0.00215242455545412,0,4.6311138257593143e-10
"F=20, p=1",20,1,15,Uniform random: direct M,16,64,16,16,17,17,0.00215242455545412,0,4.6311138257593143e-10
"F=20, p=1",20,1,15,Uniform random: direct M,32,64,32,32,33,33,0.00222931792177513,0,6.599938859319643e-10
"F=20, p=1",20,1,15,Uniform random: direct M,64,64,64,64,65,65,0.00222931792177513,0,6.599938859319643e-10
"F=20, p=1",20,1,15,Random ranked: QPU-valid-unique matched,569,569,4,4,5,5,0.0018699202594634687,0,1.1539530886395255e-08
"F=20, p=1",20,1,15,Random ranked: QPU-valid-unique matched,569,569,8,8,9,9,0.0018699202594634687,0,1.1539530886395255e-08
"F=20, p=1",20,1,15,Random ranked: QPU-valid-unique matched,569,569,16,16,17,17,0.0019598569531071447,0,1.7885987080301646e-08
"F=20, p=1",20,1,15,Random ranked: QPU-valid-unique matched,569,569,32,32,33,33,0.0019598569531071447,0,1.7885987080301646e-08
"F=20, p=1",20,1,15,Random ranked: QPU-valid-unique matched,569,569,64,64,65,65,0.0020676002839803698,0,6.194454560404239e-09
"F=20, p=1",20,1,15,Random ranked: QPU-raw-draw matched,8192,7994,4,4,5,5,0.0018119512766239243,0,1.7717710007469911e-09
"F=20, p=1",20,1,15,Random ranked: QPU-raw-draw matched,8192,7994,8,8,9,9,0.0018119512766239243,0,1.7717710007469911e-09
"F=20, p=1",20,1,15,Random ranked: QPU-raw-draw matched,8192,7994,16,16,17,17,0.0018119512766239243,0,1.7717710007469911e-09
"F=20, p=1",20,1,15,Random ranked: QPU-raw-draw matched,8192,7994,32,32,33,33,0.0018166811193003549,0,3.53942124498019e-08
"F=20, p=1",20,1,15,Random ranked: QPU-raw-draw matched,8192,7994,64,64,65,65,0.0022263137326567622,0,1.9740441919990914e-10
"F=20, p=1",20,1,16,Uniform random: direct M,4,64,4,4,5,5,0.0019001796524879197,0,2.543831739698632e-08
"F=20, p=1",20,1,16,Uniform random: direct M,8,64,8,8,9,9,0.0019001796524879197,0,2.543831739698632e-08
"F=20, p=1",20,1,16,Uniform random: direct M,16,64,16,16,17,17,0.0021803128687250817,0,2.0955206458950215e-08
"F=20, p=1",20,1,16,Uniform random: direct M,32,64,32,32,33,33,0.0021803128687250817,0,2.0955206458950215e-08
"F=20, p=1",20,1,16,Uniform random: direct M,64,64,64,64,65,65,0.0021803128687250817,0,2.0955206458950215e-08
"F=20, p=1",20,1,16,Random ranked: QPU-valid-unique matched,592,592,4,4,5,5,0.00216923311678624,0,8.912097726465618e-09
"F=20, p=1",20,1,16,Random ranked: QPU-valid-unique matched,592,592,8,8,9,9,0.00216923311678624,0,8.912097726465618e-09
"F=20, p=1",20,1,16,Random ranked: QPU-valid-unique matched,592,592,16,16,17,17,0.00216923311678624,0,8.912097726465618e-09
"F=20, p=1",20,1,16,Random ranked: QPU-valid-unique matched,592,592,32,32,33,33,0.00216923311678624,0,8.912097726465618e-09
"F=20, p=1",20,1,16,Random ranked: QPU-valid-unique matched,592,592,64,64,65,65,0.0022333392196199273,0,1.3750296901093861e-08
"F=20, p=1",20,1,16,Random ranked: QPU-raw-draw matched,8192,7994,4,4,5,5,0.00212980438601805,0,1.936189464313287e-08
"F=20, p=1",20,1,16,Random ranked: QPU-raw-draw matched,8192,7994,8,8,9,9,0.00212980438601805,0,1.936189464313287e-08
"F=20, p=1",20,1,16,Random ranked: QPU-raw-draw matched,8192,7994,16,16,17,17,0.00212980438601805,0,1.936189464313287e-08
"F=20, p=1",20,1,16,Random ranked: QPU-raw-draw matched,8192,7994,32,32,33,33,0.00212980438601805,0,1.936189464313287e-08
"F=20, p=1",20,1,16,Random ranked: QPU-raw-draw matched,8192,7994,64,64,65,65,0.00212980438601805,0,1.936189464313287e-08
"F=20, p=1",20,1,17,Uniform random: direct M,4,64,4,4,5,5,0.001544459163550109,0,5.449057094430998e-09
"F=20, p=1",20,1,17,Uniform random: direct M,8,64,8,8,9,9,0.001886179066915697,0,1.6108076539289584e-08
"F=20, p=1",20,1,17,Uniform random: direct M,16,64,16,16,17,17,0.001886179066915697,0,1.6108076539289584e-08
"F=20, p=1",20,1,17,Uniform random: direct M,32,64,32,32,33,33,0.001886179066915697,0,1.6108076539289584e-08
"F=20, p=1",20,1,17,Uniform random: direct M,64,64,64,64,65,65,0.0021768399951052966,0,1.1211665817967287e-08
"F=20, p=1",20,1,17,Random ranked: QPU-valid-unique matched,587,587,4,4,5,5,0.0018012856947535114,0,1.6698834981454524e-08
"F=20, p=1",20,1,17,Random ranked: QPU-valid-unique matched,587,587,8,8,9,9,0.002106710337217689,0,2.186898451217445e-08
"F=20, p=1",20,1,17,Random ranked: QPU-valid-unique matched,587,587,16,16,17,17,0.002106710337217689,0,2.186898451217445e-08
"F=20, p=1",20,1,17,Random ranked: QPU-valid-unique matched,587,587,32,32,33,33,0.002106710337217689,0,2.186898451217445e-08
"F=20, p=1",20,1,17,Random ranked: QPU-valid-unique matched,587,587,64,64,65,65,0.0022170255446826645,0,7.79256509320092e-09
"F=20, p=1",20,1,17,Random ranked: QPU-raw-draw matched,8192,7995,4,4,5,5,0.0021113572316577497,0,2.4384766650342726e-08
"F=20, p=1",20,1,17,Random ranked: QPU-raw-draw matched,8192,7995,8,8,9,9,0.0021113572316577497,0,2.4384766650342726e-08
"F=20, p=1",20,1,17,Random ranked: QPU-raw-draw matched,8192,7995,16,16,17,17,0.0021113572316577497,0,2.4384766650342726e-08
"F=20, p=1",20,1,17,Random ranked: QPU-raw-draw matched,8192,7995,32,32,33,33,0.0021113572316577497,0,2.4384766650342726e-08
"F=20, p=1",20,1,17,Random ranked: QPU-raw-draw matched,8192,7995,64,64,65,65,0.0021113572316577497,0,2.4384766650342726e-08
"F=20, p=1",20,1,18,Uniform random: direct M,4,64,4,4,5,5,0.001380087106941215,0,1.7134897556392303e-08
"F=20, p=1",20,1,18,Uniform random: direct M,8,64,8,8,9,9,0.0016702240466268878,0,7.002990021209854e-09
"F=20, p=1",20,1,18,Uniform random: direct M,16,64,16,16,17,17,0.0018968463164175664,0,2.1598773325415266e-09
"F=20, p=1",20,1,18,Uniform random: direct M,32,64,32,32,33,33,0.0018968463164175664,0,2.1598773325415266e-09
"F=20, p=1",20,1,18,Uniform random: direct M,64,64,64,64,65,65,0.0019110677466044682,0,2.452830089039182e-08
"F=20, p=1",20,1,18,Random ranked: QPU-valid-unique matched,569,569,4,4,5,5,0.0016924472619227957,0,1.1601360649926562e-08
"F=20, p=1",20,1,18,Random ranked: QPU-valid-unique matched,569,569,8,8,9,9,0.0016924472619227957,0,1.1601360649926562e-08
"F=20, p=1",20,1,18,Random ranked: QPU-valid-unique matched,569,569,16,16,17,17,0.001850006671765804,0,6.127273910472297e-09
"F=20, p=1",20,1,18,Random ranked: QPU-valid-unique matched,569,569,32,32,33,33,0.0019105561085383874,0,9.276297563420854e-09
"F=20, p=1",20,1,18,Random ranked: QPU-valid-unique matched,569,569,64,64,65,65,0.0019105561085383874,0,9.276297563420854e-09
"F=20, p=1",20,1,18,Random ranked: QPU-raw-draw matched,8192,7983,4,4,5,5,0.0019147400549390653,0,2.8472323942985156e-09
"F=20, p=1",20,1,18,Random ranked: QPU-raw-draw matched,8192,7983,8,8,9,9,0.0019147400549390653,0,2.8472323942985156e-09
"F=20, p=1",20,1,18,Random ranked: QPU-raw-draw matched,8192,7983,16,16,17,17,0.0019147400549390653,0,2.8472323942985156e-09
"F=20, p=1",20,1,18,Random ranked: QPU-raw-draw matched,8192,7983,32,32,33,33,0.0019147400549390653,0,2.8472323942985156e-09
"F=20, p=1",20,1,18,Random ranked: QPU-raw-draw matched,8192,7983,64,64,65,65,0.0019147400549390653,0,2.8472323942985156e-09
"F=20, p=1",20,1,19,Uniform random: direct M,4,64,4,4,5,5,0.0016434300996614817,0,2.8942576224544325e-08
"F=20, p=1",20,1,19,Uniform random: direct M,8,64,8,8,9,9,0.0016811412964814892,0,7.200644525084954e-10
"F=20, p=1",20,1,19,Uniform random: direct M,16,64,16,16,17,17,0.001707569705363829,0,1.1384092002408863e-09
"F=20, p=1",20,1,19,Uniform random: direct M,32,64,32,32,33,33,0.0021533925259296788,0,3.8760084031252973e-10
"F=20, p=1",20,1,19,Uniform random: direct M,64,64,64,64,65,65,0.0021533925259296788,0,3.8760084031252973e-10
"F=20, p=1",20,1,19,Random ranked: QPU-valid-unique matched,592,592,4,4,5,5,0.0016278606018652192,0,2.0895548735744285e-08
"F=20, p=1",20,1,19,Random ranked: QPU-valid-unique matched,592,592,8,8,9,9,0.0016278606018652192,0,2.0895548735744285e-08
"F=20, p=1",20,1,19,Random ranked: QPU-valid-unique matched,592,592,16,16,17,17,0.002215616807693034,0,3.00673580477806e-08
"F=20, p=1",20,1,19,Random ranked: QPU-valid-unique matched,592,592,32,32,33,33,0.002215616807693034,0,3.00673580477806e-08
"F=20, p=1",20,1,19,Random ranked: QPU-valid-unique matched,592,592,64,64,65,65,0.002304906612970843,0,1.4831297370787588e-09
"F=20, p=1",20,1,19,Random ranked: QPU-raw-draw matched,8192,7984,4,4,5,5,0.002141204946316297,0,3.566161932422318e-08
"F=20, p=1",20,1,19,Random ranked: QPU-raw-draw matched,8192,7984,8,8,9,9,0.002141204946316297,0,3.566161932422318e-08
"F=20, p=1",20,1,19,Random ranked: QPU-raw-draw matched,8192,7984,16,16,17,17,0.002141204946316297,0,3.566161932422318e-08
"F=20, p=1",20,1,19,Random ranked: QPU-raw-draw matched,8192,7984,32,32,33,33,0.002141204946316297,0,3.566161932422318e-08
"F=20, p=1",20,1,19,Random ranked: QPU-raw-draw matched,8192,7984,64,64,65,65,0.002141204946316297,0,3.566161932422318e-08
"F=20, p=1",20,1,20,Uniform random: direct M,4,64,4,4,5,5,0.001728013634489503,0,2.0689581603505758e-08
"F=20, p=1",20,1,20,Uniform random: direct M,8,64,8,8,9,9,0.0018765566950071436,0,7.592162454272966e-10
"F=20, p=1",20,1,20,Uniform random: direct M,16,64,16,16,17,17,0.0018765566950071436,0,7.592162454272966e-10
"F=20, p=1",20,1,20,Uniform random: direct M,32,64,32,32,33,33,0.0022520318849819504,0,7.639859467278853e-09
"F=20, p=1",20,1,20,Uniform random: direct M,64,64,64,64,65,65,0.0022520318849819504,0,7.639859467278853e-09
"F=20, p=1",20,1,20,Random ranked: QPU-valid-unique matched,587,587,4,4,5,5,0.0021111112482980823,0,2.3709512686487244e-08
"F=20, p=1",20,1,20,Random ranked: QPU-valid-unique matched,587,587,8,8,9,9,0.0021111112482980823,0,2.3709512686487244e-08
"F=20, p=1",20,1,20,Random ranked: QPU-valid-unique matched,587,587,16,16,17,17,0.0021111112482980823,0,2.3709512686487244e-08
"F=20, p=1",20,1,20,Random ranked: QPU-valid-unique matched,587,587,32,32,33,33,0.0021111112482980823,0,2.3709512686487244e-08
"F=20, p=1",20,1,20,Random ranked: QPU-valid-unique matched,587,587,64,64,65,65,0.0021111112482980823,0,2.3709512686487244e-08
"F=20, p=1",20,1,20,Random ranked: QPU-raw-draw matched,8192,7997,4,4,5,5,0.00195841713422025,0,1.942286109724023e-08
"F=20, p=1",20,1,20,Random ranked: QPU-raw-draw matched,8192,7997,8,8,9,9,0.00195841713422025,0,1.942286109724023e-08
"F=20, p=1",20,1,20,Random ranked: QPU-raw-draw matched,8192,7997,16,16,17,17,0.00195841713422025,0,1.942286109724023e-08
"F=20, p=1",20,1,20,Random ranked: QPU-raw-draw matched,8192,7997,32,32,33,33,0.00195841713422025,0,1.942286109724023e-08
"F=20, p=1",20,1,20,Random ranked: QPU-raw-draw matched,8192,7997,64,64,65,65,0.002190560859893914,0,1.1758739870693091e-08
"F=20, p=1",20,1,21,Uniform random: direct M,4,64,4,4,5,5,0.0017483586267203477,0,3.6799659985931044e-08
"F=20, p=1",20,1,21,Uniform random: direct M,8,64,8,8,9,9,0.0017483586267203477,0,3.6799659985931044e-08
"F=20, p=1",20,1,21,Uniform random: direct M,16,64,16,16,17,17,0.0019133387314955522,0,1.622193873673794e-08
"F=20, p=1",20,1,21,Uniform random: direct M,32,64,32,32,33,33,0.001915055170550413,0,3.4799962023157605e-08
"F=20, p=1",20,1,21,Uniform random: direct M,64,64,64,64,65,65,0.002177164634739291,0,2.6314560364060213e-08
"F=20, p=1",20,1,21,Random ranked: QPU-valid-unique matched,569,569,4,4,5,5,0.0019596417644818995,0,5.878568951067642e-10
"F=20, p=1",20,1,21,Random ranked: QPU-valid-unique matched,569,569,8,8,9,9,0.0019596417644818995,0,5.878568951067642e-10
"F=20, p=1",20,1,21,Random ranked: QPU-valid-unique matched,569,569,16,16,17,17,0.0019693350055882963,0,3.7079295023279e-08
"F=20, p=1",20,1,21,Random ranked: QPU-valid-unique matched,569,569,32,32,33,33,0.002034017836600524,0,1.2582769048918863e-08
"F=20, p=1",20,1,21,Random ranked: QPU-valid-unique matched,569,569,64,64,65,65,0.002207390212127333,0,1.0624688129290405e-08
"F=20, p=1",20,1,21,Random ranked: QPU-raw-draw matched,8192,7976,4,4,5,5,0.0018699202594634687,0,1.1539530886395255e-08
"F=20, p=1",20,1,21,Random ranked: QPU-raw-draw matched,8192,7976,8,8,9,9,0.0019095007345818135,0,1.980002883872345e-08
"F=20, p=1",20,1,21,Random ranked: QPU-raw-draw matched,8192,7976,16,16,17,17,0.0019095007345818135,0,1.980002883872345e-08
"F=20, p=1",20,1,21,Random ranked: QPU-raw-draw matched,8192,7976,32,32,33,33,0.0019095007345818135,0,1.980002883872345e-08
"F=20, p=1",20,1,21,Random ranked: QPU-raw-draw matched,8192,7976,64,64,65,65,0.002234952204166217,0,1.7167701871212415e-08
"F=20, p=1",20,1,22,Uniform random: direct M,4,64,4,4,5,5,0.0019166174763652483,0,1.6684321757498566e-08
"F=20, p=1",20,1,22,Uniform random: direct M,8,64,8,8,9,9,0.0019166174763652483,0,1.6684321757498566e-08
"F=20, p=1",20,1,22,Uniform random: direct M,16,64,16,16,17,17,0.00215922164785657,0,1.4454755892234772e-08
"F=20, p=1",20,1,22,Uniform random: direct M,32,64,32,32,33,33,0.00215922164785657,0,1.4454755892234772e-08
"F=20, p=1",20,1,22,Uniform random: direct M,64,64,64,64,65,65,0.00215922164785657,0,1.4454755892234772e-08
"F=20, p=1",20,1,22,Random ranked: QPU-valid-unique matched,592,592,4,4,5,5,0.0020617015787336365,0,1.631942714297452e-08
"F=20, p=1",20,1,22,Random ranked: QPU-valid-unique matched,592,592,8,8,9,9,0.0020617015787336365,0,1.631942714297452e-08
"F=20, p=1",20,1,22,Random ranked: QPU-valid-unique matched,592,592,16,16,17,17,0.0020796805041473215,0,2.8803285534451106e-08
"F=20, p=1",20,1,22,Random ranked: QPU-valid-unique matched,592,592,32,32,33,33,0.0020796805041473215,0,2.8803285534451106e-08
"F=20, p=1",20,1,22,Random ranked: QPU-valid-unique matched,592,592,64,64,65,65,0.0020796805041473215,0,2.8803285534451106e-08
"F=20, p=1",20,1,22,Random ranked: QPU-raw-draw matched,8192,7997,4,4,5,5,0.002141204946316297,0,3.566161932422318e-08
"F=20, p=1",20,1,22,Random ranked: QPU-raw-draw matched,8192,7997,8,8,9,9,0.002141204946316297,0,3.566161932422318e-08
"F=20, p=1",20,1,22,Random ranked: QPU-raw-draw matched,8192,7997,16,16,17,17,0.002141204946316297,0,3.566161932422318e-08
"F=20, p=1",20,1,22,Random ranked: QPU-raw-draw matched,8192,7997,32,32,33,33,0.002141204946316297,0,3.566161932422318e-08
"F=20, p=1",20,1,22,Random ranked: QPU-raw-draw matched,8192,7997,64,64,65,65,0.002141204946316297,0,3.566161932422318e-08
"F=20, p=1",20,1,23,Uniform random: direct M,4,64,4,4,5,5,0.0018018705235285787,0,6.329809116092933e-10
"F=20, p=1",20,1,23,Uniform random: direct M,8,64,8,8,9,9,0.0018790024429843344,0,1.5803951647352932e-08
"F=20, p=1",20,1,23,Uniform random: direct M,16,64,16,16,17,17,0.0019882256482168376,0,1.6562686777632507e-09
"F=20, p=1",20,1,23,Uniform random: direct M,32,64,32,32,33,33,0.0021032884821169245,0,3.784755575608756e-08
"F=20, p=1",20,1,23,Uniform random: direct M,64,64,64,64,65,65,0.0021032884821169245,0,3.784755575608756e-08
"F=20, p=1",20,1,23,Random ranked: QPU-valid-unique matched,587,587,4,4,5,5,0.0017887666418399256,0,3.352059496641857e-08
"F=20, p=1",20,1,23,Random ranked: QPU-valid-unique matched,587,587,8,8,9,9,0.0021851240390801108,0,4.985292387238438e-10
"F=20, p=1",20,1,23,Random ranked: QPU-valid-unique matched,587,587,16,16,17,17,0.0021851240390801108,0,4.985292387238438e-10
"F=20, p=1",20,1,23,Random ranked: QPU-valid-unique matched,587,587,32,32,33,33,0.0021851240390801108,0,4.985292387238438e-10
"F=20, p=1",20,1,23,Random ranked: QPU-valid-unique matched,587,587,64,64,65,65,0.0021851240390801108,0,4.985292387238438e-10
"F=20, p=1",20,1,23,Random ranked: QPU-raw-draw matched,8192,7983,4,4,5,5,0.0019049757511358928,0,2.3773477741961813e-08
"F=20, p=1",20,1,23,Random ranked: QPU-raw-draw matched,8192,7983,8,8,9,9,0.0021111112482980823,0,2.3709512686487244e-08
"F=20, p=1",20,1,23,Random ranked: QPU-raw-draw matched,8192,7983,16,16,17,17,0.0021111112482980823,0,2.3709512686487244e-08
"F=20, p=1",20,1,23,Random ranked: QPU-raw-draw matched,8192,7983,32,32,33,33,0.0021111112482980823,0,2.3709512686487244e-08
"F=20, p=1",20,1,23,Random ranked: QPU-raw-draw matched,8192,7983,64,64,65,65,0.0021111112482980823,0,2.3709512686487244e-08
"F=20, p=1",20,1,24,Uniform random: direct M,4,64,4,4,5,5,0.0015447069390264814,0,2.0991118843127765e-09
"F=20, p=1",20,1,24,Uniform random: direct M,8,64,8,8,9,9,0.002140339516571936,0,3.0862979283341474e-08
"F=20, p=1",20,1,24,Uniform random: direct M,16,64,16,16,17,17,0.0022229478499928984,0,1.382126141313833e-08
"F=20, p=1",20,1,24,Uniform random: direct M,32,64,32,32,33,33,0.0022229478499928984,0,1.382126141313833e-08
"F=20, p=1",20,1,24,Uniform random: direct M,64,64,64,64,65,65,0.0022229478499928984,0,1.382126141313833e-08
"F=20, p=1",20,1,24,Random ranked: QPU-valid-unique matched,569,569,4,4,5,5,0.0017673413674414787,0,1.8851273098086097e-08
"F=20, p=1",20,1,24,Random ranked: QPU-valid-unique matched,569,569,8,8,9,9,0.0019909513161192674,0,1.0181905110706602e-09
"F=20, p=1",20,1,24,Random ranked: QPU-valid-unique matched,569,569,16,16,17,17,0.0019909513161192674,0,1.0181905110706602e-09
"F=20, p=1",20,1,24,Random ranked: QPU-valid-unique matched,569,569,32,32,33,33,0.0019909513161192674,0,1.0181905110706602e-09
"F=20, p=1",20,1,24,Random ranked: QPU-valid-unique matched,569,569,64,64,65,65,0.0022349664985946843,0,2.2927224896385212e-08
"F=20, p=1",20,1,24,Random ranked: QPU-raw-draw matched,8192,8010,4,4,5,5,0.0019482130650752341,0,1.1699689661526236e-08
"F=20, p=1",20,1,24,Random ranked: QPU-raw-draw matched,8192,8010,8,8,9,9,0.0019482130650752341,0,1.1699689661526236e-08
"F=20, p=1",20,1,24,Random ranked: QPU-raw-draw matched,8192,8010,16,16,17,17,0.0019482130650752341,0,1.1699689661526236e-08
"F=20, p=1",20,1,24,Random ranked: QPU-raw-draw matched,8192,8010,32,32,33,33,0.0019482130650752341,0,1.1699689661526236e-08
"F=20, p=1",20,1,24,Random ranked: QPU-raw-draw matched,8192,8010,64,64,65,65,0.0019482130650752341,0,1.1699689661526236e-08
"F=20, p=1",20,1,25,Uniform random: direct M,4,64,4,4,5,5,0.0021499105941027996,0,4.20346205620703e-08
"F=20, p=1",20,1,25,Uniform random: direct M,8,64,8,8,9,9,0.0021499105941027996,0,4.20346205620703e-08
"F=20, p=1",20,1,25,Uniform random: direct M,16,64,16,16,17,17,0.0021499105941027996,0,4.20346205620703e-08
"F=20, p=1",20,1,25,Uniform random: direct M,32,64,32,32,33,33,0.0021499105941027996,0,4.20346205620703e-08
"F=20, p=1",20,1,25,Uniform random: direct M,64,64,64,64,65,65,0.00221042016321301,0,2.5929671909619145e-08
"F=20, p=1",20,1,25,Random ranked: QPU-valid-unique matched,592,592,4,4,5,5,0.0018189489517914034,0,2.237503060609214e-08
"F=20, p=1",20,1,25,Random ranked: QPU-valid-unique matched,592,592,8,8,9,9,0.0021439877623866885,0,4.4388389408567264e-08
"F=20, p=1",20,1,25,Random ranked: QPU-valid-unique matched,592,592,16,16,17,17,0.0021439877623866885,0,4.4388389408567264e-08
"F=20, p=1",20,1,25,Random ranked: QPU-valid-unique matched,592,592,32,32,33,33,0.0021439877623866885,0,4.4388389408567264e-08
"F=20, p=1",20,1,25,Random ranked: QPU-valid-unique matched,592,592,64,64,65,65,0.0022831162464062166,0,9.931976907573414e-09
"F=20, p=1",20,1,25,Random ranked: QPU-raw-draw matched,8192,7990,4,4,5,5,0.0018465315989052294,0,7.728707326903894e-10
"F=20, p=1",20,1,25,Random ranked: QPU-raw-draw matched,8192,7990,8,8,9,9,0.0020310515804183096,0,1.718013509233174e-08
"F=20, p=1",20,1,25,Random ranked: QPU-raw-draw matched,8192,7990,16,16,17,17,0.0020310515804183096,0,1.718013509233174e-08
"F=20, p=1",20,1,25,Random ranked: QPU-raw-draw matched,8192,7990,32,32,33,33,0.0020310515804183096,0,1.718013509233174e-08
"F=20, p=1",20,1,25,Random ranked: QPU-raw-draw matched,8192,7990,64,64,65,65,0.0020310515804183096,0,1.718013509233174e-08
"F=20, p=1",20,1,26,Uniform random: direct M,4,64,4,4,5,5,0.0013042648980462548,0,2.2858271386816398e-09
"F=20, p=1",20,1,26,Uniform random: direct M,8,64,8,8,9,9,0.001809944937935827,0,2.181905922604699e-08
"F=20, p=1",20,1,26,Uniform random: direct M,16,64,16,16,17,17,0.0021831132916978815,0,3.7992753387783296e-09
"F=20, p=1",20,1,26,Uniform random: direct M,32,64,32,32,33,33,0.0021831132916978815,0,3.7992753387783296e-09
"F=20, p=1",20,1,26,Uniform random: direct M,64,64,64,64,65,65,0.002199246593408276,0,3.048814400941069e-08
"F=20, p=1",20,1,26,Random ranked: QPU-valid-unique matched,587,587,4,4,5,5,0.0014200490134881685,0,3.6491498711654913e-10
"F=20, p=1",20,1,26,Random ranked: QPU-valid-unique matched,587,587,8,8,9,9,0.0018523034475725411,0,4.5296913997461274e-09
"F=20, p=1",20,1,26,Random ranked: QPU-valid-unique matched,587,587,16,16,17,17,0.0021598292799626106,0,3.6113509183088865e-08
"F=20, p=1",20,1,26,Random ranked: QPU-valid-unique matched,587,587,32,32,33,33,0.0021598292799626106,0,3.6113509183088865e-08
"F=20, p=1",20,1,26,Random ranked: QPU-valid-unique matched,587,587,64,64,65,65,0.0022551372960757654,0,7.427970391549188e-10
"F=20, p=1",20,1,26,Random ranked: QPU-raw-draw matched,8192,7989,4,4,5,5,0.0021113572316577497,0,2.4384766650342726e-08
"F=20, p=1",20,1,26,Random ranked: QPU-raw-draw matched,8192,7989,8,8,9,9,0.0021113572316577497,0,2.4384766650342726e-08
"F=20, p=1",20,1,26,Random ranked: QPU-raw-draw matched,8192,7989,16,16,17,17,0.0021113572316577497,0,2.4384766650342726e-08
"F=20, p=1",20,1,26,Random ranked: QPU-raw-draw matched,8192,7989,32,32,33,33,0.0021113572316577497,0,2.4384766650342726e-08
"F=20, p=1",20,1,26,Random ranked: QPU-raw-draw matched,8192,7989,64,64,65,65,0.0021113572316577497,0,2.4384766650342726e-08
"F=20, p=1",20,1,27,Uniform random: direct M,4,64,4,4,5,5,0.0015518001282684019,0,3.447437291193012e-08
"F=20, p=1",20,1,27,Uniform random: direct M,8,64,8,8,9,9,0.0015810224777854376,0,8.738738274671753e-10
"F=20, p=1",20,1,27,Uniform random: direct M,16,64,16,16,17,17,0.002250287090708618,0,2.1995149923625945e-08
"F=20, p=1",20,1,27,Uniform random: direct M,32,64,32,32,33,33,0.002250287090708618,0,2.1995149923625945e-08
"F=20, p=1",20,1,27,Uniform random: direct M,64,64,64,64,65,65,0.002250287090708618,0,2.1995149923625945e-08
"F=20, p=1",20,1,27,Random ranked: QPU-valid-unique matched,569,569,4,4,5,5,0.0020223865640189853,0,2.0158186231356012e-08
"F=20, p=1",20,1,27,Random ranked: QPU-valid-unique matched,569,569,8,8,9,9,0.0020223865640189853,0,2.0158186231356012e-08
"F=20, p=1",20,1,27,Random ranked: QPU-valid-unique matched,569,569,16,16,17,17,0.0020866111429692427,0,2.0560638691602406e-08
"F=20, p=1",20,1,27,Random ranked: QPU-valid-unique matched,569,569,32,32,33,33,0.0020866111429692427,0,2.0560638691602406e-08
"F=20, p=1",20,1,27,Random ranked: QPU-valid-unique matched,569,569,64,64,65,65,0.002238289611049833,0,4.893456126420226e-10
"F=20, p=1",20,1,27,Random ranked: QPU-raw-draw matched,8192,7990,4,4,5,5,0.0017419748855029213,0,1.0047710330418624e-08
"F=20, p=1",20,1,27,Random ranked: QPU-raw-draw matched,8192,7990,8,8,9,9,0.0019171219591938224,0,6.113517081463016e-09
"F=20, p=1",20,1,27,Random ranked: QPU-raw-draw matched,8192,7990,16,16,17,17,0.0019171219591938224,0,6.113517081463016e-09
"F=20, p=1",20,1,27,Random ranked: QPU-raw-draw matched,8192,7990,32,32,33,33,0.0019171219591938224,0,6.113517081463016e-09
"F=20, p=1",20,1,27,Random ranked: QPU-raw-draw matched,8192,7990,64,64,65,65,0.0019171219591938224,0,6.113517081463016e-09
"F=20, p=1",20,1,28,Uniform random: direct M,4,64,4,4,5,5,0.0019156622086115987,0,2.6161606908603474e-10
"F=20, p=1",20,1,28,Uniform random: direct M,8,64,8,8,9,9,0.0022798076044928464,0,3.2634534574693674e-08
"F=20, p=1",20,1,28,Uniform random: direct M,16,64,16,16,17,17,0.0022798076044928464,0,3.2634534574693674e-08
"F=20, p=1",20,1,28,Uniform random: direct M,32,64,32,32,33,33,0.0022798076044928464,0,3.2634534574693674e-08
"F=20, p=1",20,1,28,Uniform random: direct M,64,64,64,64,65,65,0.0022798076044928464,0,3.2634534574693674e-08
"F=20, p=1",20,1,28,Random ranked: QPU-valid-unique matched,592,592,4,4,5,5,0.0019668604020763106,0,2.5097618983060954e-09
"F=20, p=1",20,1,28,Random ranked: QPU-valid-unique matched,592,592,8,8,9,9,0.0019668604020763106,0,2.5097618983060954e-09
"F=20, p=1",20,1,28,Random ranked: QPU-valid-unique matched,592,592,16,16,17,17,0.0019668604020763106,0,2.5097618983060954e-09
"F=20, p=1",20,1,28,Random ranked: QPU-valid-unique matched,592,592,32,32,33,33,0.0019668604020763106,0,2.5097618983060954e-09
"F=20, p=1",20,1,28,Random ranked: QPU-valid-unique matched,592,592,64,64,65,65,0.002132740331208645,0,3.5773890405543796e-08
"F=20, p=1",20,1,28,Random ranked: QPU-raw-draw matched,8192,7983,4,4,5,5,0.0018827047019751228,0,1.4376670904106548e-09
"F=20, p=1",20,1,28,Random ranked: QPU-raw-draw matched,8192,7983,8,8,9,9,0.0018827047019751228,0,1.4376670904106548e-09
"F=20, p=1",20,1,28,Random ranked: QPU-raw-draw matched,8192,7983,16,16,17,17,0.0018827047019751228,0,1.4376670904106548e-09
"F=20, p=1",20,1,28,Random ranked: QPU-raw-draw matched,8192,7983,32,32,33,33,0.0018827047019751228,0,1.4376670904106548e-09
"F=20, p=1",20,1,28,Random ranked: QPU-raw-draw matched,8192,7983,64,64,65,65,0.0022263137326567622,0,1.9740441919990914e-10
"F=20, p=1",20,1,29,Uniform random: direct M,4,64,4,4,5,5,0.001621155080871961,0,1.888963520324527e-09
"F=20, p=1",20,1,29,Uniform random: direct M,8,64,8,8,9,9,0.001621155080871961,0,1.888963520324527e-09
"F=20, p=1",20,1,29,Uniform random: direct M,16,64,16,16,17,17,0.0018637812956849922,0,1.3023267186884624e-09
"F=20, p=1",20,1,29,Uniform random: direct M,32,64,32,32,33,33,0.0021987960378169608,0,1.6065878835624936e-09
"F=20, p=1",20,1,29,Uniform random: direct M,64,64,64,64,65,65,0.002277374328632842,0,1.0318517040808217e-08
"F=20, p=1",20,1,29,Random ranked: QPU-valid-unique matched,587,587,4,4,5,5,0.0012006550276157449,0,3.1794370469739874e-08
"F=20, p=1",20,1,29,Random ranked: QPU-valid-unique matched,587,587,8,8,9,9,0.0019627405173777562,0,1.3521143094052945e-09
"F=20, p=1",20,1,29,Random ranked: QPU-valid-unique matched,587,587,16,16,17,17,0.0020174068719115493,0,1.3957516475926468e-08
"F=20, p=1",20,1,29,Random ranked: QPU-valid-unique matched,587,587,32,32,33,33,0.0020174068719115493,0,1.3957516475926468e-08
"F=20, p=1",20,1,29,Random ranked: QPU-valid-unique matched,587,587,64,64,65,65,0.0022585114175797324,0,1.4087779554028401e-08
"F=20, p=1",20,1,29,Random ranked: QPU-raw-draw matched,8192,8001,4,4,5,5,0.002094355960220569,0,7.722233130724732e-10
"F=20, p=1",20,1,29,Random ranked: QPU-raw-draw matched,8192,8001,8,8,9,9,0.002094355960220569,0,7.722233130724732e-10
"F=20, p=1",20,1,29,Random ranked: QPU-raw-draw matched,8192,8001,16,16,17,17,0.002094355960220569,0,7.722233130724732e-10
"F=20, p=1",20,1,29,Random ranked: QPU-raw-draw matched,8192,8001,32,32,33,33,0.002094355960220569,0,7.722233130724732e-10
"F=20, p=1",20,1,29,Random ranked: QPU-raw-draw matched,8192,8001,64,64,65,65,0.002094355960220569,0,7.722233130724732e-10
"F=20, p=1",20,1,30,Uniform random: direct M,4,64,4,4,5,5,0.001608161939457134,0,1.017602047070909e-08
"F=20, p=1",20,1,30,Uniform random: direct M,8,64,8,8,9,9,0.001608161939457134,0,1.017602047070909e-08
"F=20, p=1",20,1,30,Uniform random: direct M,16,64,16,16,17,17,0.0016566316870542108,0,1.1016997980561882e-08
"F=20, p=1",20,1,30,Uniform random: direct M,32,64,32,32,33,33,0.002018614109872717,0,2.1359451207736413e-08
"F=20, p=1",20,1,30,Uniform random: direct M,64,64,64,64,65,65,0.002018614109872717,0,2.1359451207736413e-08
"F=20, p=1",20,1,30,Random ranked: QPU-valid-unique matched,569,569,4,4,5,5,0.0020555427660554,0,1.9108249038612968e-08
"F=20, p=1",20,1,30,Random ranked: QPU-valid-unique matched,569,569,8,8,9,9,0.0020555427660554,0,1.9108249038612968e-08
"F=20, p=1",20,1,30,Random ranked: QPU-valid-unique matched,569,569,16,16,17,17,0.0020555427660554,0,1.9108249038612968e-08
"F=20, p=1",20,1,30,Random ranked: QPU-valid-unique matched,569,569,32,32,33,33,0.0020555427660554,0,1.9108249038612968e-08
"F=20, p=1",20,1,30,Random ranked: QPU-valid-unique matched,569,569,64,64,65,65,0.002199246593408276,0,3.048814400941069e-08
"F=20, p=1",20,1,30,Random ranked: QPU-raw-draw matched,8192,8010,4,4,5,5,0.0021111112482980823,0,2.3709512686487244e-08
"F=20, p=1",20,1,30,Random ranked: QPU-raw-draw matched,8192,8010,8,8,9,9,0.0021111112482980823,0,2.3709512686487244e-08
"F=20, p=1",20,1,30,Random ranked: QPU-raw-draw matched,8192,8010,16,16,17,17,0.0021111112482980823,0,2.3709512686487244e-08
"F=20, p=1",20,1,30,Random ranked: QPU-raw-draw matched,8192,8010,32,32,33,33,0.0021111112482980823,0,2.3709512686487244e-08
"F=20, p=1",20,1,30,Random ranked: QPU-raw-draw matched,8192,8010,64,64,65,65,0.0021111112482980823,0,2.3709512686487244e-08
"F=20, p=1",20,1,31,Uniform random: direct M,4,64,4,4,5,5,0.0017914843378514025,0,2.6654282114790817e-09
"F=20, p=1",20,1,31,Uniform random: direct M,8,64,8,8,9,9,0.0017914843378514025,0,2.6654282114790817e-09
"F=20, p=1",20,1,31,Uniform random: direct M,16,64,16,16,17,17,0.0022084331529009307,0,1.8132691237404686e-08
"F=20, p=1",20,1,31,Uniform random: direct M,32,64,32,32,33,33,0.0022084331529009307,0,1.8132691237404686e-08
"F=20, p=1",20,1,31,Uniform random: direct M,64,64,64,64,65,65,0.0022084331529009307,0,1.8132691237404686e-08
"F=20, p=1",20,1,31,Random ranked: QPU-valid-unique matched,592,592,4,4,5,5,0.0016515518223259307,0,8.165893516931533e-10
"F=20, p=1",20,1,31,Random ranked: QPU-valid-unique matched,592,592,8,8,9,9,0.0016515518223259307,0,8.165893516931533e-10
"F=20, p=1",20,1,31,Random ranked: QPU-valid-unique matched,592,592,16,16,17,17,0.002164824731956505,0,1.830249778123072e-09
"F=20, p=1",20,1,31,Random ranked: QPU-valid-unique matched,592,592,32,32,33,33,0.002164824731956505,0,1.830249778123072e-09
"F=20, p=1",20,1,31,Random ranked: QPU-valid-unique matched,592,592,64,64,65,65,0.002164824731956505,0,1.830249778123072e-09
"F=20, p=1",20,1,31,Random ranked: QPU-raw-draw matched,8192,8004,4,4,5,5,0.0019437291017228575,0,9.703194775445567e-10
"F=20, p=1",20,1,31,Random ranked: QPU-raw-draw matched,8192,8004,8,8,9,9,0.0019437291017228575,0,9.703194775445567e-10
"F=20, p=1",20,1,31,Random ranked: QPU-raw-draw matched,8192,8004,16,16,17,17,0.0019437291017228575,0,9.703194775445567e-10
"F=20, p=1",20,1,31,Random ranked: QPU-raw-draw matched,8192,8004,32,32,33,33,0.0019437291017228575,0,9.703194775445567e-10
"F=20, p=1",20,1,31,Random ranked: QPU-raw-draw matched,8192,8004,64,64,65,65,0.0019437291017228575,0,9.703194775445567e-10
"F=20, p=1",20,1,32,Uniform random: direct M,4,64,4,4,5,5,0.0018043675013421703,0,9.674227419154136e-09
"F=20, p=1",20,1,32,Uniform random: direct M,8,64,8,8,9,9,0.0019905600173482085,0,1.6758123111415557e-08
"F=20, p=1",20,1,32,Uniform random: direct M,16,64,16,16,17,17,0.0019905600173482085,0,1.6758123111415557e-08
"F=20, p=1",20,1,32,Uniform random: direct M,32,64,32,32,33,33,0.0020401820773005563,0,1.033136637351717e-08
"F=20, p=1",20,1,32,Uniform random: direct M,64,64,64,64,65,65,0.002186536392221952,0,1.1109428732850035e-09
"F=20, p=1",20,1,32,Random ranked: QPU-valid-unique matched,587,587,4,4,5,5,0.0013226724759018912,0,2.5698080274860757e-08
"F=20, p=1",20,1,32,Random ranked: QPU-valid-unique matched,587,587,8,8,9,9,0.0021447781328771884,0,1.6921813672521324e-08
"F=20, p=1",20,1,32,Random ranked: QPU-valid-unique matched,587,587,16,16,17,17,0.0021447781328771884,0,1.6921813672521324e-08
"F=20, p=1",20,1,32,Random ranked: QPU-valid-unique matched,587,587,32,32,33,33,0.0021447781328771884,0,1.6921813672521324e-08
"F=20, p=1",20,1,32,Random ranked: QPU-valid-unique matched,587,587,64,64,65,65,0.0023066993630907334,0,2.0040384351993623e-08
"F=20, p=1",20,1,32,Random ranked: QPU-raw-draw matched,8192,7995,4,4,5,5,0.0019437291017228575,0,9.703194775445567e-10
"F=20, p=1",20,1,32,Random ranked: QPU-raw-draw matched,8192,7995,8,8,9,9,0.0019437291017228575,0,9.703194775445567e-10
"F=20, p=1",20,1,32,Random ranked: QPU-raw-draw matched,8192,7995,16,16,17,17,0.0019437291017228575,0,9.703194775445567e-10
"F=20, p=1",20,1,32,Random ranked: QPU-raw-draw matched,8192,7995,32,32,33,33,0.0019437291017228575,0,9.703194775445567e-10
"F=20, p=1",20,1,32,Random ranked: QPU-raw-draw matched,8192,7995,64,64,65,65,0.0019437291017228575,0,9.703194775445567e-10
"F=20, p=1",20,1,33,Uniform random: direct M,4,64,4,4,5,5,0.0013428419102584493,0,3.6975191797239404e-08
"F=20, p=1",20,1,33,Uniform random: direct M,8,64,8,8,9,9,0.0013428419102584493,0,3.6975191797239404e-08
"F=20, p=1",20,1,33,Uniform random: direct M,16,64,16,16,17,17,0.0021522144454087927,0,1.0170926253993962e-09
"F=20, p=1",20,1,33,Uniform random: direct M,32,64,32,32,33,33,0.0021522144454087927,0,1.0170926253993962e-09
"F=20, p=1",20,1,33,Uniform random: direct M,64,64,64,64,65,65,0.0021522144454087927,0,1.0170926253993962e-09
"F=20, p=1",20,1,33,Random ranked: QPU-valid-unique matched,569,569,4,4,5,5,0.0019169443962744823,0,2.2994100734585743e-08
"F=20, p=1",20,1,33,Random ranked: QPU-valid-unique matched,569,569,8,8,9,9,0.0021904460863508904,0,6.507629712881879e-09
"F=20, p=1",20,1,33,Random ranked: QPU-valid-unique matched,569,569,16,16,17,17,0.0021904460863508904,0,6.507629712881879e-09
"F=20, p=1",20,1,33,Random ranked: QPU-valid-unique matched,569,569,32,32,33,33,0.0021904460863508904,0,6.507629712881879e-09
"F=20, p=1",20,1,33,Random ranked: QPU-valid-unique matched,569,569,64,64,65,65,0.0021904460863508904,0,6.507629712881879e-09
"F=20, p=1",20,1,33,Random ranked: QPU-raw-draw matched,8192,7997,4,4,5,5,0.0019482130650752341,0,1.1699689661526236e-08
"F=20, p=1",20,1,33,Random ranked: QPU-raw-draw matched,8192,7997,8,8,9,9,0.0021113572316577497,0,2.4384766650342726e-08
"F=20, p=1",20,1,33,Random ranked: QPU-raw-draw matched,8192,7997,16,16,17,17,0.0021113572316577497,0,2.4384766650342726e-08
"F=20, p=1",20,1,33,Random ranked: QPU-raw-draw matched,8192,7997,32,32,33,33,0.0021113572316577497,0,2.4384766650342726e-08
"F=20, p=1",20,1,33,Random ranked: QPU-raw-draw matched,8192,7997,64,64,65,65,0.0021113572316577497,0,2.4384766650342726e-08
"F=20, p=1",20,1,34,Uniform random: direct M,4,64,4,4,5,5,0.0021660802387906478,0,1.3763515951947802e-09
"F=20, p=1",20,1,34,Uniform random: direct M,8,64,8,8,9,9,0.0021660802387906478,0,1.3763515951947802e-09
"F=20, p=1",20,1,34,Uniform random: direct M,16,64,16,16,17,17,0.0021660802387906478,0,1.3763515951947802e-09
"F=20, p=1",20,1,34,Uniform random: direct M,32,64,32,32,33,33,0.0021660802387906478,0,1.3763515951947802e-09
"F=20, p=1",20,1,34,Uniform random: direct M,64,64,64,64,65,65,0.0021660802387906478,0,1.3763515951947802e-09
"F=20, p=1",20,1,34,Random ranked: QPU-valid-unique matched,592,592,4,4,5,5,0.0019103085077422852,0,2.369018636816378e-08
"F=20, p=1",20,1,34,Random ranked: QPU-valid-unique matched,592,592,8,8,9,9,0.0019103085077422852,0,2.369018636816378e-08
"F=20, p=1",20,1,34,Random ranked: QPU-valid-unique matched,592,592,16,16,17,17,0.0019103085077422852,0,2.369018636816378e-08
"F=20, p=1",20,1,34,Random ranked: QPU-valid-unique matched,592,592,32,32,33,33,0.0019103085077422852,0,2.369018636816378e-08
"F=20, p=1",20,1,34,Random ranked: QPU-valid-unique matched,592,592,64,64,65,65,0.002179340334788657,0,3.625816441532592e-08
"F=20, p=1",20,1,34,Random ranked: QPU-raw-draw matched,8192,8007,4,4,5,5,0.0021111112482980823,0,2.3709512686487244e-08
"F=20, p=1",20,1,34,Random ranked: QPU-raw-draw matched,8192,8007,8,8,9,9,0.0021111112482980823,0,2.3709512686487244e-08
"F=20, p=1",20,1,34,Random ranked: QPU-raw-draw matched,8192,8007,16,16,17,17,0.0021111112482980823,0,2.3709512686487244e-08
"F=20, p=1",20,1,34,Random ranked: QPU-raw-draw matched,8192,8007,32,32,33,33,0.0021111112482980823,0,2.3709512686487244e-08
"F=20, p=1",20,1,34,Random ranked: QPU-raw-draw matched,8192,8007,64,64,65,65,0.0022364883001652694,0,1.6141668765512485e-09
"F=20, p=1",20,1,35,Uniform random: direct M,4,64,4,4,5,5,0.0020610824066799524,0,2.077892058416353e-08
"F=20, p=1",20,1,35,Uniform random: direct M,8,64,8,8,9,9,0.0020610824066799524,0,2.077892058416353e-08
"F=20, p=1",20,1,35,Uniform random: direct M,16,64,16,16,17,17,0.0020610824066799524,0,2.077892058416353e-08
"F=20, p=1",20,1,35,Uniform random: direct M,32,64,32,32,33,33,0.0022186226495444356,0,1.420786775556404e-09
"F=20, p=1",20,1,35,Uniform random: direct M,64,64,64,64,65,65,0.0022186226495444356,0,1.420786775556404e-09
"F=20, p=1",20,1,35,Random ranked: QPU-valid-unique matched,587,587,4,4,5,5,0.001975985079714554,0,1.0923323801037554e-08
"F=20, p=1",20,1,35,Random ranked: QPU-valid-unique matched,587,587,8,8,9,9,0.001975985079714554,0,1.0923323801037554e-08
"F=20, p=1",20,1,35,Random ranked: QPU-valid-unique matched,587,587,16,16,17,17,0.001975985079714554,0,1.0923323801037554e-08
"F=20, p=1",20,1,35,Random ranked: QPU-valid-unique matched,587,587,32,32,33,33,0.001975985079714554,0,1.0923323801037554e-08
"F=20, p=1",20,1,35,Random ranked: QPU-valid-unique matched,587,587,64,64,65,65,0.002176007518641186,0,1.862705206745474e-08
"F=20, p=1",20,1,35,Random ranked: QPU-raw-draw matched,8192,7997,4,4,5,5,0.0018695402592751181,0,1.7042890210205996e-08
"F=20, p=1",20,1,35,Random ranked: QPU-raw-draw matched,8192,7997,8,8,9,9,0.0018695402592751181,0,1.7042890210205996e-08
"F=20, p=1",20,1,35,Random ranked: QPU-raw-draw matched,8192,7997,16,16,17,17,0.0018695402592751181,0,1.7042890210205996e-08
"F=20, p=1",20,1,35,Random ranked: QPU-raw-draw matched,8192,7997,32,32,33,33,0.0018695402592751181,0,1.7042890210205996e-08
"F=20, p=1",20,1,35,Random ranked: QPU-raw-draw matched,8192,7997,64,64,65,65,0.00210976699141608,0,2.2778317232408085e-08
"F=20, p=1",20,1,36,Uniform random: direct M,4,64,4,4,5,5,0.0013627963026309198,0,9.714919535497302e-09
"F=20, p=1",20,1,36,Uniform random: direct M,8,64,8,8,9,9,0.0016436664103348236,0,7.844966232184447e-09
"F=20, p=1",20,1,36,Uniform random: direct M,16,64,16,16,17,17,0.0020735486744138595,0,1.8862202008640416e-09
"F=20, p=1",20,1,36,Uniform random: direct M,32,64,32,32,33,33,0.0021839144565591537,0,3.386555319506712e-08
"F=20, p=1",20,1,36,Uniform random: direct M,64,64,64,64,65,65,0.0021839144565591537,0,3.386555319506712e-08
"F=20, p=1",20,1,36,Random ranked: QPU-valid-unique matched,569,569,4,4,5,5,0.0017887666418399256,0,3.352059496641857e-08
"F=20, p=1",20,1,36,Random ranked: QPU-valid-unique matched,569,569,8,8,9,9,0.0017887666418399256,0,3.352059496641857e-08
"F=20, p=1",20,1,36,Random ranked: QPU-valid-unique matched,569,569,16,16,17,17,0.0017887666418399256,0,3.352059496641857e-08
"F=20, p=1",20,1,36,Random ranked: QPU-valid-unique matched,569,569,32,32,33,33,0.0018079669686805327,0,3.493460010162153e-08
"F=20, p=1",20,1,36,Random ranked: QPU-valid-unique matched,569,569,64,64,65,65,0.002324674956809762,0,2.9784904043150817e-08
"F=20, p=1",20,1,36,Random ranked: QPU-raw-draw matched,8192,7991,4,4,5,5,0.0018722832768936354,0,4.748218970784812e-10
"F=20, p=1",20,1,36,Random ranked: QPU-raw-draw matched,8192,7991,8,8,9,9,0.0021111112482980823,0,2.3709512686487244e-08
"F=20, p=1",20,1,36,Random ranked: QPU-raw-draw matched,8192,7991,16,16,17,17,0.0021111112482980823,0,2.3709512686487244e-08
"F=20, p=1",20,1,36,Random ranked: QPU-raw-draw matched,8192,7991,32,32,33,33,0.0021111112482980823,0,2.3709512686487244e-08
"F=20, p=1",20,1,36,Random ranked: QPU-raw-draw matched,8192,7991,64,64,65,65,0.0021111112482980823,0,2.3709512686487244e-08
"F=20, p=1",20,1,37,Uniform random: direct M,4,64,4,4,5,5,0.001750850680316919,0,1.2792070069878037e-08
"F=20, p=1",20,1,37,Uniform random: direct M,8,64,8,8,9,9,0.001750850680316919,0,1.2792070069878037e-08
"F=20, p=1",20,1,37,Uniform random: direct M,16,64,16,16,17,17,0.0022881475571484636,0,4.032757489058625e-08
"F=20, p=1",20,1,37,Uniform random: direct M,32,64,32,32,33,33,0.0022881475571484636,0,4.032757489058625e-08
"F=20, p=1",20,1,37,Uniform random: direct M,64,64,64,64,65,65,0.0022881475571484636,0,4.032757489058625e-08
"F=20, p=1",20,1,37,Random ranked: QPU-valid-unique matched,592,592,4,4,5,5,0.0021113572316577497,0,2.4384766650342726e-08
"F=20, p=1",20,1,37,Random ranked: QPU-valid-unique matched,592,592,8,8,9,9,0.0021113572316577497,0,2.4384766650342726e-08
"F=20, p=1",20,1,37,Random ranked: QPU-valid-unique matched,592,592,16,16,17,17,0.0021340660862771976,0,1.7349791714416085e-08
"F=20, p=1",20,1,37,Random ranked: QPU-valid-unique matched,592,592,32,32,33,33,0.0021340660862771976,0,1.7349791714416085e-08
"F=20, p=1",20,1,37,Random ranked: QPU-valid-unique matched,592,592,64,64,65,65,0.002185588443958157,0,1.4571628695336791e-09
"F=20, p=1",20,1,37,Random ranked: QPU-raw-draw matched,8192,7989,4,4,5,5,0.0019049757511358928,0,2.3773477741961813e-08
"F=20, p=1",20,1,37,Random ranked: QPU-raw-draw matched,8192,7989,8,8,9,9,0.0019049757511358928,0,2.3773477741961813e-08
"F=20, p=1",20,1,37,Random ranked: QPU-raw-draw matched,8192,7989,16,16,17,17,0.00195841713422025,0,1.942286109724023e-08
"F=20, p=1",20,1,37,Random ranked: QPU-raw-draw matched,8192,7989,32,32,33,33,0.00195841713422025,0,1.942286109724023e-08
"F=20, p=1",20,1,37,Random ranked: QPU-raw-draw matched,8192,7989,64,64,65,65,0.00195841713422025,0,1.942286109724023e-08
"F=20, p=1",20,1,38,Uniform random: direct M,4,64,4,4,5,5,0.0021282374616297325,0,7.083450492828547e-10
"F=20, p=1",20,1,38,Uniform random: direct M,8,64,8,8,9,9,0.0021282374616297325,0,7.083450492828547e-10
"F=20, p=1",20,1,38,Uniform random: direct M,16,64,16,16,17,17,0.0021282374616297325,0,7.083450492828547e-10
"F=20, p=1",20,1,38,Uniform random: direct M,32,64,32,32,33,33,0.0021282374616297325,0,7.083450492828547e-10
"F=20, p=1",20,1,38,Uniform random: direct M,64,64,64,64,65,65,0.0021282374616297325,0,7.083450492828547e-10
"F=20, p=1",20,1,38,Random ranked: QPU-valid-unique matched,587,587,4,4,5,5,0.0015607854684617367,0,2.8283532960138302e-08
"F=20, p=1",20,1,38,Random ranked: QPU-valid-unique matched,587,587,8,8,9,9,0.0019481427289101544,0,1.2508690971912984e-08
"F=20, p=1",20,1,38,Random ranked: QPU-valid-unique matched,587,587,16,16,17,17,0.002105595350757314,0,4.249037544035161e-08
"F=20, p=1",20,1,38,Random ranked: QPU-valid-unique matched,587,587,32,32,33,33,0.002105595350757314,0,4.249037544035161e-08
"F=20, p=1",20,1,38,Random ranked: QPU-valid-unique matched,587,587,64,64,65,65,0.002257818043611852,0,8.739190482387471e-10
"F=20, p=1",20,1,38,Random ranked: QPU-raw-draw matched,8192,7963,4,4,5,5,0.0020581483115086133,0,2.533075871280488e-08
"F=20, p=1",20,1,38,Random ranked: QPU-raw-draw matched,8192,7963,8,8,9,9,0.0021086294243018305,0,3.456383579347744e-08
"F=20, p=1",20,1,38,Random ranked: QPU-raw-draw matched,8192,7963,16,16,17,17,0.0021086294243018305,0,3.456383579347744e-08
"F=20, p=1",20,1,38,Random ranked: QPU-raw-draw matched,8192,7963,32,32,33,33,0.0021086294243018305,0,3.456383579347744e-08
"F=20, p=1",20,1,38,Random ranked: QPU-raw-draw matched,8192,7963,64,64,65,65,0.0021086294243018305,0,3.456383579347744e-08
"F=20, p=1",20,1,39,Uniform random: direct M,4,64,4,4,5,5,0.0018199176515784343,0,1.1673792932320737e-08
"F=20, p=1",20,1,39,Uniform random: direct M,8,64,8,8,9,9,0.0022258298591259565,0,1.6079034548255322e-08
"F=20, p=1",20,1,39,Uniform random: direct M,16,64,16,16,17,17,0.0022258298591259565,0,1.6079034548255322e-08
"F=20, p=1",20,1,39,Uniform random: direct M,32,64,32,32,33,33,0.0022258298591259565,0,1.6079034548255322e-08
"F=20, p=1",20,1,39,Uniform random: direct M,64,64,64,64,65,65,0.0022258298591259565,0,1.6079034548255322e-08
"F=20, p=1",20,1,39,Random ranked: QPU-valid-unique matched,569,569,4,4,5,5,0.0017871017096699401,0,1.0605429312526837e-08
"F=20, p=1",20,1,39,Random ranked: QPU-valid-unique matched,569,569,8,8,9,9,0.0018822969939109244,0,4.096506167616809e-08
"F=20, p=1",20,1,39,Random ranked: QPU-valid-unique matched,569,569,16,16,17,17,0.0018822969939109244,0,4.096506167616809e-08
"F=20, p=1",20,1,39,Random ranked: QPU-valid-unique matched,569,569,32,32,33,33,0.0018822969939109244,0,4.096506167616809e-08
"F=20, p=1",20,1,39,Random ranked: QPU-valid-unique matched,569,569,64,64,65,65,0.002158901722727799,0,4.978251144649448e-10
"F=20, p=1",20,1,39,Random ranked: QPU-raw-draw matched,8192,7997,4,4,5,5,0.00208092977917701,0,1.4015973714975871e-08
"F=20, p=1",20,1,39,Random ranked: QPU-raw-draw matched,8192,7997,8,8,9,9,0.00208092977917701,0,1.4015973714975871e-08
"F=20, p=1",20,1,39,Random ranked: QPU-raw-draw matched,8192,7997,16,16,17,17,0.00208092977917701,0,1.4015973714975871e-08
"F=20, p=1",20,1,39,Random ranked: QPU-raw-draw matched,8192,7997,32,32,33,33,0.00208092977917701,0,1.4015973714975871e-08
"F=20, p=1",20,1,39,Random ranked: QPU-raw-draw matched,8192,7997,64,64,65,65,0.00208092977917701,0,1.4015973714975871e-08
"F=20, p=1",20,1,40,Uniform random: direct M,4,64,4,4,5,5,0.0012442762261883206,0,1.4354289493145878e-09
"F=20, p=1",20,1,40,Uniform random: direct M,8,64,8,8,9,9,0.0022967836856650423,0,3.272552928645922e-08
"F=20, p=1",20,1,40,Uniform random: direct M,16,64,16,16,17,17,0.0022967836856650423,0,3.272552928645922e-08
"F=20, p=1",20,1,40,Uniform random: direct M,32,64,32,32,33,33,0.0022967836856650423,0,3.272552928645922e-08
"F=20, p=1",20,1,40,Uniform random: direct M,64,64,64,64,65,65,0.0022967836856650423,0,3.272552928645922e-08
"F=20, p=1",20,1,40,Random ranked: QPU-valid-unique matched,592,592,4,4,5,5,0.0018465315989052294,0,7.728707326903894e-10
"F=20, p=1",20,1,40,Random ranked: QPU-valid-unique matched,592,592,8,8,9,9,0.0018465315989052294,0,7.728707326903894e-10
"F=20, p=1",20,1,40,Random ranked: QPU-valid-unique matched,592,592,16,16,17,17,0.0021562543391177025,0,3.5414596144534016e-08
"F=20, p=1",20,1,40,Random ranked: QPU-valid-unique matched,592,592,32,32,33,33,0.0021562543391177025,0,3.5414596144534016e-08
"F=20, p=1",20,1,40,Random ranked: QPU-valid-unique matched,592,592,64,64,65,65,0.0022807158072989733,0,9.909115888939724e-10
"F=20, p=1",20,1,40,Random ranked: QPU-raw-draw matched,8192,7993,4,4,5,5,0.0020581483115086133,0,2.533075871280488e-08
"F=20, p=1",20,1,40,Random ranked: QPU-raw-draw matched,8192,7993,8,8,9,9,0.0020581483115086133,0,2.533075871280488e-08
"F=20, p=1",20,1,40,Random ranked: QPU-raw-draw matched,8192,7993,16,16,17,17,0.0020581483115086133,0,2.533075871280488e-08
"F=20, p=1",20,1,40,Random ranked: QPU-raw-draw matched,8192,7993,32,32,33,33,0.0020581483115086133,0,2.533075871280488e-08
"F=20, p=1",20,1,40,Random ranked: QPU-raw-draw matched,8192,7993,64,64,65,65,0.0020581483115086133,0,2.533075871280488e-08
"F=20, p=1",20,1,41,Uniform random: direct M,4,64,4,4,5,5,0.0019843540341043728,0,1.7454826473084495e-09
"F=20, p=1",20,1,41,Uniform random: direct M,8,64,8,8,9,9,0.0019843540341043728,0,1.7454826473084495e-09
"F=20, p=1",20,1,41,Uniform random: direct M,16,64,16,16,17,17,0.0019843540341043728,0,1.7454826473084495e-09
"F=20, p=1",20,1,41,Uniform random: direct M,32,64,32,32,33,33,0.002239271509577506,0,1.2751071531980074e-08
"F=20, p=1",20,1,41,Uniform random: direct M,64,64,64,64,65,65,0.002239271509577506,0,1.2751071531980074e-08
"F=20, p=1",20,1,41,Random ranked: QPU-valid-unique matched,587,587,4,4,5,5,0.0022263137326567622,0,1.9740441919990914e-10
"F=20, p=1",20,1,41,Random ranked: QPU-valid-unique matched,587,587,8,8,9,9,0.0022263137326567622,0,1.9740441919990914e-10
"F=20, p=1",20,1,41,Random ranked: QPU-valid-unique matched,587,587,16,16,17,17,0.0022263137326567622,0,1.9740441919990914e-10
"F=20, p=1",20,1,41,Random ranked: QPU-valid-unique matched,587,587,32,32,33,33,0.0022263137326567622,0,1.9740441919990914e-10
"F=20, p=1",20,1,41,Random ranked: QPU-valid-unique matched,587,587,64,64,65,65,0.0022431346021012794,0,2.5758640109785347e-08
"F=20, p=1",20,1,41,Random ranked: QPU-raw-draw matched,8192,7996,4,4,5,5,0.001995877075720902,0,1.0184985965722149e-08
"F=20, p=1",20,1,41,Random ranked: QPU-raw-draw matched,8192,7996,8,8,9,9,0.001995877075720902,0,1.0184985965722149e-08
"F=20, p=1",20,1,41,Random ranked: QPU-raw-draw matched,8192,7996,16,16,17,17,0.001995877075720902,0,1.0184985965722149e-08
"F=20, p=1",20,1,41,Random ranked: QPU-raw-draw matched,8192,7996,32,32,33,33,0.001995877075720902,0,1.0184985965722149e-08
"F=20, p=1",20,1,41,Random ranked: QPU-raw-draw matched,8192,7996,64,64,65,65,0.0022609443718497324,0,7.819434336142628e-10
"F=20, p=1",20,1,42,Uniform random: direct M,4,64,4,4,5,5,0.001707299182094113,0,8.453707511790753e-09
"F=20, p=1",20,1,42,Uniform random: direct M,8,64,8,8,9,9,0.0018735685684828293,0,1.2782954694756654e-09
"F=20, p=1",20,1,42,Uniform random: direct M,16,64,16,16,17,17,0.0018908090093573207,0,1.4043254406570504e-09
"F=20, p=1",20,1,42,Uniform random: direct M,32,64,32,32,33,33,0.002083858904262985,0,1.7027904641864211e-09
"F=20, p=1",20,1,42,Uniform random: direct M,64,64,64,64,65,65,0.002150936962618366,0,4.9370423305106215e-09
"F=20, p=1",20,1,42,Random ranked: QPU-valid-unique matched,569,569,4,4,5,5,0.0020724279682022284,0,1.913502056805072e-08
"F=20, p=1",20,1,42,Random ranked: QPU-valid-unique matched,569,569,8,8,9,9,0.002103164485573253,0,4.021302374423996e-08
"F=20, p=1",20,1,42,Random ranked: QPU-valid-unique matched,569,569,16,16,17,17,0.0021651071359794286,0,1.2998105924921788e-08
"F=20, p=1",20,1,42,Random ranked: QPU-valid-unique matched,569,569,32,32,33,33,0.0021651071359794286,0,1.2998105924921788e-08
"F=20, p=1",20,1,42,Random ranked: QPU-valid-unique matched,569,569,64,64,65,65,0.0021651071359794286,0,1.2998105924921788e-08
"F=20, p=1",20,1,42,Random ranked: QPU-raw-draw matched,8192,7998,4,4,5,5,0.0017852315331906773,0,8.139317775324173e-09
"F=20, p=1",20,1,42,Random ranked: QPU-raw-draw matched,8192,7998,8,8,9,9,0.0019003448880407642,0,1.4255348901315301e-08
"F=20, p=1",20,1,42,Random ranked: QPU-raw-draw matched,8192,7998,16,16,17,17,0.0019003448880407642,0,1.4255348901315301e-08
"F=20, p=1",20,1,42,Random ranked: QPU-raw-draw matched,8192,7998,32,32,33,33,0.0019003448880407642,0,1.4255348901315301e-08
"F=20, p=1",20,1,42,Random ranked: QPU-raw-draw matched,8192,7998,64,64,65,65,0.0021657375547967303,0,2.139887189667178e-08
"F=20, p=1",20,1,43,Uniform random: direct M,4,64,4,4,5,5,0.001515080574323202,0,3.712562901547756e-08
"F=20, p=1",20,1,43,Uniform random: direct M,8,64,8,8,9,9,0.001515080574323202,0,3.712562901547756e-08
"F=20, p=1",20,1,43,Uniform random: direct M,16,64,16,16,17,17,0.00208482887004742,0,3.834008965863944e-08
"F=20, p=1",20,1,43,Uniform random: direct M,32,64,32,32,33,33,0.00217127664267628,0,3.652472713167043e-08
"F=20, p=1",20,1,43,Uniform random: direct M,64,64,64,64,65,65,0.00217127664267628,0,3.652472713167043e-08
"F=20, p=1",20,1,43,Random ranked: QPU-valid-unique matched,592,592,4,4,5,5,0.001982572310978703,0,3.0431152042709186e-09
"F=20, p=1",20,1,43,Random ranked: QPU-valid-unique matched,592,592,8,8,9,9,0.001982572310978703,0,3.0431152042709186e-09
"F=20, p=1",20,1,43,Random ranked: QPU-valid-unique matched,592,592,16,16,17,17,0.001989789193281903,0,2.7617344022790036e-08
"F=20, p=1",20,1,43,Random ranked: QPU-valid-unique matched,592,592,32,32,33,33,0.001989789193281903,0,2.7617344022790036e-08
"F=20, p=1",20,1,43,Random ranked: QPU-valid-unique matched,592,592,64,64,65,65,0.0021844914070641985,0,9.565566949643056e-09
"F=20, p=1",20,1,43,Random ranked: QPU-raw-draw matched,8192,8016,4,4,5,5,0.0020581483115086133,0,2.533075871280488e-08
"F=20, p=1",20,1,43,Random ranked: QPU-raw-draw matched,8192,8016,8,8,9,9,0.0020581483115086133,0,2.533075871280488e-08
"F=20, p=1",20,1,43,Random ranked: QPU-raw-draw matched,8192,8016,16,16,17,17,0.0020581483115086133,0,2.533075871280488e-08
"F=20, p=1",20,1,43,Random ranked: QPU-raw-draw matched,8192,8016,32,32,33,33,0.0020581483115086133,0,2.533075871280488e-08
"F=20, p=1",20,1,43,Random ranked: QPU-raw-draw matched,8192,8016,64,64,65,65,0.0020581483115086133,0,2.533075871280488e-08
"F=20, p=1",20,1,44,Uniform random: direct M,4,64,4,4,5,5,0.0016770726067554392,0,1.9288063923816878e-08
"F=20, p=1",20,1,44,Uniform random: direct M,8,64,8,8,9,9,0.0017012499254551033,0,1.8845860094707234e-08
"F=20, p=1",20,1,44,Uniform random: direct M,16,64,16,16,17,17,0.001814954888378878,0,3.318176600153322e-08
"F=20, p=1",20,1,44,Uniform random: direct M,32,64,32,32,33,33,0.001862460593274634,0,3.905836920559125e-08
"F=20, p=1",20,1,44,Uniform random: direct M,64,64,64,64,65,65,0.0020838910259619245,0,1.7792757822654437e-09
"F=20, p=1",20,1,44,Random ranked: QPU-valid-unique matched,587,587,4,4,5,5,0.001460702128909419,0,4.242307871660245e-08
"F=20, p=1",20,1,44,Random ranked: QPU-valid-unique matched,587,587,8,8,9,9,0.001968072840269487,0,2.210562310978048e-08
"F=20, p=1",20,1,44,Random ranked: QPU-valid-unique matched,587,587,16,16,17,17,0.0020799456509709782,0,4.5072191118267213e-10
"F=20, p=1",20,1,44,Random ranked: QPU-valid-unique matched,587,587,32,32,33,33,0.0020799456509709782,0,4.5072191118267213e-10
"F=20, p=1",20,1,44,Random ranked: QPU-valid-unique matched,587,587,64,64,65,65,0.0020799456509709782,0,4.5072191118267213e-10
"F=20, p=1",20,1,44,Random ranked: QPU-raw-draw matched,8192,7991,4,4,5,5,0.0019049757511358928,0,2.3773477741961813e-08
"F=20, p=1",20,1,44,Random ranked: QPU-raw-draw matched,8192,7991,8,8,9,9,0.0019437291017228575,0,9.703194775445567e-10
"F=20, p=1",20,1,44,Random ranked: QPU-raw-draw matched,8192,7991,16,16,17,17,0.0019437291017228575,0,9.703194775445567e-10
"F=20, p=1",20,1,44,Random ranked: QPU-raw-draw matched,8192,7991,32,32,33,33,0.0019437291017228575,0,9.703194775445567e-10
"F=20, p=1",20,1,44,Random ranked: QPU-raw-draw matched,8192,7991,64,64,65,65,0.002159132853406534,0,9.880468332390535e-09
"F=20, p=1",20,1,45,Uniform random: direct M,4,64,4,4,5,5,0.001886640646088296,0,3.1335550126909695e-10
"F=20, p=1",20,1,45,Uniform random: direct M,8,64,8,8,9,9,0.001886640646088296,0,3.1335550126909695e-10
"F=20, p=1",20,1,45,Uniform random: direct M,16,64,16,16,17,17,0.001934646153148513,0,2.9411916846466823e-08
"F=20, p=1",20,1,45,Uniform random: direct M,32,64,32,32,33,33,0.001934646153148513,0,2.9411916846466823e-08
"F=20, p=1",20,1,45,Uniform random: direct M,64,64,64,64,65,65,0.0022730257214022553,0,1.13779846655504e-08
"F=20, p=1",20,1,45,Random ranked: QPU-valid-unique matched,569,569,4,4,5,5,0.0013760105057146477,0,1.6770685395961493e-09
"F=20, p=1",20,1,45,Random ranked: QPU-valid-unique matched,569,569,8,8,9,9,0.0018557618729099848,0,2.648072655597744e-08
"F=20, p=1",20,1,45,Random ranked: QPU-valid-unique matched,569,569,16,16,17,17,0.0018557618729099848,0,2.648072655597744e-08
"F=20, p=1",20,1,45,Random ranked: QPU-valid-unique matched,569,569,32,32,33,33,0.0018557618729099848,0,2.648072655597744e-08
"F=20, p=1",20,1,45,Random ranked: QPU-valid-unique matched,569,569,64,64,65,65,0.0021700214031832588,0,4.4095606333005577e-10
"F=20, p=1",20,1,45,Random ranked: QPU-raw-draw matched,8192,7997,4,4,5,5,0.002187469533615684,0,6.029761343007145e-10
"F=20, p=1",20,1,45,Random ranked: QPU-raw-draw matched,8192,7997,8,8,9,9,0.002187469533615684,0,6.029761343007145e-10
"F=20, p=1",20,1,45,Random ranked: QPU-raw-draw matched,8192,7997,16,16,17,17,0.002187469533615684,0,6.029761343007145e-10
"F=20, p=1",20,1,45,Random ranked: QPU-raw-draw matched,8192,7997,32,32,33,33,0.002187469533615684,0,6.029761343007145e-10
"F=20, p=1",20,1,45,Random ranked: QPU-raw-draw matched,8192,7997,64,64,65,65,0.002187469533615684,0,6.029761343007145e-10
"F=20, p=1",20,1,46,Uniform random: direct M,4,64,4,4,5,5,0.0014376106545876052,0,2.1813527650849096e-08
"F=20, p=1",20,1,46,Uniform random: direct M,8,64,8,8,9,9,0.0014376106545876052,0,2.1813527650849096e-08
"F=20, p=1",20,1,46,Uniform random: direct M,16,64,16,16,17,17,0.0018117878797383746,0,3.778211410399024e-09
"F=20, p=1",20,1,46,Uniform random: direct M,32,64,32,32,33,33,0.0021635211316074904,0,1.051980326634283e-09
"F=20, p=1",20,1,46,Uniform random: direct M,64,64,64,64,65,65,0.0021635211316074904,0,1.051980326634283e-09
"F=20, p=1",20,1,46,Random ranked: QPU-valid-unique matched,592,592,4,4,5,5,0.0021904460863508904,0,6.507629712881879e-09
"F=20, p=1",20,1,46,Random ranked: QPU-valid-unique matched,592,592,8,8,9,9,0.0021904460863508904,0,6.507629712881879e-09
"F=20, p=1",20,1,46,Random ranked: QPU-valid-unique matched,592,592,16,16,17,17,0.0021904460863508904,0,6.507629712881879e-09
"F=20, p=1",20,1,46,Random ranked: QPU-valid-unique matched,592,592,32,32,33,33,0.0021904460863508904,0,6.507629712881879e-09
"F=20, p=1",20,1,46,Random ranked: QPU-valid-unique matched,592,592,64,64,65,65,0.0021904460863508904,0,6.507629712881879e-09
"F=20, p=1",20,1,46,Random ranked: QPU-raw-draw matched,8192,7979,4,4,5,5,0.0019482130650752341,0,1.1699689661526236e-08
"F=20, p=1",20,1,46,Random ranked: QPU-raw-draw matched,8192,7979,8,8,9,9,0.0019482130650752341,0,1.1699689661526236e-08
"F=20, p=1",20,1,46,Random ranked: QPU-raw-draw matched,8192,7979,16,16,17,17,0.0019482130650752341,0,1.1699689661526236e-08
"F=20, p=1",20,1,46,Random ranked: QPU-raw-draw matched,8192,7979,32,32,33,33,0.0019482130650752341,0,1.1699689661526236e-08
"F=20, p=1",20,1,46,Random ranked: QPU-raw-draw matched,8192,7979,64,64,65,65,0.0019482130650752341,0,1.1699689661526236e-08
"F=20, p=1",20,1,47,Uniform random: direct M,4,64,4,4,5,5,0.001969078022885311,0,5.477033826473132e-09
"F=20, p=1",20,1,47,Uniform random: direct M,8,64,8,8,9,9,0.002245023338290242,0,3.678720839062066e-08
"F=20, p=1",20,1,47,Uniform random: direct M,16,64,16,16,17,17,0.002245023338290242,0,3.678720839062066e-08
"F=20, p=1",20,1,47,Uniform random: direct M,32,64,32,32,33,33,0.002245023338290242,0,3.678720839062066e-08
"F=20, p=1",20,1,47,Uniform random: direct M,64,64,64,64,65,65,0.002245023338290242,0,3.678720839062066e-08
"F=20, p=1",20,1,47,Random ranked: QPU-valid-unique matched,587,587,4,4,5,5,0.002205234472420242,0,1.1658726692398425e-09
"F=20, p=1",20,1,47,Random ranked: QPU-valid-unique matched,587,587,8,8,9,9,0.002205234472420242,0,1.1658726692398425e-09
"F=20, p=1",20,1,47,Random ranked: QPU-valid-unique matched,587,587,16,16,17,17,0.002205234472420242,0,1.1658726692398425e-09
"F=20, p=1",20,1,47,Random ranked: QPU-valid-unique matched,587,587,32,32,33,33,0.002205234472420242,0,1.1658726692398425e-09
"F=20, p=1",20,1,47,Random ranked: QPU-valid-unique matched,587,587,64,64,65,65,0.002205234472420242,0,1.1658726692398425e-09
"F=20, p=1",20,1,47,Random ranked: QPU-raw-draw matched,8192,8016,4,4,5,5,0.002187469533615684,0,6.029761343007145e-10
"F=20, p=1",20,1,47,Random ranked: QPU-raw-draw matched,8192,8016,8,8,9,9,0.002187469533615684,0,6.029761343007145e-10
"F=20, p=1",20,1,47,Random ranked: QPU-raw-draw matched,8192,8016,16,16,17,17,0.002187469533615684,0,6.029761343007145e-10
"F=20, p=1",20,1,47,Random ranked: QPU-raw-draw matched,8192,8016,32,32,33,33,0.002187469533615684,0,6.029761343007145e-10
"F=20, p=1",20,1,47,Random ranked: QPU-raw-draw matched,8192,8016,64,64,65,65,0.002187469533615684,0,6.029761343007145e-10
"F=20, p=1",20,1,48,Uniform random: direct M,4,64,4,4,5,5,0.001821540609991193,0,4.528940888981481e-09
"F=20, p=1",20,1,48,Uniform random: direct M,8,64,8,8,9,9,0.001821540609991193,0,4.528940888981481e-09
"F=20, p=1",20,1,48,Uniform random: direct M,16,64,16,16,17,17,0.002034788744896529,0,3.8073608155109184e-08
"F=20, p=1",20,1,48,Uniform random: direct M,32,64,32,32,33,33,0.0020833805581152026,0,3.346781940471999e-08
"F=20, p=1",20,1,48,Uniform random: direct M,64,64,64,64,65,65,0.0020833805581152026,0,3.346781940471999e-08
"F=20, p=1",20,1,48,Random ranked: QPU-valid-unique matched,569,569,4,4,5,5,0.0021874367741350903,0,1.2156508966132407e-08
"F=20, p=1",20,1,48,Random ranked: QPU-valid-unique matched,569,569,8,8,9,9,0.0021874367741350903,0,1.2156508966132407e-08
"F=20, p=1",20,1,48,Random ranked: QPU-valid-unique matched,569,569,16,16,17,17,0.0021874367741350903,0,1.2156508966132407e-08
"F=20, p=1",20,1,48,Random ranked: QPU-valid-unique matched,569,569,32,32,33,33,0.0021874367741350903,0,1.2156508966132407e-08
"F=20, p=1",20,1,48,Random ranked: QPU-valid-unique matched,569,569,64,64,65,65,0.0021874367741350903,0,1.2156508966132407e-08
"F=20, p=1",20,1,48,Random ranked: QPU-raw-draw matched,8192,7956,4,4,5,5,0.0019597705316702005,0,8.164678169664263e-10
"F=20, p=1",20,1,48,Random ranked: QPU-raw-draw matched,8192,7956,8,8,9,9,0.0019597705316702005,0,8.164678169664263e-10
"F=20, p=1",20,1,48,Random ranked: QPU-raw-draw matched,8192,7956,16,16,17,17,0.0019597705316702005,0,8.164678169664263e-10
"F=20, p=1",20,1,48,Random ranked: QPU-raw-draw matched,8192,7956,32,32,33,33,0.0019597705316702005,0,8.164678169664263e-10
"F=20, p=1",20,1,48,Random ranked: QPU-raw-draw matched,8192,7956,64,64,65,65,0.0019597705316702005,0,8.164678169664263e-10
"F=20, p=1",20,1,49,Uniform random: direct M,4,64,4,4,5,5,0.0018882257894159218,0,2.991948633290775e-08
"F=20, p=1",20,1,49,Uniform random: direct M,8,64,8,8,9,9,0.0018882257894159218,0,2.991948633290775e-08
"F=20, p=1",20,1,49,Uniform random: direct M,16,64,16,16,17,17,0.00199746842166703,0,2.490113337749733e-08
"F=20, p=1",20,1,49,Uniform random: direct M,32,64,32,32,33,33,0.0020693736986547445,0,1.5419367796476457e-09
"F=20, p=1",20,1,49,Uniform random: direct M,64,64,64,64,65,65,0.0021126517821990418,0,1.1862951176944136e-08
"F=20, p=1",20,1,49,Random ranked: QPU-valid-unique matched,592,592,4,4,5,5,0.0017851739179605697,0,1.0687015369881259e-09
"F=20, p=1",20,1,49,Random ranked: QPU-valid-unique matched,592,592,8,8,9,9,0.0019951038015375774,0,1.582872388716794e-09
"F=20, p=1",20,1,49,Random ranked: QPU-valid-unique matched,592,592,16,16,17,17,0.0020796576148440007,0,2.7021406667770975e-08
"F=20, p=1",20,1,49,Random ranked: QPU-valid-unique matched,592,592,32,32,33,33,0.0020796576148440007,0,2.7021406667770975e-08
"F=20, p=1",20,1,49,Random ranked: QPU-valid-unique matched,592,592,64,64,65,65,0.0020796576148440007,0,2.7021406667770975e-08
"F=20, p=1",20,1,49,Random ranked: QPU-raw-draw matched,8192,8019,4,4,5,5,0.0019171219591938224,0,6.113517081463016e-09
"F=20, p=1",20,1,49,Random ranked: QPU-raw-draw matched,8192,8019,8,8,9,9,0.0019171219591938224,0,6.113517081463016e-09
"F=20, p=1",20,1,49,Random ranked: QPU-raw-draw matched,8192,8019,16,16,17,17,0.0019171219591938224,0,6.113517081463016e-09
"F=20, p=1",20,1,49,Random ranked: QPU-raw-draw matched,8192,8019,32,32,33,33,0.0019171219591938224,0,6.113517081463016e-09
"F=20, p=1",20,1,49,Random ranked: QPU-raw-draw matched,8192,8019,64,64,65,65,0.0022587723908147547,0,5.039756598157474e-10
"F=20, p=2",20,2,0,Uniform random: direct M,4,64,4,4,5,5,0.001643119319406,0,9.361426411835794e-09
"F=20, p=2",20,2,0,Uniform random: direct M,8,64,8,8,8,8,0.0017859182247561556,0,1.1142547440279316e-09
"F=20, p=2",20,2,0,Uniform random: direct M,16,64,16,16,16,16,0.0018116930031791614,0,1.005870421677546e-09
"F=20, p=2",20,2,0,Uniform random: direct M,32,64,32,32,32,32,0.0019889527319630063,0,5.870944008723455e-10
"F=20, p=2",20,2,0,Uniform random: direct M,64,64,64,64,64,64,0.0022881475571484636,0,4.032757489058625e-08
"F=20, p=2",20,2,0,Random ranked: QPU-valid-unique matched,1309,1309,4,4,5,5,0.00195841713422025,0,1.942286109724023e-08
"F=20, p=2",20,2,0,Random ranked: QPU-valid-unique matched,1309,1309,8,8,9,9,0.00195841713422025,0,1.942286109724023e-08
"F=20, p=2",20,2,0,Random ranked: QPU-valid-unique matched,1309,1309,16,16,17,17,0.00195841713422025,0,1.942286109724023e-08
"F=20, p=2",20,2,0,Random ranked: QPU-valid-unique matched,1309,1309,32,32,33,33,0.002115437340663155,0,3.104794310537784e-08
"F=20, p=2",20,2,0,Random ranked: QPU-valid-unique matched,1309,1309,64,64,65,65,0.002115437340663155,0,3.104794310537784e-08
"F=20, p=2",20,2,0,Random ranked: QPU-raw-draw matched,8192,7997,4,4,5,5,0.0020310515804183096,0,1.718013509233174e-08
"F=20, p=2",20,2,0,Random ranked: QPU-raw-draw matched,8192,7997,8,8,9,9,0.0020310515804183096,0,1.718013509233174e-08
"F=20, p=2",20,2,0,Random ranked: QPU-raw-draw matched,8192,7997,16,16,17,17,0.0020310515804183096,0,1.718013509233174e-08
"F=20, p=2",20,2,0,Random ranked: QPU-raw-draw matched,8192,7997,32,32,33,33,0.0020310515804183096,0,1.718013509233174e-08
"F=20, p=2",20,2,0,Random ranked: QPU-raw-draw matched,8192,7997,64,64,65,65,0.0020310515804183096,0,1.718013509233174e-08
"F=20, p=2",20,2,1,Uniform random: direct M,4,64,4,4,5,5,0.0017384183281930962,0,4.083929511233819e-08
"F=20, p=2",20,2,1,Uniform random: direct M,8,64,8,8,9,9,0.0017384183281930962,0,4.083929511233819e-08
"F=20, p=2",20,2,1,Uniform random: direct M,16,64,16,16,17,17,0.0019768669485378323,0,1.4344758714202044e-10
"F=20, p=2",20,2,1,Uniform random: direct M,32,64,32,32,33,33,0.002026729941967384,0,3.309266566331459e-08
"F=20, p=2",20,2,1,Uniform random: direct M,64,64,64,64,65,65,0.002026729941967384,0,3.309266566331459e-08
"F=20, p=2",20,2,1,Random ranked: QPU-valid-unique matched,1249,1249,4,4,5,5,0.002013377739223658,0,3.754166694180938e-08
"F=20, p=2",20,2,1,Random ranked: QPU-valid-unique matched,1249,1249,8,8,9,9,0.002013377739223658,0,3.754166694180938e-08
"F=20, p=2",20,2,1,Random ranked: QPU-valid-unique matched,1249,1249,16,16,17,17,0.0020603600018174115,0,2.5238754752798798e-08
"F=20, p=2",20,2,1,Random ranked: QPU-valid-unique matched,1249,1249,32,32,33,33,0.0020796805041473215,0,2.8803285534451106e-08
"F=20, p=2",20,2,1,Random ranked: QPU-valid-unique matched,1249,1249,64,64,65,65,0.002112595821948393,0,4.078018411846074e-08
"F=20, p=2",20,2,1,Random ranked: QPU-raw-draw matched,8192,8026,4,4,5,5,0.0021113572316577497,0,2.4384766650342726e-08
"F=20, p=2",20,2,1,Random ranked: QPU-raw-draw matched,8192,8026,8,8,9,9,0.0021113572316577497,0,2.4384766650342726e-08
"F=20, p=2",20,2,1,Random ranked: QPU-raw-draw matched,8192,8026,16,16,17,17,0.0021113572316577497,0,2.4384766650342726e-08
"F=20, p=2",20,2,1,Random ranked: QPU-raw-draw matched,8192,8026,32,32,33,33,0.0021113572316577497,0,2.4384766650342726e-08
"F=20, p=2",20,2,1,Random ranked: QPU-raw-draw matched,8192,8026,64,64,65,65,0.0021113572316577497,0,2.4384766650342726e-08
"F=20, p=2",20,2,2,Uniform random: direct M,4,64,4,4,5,5,0.0014298581316292691,0,8.732669865008091e-10
"F=20, p=2",20,2,2,Uniform random: direct M,8,64,8,8,9,9,0.0014973553779720483,0,9.77358483034152e-09
"F=20, p=2",20,2,2,Uniform random: direct M,16,64,16,16,17,17,0.0020332387098283,0,2.770704377041966e-08
"F=20, p=2",20,2,2,Uniform random: direct M,32,64,32,32,33,33,0.002121730939999629,0,1.6389072654554582e-08
"F=20, p=2",20,2,2,Uniform random: direct M,64,64,64,64,65,65,0.0022080455249576317,0,2.8708719956860307e-08
"F=20, p=2",20,2,2,Random ranked: QPU-valid-unique matched,1231,1231,4,4,5,5,0.0016747057930927428,0,2.443529167894809e-08
"F=20, p=2",20,2,2,Random ranked: QPU-valid-unique matched,1231,1231,8,8,9,9,0.0016747057930927428,0,2.443529167894809e-08
"F=20, p=2",20,2,2,Random ranked: QPU-valid-unique matched,1231,1231,16,16,17,17,0.0021686325631139966,0,2.4519756114393942e-08
"F=20, p=2",20,2,2,Random ranked: QPU-valid-unique matched,1231,1231,32,32,33,33,0.0021686325631139966,0,2.4519756114393942e-08
"F=20, p=2",20,2,2,Random ranked: QPU-valid-unique matched,1231,1231,64,64,65,65,0.0021686325631139966,0,2.4519756114393942e-08
"F=20, p=2",20,2,2,Random ranked: QPU-raw-draw matched,8192,8013,4,4,5,5,0.0017646034026257626,0,1.1662384669097747e-08
"F=20, p=2",20,2,2,Random ranked: QPU-raw-draw matched,8192,8013,8,8,9,9,0.0018107581333463366,0,3.980069540610032e-08
"F=20, p=2",20,2,2,Random ranked: QPU-raw-draw matched,8192,8013,16,16,17,17,0.0018107581333463366,0,3.980069540610032e-08
"F=20, p=2",20,2,2,Random ranked: QPU-raw-draw matched,8192,8013,32,32,33,33,0.0018166811193003549,0,3.53942124498019e-08
"F=20, p=2",20,2,2,Random ranked: QPU-raw-draw matched,8192,8013,64,64,65,65,0.0018166811193003549,0,3.53942124498019e-08
"F=20, p=2",20,2,3,Uniform random: direct M,4,64,4,4,5,5,0.002045699978303464,0,2.3678306426688778e-08
"F=20, p=2",20,2,3,Uniform random: direct M,8,64,8,8,9,9,0.0021043449080078436,0,1.2294238516119549e-08
"F=20, p=2",20,2,3,Uniform random: direct M,16,64,16,16,17,17,0.0021043449080078436,0,1.2294238516119549e-08
"F=20, p=2",20,2,3,Uniform random: direct M,32,64,32,32,33,33,0.0021043449080078436,0,1.2294238516119549e-08
"F=20, p=2",20,2,3,Uniform random: direct M,64,64,64,64,65,65,0.002264087608138919,0,1.47366618907796e-09
"F=20, p=2",20,2,3,Random ranked: QPU-valid-unique matched,1309,1309,4,4,5,5,0.0018189489517914034,0,2.237503060609214e-08
"F=20, p=2",20,2,3,Random ranked: QPU-valid-unique matched,1309,1309,8,8,9,9,0.0018189489517914034,0,2.237503060609214e-08
"F=20, p=2",20,2,3,Random ranked: QPU-valid-unique matched,1309,1309,16,16,17,17,0.0021921585543433347,0,3.597677034061775e-08
"F=20, p=2",20,2,3,Random ranked: QPU-valid-unique matched,1309,1309,32,32,33,33,0.0021921585543433347,0,3.597677034061775e-08
"F=20, p=2",20,2,3,Random ranked: QPU-valid-unique matched,1309,1309,64,64,65,65,0.0021921585543433347,0,3.597677034061775e-08
"F=20, p=2",20,2,3,Random ranked: QPU-raw-draw matched,8192,7978,4,4,5,5,0.002187469533615684,0,6.029761343007145e-10
"F=20, p=2",20,2,3,Random ranked: QPU-raw-draw matched,8192,7978,8,8,9,9,0.002187469533615684,0,6.029761343007145e-10
"F=20, p=2",20,2,3,Random ranked: QPU-raw-draw matched,8192,7978,16,16,17,17,0.002187469533615684,0,6.029761343007145e-10
"F=20, p=2",20,2,3,Random ranked: QPU-raw-draw matched,8192,7978,32,32,33,33,0.002187469533615684,0,6.029761343007145e-10
"F=20, p=2",20,2,3,Random ranked: QPU-raw-draw matched,8192,7978,64,64,65,65,0.002187469533615684,0,6.029761343007145e-10
"F=20, p=2",20,2,4,Uniform random: direct M,4,64,4,4,5,5,0.0014119887389756405,0,3.4064463472205375e-09
"F=20, p=2",20,2,4,Uniform random: direct M,8,64,8,8,9,9,0.0014119887389756405,0,3.4064463472205375e-09
"F=20, p=2",20,2,4,Uniform random: direct M,16,64,16,16,17,17,0.0021738576013757074,0,5.2465985445060426e-09
"F=20, p=2",20,2,4,Uniform random: direct M,32,64,32,32,33,33,0.002263830385529228,0,2.173032220831317e-08
"F=20, p=2",20,2,4,Uniform random: direct M,64,64,64,64,65,65,0.002263830385529228,0,2.173032220831317e-08
"F=20, p=2",20,2,4,Random ranked: QPU-valid-unique matched,1249,1249,4,4,5,5,0.001819825578373263,0,2.5532402470052062e-08
"F=20, p=2",20,2,4,Random ranked: QPU-valid-unique matched,1249,1249,8,8,9,9,0.001819825578373263,0,2.5532402470052062e-08
"F=20, p=2",20,2,4,Random ranked: QPU-valid-unique matched,1249,1249,16,16,17,17,0.0019791262644378582,0,7.688298539476612e-10
"F=20, p=2",20,2,4,Random ranked: QPU-valid-unique matched,1249,1249,32,32,33,33,0.002205936716995552,0,1.5373453898792633e-08
"F=20, p=2",20,2,4,Random ranked: QPU-valid-unique matched,1249,1249,64,64,65,65,0.002205936716995552,0,1.5373453898792633e-08
"F=20, p=2",20,2,4,Random ranked: QPU-raw-draw matched,8192,7991,4,4,5,5,0.002187469533615684,0,6.029761343007145e-10
"F=20, p=2",20,2,4,Random ranked: QPU-raw-draw matched,8192,7991,8,8,9,9,0.002187469533615684,0,6.029761343007145e-10
"F=20, p=2",20,2,4,Random ranked: QPU-raw-draw matched,8192,7991,16,16,17,17,0.002187469533615684,0,6.029761343007145e-10
"F=20, p=2",20,2,4,Random ranked: QPU-raw-draw matched,8192,7991,32,32,33,33,0.002187469533615684,0,6.029761343007145e-10
"F=20, p=2",20,2,4,Random ranked: QPU-raw-draw matched,8192,7991,64,64,65,65,0.002187469533615684,0,6.029761343007145e-10
"F=20, p=2",20,2,5,Uniform random: direct M,4,64,4,4,5,5,0.0019093234887282637,0,7.763560350149135e-09
"F=20, p=2",20,2,5,Uniform random: direct M,8,64,8,8,9,9,0.0019093234887282637,0,7.763560350149135e-09
"F=20, p=2",20,2,5,Uniform random: direct M,16,64,16,16,17,17,0.0019244933635434378,0,1.7670478413833735e-09
"F=20, p=2",20,2,5,Uniform random: direct M,32,64,32,32,33,33,0.0019244933635434378,0,1.7670478413833735e-09
"F=20, p=2",20,2,5,Uniform random: direct M,64,64,64,64,65,65,0.0021175641468026904,0,1.9678663087940862e-08
"F=20, p=2",20,2,5,Random ranked: QPU-valid-unique matched,1231,1231,4,4,5,5,0.0015417348236997225,0,9.265868183838677e-09
"F=20, p=2",20,2,5,Random ranked: QPU-valid-unique matched,1231,1231,8,8,9,9,0.0015417348236997225,0,9.265868183838677e-09
"F=20, p=2",20,2,5,Random ranked: QPU-valid-unique matched,1231,1231,16,16,17,17,0.0021218214508790384,0,1.0226070878971427e-08
"F=20, p=2",20,2,5,Random ranked: QPU-valid-unique matched,1231,1231,32,32,33,33,0.0021218214508790384,0,1.0226070878971427e-08
"F=20, p=2",20,2,5,Random ranked: QPU-valid-unique matched,1231,1231,64,64,65,65,0.0021218214508790384,0,1.0226070878971427e-08
"F=20, p=2",20,2,5,Random ranked: QPU-raw-draw matched,8192,7987,4,4,5,5,0.0018918663031058866,0,2.41334757733469e-09
"F=20, p=2",20,2,5,Random ranked: QPU-raw-draw matched,8192,7987,8,8,9,9,0.0018918663031058866,0,2.41334757733469e-09
"F=20, p=2",20,2,5,Random ranked: QPU-raw-draw matched,8192,7987,16,16,17,17,0.0018918663031058866,0,2.41334757733469e-09
"F=20, p=2",20,2,5,Random ranked: QPU-raw-draw matched,8192,7987,32,32,33,33,0.0018918663031058866,0,2.41334757733469e-09
"F=20, p=2",20,2,5,Random ranked: QPU-raw-draw matched,8192,7987,64,64,65,65,0.0018918663031058866,0,2.41334757733469e-09
"F=20, p=2",20,2,6,Uniform random: direct M,4,64,4,4,5,5,0.0016331066383581047,0,1.0957291740609776e-09
"F=20, p=2",20,2,6,Uniform random: direct M,8,64,8,8,9,9,0.0016331066383581047,0,1.0957291740609776e-09
"F=20, p=2",20,2,6,Uniform random: direct M,16,64,16,16,17,17,0.0021819804025509856,0,2.8163066323472208e-09
"F=20, p=2",20,2,6,Uniform random: direct M,32,64,32,32,33,33,0.0021819804025509856,0,2.8163066323472208e-09
"F=20, p=2",20,2,6,Uniform random: direct M,64,64,64,64,65,65,0.0021819804025509856,0,2.8163066323472208e-09
"F=20, p=2",20,2,6,Random ranked: QPU-valid-unique matched,1309,1309,4,4,5,5,0.001835151778897294,0,5.602915853497592e-09
"F=20, p=2",20,2,6,Random ranked: QPU-valid-unique matched,1309,1309,8,8,9,9,0.002030980634029435,0,9.16316716947918e-09
"F=20, p=2",20,2,6,Random ranked: QPU-valid-unique matched,1309,1309,16,16,17,17,0.002164824731956505,0,1.830249778123072e-09
"F=20, p=2",20,2,6,Random ranked: QPU-valid-unique matched,1309,1309,32,32,33,33,0.002164824731956505,0,1.830249778123072e-09
"F=20, p=2",20,2,6,Random ranked: QPU-valid-unique matched,1309,1309,64,64,65,65,0.002164824731956505,0,1.830249778123072e-09
"F=20, p=2",20,2,6,Random ranked: QPU-raw-draw matched,8192,7995,4,4,5,5,0.0019597705316702005,0,8.164678169664263e-10
"F=20, p=2",20,2,6,Random ranked: QPU-raw-draw matched,8192,7995,8,8,9,9,0.0021086294243018305,0,3.456383579347744e-08
"F=20, p=2",20,2,6,Random ranked: QPU-raw-draw matched,8192,7995,16,16,17,17,0.0021086294243018305,0,3.456383579347744e-08
"F=20, p=2",20,2,6,Random ranked: QPU-raw-draw matched,8192,7995,32,32,33,33,0.0021086294243018305,0,3.456383579347744e-08
"F=20, p=2",20,2,6,Random ranked: QPU-raw-draw matched,8192,7995,64,64,65,65,0.0021086294243018305,0,3.456383579347744e-08
"F=20, p=2",20,2,7,Uniform random: direct M,4,64,4,4,5,5,0.0017459703414561267,0,3.4892233324868016e-08
"F=20, p=2",20,2,7,Uniform random: direct M,8,64,8,8,9,9,0.0017683213825241198,0,7.288488979018126e-10
"F=20, p=2",20,2,7,Uniform random: direct M,16,64,16,16,17,17,0.002185377756191917,0,8.337866230778701e-09
"F=20, p=2",20,2,7,Uniform random: direct M,32,64,32,32,33,33,0.002185377756191917,0,8.337866230778701e-09
"F=20, p=2",20,2,7,Uniform random: direct M,64,64,64,64,65,65,0.002216286301628491,0,3.7306380207269285e-10
"F=20, p=2",20,2,7,Random ranked: QPU-valid-unique matched,1249,1249,4,4,5,5,0.001500374586069532,0,3.841269824444993e-08
"F=20, p=2",20,2,7,Random ranked: QPU-valid-unique matched,1249,1249,8,8,9,9,0.0015194642985723802,0,9.444877727138312e-10
"F=20, p=2",20,2,7,Random ranked: QPU-valid-unique matched,1249,1249,16,16,17,17,0.002068130814665628,0,1.2187946554775841e-09
"F=20, p=2",20,2,7,Random ranked: QPU-valid-unique matched,1249,1249,32,32,33,33,0.002068130814665628,0,1.2187946554775841e-09
"F=20, p=2",20,2,7,Random ranked: QPU-valid-unique matched,1249,1249,64,64,65,65,0.002068130814665628,0,1.2187946554775841e-09
"F=20, p=2",20,2,7,Random ranked: QPU-raw-draw matched,8192,8002,4,4,5,5,0.0017789243431425156,0,3.705698858880169e-08
"F=20, p=2",20,2,7,Random ranked: QPU-raw-draw matched,8192,8002,8,8,9,9,0.0019437291017228575,0,9.703194775445567e-10
"F=20, p=2",20,2,7,Random ranked: QPU-raw-draw matched,8192,8002,16,16,17,17,0.0019437291017228575,0,9.703194775445567e-10
"F=20, p=2",20,2,7,Random ranked: QPU-raw-draw matched,8192,8002,32,32,33,33,0.0019437291017228575,0,9.703194775445567e-10
"F=20, p=2",20,2,7,Random ranked: QPU-raw-draw matched,8192,8002,64,64,65,65,0.002191481565177178,0,2.9490040465152134e-08
"F=20, p=2",20,2,8,Uniform random: direct M,4,64,4,4,5,5,0.0019557435437803153,0,5.130281754972543e-10
"F=20, p=2",20,2,8,Uniform random: direct M,8,64,8,8,9,9,0.0019557435437803153,0,5.130281754972543e-10
"F=20, p=2",20,2,8,Uniform random: direct M,16,64,16,16,17,17,0.0019557435437803153,0,5.130281754972543e-10
"F=20, p=2",20,2,8,Uniform random: direct M,32,64,32,32,33,33,0.0020304981111153447,0,1.547627158371423e-09
"F=20, p=2",20,2,8,Uniform random: direct M,64,64,64,64,65,65,0.0021963698590176522,0,2.492549444621517e-08
"F=20, p=2",20,2,8,Random ranked: QPU-valid-unique matched,1231,1231,4,4,5,5,0.0015939468680099267,0,2.265988613414649e-08
"F=20, p=2",20,2,8,Random ranked: QPU-valid-unique matched,1231,1231,8,8,9,9,0.0018920825831537022,0,9.750710230557735e-10
"F=20, p=2",20,2,8,Random ranked: QPU-valid-unique matched,1231,1231,16,16,17,17,0.002232781409646202,0,5.824986160085643e-09
"F=20, p=2",20,2,8,Random ranked: QPU-valid-unique matched,1231,1231,32,32,33,33,0.002232781409646202,0,5.824986160085643e-09
"F=20, p=2",20,2,8,Random ranked: QPU-valid-unique matched,1231,1231,64,64,65,65,0.002232781409646202,0,5.824986160085643e-09
"F=20, p=2",20,2,8,Random ranked: QPU-raw-draw matched,8192,7993,4,4,5,5,0.002187469533615684,0,6.029761343007145e-10
"F=20, p=2",20,2,8,Random ranked: QPU-raw-draw matched,8192,7993,8,8,9,9,0.002187469533615684,0,6.029761343007145e-10
"F=20, p=2",20,2,8,Random ranked: QPU-raw-draw matched,8192,7993,16,16,17,17,0.002187469533615684,0,6.029761343007145e-10
"F=20, p=2",20,2,8,Random ranked: QPU-raw-draw matched,8192,7993,32,32,33,33,0.002187469533615684,0,6.029761343007145e-10
"F=20, p=2",20,2,8,Random ranked: QPU-raw-draw matched,8192,7993,64,64,65,65,0.002187469533615684,0,6.029761343007145e-10
"F=20, p=2",20,2,9,Uniform random: direct M,4,64,4,4,5,5,0.001559284777906983,0,3.6511994871979425e-08
"F=20, p=2",20,2,9,Uniform random: direct M,8,64,8,8,9,9,0.001973458367568126,0,1.1227366925048443e-08
"F=20, p=2",20,2,9,Uniform random: direct M,16,64,16,16,17,17,0.0020460046864350587,0,9.877684892245497e-09
"F=20, p=2",20,2,9,Uniform random: direct M,32,64,32,32,33,33,0.0020867541020631875,0,2.443158436671311e-08
"F=20, p=2",20,2,9,Uniform random: direct M,64,64,64,64,65,65,0.0021379490195863257,0,5.850071982393956e-09
"F=20, p=2",20,2,9,Random ranked: QPU-valid-unique matched,1309,1309,4,4,5,5,0.0018021233268666337,0,8.094392933699623e-10
"F=20, p=2",20,2,9,Random ranked: QPU-valid-unique matched,1309,1309,8,8,9,9,0.0018021233268666337,0,8.094392933699623e-10
"F=20, p=2",20,2,9,Random ranked: QPU-valid-unique matched,1309,1309,16,16,17,17,0.0021386631516765522,0,9.86252163270862e-09
"F=20, p=2",20,2,9,Random ranked: QPU-valid-unique matched,1309,1309,32,32,33,33,0.0021386631516765522,0,9.86252163270862e-09
"F=20, p=2",20,2,9,Random ranked: QPU-valid-unique matched,1309,1309,64,64,65,65,0.0021386631516765522,0,9.86252163270862e-09
"F=20, p=2",20,2,9,Random ranked: QPU-raw-draw matched,8192,7994,4,4,5,5,0.0016497915792550652,0,8.384153024620922e-10
"F=20, p=2",20,2,9,Random ranked: QPU-raw-draw matched,8192,7994,8,8,9,9,0.0018344989328363953,0,1.7068007895915116e-08
"F=20, p=2",20,2,9,Random ranked: QPU-raw-draw matched,8192,7994,16,16,17,17,0.0018344989328363953,0,1.7068007895915116e-08
"F=20, p=2",20,2,9,Random ranked: QPU-raw-draw matched,8192,7994,32,32,33,33,0.0018344989328363953,0,1.7068007895915116e-08
"F=20, p=2",20,2,9,Random ranked: QPU-raw-draw matched,8192,7994,64,64,65,65,0.0022587723908147547,0,5.039756598157474e-10
"F=20, p=2",20,2,10,Uniform random: direct M,4,64,4,4,5,5,0.0016184646561710828,0,8.098444137516481e-10
"F=20, p=2",20,2,10,Uniform random: direct M,8,64,8,8,9,9,0.0016410503263149176,0,1.7047218858756708e-08
"F=20, p=2",20,2,10,Uniform random: direct M,16,64,16,16,17,17,0.0016410503263149176,0,1.7047218858756708e-08
"F=20, p=2",20,2,10,Uniform random: direct M,32,64,32,32,33,33,0.0019935267248676683,0,1.79949822265435e-08
"F=20, p=2",20,2,10,Uniform random: direct M,64,64,64,64,65,65,0.0021215253215720598,0,2.6713510847820032e-08
"F=20, p=2",20,2,10,Random ranked: QPU-valid-unique matched,1249,1249,4,4,5,5,0.0014757378731175136,0,3.513992913317665e-08
"F=20, p=2",20,2,10,Random ranked: QPU-valid-unique matched,1249,1249,8,8,9,9,0.0014757378731175136,0,3.513992913317665e-08
"F=20, p=2",20,2,10,Random ranked: QPU-valid-unique matched,1249,1249,16,16,17,17,0.0021808631120268027,0,7.98756449871263e-09
"F=20, p=2",20,2,10,Random ranked: QPU-valid-unique matched,1249,1249,32,32,33,33,0.0021808631120268027,0,7.98756449871263e-09
"F=20, p=2",20,2,10,Random ranked: QPU-valid-unique matched,1249,1249,64,64,65,65,0.0021808631120268027,0,7.98756449871263e-09
"F=20, p=2",20,2,10,Random ranked: QPU-raw-draw matched,8192,8011,4,4,5,5,0.0018465315989052294,0,7.728707326903894e-10
"F=20, p=2",20,2,10,Random ranked: QPU-raw-draw matched,8192,8011,8,8,9,9,0.002013377739223658,0,3.754166694180938e-08
"F=20, p=2",20,2,10,Random ranked: QPU-raw-draw matched,8192,8011,16,16,17,17,0.002013377739223658,0,3.754166694180938e-08
"F=20, p=2",20,2,10,Random ranked: QPU-raw-draw matched,8192,8011,32,32,33,33,0.002013377739223658,0,3.754166694180938e-08
"F=20, p=2",20,2,10,Random ranked: QPU-raw-draw matched,8192,8011,64,64,65,65,0.002013377739223658,0,3.754166694180938e-08
"F=20, p=2",20,2,11,Uniform random: direct M,4,64,4,4,5,5,0.0016852759554529043,0,1.652612074964921e-09
"F=20, p=2",20,2,11,Uniform random: direct M,8,64,8,8,9,9,0.0019359996430069193,0,1.2819692321586196e-09
"F=20, p=2",20,2,11,Uniform random: direct M,16,64,16,16,17,17,0.0019597729399911043,0,3.3539575006180655e-08
"F=20, p=2",20,2,11,Uniform random: direct M,32,64,32,32,33,33,0.002036154581333778,0,6.97078263167672e-10
"F=20, p=2",20,2,11,Uniform random: direct M,64,64,64,64,65,65,0.0021538048093250953,0,1.206120231467267e-08
"F=20, p=2",20,2,11,Random ranked: QPU-valid-unique matched,1231,1231,4,4,5,5,0.001687062812505899,0,3.167801287951022e-08
"F=20, p=2",20,2,11,Random ranked: QPU-valid-unique matched,1231,1231,8,8,9,9,0.001687062812505899,0,3.167801287951022e-08
"F=20, p=2",20,2,11,Random ranked: QPU-valid-unique matched,1231,1231,16,16,17,17,0.002205936716995552,0,1.5373453898792633e-08
"F=20, p=2",20,2,11,Random ranked: QPU-valid-unique matched,1231,1231,32,32,33,33,0.002205936716995552,0,1.5373453898792633e-08
"F=20, p=2",20,2,11,Random ranked: QPU-valid-unique matched,1231,1231,64,64,65,65,0.002205936716995552,0,1.5373453898792633e-08
"F=20, p=2",20,2,11,Random ranked: QPU-raw-draw matched,8192,7993,4,4,5,5,0.0018697204243796409,0,2.3012301619829145e-08
"F=20, p=2",20,2,11,Random ranked: QPU-raw-draw matched,8192,7993,8,8,9,9,0.0019171219591938224,0,6.113517081463016e-09
"F=20, p=2",20,2,11,Random ranked: QPU-raw-draw matched,8192,7993,16,16,17,17,0.0019171219591938224,0,6.113517081463016e-09
"F=20, p=2",20,2,11,Random ranked: QPU-raw-draw matched,8192,7993,32,32,33,33,0.0019171219591938224,0,6.113517081463016e-09
"F=20, p=2",20,2,11,Random ranked: QPU-raw-draw matched,8192,7993,64,64,65,65,0.0019171219591938224,0,6.113517081463016e-09
"F=20, p=2",20,2,12,Uniform random: direct M,4,64,4,4,5,5,0.0017941440235120162,0,8.633072645647388e-09
"F=20, p=2",20,2,12,Uniform random: direct M,8,64,8,8,9,9,0.0017941440235120162,0,8.633072645647388e-09
"F=20, p=2",20,2,12,Uniform random: direct M,16,64,16,16,17,17,0.0017941440235120162,0,8.633072645647388e-09
"F=20, p=2",20,2,12,Uniform random: direct M,32,64,32,32,33,33,0.0019946405615412777,0,4.568308287211664e-09
"F=20, p=2",20,2,12,Uniform random: direct M,64,64,64,64,65,65,0.0023002309027312304,0,1.9040168330874963e-09
"F=20, p=2",20,2,12,Random ranked: QPU-valid-unique matched,1309,1309,4,4,5,5,0.0018166811193003549,0,3.53942124498019e-08
"F=20, p=2",20,2,12,Random ranked: QPU-valid-unique matched,1309,1309,8,8,9,9,0.0018166811193003549,0,3.53942124498019e-08
"F=20, p=2",20,2,12,Random ranked: QPU-valid-unique matched,1309,1309,16,16,17,17,0.0021928489147197694,0,4.288133514940284e-09
"F=20, p=2",20,2,12,Random ranked: QPU-valid-unique matched,1309,1309,32,32,33,33,0.0021928489147197694,0,4.288133514940284e-09
"F=20, p=2",20,2,12,Random ranked: QPU-valid-unique matched,1309,1309,64,64,65,65,0.0021928489147197694,0,4.288133514940284e-09
"F=20, p=2",20,2,12,Random ranked: QPU-raw-draw matched,8192,8002,4,4,5,5,0.0017931724510883984,0,1.4688931959661033e-08
"F=20, p=2",20,2,12,Random ranked: QPU-raw-draw matched,8192,8002,8,8,9,9,0.0017931724510883984,0,1.4688931959661033e-08
"F=20, p=2",20,2,12,Random ranked: QPU-raw-draw matched,8192,8002,16,16,17,17,0.0017931724510883984,0,1.4688931959661033e-08
"F=20, p=2",20,2,12,Random ranked: QPU-raw-draw matched,8192,8002,32,32,33,33,0.0017931724510883984,0,1.4688931959661033e-08
"F=20, p=2",20,2,12,Random ranked: QPU-raw-draw matched,8192,8002,64,64,65,65,0.0017931724510883984,0,1.4688931959661033e-08
"F=20, p=2",20,2,13,Uniform random: direct M,4,64,4,4,5,5,0.0015901030553645973,0,1.8266263154820273e-09
"F=20, p=2",20,2,13,Uniform random: direct M,8,64,8,8,9,9,0.0017114355052245608,0,8.957276179458185e-10
"F=20, p=2",20,2,13,Uniform random: direct M,16,64,16,16,17,17,0.0019359247503582394,0,1.2224156686890808e-08
"F=20, p=2",20,2,13,Uniform random: direct M,32,64,32,32,33,33,0.002121011474063267,0,4.254396590575027e-08
"F=20, p=2",20,2,13,Uniform random: direct M,64,64,64,64,65,65,0.002121011474063267,0,4.254396590575027e-08
"F=20, p=2",20,2,13,Random ranked: QPU-valid-unique matched,1249,1249,4,4,5,5,0.0020310515804183096,0,1.718013509233174e-08
"F=20, p=2",20,2,13,Random ranked: QPU-valid-unique matched,1249,1249,8,8,9,9,0.0020847379203505143,0,4.839539546885874e-09
"F=20, p=2",20,2,13,Random ranked: QPU-valid-unique matched,1249,1249,16,16,17,17,0.0020847379203505143,0,4.839539546885874e-09
"F=20, p=2",20,2,13,Random ranked: QPU-valid-unique matched,1249,1249,32,32,33,33,0.00208683919381452,0,5.07961776807786e-10
"F=20, p=2",20,2,13,Random ranked: QPU-valid-unique matched,1249,1249,64,64,65,65,0.00208683919381452,0,5.07961776807786e-10
"F=20, p=2",20,2,13,Random ranked: QPU-raw-draw matched,8192,7989,4,4,5,5,0.0017789243431425156,0,3.705698858880169e-08
"F=20, p=2",20,2,13,Random ranked: QPU-raw-draw matched,8192,7989,8,8,9,9,0.0019060040773561243,0,2.9618371533146615e-08
"F=20, p=2",20,2,13,Random ranked: QPU-raw-draw matched,8192,7989,16,16,17,17,0.0019060040773561243,0,2.9618371533146615e-08
"F=20, p=2",20,2,13,Random ranked: QPU-raw-draw matched,8192,7989,32,32,33,33,0.0019060040773561243,0,2.9618371533146615e-08
"F=20, p=2",20,2,13,Random ranked: QPU-raw-draw matched,8192,7989,64,64,65,65,0.0019060040773561243,0,2.9618371533146615e-08
"F=20, p=2",20,2,14,Uniform random: direct M,4,64,4,4,5,5,0.001390508964215366,0,8.578418309035385e-09
"F=20, p=2",20,2,14,Uniform random: direct M,8,64,8,8,9,9,0.002081476468486304,0,1.3775902418800001e-08
"F=20, p=2",20,2,14,Uniform random: direct M,16,64,16,16,17,17,0.002081476468486304,0,1.3775902418800001e-08
"F=20, p=2",20,2,14,Uniform random: direct M,32,64,32,32,33,33,0.002182151984476778,0,9.267783374067307e-09
"F=20, p=2",20,2,14,Uniform random: direct M,64,64,64,64,65,65,0.002182151984476778,0,9.267783374067307e-09
"F=20, p=2",20,2,14,Random ranked: QPU-valid-unique matched,1231,1231,4,4,5,5,0.0018827047019751228,0,1.4376670904106548e-09
"F=20, p=2",20,2,14,Random ranked: QPU-valid-unique matched,1231,1231,8,8,9,9,0.0018827047019751228,0,1.4376670904106548e-09
"F=20, p=2",20,2,14,Random ranked: QPU-valid-unique matched,1231,1231,16,16,17,17,0.0020514415040044504,0,6.899000606908068e-10
"F=20, p=2",20,2,14,Random ranked: QPU-valid-unique matched,1231,1231,32,32,33,33,0.0020514415040044504,0,6.899000606908068e-10
"F=20, p=2",20,2,14,Random ranked: QPU-valid-unique matched,1231,1231,64,64,65,65,0.0020514415040044504,0,6.899000606908068e-10
"F=20, p=2",20,2,14,Random ranked: QPU-raw-draw matched,8192,8010,4,4,5,5,0.00208092977917701,0,1.4015973714975871e-08
"F=20, p=2",20,2,14,Random ranked: QPU-raw-draw matched,8192,8010,8,8,9,9,0.00208092977917701,0,1.4015973714975871e-08
"F=20, p=2",20,2,14,Random ranked: QPU-raw-draw matched,8192,8010,16,16,17,17,0.00208092977917701,0,1.4015973714975871e-08
"F=20, p=2",20,2,14,Random ranked: QPU-raw-draw matched,8192,8010,32,32,33,33,0.00208092977917701,0,1.4015973714975871e-08
"F=20, p=2",20,2,14,Random ranked: QPU-raw-draw matched,8192,8010,64,64,65,65,0.00208092977917701,0,1.4015973714975871e-08
"F=20, p=2",20,2,15,Uniform random: direct M,4,64,4,4,5,5,0.001516929530100193,0,1.997304995005056e-09
"F=20, p=2",20,2,15,Uniform random: direct M,8,64,8,8,9,9,0.001516929530100193,0,1.997304995005056e-09
"F=20, p=2",20,2,15,Uniform random: direct M,16,64,16,16,17,17,0.001858806717618143,0,2.180567132414879e-08
"F=20, p=2",20,2,15,Uniform random: direct M,32,64,32,32,33,33,0.002019403258361939,0,1.1142056652313492e-09
"F=20, p=2",20,2,15,Uniform random: direct M,64,64,64,64,65,65,0.002019403258361939,0,1.1142056652313492e-09
"F=20, p=2",20,2,15,Random ranked: QPU-valid-unique matched,1309,1309,4,4,5,5,0.0016997490606263585,0,1.4799977132717856e-08
"F=20, p=2",20,2,15,Random ranked: QPU-valid-unique matched,1309,1309,8,8,9,9,0.0019863545120112486,0,6.132051089124957e-09
"F=20, p=2",20,2,15,Random ranked: QPU-valid-unique matched,1309,1309,16,16,17,17,0.0020150811885760594,0,1.50925305586469e-09
"F=20, p=2",20,2,15,Random ranked: QPU-valid-unique matched,1309,1309,32,32,33,33,0.0020150811885760594,0,1.50925305586469e-09
"F=20, p=2",20,2,15,Random ranked: QPU-valid-unique matched,1309,1309,64,64,65,65,0.0020150811885760594,0,1.50925305586469e-09
"F=20, p=2",20,2,15,Random ranked: QPU-raw-draw matched,8192,7970,4,4,5,5,0.002013377739223658,0,3.754166694180938e-08
"F=20, p=2",20,2,15,Random ranked: QPU-raw-draw matched,8192,7970,8,8,9,9,0.002013377739223658,0,3.754166694180938e-08
"F=20, p=2",20,2,15,Random ranked: QPU-raw-draw matched,8192,7970,16,16,17,17,0.002013377739223658,0,3.754166694180938e-08
"F=20, p=2",20,2,15,Random ranked: QPU-raw-draw matched,8192,7970,32,32,33,33,0.002013377739223658,0,3.754166694180938e-08
"F=20, p=2",20,2,15,Random ranked: QPU-raw-draw matched,8192,7970,64,64,65,65,0.0022600441046370864,0,4.56952808924882e-10
"F=20, p=2",20,2,16,Uniform random: direct M,4,64,4,4,5,5,0.0019909764514735653,0,9.724550165124413e-09
"F=20, p=2",20,2,16,Uniform random: direct M,8,64,8,8,9,9,0.0019909764514735653,0,9.724550165124413e-09
"F=20, p=2",20,2,16,Uniform random: direct M,16,64,16,16,17,17,0.0019909764514735653,0,9.724550165124413e-09
"F=20, p=2",20,2,16,Uniform random: direct M,32,64,32,32,33,33,0.002158764357139638,0,1.1558407564393747e-09
"F=20, p=2",20,2,16,Uniform random: direct M,64,64,64,64,65,65,0.0022895289470638847,0,2.230351464627134e-08
"F=20, p=2",20,2,16,Random ranked: QPU-valid-unique matched,1249,1249,4,4,5,5,0.0019147400549390653,0,2.8472323942985156e-09
"F=20, p=2",20,2,16,Random ranked: QPU-valid-unique matched,1249,1249,8,8,9,9,0.0021126425416224393,0,1.7895201875894884e-08
"F=20, p=2",20,2,16,Random ranked: QPU-valid-unique matched,1249,1249,16,16,17,17,0.0021126425416224393,0,1.7895201875894884e-08
"F=20, p=2",20,2,16,Random ranked: QPU-valid-unique matched,1249,1249,32,32,33,33,0.00211548435373253,0,4.26102960693342e-08
"F=20, p=2",20,2,16,Random ranked: QPU-valid-unique matched,1249,1249,64,64,65,65,0.00211548435373253,0,4.26102960693342e-08
"F=20, p=2",20,2,16,Random ranked: QPU-raw-draw matched,8192,7996,4,4,5,5,0.0019186540437324123,0,1.2730452499457034e-09
"F=20, p=2",20,2,16,Random ranked: QPU-raw-draw matched,8192,7996,8,8,9,9,0.0019186540437324123,0,1.2730452499457034e-09
"F=20, p=2",20,2,16,Random ranked: QPU-raw-draw matched,8192,7996,16,16,17,17,0.0019186540437324123,0,1.2730452499457034e-09
"F=20, p=2",20,2,16,Random ranked: QPU-raw-draw matched,8192,7996,32,32,33,33,0.0019186540437324123,0,1.2730452499457034e-09
"F=20, p=2",20,2,16,Random ranked: QPU-raw-draw matched,8192,7996,64,64,65,65,0.002191481565177178,0,2.9490040465152134e-08
"F=20, p=2",20,2,17,Uniform random: direct M,4,64,4,4,5,5,0.0015762588003717243,0,2.3954688566085736e-08
"F=20, p=2",20,2,17,Uniform random: direct M,8,64,8,8,9,9,0.0016429970583930545,0,1.5484923343578316e-08
"F=20, p=2",20,2,17,Uniform random: direct M,16,64,16,16,17,17,0.002089033145084268,0,1.6364872568175315e-08
"F=20, p=2",20,2,17,Uniform random: direct M,32,64,32,32,33,33,0.0020998316591862853,0,4.054583235824083e-08
"F=20, p=2",20,2,17,Uniform random: direct M,64,64,64,64,65,65,0.0020998316591862853,0,4.054583235824083e-08
"F=20, p=2",20,2,17,Random ranked: QPU-valid-unique matched,1231,1231,4,4,5,5,0.0017711208806184403,0,2.8800557272390392e-08
"F=20, p=2",20,2,17,Random ranked: QPU-valid-unique matched,1231,1231,8,8,9,9,0.0017711208806184403,0,2.8800557272390392e-08
"F=20, p=2",20,2,17,Random ranked: QPU-valid-unique matched,1231,1231,16,16,17,17,0.001989428621546961,0,9.452596830272775e-10
"F=20, p=2",20,2,17,Random ranked: QPU-valid-unique matched,1231,1231,32,32,33,33,0.0021178174341498768,0,1.528803184047689e-08
"F=20, p=2",20,2,17,Random ranked: QPU-valid-unique matched,1231,1231,64,64,65,65,0.002136943316528514,0,2.1148861384379103e-08
"F=20, p=2",20,2,17,Random ranked: QPU-raw-draw matched,8192,7993,4,4,5,5,0.0019803161783807643,0,1.3166450707480237e-09
"F=20, p=2",20,2,17,Random ranked: QPU-raw-draw matched,8192,7993,8,8,9,9,0.0019803161783807643,0,1.3166450707480237e-09
"F=20, p=2",20,2,17,Random ranked: QPU-raw-draw matched,8192,7993,16,16,17,17,0.0019803161783807643,0,1.3166450707480237e-09
"F=20, p=2",20,2,17,Random ranked: QPU-raw-draw matched,8192,7993,32,32,33,33,0.0019803161783807643,0,1.3166450707480237e-09
"F=20, p=2",20,2,17,Random ranked: QPU-raw-draw matched,8192,7993,64,64,65,65,0.0019803161783807643,0,1.3166450707480237e-09
"F=20, p=2",20,2,18,Uniform random: direct M,4,64,4,4,5,5,0.0018074278084096798,0,3.832808836978785e-08
"F=20, p=2",20,2,18,Uniform random: direct M,8,64,8,8,9,9,0.0018074278084096798,0,3.832808836978785e-08
"F=20, p=2",20,2,18,Uniform random: direct M,16,64,16,16,17,17,0.0019344005330978395,0,4.327436187168132e-09
"F=20, p=2",20,2,18,Uniform random: direct M,32,64,32,32,33,33,0.0022805014994580763,0,1.6046136086522722e-09
"F=20, p=2",20,2,18,Uniform random: direct M,64,64,64,64,65,65,0.0022805014994580763,0,1.6046136086522722e-09
"F=20, p=2",20,2,18,Random ranked: QPU-valid-unique matched,1309,1309,4,4,5,5,0.0016939846698969738,0,9.137278572657337e-10
"F=20, p=2",20,2,18,Random ranked: QPU-valid-unique matched,1309,1309,8,8,9,9,0.0016939846698969738,0,9.137278572657337e-10
"F=20, p=2",20,2,18,Random ranked: QPU-valid-unique matched,1309,1309,16,16,17,17,0.0019167360697798091,0,1.7342396615993572e-09
"F=20, p=2",20,2,18,Random ranked: QPU-valid-unique matched,1309,1309,32,32,33,33,0.0021192635803752857,0,3.612910665085067e-08
"F=20, p=2",20,2,18,Random ranked: QPU-valid-unique matched,1309,1309,64,64,65,65,0.0021192635803752857,0,3.612910665085067e-08
"F=20, p=2",20,2,18,Random ranked: QPU-raw-draw matched,8192,7991,4,4,5,5,0.0020724279682022284,0,1.913502056805072e-08
"F=20, p=2",20,2,18,Random ranked: QPU-raw-draw matched,8192,7991,8,8,9,9,0.0020724279682022284,0,1.913502056805072e-08
"F=20, p=2",20,2,18,Random ranked: QPU-raw-draw matched,8192,7991,16,16,17,17,0.0020724279682022284,0,1.913502056805072e-08
"F=20, p=2",20,2,18,Random ranked: QPU-raw-draw matched,8192,7991,32,32,33,33,0.0020724279682022284,0,1.913502056805072e-08
"F=20, p=2",20,2,18,Random ranked: QPU-raw-draw matched,8192,7991,64,64,65,65,0.002168266560731255,0,3.240348753208444e-10
"F=20, p=2",20,2,19,Uniform random: direct M,4,64,4,4,5,5,0.001441216750358923,0,2.2387648401789306e-09
"F=20, p=2",20,2,19,Uniform random: direct M,8,64,8,8,9,9,0.0018471862551639254,0,4.071348008727327e-08
"F=20, p=2",20,2,19,Uniform random: direct M,16,64,16,16,17,17,0.0019441075792405171,0,4.0484424840281363e-10
"F=20, p=2",20,2,19,Uniform random: direct M,32,64,32,32,33,33,0.0022153665714687715,0,1.520888848194346e-08
"F=20, p=2",20,2,19,Uniform random: direct M,64,64,64,64,65,65,0.0023258961370318312,0,1.7195025958649524e-08
"F=20, p=2",20,2,19,Random ranked: QPU-valid-unique matched,1249,1249,4,4,5,5,0.0017903767840138987,0,1.9295556985543527e-08
"F=20, p=2",20,2,19,Random ranked: QPU-valid-unique matched,1249,1249,8,8,9,9,0.0017903767840138987,0,1.9295556985543527e-08
"F=20, p=2",20,2,19,Random ranked: QPU-valid-unique matched,1249,1249,16,16,17,17,0.002095939648409005,0,2.6632290928141344e-08
"F=20, p=2",20,2,19,Random ranked: QPU-valid-unique matched,1249,1249,32,32,33,33,0.002154638912167446,0,6.6551228417033315e-09
"F=20, p=2",20,2,19,Random ranked: QPU-valid-unique matched,1249,1249,64,64,65,65,0.002154638912167446,0,6.6551228417033315e-09
"F=20, p=2",20,2,19,Random ranked: QPU-raw-draw matched,8192,8011,4,4,5,5,0.0016467448696301304,0,2.139179944293801e-09
"F=20, p=2",20,2,19,Random ranked: QPU-raw-draw matched,8192,8011,8,8,9,9,0.002013377739223658,0,3.754166694180938e-08
"F=20, p=2",20,2,19,Random ranked: QPU-raw-draw matched,8192,8011,16,16,17,17,0.002013377739223658,0,3.754166694180938e-08
"F=20, p=2",20,2,19,Random ranked: QPU-raw-draw matched,8192,8011,32,32,33,33,0.002013377739223658,0,3.754166694180938e-08
"F=20, p=2",20,2,19,Random ranked: QPU-raw-draw matched,8192,8011,64,64,65,65,0.0021218214508790384,0,1.0226070878971427e-08
"F=20, p=2",20,2,20,Uniform random: direct M,4,64,4,4,5,5,0.001989966828468373,0,2.6159055477315007e-09
"F=20, p=2",20,2,20,Uniform random: direct M,8,64,8,8,9,9,0.001989966828468373,0,2.6159055477315007e-09
"F=20, p=2",20,2,20,Uniform random: direct M,16,64,16,16,17,17,0.001989966828468373,0,2.6159055477315007e-09
"F=20, p=2",20,2,20,Uniform random: direct M,32,64,32,32,33,33,0.001989966828468373,0,2.6159055477315007e-09
"F=20, p=2",20,2,20,Uniform random: direct M,64,64,64,64,65,65,0.001989966828468373,0,2.6159055477315007e-09
"F=20, p=2",20,2,20,Random ranked: QPU-valid-unique matched,1231,1231,4,4,5,5,0.00208092977917701,0,1.4015973714975871e-08
"F=20, p=2",20,2,20,Random ranked: QPU-valid-unique matched,1231,1231,8,8,9,9,0.00208092977917701,0,1.4015973714975871e-08
"F=20, p=2",20,2,20,Random ranked: QPU-valid-unique matched,1231,1231,16,16,17,17,0.0022033844829232596,0,8.13948985989299e-09
"F=20, p=2",20,2,20,Random ranked: QPU-valid-unique matched,1231,1231,32,32,33,33,0.0022033844829232596,0,8.13948985989299e-09
"F=20, p=2",20,2,20,Random ranked: QPU-valid-unique matched,1231,1231,64,64,65,65,0.0022033844829232596,0,8.13948985989299e-09
"F=20, p=2",20,2,20,Random ranked: QPU-raw-draw matched,8192,7989,4,4,5,5,0.0019482130650752341,0,1.1699689661526236e-08
"F=20, p=2",20,2,20,Random ranked: QPU-raw-draw matched,8192,7989,8,8,9,9,0.0019482130650752341,0,1.1699689661526236e-08
"F=20, p=2",20,2,20,Random ranked: QPU-raw-draw matched,8192,7989,16,16,17,17,0.0019482130650752341,0,1.1699689661526236e-08
"F=20, p=2",20,2,20,Random ranked: QPU-raw-draw matched,8192,7989,32,32,33,33,0.0019482130650752341,0,1.1699689661526236e-08
"F=20, p=2",20,2,20,Random ranked: QPU-raw-draw matched,8192,7989,64,64,65,65,0.0019482130650752341,0,1.1699689661526236e-08
"F=20, p=2",20,2,21,Uniform random: direct M,4,64,4,4,5,5,0.001559914772404837,0,1.811114036520678e-08
"F=20, p=2",20,2,21,Uniform random: direct M,8,64,8,8,9,9,0.001559914772404837,0,1.811114036520678e-08
"F=20, p=2",20,2,21,Uniform random: direct M,16,64,16,16,17,17,0.0018435806257098356,0,2.785782216019328e-08
"F=20, p=2",20,2,21,Uniform random: direct M,32,64,32,32,33,33,0.001915211890677497,0,3.4271358584359035e-08
"F=20, p=2",20,2,21,Uniform random: direct M,64,64,64,64,65,65,0.002152458855626739,0,7.129410506401257e-09
"F=20, p=2",20,2,21,Random ranked: QPU-valid-unique matched,1309,1309,4,4,5,5,0.0017802674227191395,0,3.498510625643547e-08
"F=20, p=2",20,2,21,Random ranked: QPU-valid-unique matched,1309,1309,8,8,9,9,0.0017802674227191395,0,3.498510625643547e-08
"F=20, p=2",20,2,21,Random ranked: QPU-valid-unique matched,1309,1309,16,16,17,17,0.0019484435703451472,0,3.502009598976841e-08
"F=20, p=2",20,2,21,Random ranked: QPU-valid-unique matched,1309,1309,32,32,33,33,0.0019484435703451472,0,3.502009598976841e-08
"F=20, p=2",20,2,21,Random ranked: QPU-valid-unique matched,1309,1309,64,64,65,65,0.0020687665346892994,0,4.425357313930789e-08
"F=20, p=2",20,2,21,Random ranked: QPU-raw-draw matched,8192,8004,4,4,5,5,0.001995877075720902,0,1.0184985965722149e-08
"F=20, p=2",20,2,21,Random ranked: QPU-raw-draw matched,8192,8004,8,8,9,9,0.001995877075720902,0,1.0184985965722149e-08
"F=20, p=2",20,2,21,Random ranked: QPU-raw-draw matched,8192,8004,16,16,17,17,0.001995877075720902,0,1.0184985965722149e-08
"F=20, p=2",20,2,21,Random ranked: QPU-raw-draw matched,8192,8004,32,32,33,33,0.001995877075720902,0,1.0184985965722149e-08
"F=20, p=2",20,2,21,Random ranked: QPU-raw-draw matched,8192,8004,64,64,65,65,0.001995877075720902,0,1.0184985965722149e-08
"F=20, p=2",20,2,22,Uniform random: direct M,4,64,4,4,5,5,0.001208273597809506,0,7.703623183807906e-09
"F=20, p=2",20,2,22,Uniform random: direct M,8,64,8,8,9,9,0.0020025032615302377,0,2.673650678630679e-08
"F=20, p=2",20,2,22,Uniform random: direct M,16,64,16,16,17,17,0.0020025032615302377,0,2.673650678630679e-08
"F=20, p=2",20,2,22,Uniform random: direct M,32,64,32,32,33,33,0.0020025032615302377,0,2.673650678630679e-08
"F=20, p=2",20,2,22,Uniform random: direct M,64,64,64,64,65,65,0.002141932914685639,0,1.872844457642686e-09
"F=20, p=2",20,2,22,Random ranked: QPU-valid-unique matched,1249,1249,4,4,5,5,0.0017465962750755348,0,2.5282753335353902e-08
"F=20, p=2",20,2,22,Random ranked: QPU-valid-unique matched,1249,1249,8,8,9,9,0.0021151985816216384,0,7.126022161241252e-09
"F=20, p=2",20,2,22,Random ranked: QPU-valid-unique matched,1249,1249,16,16,17,17,0.0021443148545432084,0,2.603756210639574e-08
"F=20, p=2",20,2,22,Random ranked: QPU-valid-unique matched,1249,1249,32,32,33,33,0.0021443148545432084,0,2.603756210639574e-08
"F=20, p=2",20,2,22,Random ranked: QPU-valid-unique matched,1249,1249,64,64,65,65,0.0021443148545432084,0,2.603756210639574e-08
"F=20, p=2",20,2,22,Random ranked: QPU-raw-draw matched,8192,7963,4,4,5,5,0.0019186540437324123,0,1.2730452499457034e-09
"F=20, p=2",20,2,22,Random ranked: QPU-raw-draw matched,8192,7963,8,8,9,9,0.0019186540437324123,0,1.2730452499457034e-09
"F=20, p=2",20,2,22,Random ranked: QPU-raw-draw matched,8192,7963,16,16,17,17,0.0019186540437324123,0,1.2730452499457034e-09
"F=20, p=2",20,2,22,Random ranked: QPU-raw-draw matched,8192,7963,32,32,33,33,0.0019186540437324123,0,1.2730452499457034e-09
"F=20, p=2",20,2,22,Random ranked: QPU-raw-draw matched,8192,7963,64,64,65,65,0.002016835761838809,0,2.219254774393775e-08
"F=20, p=2",20,2,23,Uniform random: direct M,4,64,4,4,5,5,0.0014704198693497872,0,2.3774657575970082e-08
"F=20, p=2",20,2,23,Uniform random: direct M,8,64,8,8,9,9,0.0016468118507446672,0,1.3209964788707396e-09
"F=20, p=2",20,2,23,Uniform random: direct M,16,64,16,16,17,17,0.0017268788986646993,0,2.0537344214144326e-08
"F=20, p=2",20,2,23,Uniform random: direct M,32,64,32,32,33,33,0.0019985797708452283,0,7.463322515555149e-09
"F=20, p=2",20,2,23,Uniform random: direct M,64,64,64,64,65,65,0.0019985797708452283,0,7.463322515555149e-09
"F=20, p=2",20,2,23,Random ranked: QPU-valid-unique matched,1231,1231,4,4,5,5,0.0018119512766239243,0,1.7717710007469911e-09
"F=20, p=2",20,2,23,Random ranked: QPU-valid-unique matched,1231,1231,8,8,9,9,0.0018119512766239243,0,1.7717710007469911e-09
"F=20, p=2",20,2,23,Random ranked: QPU-valid-unique matched,1231,1231,16,16,17,17,0.002103164485573253,0,4.021302374423996e-08
"F=20, p=2",20,2,23,Random ranked: QPU-valid-unique matched,1231,1231,32,32,33,33,0.002103164485573253,0,4.021302374423996e-08
"F=20, p=2",20,2,23,Random ranked: QPU-valid-unique matched,1231,1231,64,64,65,65,0.002103164485573253,0,4.021302374423996e-08
"F=20, p=2",20,2,23,Random ranked: QPU-raw-draw matched,8192,8004,4,4,5,5,0.0017801913247974532,0,1.3072533056046609e-08
"F=20, p=2",20,2,23,Random ranked: QPU-raw-draw matched,8192,8004,8,8,9,9,0.0018841312330785329,0,3.4016297001393525e-08
"F=20, p=2",20,2,23,Random ranked: QPU-raw-draw matched,8192,8004,16,16,17,17,0.0018841312330785329,0,3.4016297001393525e-08
"F=20, p=2",20,2,23,Random ranked: QPU-raw-draw matched,8192,8004,32,32,33,33,0.0018841312330785329,0,3.4016297001393525e-08
"F=20, p=2",20,2,23,Random ranked: QPU-raw-draw matched,8192,8004,64,64,65,65,0.0022587723908147547,0,5.039756598157474e-10
"F=20, p=2",20,2,24,Uniform random: direct M,4,64,4,4,5,5,0.0017125855623019229,0,2.0969044500773748e-08
"F=20, p=2",20,2,24,Uniform random: direct M,8,64,8,8,9,9,0.00214819965379303,0,3.8606422614329006e-08
"F=20, p=2",20,2,24,Uniform random: direct M,16,64,16,16,17,17,0.00214819965379303,0,3.8606422614329006e-08
"F=20, p=2",20,2,24,Uniform random: direct M,32,64,32,32,33,33,0.0022905586068430114,0,6.779630884468091e-10
"F=20, p=2",20,2,24,Uniform random: direct M,64,64,64,64,65,65,0.0022905586068430114,0,6.779630884468091e-10
"F=20, p=2",20,2,24,Random ranked: QPU-valid-unique matched,1309,1309,4,4,5,5,0.0018913476065796145,0,1.7366479391697776e-09
"F=20, p=2",20,2,24,Random ranked: QPU-valid-unique matched,1309,1309,8,8,9,9,0.0018913476065796145,0,1.7366479391697776e-09
"F=20, p=2",20,2,24,Random ranked: QPU-valid-unique matched,1309,1309,16,16,17,17,0.0019616877013136427,0,1.4798262268356233e-09
"F=20, p=2",20,2,24,Random ranked: QPU-valid-unique matched,1309,1309,32,32,33,33,0.0021478719061669843,0,3.419381044977854e-08
"F=20, p=2",20,2,24,Random ranked: QPU-valid-unique matched,1309,1309,64,64,65,65,0.0021478719061669843,0,3.419381044977854e-08
"F=20, p=2",20,2,24,Random ranked: QPU-raw-draw matched,8192,7985,4,4,5,5,0.00212980438601805,0,1.936189464313287e-08
"F=20, p=2",20,2,24,Random ranked: QPU-raw-draw matched,8192,7985,8,8,9,9,0.00212980438601805,0,1.936189464313287e-08
"F=20, p=2",20,2,24,Random ranked: QPU-raw-draw matched,8192,7985,16,16,17,17,0.00212980438601805,0,1.936189464313287e-08
"F=20, p=2",20,2,24,Random ranked: QPU-raw-draw matched,8192,7985,32,32,33,33,0.00212980438601805,0,1.936189464313287e-08
"F=20, p=2",20,2,24,Random ranked: QPU-raw-draw matched,8192,7985,64,64,65,65,0.0021808631120268027,0,7.98756449871263e-09
"F=20, p=2",20,2,25,Uniform random: direct M,4,64,4,4,5,5,0.0017165415621256536,0,8.975205689765176e-09
"F=20, p=2",20,2,25,Uniform random: direct M,8,64,8,8,9,9,0.0017165415621256536,0,8.975205689765176e-09
"F=20, p=2",20,2,25,Uniform random: direct M,16,64,16,16,17,17,0.001987771203659283,0,2.8141138308512836e-09
"F=20, p=2",20,2,25,Uniform random: direct M,32,64,32,32,33,33,0.001991592416727715,0,3.186586994274876e-09
"F=20, p=2",20,2,25,Uniform random: direct M,64,64,64,64,65,65,0.0022541810995155356,0,2.2705466784511685e-08
"F=20, p=2",20,2,25,Random ranked: QPU-valid-unique matched,1249,1249,4,4,5,5,0.0016704778260865916,0,3.1490737240069677e-09
"F=20, p=2",20,2,25,Random ranked: QPU-valid-unique matched,1249,1249,8,8,9,9,0.0017065962749482633,0,4.206899001379938e-08
"F=20, p=2",20,2,25,Random ranked: QPU-valid-unique matched,1249,1249,16,16,17,17,0.001781449886616951,0,1.1059376303634849e-08
"F=20, p=2",20,2,25,Random ranked: QPU-valid-unique matched,1249,1249,32,32,33,33,0.0019822748828601106,0,6.419360945586483e-10
"F=20, p=2",20,2,25,Random ranked: QPU-valid-unique matched,1249,1249,64,64,65,65,0.0019822748828601106,0,6.419360945586483e-10
"F=20, p=2",20,2,25,Random ranked: QPU-raw-draw matched,8192,8001,4,4,5,5,0.0018827047019751228,0,1.4376670904106548e-09
"F=20, p=2",20,2,25,Random ranked: QPU-raw-draw matched,8192,8001,8,8,9,9,0.002027213789934111,0,1.847148295430756e-08
"F=20, p=2",20,2,25,Random ranked: QPU-raw-draw matched,8192,8001,16,16,17,17,0.002027213789934111,0,1.847148295430756e-08
"F=20, p=2",20,2,25,Random ranked: QPU-raw-draw matched,8192,8001,32,32,33,33,0.002027213789934111,0,1.847148295430756e-08
"F=20, p=2",20,2,25,Random ranked: QPU-raw-draw matched,8192,8001,64,64,65,65,0.002027213789934111,0,1.847148295430756e-08
"F=20, p=2",20,2,26,Uniform random: direct M,4,64,4,4,5,5,0.0019320266922957866,0,2.9388078581771282e-08
"F=20, p=2",20,2,26,Uniform random: direct M,8,64,8,8,9,9,0.0021628313514331227,0,1.6264449897995803e-08
"F=20, p=2",20,2,26,Uniform random: direct M,16,64,16,16,17,17,0.0021628313514331227,0,1.6264449897995803e-08
"F=20, p=2",20,2,26,Uniform random: direct M,32,64,32,32,33,33,0.0022075649779092488,0,8.596407696792596e-09
"F=20, p=2",20,2,26,Uniform random: direct M,64,64,64,64,65,65,0.002302734172741773,0,3.174118168303153e-08
"F=20, p=2",20,2,26,Random ranked: QPU-valid-unique matched,1231,1231,4,4,5,5,0.001784132913628604,0,4.052691826572641e-08
"F=20, p=2",20,2,26,Random ranked: QPU-valid-unique matched,1231,1231,8,8,9,9,0.001784132913628604,0,4.052691826572641e-08
"F=20, p=2",20,2,26,Random ranked: QPU-valid-unique matched,1231,1231,16,16,17,17,0.002003054669998859,0,1.7426873388792785e-08
"F=20, p=2",20,2,26,Random ranked: QPU-valid-unique matched,1231,1231,32,32,33,33,0.002183384203995699,0,3.243742452418985e-08
"F=20, p=2",20,2,26,Random ranked: QPU-valid-unique matched,1231,1231,64,64,65,65,0.002183384203995699,0,3.243742452418985e-08
"F=20, p=2",20,2,26,Random ranked: QPU-raw-draw matched,8192,7987,4,4,5,5,0.002094355960220569,0,7.722233130724732e-10
"F=20, p=2",20,2,26,Random ranked: QPU-raw-draw matched,8192,7987,8,8,9,9,0.002094355960220569,0,7.722233130724732e-10
"F=20, p=2",20,2,26,Random ranked: QPU-raw-draw matched,8192,7987,16,16,17,17,0.002094355960220569,0,7.722233130724732e-10
"F=20, p=2",20,2,26,Random ranked: QPU-raw-draw matched,8192,7987,32,32,33,33,0.002094355960220569,0,7.722233130724732e-10
"F=20, p=2",20,2,26,Random ranked: QPU-raw-draw matched,8192,7987,64,64,65,65,0.002094355960220569,0,7.722233130724732e-10
"F=20, p=2",20,2,27,Uniform random: direct M,4,64,4,4,5,5,0.0020796805041473215,0,2.8803285534451106e-08
"F=20, p=2",20,2,27,Uniform random: direct M,8,64,8,8,9,9,0.0020796805041473215,0,2.8803285534451106e-08
"F=20, p=2",20,2,27,Uniform random: direct M,16,64,16,16,17,17,0.0020796805041473215,0,2.8803285534451106e-08
"F=20, p=2",20,2,27,Uniform random: direct M,32,64,32,32,33,33,0.002173142338386884,0,2.3634269097350113e-08
"F=20, p=2",20,2,27,Uniform random: direct M,64,64,64,64,65,65,0.002173142338386884,0,2.3634269097350113e-08
"F=20, p=2",20,2,27,Random ranked: QPU-valid-unique matched,1309,1309,4,4,5,5,0.0013305948685421315,0,9.200569195400021e-09
"F=20, p=2",20,2,27,Random ranked: QPU-valid-unique matched,1309,1309,8,8,9,9,0.0017132763039830676,0,7.244639332881775e-10
"F=20, p=2",20,2,27,Random ranked: QPU-valid-unique matched,1309,1309,16,16,17,17,0.002236244743968663,0,1.1589689374869039e-08
"F=20, p=2",20,2,27,Random ranked: QPU-valid-unique matched,1309,1309,32,32,33,33,0.002236244743968663,0,1.1589689374869039e-08
"F=20, p=2",20,2,27,Random ranked: QPU-valid-unique matched,1309,1309,64,64,65,65,0.002236244743968663,0,1.1589689374869039e-08
"F=20, p=2",20,2,27,Random ranked: QPU-raw-draw matched,8192,7999,4,4,5,5,0.0020310515804183096,0,1.718013509233174e-08
"F=20, p=2",20,2,27,Random ranked: QPU-raw-draw matched,8192,7999,8,8,9,9,0.0020310515804183096,0,1.718013509233174e-08
"F=20, p=2",20,2,27,Random ranked: QPU-raw-draw matched,8192,7999,16,16,17,17,0.0020310515804183096,0,1.718013509233174e-08
"F=20, p=2",20,2,27,Random ranked: QPU-raw-draw matched,8192,7999,32,32,33,33,0.0020310515804183096,0,1.718013509233174e-08
"F=20, p=2",20,2,27,Random ranked: QPU-raw-draw matched,8192,7999,64,64,65,65,0.0022587723908147547,0,5.039756598157474e-10
"F=20, p=2",20,2,28,Uniform random: direct M,4,64,4,4,5,5,0.001723236204609166,0,1.0446193798863135e-08
"F=20, p=2",20,2,28,Uniform random: direct M,8,64,8,8,9,9,0.001723236204609166,0,1.0446193798863135e-08
"F=20, p=2",20,2,28,Uniform random: direct M,16,64,16,16,17,17,0.0017503599001424397,0,1.6929018187283873e-09
"F=20, p=2",20,2,28,Uniform random: direct M,32,64,32,32,33,33,0.0018634165308305459,0,2.5311353069046305e-08
"F=20, p=2",20,2,28,Uniform random: direct M,64,64,64,64,65,65,0.002223134721737019,0,2.655561121001071e-08
"F=20, p=2",20,2,28,Random ranked: QPU-valid-unique matched,1249,1249,4,4,5,5,0.0015281415782159788,0,1.874647737043489e-08
"F=20, p=2",20,2,28,Random ranked: QPU-valid-unique matched,1249,1249,8,8,9,9,0.002090976611646908,0,1.3904408013853953e-08
"F=20, p=2",20,2,28,Random ranked: QPU-valid-unique matched,1249,1249,16,16,17,17,0.002090976611646908,0,1.3904408013853953e-08
"F=20, p=2",20,2,28,Random ranked: QPU-valid-unique matched,1249,1249,32,32,33,33,0.002090976611646908,0,1.3904408013853953e-08
"F=20, p=2",20,2,28,Random ranked: QPU-valid-unique matched,1249,1249,64,64,65,65,0.002090976611646908,0,1.3904408013853953e-08
"F=20, p=2",20,2,28,Random ranked: QPU-raw-draw matched,8192,8013,4,4,5,5,0.00203695658017939,0,3.862633046747277e-08
"F=20, p=2",20,2,28,Random ranked: QPU-raw-draw matched,8192,8013,8,8,9,9,0.00203695658017939,0,3.862633046747277e-08
"F=20, p=2",20,2,28,Random ranked: QPU-raw-draw matched,8192,8013,16,16,17,17,0.00203695658017939,0,3.862633046747277e-08
"F=20, p=2",20,2,28,Random ranked: QPU-raw-draw matched,8192,8013,32,32,33,33,0.00203695658017939,0,3.862633046747277e-08
"F=20, p=2",20,2,28,Random ranked: QPU-raw-draw matched,8192,8013,64,64,65,65,0.00203695658017939,0,3.862633046747277e-08
"F=20, p=2",20,2,29,Uniform random: direct M,4,64,4,4,5,5,0.001911998729013084,0,1.7884147052171784e-08
"F=20, p=2",20,2,29,Uniform random: direct M,8,64,8,8,9,9,0.0020523655171505104,0,4.017923238563981e-08
"F=20, p=2",20,2,29,Uniform random: direct M,16,64,16,16,17,17,0.0020523655171505104,0,4.017923238563981e-08
"F=20, p=2",20,2,29,Uniform random: direct M,32,64,32,32,33,33,0.0022533095604300793,0,8.78015549155009e-10
"F=20, p=2",20,2,29,Uniform random: direct M,64,64,64,64,65,65,0.0022533095604300793,0,8.78015549155009e-10
"F=20, p=2",20,2,29,Random ranked: QPU-valid-unique matched,1231,1231,4,4,5,5,0.001792749799605406,0,3.169997109253586e-08
"F=20, p=2",20,2,29,Random ranked: QPU-valid-unique matched,1231,1231,8,8,9,9,0.001792749799605406,0,3.169997109253586e-08
"F=20, p=2",20,2,29,Random ranked: QPU-valid-unique matched,1231,1231,16,16,17,17,0.0018997416378093504,0,1.1509763475636703e-08
"F=20, p=2",20,2,29,Random ranked: QPU-valid-unique matched,1231,1231,32,32,33,33,0.0019612794212608975,0,2.7561117610375163e-08
"F=20, p=2",20,2,29,Random ranked: QPU-valid-unique matched,1231,1231,64,64,65,65,0.0019612794212608975,0,2.7561117610375163e-08
"F=20, p=2",20,2,29,Random ranked: QPU-raw-draw matched,8192,7991,4,4,5,5,0.002141204946316297,0,3.566161932422318e-08
"F=20, p=2",20,2,29,Random ranked: QPU-raw-draw matched,8192,7991,8,8,9,9,0.002141204946316297,0,3.566161932422318e-08
"F=20, p=2",20,2,29,Random ranked: QPU-raw-draw matched,8192,7991,16,16,17,17,0.002141204946316297,0,3.566161932422318e-08
"F=20, p=2",20,2,29,Random ranked: QPU-raw-draw matched,8192,7991,32,32,33,33,0.002141204946316297,0,3.566161932422318e-08
"F=20, p=2",20,2,29,Random ranked: QPU-raw-draw matched,8192,7991,64,64,65,65,0.0021657375547967303,0,2.139887189667178e-08
"F=20, p=2",20,2,30,Uniform random: direct M,4,64,4,4,5,5,0.0016681281622919486,0,1.3439277801730043e-08
"F=20, p=2",20,2,30,Uniform random: direct M,8,64,8,8,9,9,0.0016681281622919486,0,1.3439277801730043e-08
"F=20, p=2",20,2,30,Uniform random: direct M,16,64,16,16,17,17,0.002252719658527455,0,1.3908549312269258e-09
"F=20, p=2",20,2,30,Uniform random: direct M,32,64,32,32,33,33,0.002252719658527455,0,1.3908549312269258e-09
"F=20, p=2",20,2,30,Uniform random: direct M,64,64,64,64,65,65,0.002252719658527455,0,1.3908549312269258e-09
"F=20, p=2",20,2,30,Random ranked: QPU-valid-unique matched,1309,1309,4,4,5,5,0.0016515518223259307,0,8.165893516931533e-10
"F=20, p=2",20,2,30,Random ranked: QPU-valid-unique matched,1309,1309,8,8,9,9,0.0016515518223259307,0,8.165893516931533e-10
"F=20, p=2",20,2,30,Random ranked: QPU-valid-unique matched,1309,1309,16,16,17,17,0.0020487323482013403,0,1.2567959117859573e-08
"F=20, p=2",20,2,30,Random ranked: QPU-valid-unique matched,1309,1309,32,32,33,33,0.0022038821550436696,0,5.390459911769341e-08
"F=20, p=2",20,2,30,Random ranked: QPU-valid-unique matched,1309,1309,64,64,65,65,0.0022038821550436696,0,5.390459911769341e-08
"F=20, p=2",20,2,30,Random ranked: QPU-raw-draw matched,8192,7995,4,4,5,5,0.0019147400549390653,0,2.8472323942985156e-09
"F=20, p=2",20,2,30,Random ranked: QPU-raw-draw matched,8192,7995,8,8,9,9,0.0019147400549390653,0,2.8472323942985156e-09
"F=20, p=2",20,2,30,Random ranked: QPU-raw-draw matched,8192,7995,16,16,17,17,0.0020617015787336365,0,1.631942714297452e-08
"F=20, p=2",20,2,30,Random ranked: QPU-raw-draw matched,8192,7995,32,32,33,33,0.0020617015787336365,0,1.631942714297452e-08
"F=20, p=2",20,2,30,Random ranked: QPU-raw-draw matched,8192,7995,64,64,65,65,0.0021904460863508904,0,6.507629712881879e-09
"F=20, p=2",20,2,31,Uniform random: direct M,4,64,4,4,5,5,0.0015238296873066742,0,2.2403046084917833e-09
"F=20, p=2",20,2,31,Uniform random: direct M,8,64,8,8,9,9,0.0017596911760277487,0,1.6302195204875858e-08
"F=20, p=2",20,2,31,Uniform random: direct M,16,64,16,16,17,17,0.0017596911760277487,0,1.6302195204875858e-08
"F=20, p=2",20,2,31,Uniform random: direct M,32,64,32,32,33,33,0.0021813670814580036,0,2.120303710384519e-08
"F=20, p=2",20,2,31,Uniform random: direct M,64,64,64,64,65,65,0.0021813670814580036,0,2.120303710384519e-08
"F=20, p=2",20,2,31,Random ranked: QPU-valid-unique matched,1249,1249,4,4,5,5,0.0016274236075575904,0,5.129326297037551e-09
"F=20, p=2",20,2,31,Random ranked: QPU-valid-unique matched,1249,1249,8,8,9,9,0.0016274236075575904,0,5.129326297037551e-09
"F=20, p=2",20,2,31,Random ranked: QPU-valid-unique matched,1249,1249,16,16,17,17,0.0021770995491558545,0,1.606970184697687e-08
"F=20, p=2",20,2,31,Random ranked: QPU-valid-unique matched,1249,1249,32,32,33,33,0.002232781409646202,0,5.824986160085643e-09
"F=20, p=2",20,2,31,Random ranked: QPU-valid-unique matched,1249,1249,64,64,65,65,0.002232781409646202,0,5.824986160085643e-09
"F=20, p=2",20,2,31,Random ranked: QPU-raw-draw matched,8192,8006,4,4,5,5,0.0017646034026257626,0,1.1662384669097747e-08
"F=20, p=2",20,2,31,Random ranked: QPU-raw-draw matched,8192,8006,8,8,9,9,0.00195841713422025,0,1.942286109724023e-08
"F=20, p=2",20,2,31,Random ranked: QPU-raw-draw matched,8192,8006,16,16,17,17,0.00195841713422025,0,1.942286109724023e-08
"F=20, p=2",20,2,31,Random ranked: QPU-raw-draw matched,8192,8006,32,32,33,33,0.00195841713422025,0,1.942286109724023e-08
"F=20, p=2",20,2,31,Random ranked: QPU-raw-draw matched,8192,8006,64,64,65,65,0.0020544141265425586,0,1.3684470223651601e-08
"F=20, p=2",20,2,32,Uniform random: direct M,4,64,4,4,5,5,0.0018395226287734878,0,1.463805576751298e-09
"F=20, p=2",20,2,32,Uniform random: direct M,8,64,8,8,9,9,0.0018395226287734878,0,1.463805576751298e-09
"F=20, p=2",20,2,32,Uniform random: direct M,16,64,16,16,17,17,0.0018395226287734878,0,1.463805576751298e-09
"F=20, p=2",20,2,32,Uniform random: direct M,32,64,32,32,33,33,0.0019297693169862962,0,1.3892350991806524e-08
"F=20, p=2",20,2,32,Uniform random: direct M,64,64,64,64,65,65,0.002006092689316598,0,5.945832853848643e-10
"F=20, p=2",20,2,32,Random ranked: QPU-valid-unique matched,1231,1231,4,4,5,5,0.0017931724510883984,0,1.4688931959661033e-08
"F=20, p=2",20,2,32,Random ranked: QPU-valid-unique matched,1231,1231,8,8,9,9,0.0017931724510883984,0,1.4688931959661033e-08
"F=20, p=2",20,2,32,Random ranked: QPU-valid-unique matched,1231,1231,16,16,17,17,0.002192422229804432,0,1.0291399885065111e-09
"F=20, p=2",20,2,32,Random ranked: QPU-valid-unique matched,1231,1231,32,32,33,33,0.002192422229804432,0,1.0291399885065111e-09
"F=20, p=2",20,2,32,Random ranked: QPU-valid-unique matched,1231,1231,64,64,65,65,0.002192422229804432,0,1.0291399885065111e-09
"F=20, p=2",20,2,32,Random ranked: QPU-raw-draw matched,8192,7976,4,4,5,5,0.0016704778260865916,0,3.1490737240069677e-09
"F=20, p=2",20,2,32,Random ranked: QPU-raw-draw matched,8192,7976,8,8,9,9,0.0017220783082592672,0,1.902757551519585e-08
"F=20, p=2",20,2,32,Random ranked: QPU-raw-draw matched,8192,7976,16,16,17,17,0.0017859952652871866,0,2.6586363444103256e-08
"F=20, p=2",20,2,32,Random ranked: QPU-raw-draw matched,8192,7976,32,32,33,33,0.0017859952652871866,0,2.6586363444103256e-08
"F=20, p=2",20,2,32,Random ranked: QPU-raw-draw matched,8192,7976,64,64,65,65,0.0019248040447502196,0,3.5319810520739736e-08
"F=20, p=2",20,2,33,Uniform random: direct M,4,64,4,4,5,5,0.001199136682428964,0,4.59962679055792e-09
"F=20, p=2",20,2,33,Uniform random: direct M,8,64,8,8,9,9,0.0017655059019795055,0,3.5592094826952803e-09
"F=20, p=2",20,2,33,Uniform random: direct M,16,64,16,16,17,17,0.001789894745637531,0,1.1864242921433288e-08
"F=20, p=2",20,2,33,Uniform random: direct M,32,64,32,32,33,33,0.0020917988142141256,0,3.401572468142433e-09
"F=20, p=2",20,2,33,Uniform random: direct M,64,64,64,64,65,65,0.0022186534203493535,0,1.683876926783512e-08
"F=20, p=2",20,2,33,Random ranked: QPU-valid-unique matched,1309,1309,4,4,5,5,0.0018841312330785329,0,3.4016297001393525e-08
"F=20, p=2",20,2,33,Random ranked: QPU-valid-unique matched,1309,1309,8,8,9,9,0.0018841312330785329,0,3.4016297001393525e-08
"F=20, p=2",20,2,33,Random ranked: QPU-valid-unique matched,1309,1309,16,16,17,17,0.0018948604398001043,0,2.9383564470464307e-09
"F=20, p=2",20,2,33,Random ranked: QPU-valid-unique matched,1309,1309,32,32,33,33,0.002134046325769072,0,2.094278128694782e-08
"F=20, p=2",20,2,33,Random ranked: QPU-valid-unique matched,1309,1309,64,64,65,65,0.0021340660862771976,0,1.7349791714416085e-08
"F=20, p=2",20,2,33,Random ranked: QPU-raw-draw matched,8192,7997,4,4,5,5,0.0019597705316702005,0,8.164678169664263e-10
"F=20, p=2",20,2,33,Random ranked: QPU-raw-draw matched,8192,7997,8,8,9,9,0.0019597705316702005,0,8.164678169664263e-10
"F=20, p=2",20,2,33,Random ranked: QPU-raw-draw matched,8192,7997,16,16,17,17,0.0019597705316702005,0,8.164678169664263e-10
"F=20, p=2",20,2,33,Random ranked: QPU-raw-draw matched,8192,7997,32,32,33,33,0.0019597705316702005,0,8.164678169664263e-10
"F=20, p=2",20,2,33,Random ranked: QPU-raw-draw matched,8192,7997,64,64,65,65,0.0019597705316702005,0,8.164678169664263e-10
"F=20, p=2",20,2,34,Uniform random: direct M,4,64,4,4,5,5,0.001639667636588335,0,1.6574965844284861e-09
"F=20, p=2",20,2,34,Uniform random: direct M,8,64,8,8,9,9,0.0018920825831537022,0,9.750710230557735e-10
"F=20, p=2",20,2,34,Uniform random: direct M,16,64,16,16,17,17,0.0018920825831537022,0,9.750710230557735e-10
"F=20, p=2",20,2,34,Uniform random: direct M,32,64,32,32,33,33,0.001970347913551225,0,3.190706709954583e-08
"F=20, p=2",20,2,34,Uniform random: direct M,64,64,64,64,65,65,0.001970347913551225,0,3.190706709954583e-08
"F=20, p=2",20,2,34,Random ranked: QPU-valid-unique matched,1249,1249,4,4,5,5,0.001670764751006866,0,1.2311548391874538e-08
"F=20, p=2",20,2,34,Random ranked: QPU-valid-unique matched,1249,1249,8,8,9,9,0.001670764751006866,0,1.2311548391874538e-08
"F=20, p=2",20,2,34,Random ranked: QPU-valid-unique matched,1249,1249,16,16,17,17,0.002150132196350338,0,2.0223403784935812e-08
"F=20, p=2",20,2,34,Random ranked: QPU-valid-unique matched,1249,1249,32,32,33,33,0.00221534910736651,0,3.7352744564067564e-08
"F=20, p=2",20,2,34,Random ranked: QPU-valid-unique matched,1249,1249,64,64,65,65,0.00221534910736651,0,3.7352744564067564e-08
"F=20, p=2",20,2,34,Random ranked: QPU-raw-draw matched,8192,7999,4,4,5,5,0.00208092977917701,0,1.4015973714975871e-08
"F=20, p=2",20,2,34,Random ranked: QPU-raw-draw matched,8192,7999,8,8,9,9,0.00208092977917701,0,1.4015973714975871e-08
"F=20, p=2",20,2,34,Random ranked: QPU-raw-draw matched,8192,7999,16,16,17,17,0.00208092977917701,0,1.4015973714975871e-08
"F=20, p=2",20,2,34,Random ranked: QPU-raw-draw matched,8192,7999,32,32,33,33,0.00208092977917701,0,1.4015973714975871e-08
"F=20, p=2",20,2,34,Random ranked: QPU-raw-draw matched,8192,7999,64,64,65,65,0.00208092977917701,0,1.4015973714975871e-08
"F=20, p=2",20,2,35,Uniform random: direct M,4,64,4,4,5,5,0.0018884677299124061,0,1.0506133352183866e-08
"F=20, p=2",20,2,35,Uniform random: direct M,8,64,8,8,9,9,0.0018884677299124061,0,1.0506133352183866e-08
"F=20, p=2",20,2,35,Uniform random: direct M,16,64,16,16,17,17,0.0018884677299124061,0,1.0506133352183866e-08
"F=20, p=2",20,2,35,Uniform random: direct M,32,64,32,32,33,33,0.0021015628380877463,0,1.0690068552587917e-08
"F=20, p=2",20,2,35,Uniform random: direct M,64,64,64,64,65,65,0.0021386631516765522,0,9.86252163270862e-09
"F=20, p=2",20,2,35,Random ranked: QPU-valid-unique matched,1231,1231,4,4,5,5,0.0018697204243796409,0,2.3012301619829145e-08
"F=20, p=2",20,2,35,Random ranked: QPU-valid-unique matched,1231,1231,8,8,9,9,0.0018697204243796409,0,2.3012301619829145e-08
"F=20, p=2",20,2,35,Random ranked: QPU-valid-unique matched,1231,1231,16,16,17,17,0.00221363300669547,0,1.6655466894555104e-08
"F=20, p=2",20,2,35,Random ranked: QPU-valid-unique matched,1231,1231,32,32,33,33,0.00221363300669547,0,1.6655466894555104e-08
"F=20, p=2",20,2,35,Random ranked: QPU-valid-unique matched,1231,1231,64,64,65,65,0.00221363300669547,0,1.6655466894555104e-08
"F=20, p=2",20,2,35,Random ranked: QPU-raw-draw matched,8192,7997,4,4,5,5,0.002094355960220569,0,7.722233130724732e-10
"F=20, p=2",20,2,35,Random ranked: QPU-raw-draw matched,8192,7997,8,8,9,9,0.002094355960220569,0,7.722233130724732e-10
"F=20, p=2",20,2,35,Random ranked: QPU-raw-draw matched,8192,7997,16,16,17,17,0.002094355960220569,0,7.722233130724732e-10
"F=20, p=2",20,2,35,Random ranked: QPU-raw-draw matched,8192,7997,32,32,33,33,0.002094355960220569,0,7.722233130724732e-10
"F=20, p=2",20,2,35,Random ranked: QPU-raw-draw matched,8192,7997,64,64,65,65,0.002094355960220569,0,7.722233130724732e-10
"F=20, p=2",20,2,36,Uniform random: direct M,4,64,4,4,5,5,0.0017883081697485231,0,1.1794809851028987e-08
"F=20, p=2",20,2,36,Uniform random: direct M,8,64,8,8,9,9,0.0019830150151824363,0,3.9808267099372685e-10
"F=20, p=2",20,2,36,Uniform random: direct M,16,64,16,16,17,17,0.00215132659342928,0,5.191013174865589e-10
"F=20, p=2",20,2,36,Uniform random: direct M,32,64,32,32,33,33,0.00215132659342928,0,5.191013174865589e-10
"F=20, p=2",20,2,36,Uniform random: direct M,64,64,64,64,65,65,0.0021647773356413616,0,2.2825605461296306e-08
"F=20, p=2",20,2,36,Random ranked: QPU-valid-unique matched,1309,1309,4,4,5,5,0.0020724279682022284,0,1.913502056805072e-08
"F=20, p=2",20,2,36,Random ranked: QPU-valid-unique matched,1309,1309,8,8,9,9,0.0020724279682022284,0,1.913502056805072e-08
"F=20, p=2",20,2,36,Random ranked: QPU-valid-unique matched,1309,1309,16,16,17,17,0.0020724279682022284,0,1.913502056805072e-08
"F=20, p=2",20,2,36,Random ranked: QPU-valid-unique matched,1309,1309,32,32,33,33,0.002236168924845794,0,1.4279668447692018e-08
"F=20, p=2",20,2,36,Random ranked: QPU-valid-unique matched,1309,1309,64,64,65,65,0.002236168924845794,0,1.4279668447692018e-08
"F=20, p=2",20,2,36,Random ranked: QPU-raw-draw matched,8192,8005,4,4,5,5,0.0018119512766239243,0,1.7717710007469911e-09
"F=20, p=2",20,2,36,Random ranked: QPU-raw-draw matched,8192,8005,8,8,9,9,0.0018119512766239243,0,1.7717710007469911e-09
"F=20, p=2",20,2,36,Random ranked: QPU-raw-draw matched,8192,8005,16,16,17,17,0.0018119512766239243,0,1.7717710007469911e-09
"F=20, p=2",20,2,36,Random ranked: QPU-raw-draw matched,8192,8005,32,32,33,33,0.0018119512766239243,0,1.7717710007469911e-09
"F=20, p=2",20,2,36,Random ranked: QPU-raw-draw matched,8192,8005,64,64,65,65,0.0022587723908147547,0,5.039756598157474e-10
"F=20, p=2",20,2,37,Uniform random: direct M,4,64,4,4,5,5,0.00132416287591397,0,2.3156661810297408e-08
"F=20, p=2",20,2,37,Uniform random: direct M,8,64,8,8,9,9,0.001853007883188415,0,3.7493983612302273e-10
"F=20, p=2",20,2,37,Uniform random: direct M,16,64,16,16,17,17,0.0018848884961808268,0,1.7749461844740466e-08
"F=20, p=2",20,2,37,Uniform random: direct M,32,64,32,32,33,33,0.0019470478338045813,0,4.1146743678943665e-08
"F=20, p=2",20,2,37,Uniform random: direct M,64,64,64,64,65,65,0.0021055353297744703,0,1.494844997784739e-08
"F=20, p=2",20,2,37,Random ranked: QPU-valid-unique matched,1249,1249,4,4,5,5,0.0016975318130608985,0,1.200668342526967e-09
"F=20, p=2",20,2,37,Random ranked: QPU-valid-unique matched,1249,1249,8,8,9,9,0.0016975318130608985,0,1.200668342526967e-09
"F=20, p=2",20,2,37,Random ranked: QPU-valid-unique matched,1249,1249,16,16,17,17,0.0016975318130608985,0,1.200668342526967e-09
"F=20, p=2",20,2,37,Random ranked: QPU-valid-unique matched,1249,1249,32,32,33,33,0.002234952204166217,0,1.7167701871212415e-08
"F=20, p=2",20,2,37,Random ranked: QPU-valid-unique matched,1249,1249,64,64,65,65,0.002234952204166217,0,1.7167701871212415e-08
"F=20, p=2",20,2,37,Random ranked: QPU-raw-draw matched,8192,8000,4,4,5,5,0.0017631237869666916,0,3.889717714589125e-08
"F=20, p=2",20,2,37,Random ranked: QPU-raw-draw matched,8192,8000,8,8,9,9,0.0020076207062089194,0,1.3138651278055136e-08
"F=20, p=2",20,2,37,Random ranked: QPU-raw-draw matched,8192,8000,16,16,17,17,0.0020076207062089194,0,1.3138651278055136e-08
"F=20, p=2",20,2,37,Random ranked: QPU-raw-draw matched,8192,8000,32,32,33,33,0.0020076207062089194,0,1.3138651278055136e-08
"F=20, p=2",20,2,37,Random ranked: QPU-raw-draw matched,8192,8000,64,64,65,65,0.0020076207062089194,0,1.3138651278055136e-08
"F=20, p=2",20,2,38,Uniform random: direct M,4,64,4,4,5,5,0.0015895309584539885,0,6.899742999166847e-10
"F=20, p=2",20,2,38,Uniform random: direct M,8,64,8,8,9,9,0.0018204907182586896,0,9.814281720643692e-09
"F=20, p=2",20,2,38,Uniform random: direct M,16,64,16,16,17,17,0.00199529131701192,0,2.1165336927531087e-08
"F=20, p=2",20,2,38,Uniform random: direct M,32,64,32,32,33,33,0.00199529131701192,0,2.1165336927531087e-08
"F=20, p=2",20,2,38,Uniform random: direct M,64,64,64,64,65,65,0.0022140906188045997,0,3.372165646720049e-08
"F=20, p=2",20,2,38,Random ranked: QPU-valid-unique matched,1231,1231,4,4,5,5,0.0020595421004315287,0,7.223133827172212e-10
"F=20, p=2",20,2,38,Random ranked: QPU-valid-unique matched,1231,1231,8,8,9,9,0.0020595421004315287,0,7.223133827172212e-10
"F=20, p=2",20,2,38,Random ranked: QPU-valid-unique matched,1231,1231,16,16,17,17,0.0020595421004315287,0,7.223133827172212e-10
"F=20, p=2",20,2,38,Random ranked: QPU-valid-unique matched,1231,1231,32,32,33,33,0.0020595421004315287,0,7.223133827172212e-10
"F=20, p=2",20,2,38,Random ranked: QPU-valid-unique matched,1231,1231,64,64,65,65,0.0020595421004315287,0,7.223133827172212e-10
"F=20, p=2",20,2,38,Random ranked: QPU-raw-draw matched,8192,8011,4,4,5,5,0.0018913476065796145,0,1.7366479391697776e-09
"F=20, p=2",20,2,38,Random ranked: QPU-raw-draw matched,8192,8011,8,8,9,9,0.0021086294243018305,0,3.456383579347744e-08
"F=20, p=2",20,2,38,Random ranked: QPU-raw-draw matched,8192,8011,16,16,17,17,0.0021086294243018305,0,3.456383579347744e-08
"F=20, p=2",20,2,38,Random ranked: QPU-raw-draw matched,8192,8011,32,32,33,33,0.0021086294243018305,0,3.456383579347744e-08
"F=20, p=2",20,2,38,Random ranked: QPU-raw-draw matched,8192,8011,64,64,65,65,0.0021086294243018305,0,3.456383579347744e-08
"F=20, p=2",20,2,39,Uniform random: direct M,4,64,4,4,5,5,0.0021822620333574183,0,1.7476179019551563e-09
"F=20, p=2",20,2,39,Uniform random: direct M,8,64,8,8,9,9,0.0021822620333574183,0,1.7476179019551563e-09
"F=20, p=2",20,2,39,Uniform random: direct M,16,64,16,16,17,17,0.0021822620333574183,0,1.7476179019551563e-09
"F=20, p=2",20,2,39,Uniform random: direct M,32,64,32,32,33,33,0.0021822620333574183,0,1.7476179019551563e-09
"F=20, p=2",20,2,39,Uniform random: direct M,64,64,64,64,65,65,0.0021822620333574183,0,1.7476179019551563e-09
"F=20, p=2",20,2,39,Random ranked: QPU-valid-unique matched,1309,1309,4,4,5,5,0.001835151778897294,0,5.602915853497592e-09
"F=20, p=2",20,2,39,Random ranked: QPU-valid-unique matched,1309,1309,8,8,9,9,0.0021100395081595155,0,9.304749692962133e-09
"F=20, p=2",20,2,39,Random ranked: QPU-valid-unique matched,1309,1309,16,16,17,17,0.002155711618919552,0,5.88654269773059e-09
"F=20, p=2",20,2,39,Random ranked: QPU-valid-unique matched,1309,1309,32,32,33,33,0.002155711618919552,0,5.88654269773059e-09
"F=20, p=2",20,2,39,Random ranked: QPU-valid-unique matched,1309,1309,64,64,65,65,0.002155711618919552,0,5.88654269773059e-09
"F=20, p=2",20,2,39,Random ranked: QPU-raw-draw matched,8192,8003,4,4,5,5,0.0017631237869666916,0,3.889717714589125e-08
"F=20, p=2",20,2,39,Random ranked: QPU-raw-draw matched,8192,8003,8,8,9,9,0.0017631237869666916,0,3.889717714589125e-08
"F=20, p=2",20,2,39,Random ranked: QPU-raw-draw matched,8192,8003,16,16,17,17,0.0017631237869666916,0,3.889717714589125e-08
"F=20, p=2",20,2,39,Random ranked: QPU-raw-draw matched,8192,8003,32,32,33,33,0.001819825578373263,0,2.5532402470052062e-08
"F=20, p=2",20,2,39,Random ranked: QPU-raw-draw matched,8192,8003,64,64,65,65,0.001819825578373263,0,2.5532402470052062e-08
"F=20, p=2",20,2,40,Uniform random: direct M,4,64,4,4,5,5,0.0015734185418678076,0,2.756251005209265e-09
"F=20, p=2",20,2,40,Uniform random: direct M,8,64,8,8,9,9,0.0018082914783644835,0,1.0529054739194521e-08
"F=20, p=2",20,2,40,Uniform random: direct M,16,64,16,16,17,17,0.0018345323774473024,0,4.392302321853947e-08
"F=20, p=2",20,2,40,Uniform random: direct M,32,64,32,32,33,33,0.0021543754925436587,0,3.925493413658998e-08
"F=20, p=2",20,2,40,Uniform random: direct M,64,64,64,64,65,65,0.0021543754925436587,0,3.925493413658998e-08
"F=20, p=2",20,2,40,Random ranked: QPU-valid-unique matched,1249,1249,4,4,5,5,0.001525650399744026,0,2.7730713947349273e-08
"F=20, p=2",20,2,40,Random ranked: QPU-valid-unique matched,1249,1249,8,8,9,9,0.001525650399744026,0,2.7730713947349273e-08
"F=20, p=2",20,2,40,Random ranked: QPU-valid-unique matched,1249,1249,16,16,17,17,0.002127601607265342,0,1.4790648095175385e-08
"F=20, p=2",20,2,40,Random ranked: QPU-valid-unique matched,1249,1249,32,32,33,33,0.002127601607265342,0,1.4790648095175385e-08
"F=20, p=2",20,2,40,Random ranked: QPU-valid-unique matched,1249,1249,64,64,65,65,0.002127601607265342,0,1.4790648095175385e-08
"F=20, p=2",20,2,40,Random ranked: QPU-raw-draw matched,8192,7987,4,4,5,5,0.0021113572316577497,0,2.4384766650342726e-08
"F=20, p=2",20,2,40,Random ranked: QPU-raw-draw matched,8192,7987,8,8,9,9,0.0021113572316577497,0,2.4384766650342726e-08
"F=20, p=2",20,2,40,Random ranked: QPU-raw-draw matched,8192,7987,16,16,17,17,0.0021113572316577497,0,2.4384766650342726e-08
"F=20, p=2",20,2,40,Random ranked: QPU-raw-draw matched,8192,7987,32,32,33,33,0.0021113572316577497,0,2.4384766650342726e-08
"F=20, p=2",20,2,40,Random ranked: QPU-raw-draw matched,8192,7987,64,64,65,65,0.0021113572316577497,0,2.4384766650342726e-08
"F=20, p=2",20,2,41,Uniform random: direct M,4,64,4,4,5,5,0.0017068993777712912,0,3.601099263228491e-08
"F=20, p=2",20,2,41,Uniform random: direct M,8,64,8,8,9,9,0.0017291395353690037,0,3.1999456417963756e-09
"F=20, p=2",20,2,41,Uniform random: direct M,16,64,16,16,17,17,0.0023227234186921006,0,1.653933534399854e-09
"F=20, p=2",20,2,41,Uniform random: direct M,32,64,32,32,33,33,0.0023227234186921006,0,1.653933534399854e-09
"F=20, p=2",20,2,41,Uniform random: direct M,64,64,64,64,65,65,0.0023227234186921006,0,1.653933534399854e-09
"F=20, p=2",20,2,41,Random ranked: QPU-valid-unique matched,1231,1231,4,4,5,5,0.001652482076347328,0,1.1384292175620203e-08
"F=20, p=2",20,2,41,Random ranked: QPU-valid-unique matched,1231,1231,8,8,9,9,0.001652482076347328,0,1.1384292175620203e-08
"F=20, p=2",20,2,41,Random ranked: QPU-valid-unique matched,1231,1231,16,16,17,17,0.0021447781328771884,0,1.6921813672521324e-08
"F=20, p=2",20,2,41,Random ranked: QPU-valid-unique matched,1231,1231,32,32,33,33,0.0021447781328771884,0,1.6921813672521324e-08
"F=20, p=2",20,2,41,Random ranked: QPU-valid-unique matched,1231,1231,64,64,65,65,0.0021447781328771884,0,1.6921813672521324e-08
"F=20, p=2",20,2,41,Random ranked: QPU-raw-draw matched,8192,7985,4,4,5,5,0.0020724279682022284,0,1.913502056805072e-08
"F=20, p=2",20,2,41,Random ranked: QPU-raw-draw matched,8192,7985,8,8,9,9,0.0020724279682022284,0,1.913502056805072e-08
"F=20, p=2",20,2,41,Random ranked: QPU-raw-draw matched,8192,7985,16,16,17,17,0.0020724279682022284,0,1.913502056805072e-08
"F=20, p=2",20,2,41,Random ranked: QPU-raw-draw matched,8192,7985,32,32,33,33,0.0020724279682022284,0,1.913502056805072e-08
"F=20, p=2",20,2,41,Random ranked: QPU-raw-draw matched,8192,7985,64,64,65,65,0.002236244743968663,0,1.1589689374869039e-08
"F=20, p=2",20,2,42,Uniform random: direct M,4,64,4,4,5,5,0.0015111137231487992,0,4.054552249499466e-08
"F=20, p=2",20,2,42,Uniform random: direct M,8,64,8,8,9,9,0.0019353963122744414,0,4.0945505430656226e-08
"F=20, p=2",20,2,42,Uniform random: direct M,16,64,16,16,17,17,0.0019353963122744414,0,4.0945505430656226e-08
"F=20, p=2",20,2,42,Uniform random: direct M,32,64,32,32,33,33,0.0021654556425698065,0,1.9589380603757256e-09
"F=20, p=2",20,2,42,Uniform random: direct M,64,64,64,64,65,65,0.0021654556425698065,0,1.9589380603757256e-09
"F=20, p=2",20,2,42,Random ranked: QPU-valid-unique matched,1309,1309,4,4,5,5,0.0017931724510883984,0,1.4688931959661033e-08
"F=20, p=2",20,2,42,Random ranked: QPU-valid-unique matched,1309,1309,8,8,9,9,0.0020627361252575915,0,1.742174515761974e-08
"F=20, p=2",20,2,42,Random ranked: QPU-valid-unique matched,1309,1309,16,16,17,17,0.0020627361252575915,0,1.742174515761974e-08
"F=20, p=2",20,2,42,Random ranked: QPU-valid-unique matched,1309,1309,32,32,33,33,0.0020768104481818303,0,4.056371993854668e-08
"F=20, p=2",20,2,42,Random ranked: QPU-valid-unique matched,1309,1309,64,64,65,65,0.0020768104481818303,0,4.056371993854668e-08
"F=20, p=2",20,2,42,Random ranked: QPU-raw-draw matched,8192,7997,4,4,5,5,0.0019803161783807643,0,1.3166450707480237e-09
"F=20, p=2",20,2,42,Random ranked: QPU-raw-draw matched,8192,7997,8,8,9,9,0.0021086294243018305,0,3.456383579347744e-08
"F=20, p=2",20,2,42,Random ranked: QPU-raw-draw matched,8192,7997,16,16,17,17,0.0021086294243018305,0,3.456383579347744e-08
"F=20, p=2",20,2,42,Random ranked: QPU-raw-draw matched,8192,7997,32,32,33,33,0.0021086294243018305,0,3.456383579347744e-08
"F=20, p=2",20,2,42,Random ranked: QPU-raw-draw matched,8192,7997,64,64,65,65,0.0022263137326567622,0,1.9740441919990914e-10
"F=20, p=2",20,2,43,Uniform random: direct M,4,64,4,4,5,5,0.0020147249403597856,0,1.9643345491870967e-09
"F=20, p=2",20,2,43,Uniform random: direct M,8,64,8,8,9,9,0.0020147249403597856,0,1.9643345491870967e-09
"F=20, p=2",20,2,43,Uniform random: direct M,16,64,16,16,17,17,0.0020147249403597856,0,1.9643345491870967e-09
"F=20, p=2",20,2,43,Uniform random: direct M,32,64,32,32,33,33,0.0020147249403597856,0,1.9643345491870967e-09
"F=20, p=2",20,2,43,Uniform random: direct M,64,64,64,64,65,65,0.0020740455122315316,0,6.951734535243226e-10
"F=20, p=2",20,2,43,Random ranked: QPU-valid-unique matched,1249,1249,4,4,5,5,0.0018837135094700863,0,2.931805398453946e-08
"F=20, p=2",20,2,43,Random ranked: QPU-valid-unique matched,1249,1249,8,8,9,9,0.0018837135094700863,0,2.931805398453946e-08
"F=20, p=2",20,2,43,Random ranked: QPU-valid-unique matched,1249,1249,16,16,17,17,0.0019781728826920725,0,5.603217334559929e-10
"F=20, p=2",20,2,43,Random ranked: QPU-valid-unique matched,1249,1249,32,32,33,33,0.0020590378609468343,0,2.800302539851529e-08
"F=20, p=2",20,2,43,Random ranked: QPU-valid-unique matched,1249,1249,64,64,65,65,0.0020590378609468343,0,2.800302539851529e-08
"F=20, p=2",20,2,43,Random ranked: QPU-raw-draw matched,8192,8018,4,4,5,5,0.0016684134424035796,0,6.10528655409226e-10
"F=20, p=2",20,2,43,Random ranked: QPU-raw-draw matched,8192,8018,8,8,9,9,0.0021113572316577497,0,2.4384766650342726e-08
"F=20, p=2",20,2,43,Random ranked: QPU-raw-draw matched,8192,8018,16,16,17,17,0.0021113572316577497,0,2.4384766650342726e-08
"F=20, p=2",20,2,43,Random ranked: QPU-raw-draw matched,8192,8018,32,32,33,33,0.0021113572316577497,0,2.4384766650342726e-08
"F=20, p=2",20,2,43,Random ranked: QPU-raw-draw matched,8192,8018,64,64,65,65,0.0021113572316577497,0,2.4384766650342726e-08
"F=20, p=2",20,2,44,Uniform random: direct M,4,64,4,4,5,5,0.0017177862212195763,0,9.112143470324519e-10
"F=20, p=2",20,2,44,Uniform random: direct M,8,64,8,8,9,9,0.0017539225623375357,0,2.2032390911697064e-09
"F=20, p=2",20,2,44,Uniform random: direct M,16,64,16,16,17,17,0.0017539225623375357,0,2.2032390911697064e-09
"F=20, p=2",20,2,44,Uniform random: direct M,32,64,32,32,33,33,0.001914154048013511,0,1.4497129219304128e-08
"F=20, p=2",20,2,44,Uniform random: direct M,64,64,64,64,65,65,0.001990697037200645,0,1.8840661697439032e-08
"F=20, p=2",20,2,44,Random ranked: QPU-valid-unique matched,1231,1231,4,4,5,5,0.0015505335632328351,0,2.540891247404531e-08
"F=20, p=2",20,2,44,Random ranked: QPU-valid-unique matched,1231,1231,8,8,9,9,0.0015589810231074613,0,5.555375603982782e-10
"F=20, p=2",20,2,44,Random ranked: QPU-valid-unique matched,1231,1231,16,16,17,17,0.00213601937627525,0,1.6060083096736122e-08
"F=20, p=2",20,2,44,Random ranked: QPU-valid-unique matched,1231,1231,32,32,33,33,0.00213601937627525,0,1.6060083096736122e-08
"F=20, p=2",20,2,44,Random ranked: QPU-valid-unique matched,1231,1231,64,64,65,65,0.00213601937627525,0,1.6060083096736122e-08
"F=20, p=2",20,2,44,Random ranked: QPU-raw-draw matched,8192,7988,4,4,5,5,0.0019597705316702005,0,8.164678169664263e-10
"F=20, p=2",20,2,44,Random ranked: QPU-raw-draw matched,8192,7988,8,8,9,9,0.0019597705316702005,0,8.164678169664263e-10
"F=20, p=2",20,2,44,Random ranked: QPU-raw-draw matched,8192,7988,16,16,17,17,0.0019597705316702005,0,8.164678169664263e-10
"F=20, p=2",20,2,44,Random ranked: QPU-raw-draw matched,8192,7988,32,32,33,33,0.0019597705316702005,0,8.164678169664263e-10
"F=20, p=2",20,2,44,Random ranked: QPU-raw-draw matched,8192,7988,64,64,65,65,0.0019597705316702005,0,8.164678169664263e-10
"F=20, p=2",20,2,45,Uniform random: direct M,4,64,4,4,5,5,0.0015646961735717516,0,1.5876315817564546e-09
"F=20, p=2",20,2,45,Uniform random: direct M,8,64,8,8,9,9,0.0015646961735717516,0,1.5876315817564546e-09
"F=20, p=2",20,2,45,Uniform random: direct M,16,64,16,16,17,17,0.0017997146487304036,0,2.3171447649517063e-08
"F=20, p=2",20,2,45,Uniform random: direct M,32,64,32,32,33,33,0.0019138274696150412,0,1.5785179385829906e-08
"F=20, p=2",20,2,45,Uniform random: direct M,64,64,64,64,65,65,0.0022563722866646707,0,7.602799917405534e-10
"F=20, p=2",20,2,45,Random ranked: QPU-valid-unique matched,1309,1309,4,4,5,5,0.0014663117614953508,0,2.0495149688493086e-08
"F=20, p=2",20,2,45,Random ranked: QPU-valid-unique matched,1309,1309,8,8,9,9,0.00197730755668879,0,2.1265765759448385e-08
"F=20, p=2",20,2,45,Random ranked: QPU-valid-unique matched,1309,1309,16,16,17,17,0.00197730755668879,0,2.1265765759448385e-08
"F=20, p=2",20,2,45,Random ranked: QPU-valid-unique matched,1309,1309,32,32,33,33,0.002127752226515088,0,2.250340230824932e-08
"F=20, p=2",20,2,45,Random ranked: QPU-valid-unique matched,1309,1309,64,64,65,65,0.002127752226515088,0,2.250340230824932e-08
"F=20, p=2",20,2,45,Random ranked: QPU-raw-draw matched,8192,7975,4,4,5,5,0.001995877075720902,0,1.0184985965722149e-08
"F=20, p=2",20,2,45,Random ranked: QPU-raw-draw matched,8192,7975,8,8,9,9,0.001995877075720902,0,1.0184985965722149e-08
"F=20, p=2",20,2,45,Random ranked: QPU-raw-draw matched,8192,7975,16,16,17,17,0.001995877075720902,0,1.0184985965722149e-08
"F=20, p=2",20,2,45,Random ranked: QPU-raw-draw matched,8192,7975,32,32,33,33,0.001995877075720902,0,1.0184985965722149e-08
"F=20, p=2",20,2,45,Random ranked: QPU-raw-draw matched,8192,7975,64,64,65,65,0.001995877075720902,0,1.0184985965722149e-08
"F=20, p=2",20,2,46,Uniform random: direct M,4,64,4,4,5,5,0.0017544354837122147,0,6.900352997329939e-10
"F=20, p=2",20,2,46,Uniform random: direct M,8,64,8,8,9,9,0.0017544354837122147,0,6.900352997329939e-10
"F=20, p=2",20,2,46,Uniform random: direct M,16,64,16,16,17,17,0.0020234507386732714,0,3.0122861427450687e-09
"F=20, p=2",20,2,46,Uniform random: direct M,32,64,32,32,33,33,0.002283605257294867,0,1.277574046554264e-08
"F=20, p=2",20,2,46,Uniform random: direct M,64,64,64,64,65,65,0.002283605257294867,0,1.277574046554264e-08
"F=20, p=2",20,2,46,Random ranked: QPU-valid-unique matched,1249,1249,4,4,5,5,0.0016717004470003655,0,1.0216990253830716e-08
"F=20, p=2",20,2,46,Random ranked: QPU-valid-unique matched,1249,1249,8,8,9,9,0.0016717004470003655,0,1.0216990253830716e-08
"F=20, p=2",20,2,46,Random ranked: QPU-valid-unique matched,1249,1249,16,16,17,17,0.002060120714296669,0,3.212518376316531e-10
"F=20, p=2",20,2,46,Random ranked: QPU-valid-unique matched,1249,1249,32,32,33,33,0.002110055635112379,0,1.8796052214664627e-08
"F=20, p=2",20,2,46,Random ranked: QPU-valid-unique matched,1249,1249,64,64,65,65,0.002110055635112379,0,1.8796052214664627e-08
"F=20, p=2",20,2,46,Random ranked: QPU-raw-draw matched,8192,8013,4,4,5,5,0.00212980438601805,0,1.936189464313287e-08
"F=20, p=2",20,2,46,Random ranked: QPU-raw-draw matched,8192,8013,8,8,9,9,0.00212980438601805,0,1.936189464313287e-08
"F=20, p=2",20,2,46,Random ranked: QPU-raw-draw matched,8192,8013,16,16,17,17,0.00212980438601805,0,1.936189464313287e-08
"F=20, p=2",20,2,46,Random ranked: QPU-raw-draw matched,8192,8013,32,32,33,33,0.00212980438601805,0,1.936189464313287e-08
"F=20, p=2",20,2,46,Random ranked: QPU-raw-draw matched,8192,8013,64,64,65,65,0.00212980438601805,0,1.936189464313287e-08
"F=20, p=2",20,2,47,Uniform random: direct M,4,64,4,4,5,5,0.0021696721521030637,0,4.606770520609871e-10
"F=20, p=2",20,2,47,Uniform random: direct M,8,64,8,8,9,9,0.002169889708796051,0,3.5821816068981605e-08
"F=20, p=2",20,2,47,Uniform random: direct M,16,64,16,16,17,17,0.002169889708796051,0,3.5821816068981605e-08
"F=20, p=2",20,2,47,Uniform random: direct M,32,64,32,32,33,33,0.0022187622400225565,0,2.550344935237092e-09
"F=20, p=2",20,2,47,Uniform random: direct M,64,64,64,64,65,65,0.0022187622400225565,0,2.550344935237092e-09
"F=20, p=2",20,2,47,Random ranked: QPU-valid-unique matched,1231,1231,4,4,5,5,0.0013699287943766542,0,1.0403251246571266e-09
"F=20, p=2",20,2,47,Random ranked: QPU-valid-unique matched,1231,1231,8,8,9,9,0.002030980634029435,0,9.16316716947918e-09
"F=20, p=2",20,2,47,Random ranked: QPU-valid-unique matched,1231,1231,16,16,17,17,0.002030980634029435,0,9.16316716947918e-09
"F=20, p=2",20,2,47,Random ranked: QPU-valid-unique matched,1231,1231,32,32,33,33,0.002030980634029435,0,9.16316716947918e-09
"F=20, p=2",20,2,47,Random ranked: QPU-valid-unique matched,1231,1231,64,64,65,65,0.0020379785502147307,0,2.503026369504724e-08
"F=20, p=2",20,2,47,Random ranked: QPU-raw-draw matched,8192,7974,4,4,5,5,0.0018336784946771933,0,2.9293635295246645e-08
"F=20, p=2",20,2,47,Random ranked: QPU-raw-draw matched,8192,7974,8,8,9,9,0.0020076207062089194,0,1.3138651278055136e-08
"F=20, p=2",20,2,47,Random ranked: QPU-raw-draw matched,8192,7974,16,16,17,17,0.0020076207062089194,0,1.3138651278055136e-08
"F=20, p=2",20,2,47,Random ranked: QPU-raw-draw matched,8192,7974,32,32,33,33,0.0020076207062089194,0,1.3138651278055136e-08
"F=20, p=2",20,2,47,Random ranked: QPU-raw-draw matched,8192,7974,64,64,65,65,0.002168266560731255,0,3.240348753208444e-10
"F=20, p=2",20,2,48,Uniform random: direct M,4,64,4,4,5,5,0.0012082049810756001,0,1.484568801224384e-09
"F=20, p=2",20,2,48,Uniform random: direct M,8,64,8,8,9,9,0.0018579781600786896,0,7.079417121969023e-10
"F=20, p=2",20,2,48,Uniform random: direct M,16,64,16,16,17,17,0.0018624151648660506,0,3.0745950563293434e-08
"F=20, p=2",20,2,48,Uniform random: direct M,32,64,32,32,33,33,0.0019137298620455212,0,6.556615028685542e-09
"F=20, p=2",20,2,48,Uniform random: direct M,64,64,64,64,65,65,0.0019137298620455212,0,6.556615028685542e-09
"F=20, p=2",20,2,48,Random ranked: QPU-valid-unique matched,1309,1309,4,4,5,5,0.0016845825322587132,0,2.1706295538770348e-08
"F=20, p=2",20,2,48,Random ranked: QPU-valid-unique matched,1309,1309,8,8,9,9,0.0016845825322587132,0,2.1706295538770348e-08
"F=20, p=2",20,2,48,Random ranked: QPU-valid-unique matched,1309,1309,16,16,17,17,0.002100342848428173,0,1.7747202041284993e-08
"F=20, p=2",20,2,48,Random ranked: QPU-valid-unique matched,1309,1309,32,32,33,33,0.002100342848428173,0,1.7747202041284993e-08
"F=20, p=2",20,2,48,Random ranked: QPU-valid-unique matched,1309,1309,64,64,65,65,0.002100342848428173,0,1.7747202041284993e-08
"F=20, p=2",20,2,48,Random ranked: QPU-raw-draw matched,8192,7967,4,4,5,5,0.0019597705316702005,0,8.164678169664263e-10
"F=20, p=2",20,2,48,Random ranked: QPU-raw-draw matched,8192,7967,8,8,9,9,0.0019597705316702005,0,8.164678169664263e-10
"F=20, p=2",20,2,48,Random ranked: QPU-raw-draw matched,8192,7967,16,16,17,17,0.0019597705316702005,0,8.164678169664263e-10
"F=20, p=2",20,2,48,Random ranked: QPU-raw-draw matched,8192,7967,32,32,33,33,0.0019597705316702005,0,8.164678169664263e-10
"F=20, p=2",20,2,48,Random ranked: QPU-raw-draw matched,8192,7967,64,64,65,65,0.0019597705316702005,0,8.164678169664263e-10
"F=20, p=2",20,2,49,Uniform random: direct M,4,64,4,4,5,5,0.0014812725158722256,0,1.7317249967341297e-08
"F=20, p=2",20,2,49,Uniform random: direct M,8,64,8,8,9,9,0.0018401050992056384,0,1.846365216273682e-08
"F=20, p=2",20,2,49,Uniform random: direct M,16,64,16,16,17,17,0.0019912325546166953,0,1.6378920997262014e-08
"F=20, p=2",20,2,49,Uniform random: direct M,32,64,32,32,33,33,0.0020655238743691254,0,2.1554645512900095e-08
"F=20, p=2",20,2,49,Uniform random: direct M,64,64,64,64,65,65,0.0020655238743691254,0,2.1554645512900095e-08
"F=20, p=2",20,2,49,Random ranked: QPU-valid-unique matched,1249,1249,4,4,5,5,0.0018243805840323646,0,2.2919106945629153e-08
"F=20, p=2",20,2,49,Random ranked: QPU-valid-unique matched,1249,1249,8,8,9,9,0.0018243805840323646,0,2.2919106945629153e-08
"F=20, p=2",20,2,49,Random ranked: QPU-valid-unique matched,1249,1249,16,16,17,17,0.0018243805840323646,0,2.2919106945629153e-08
"F=20, p=2",20,2,49,Random ranked: QPU-valid-unique matched,1249,1249,32,32,33,33,0.0018243805840323646,0,2.2919106945629153e-08
"F=20, p=2",20,2,49,Random ranked: QPU-valid-unique matched,1249,1249,64,64,65,65,0.0018243805840323646,0,2.2919106945629153e-08
"F=20, p=2",20,2,49,Random ranked: QPU-raw-draw matched,8192,8015,4,4,5,5,0.00208092977917701,0,1.4015973714975871e-08
"F=20, p=2",20,2,49,Random ranked: QPU-raw-draw matched,8192,8015,8,8,9,9,0.00208092977917701,0,1.4015973714975871e-08
"F=20, p=2",20,2,49,Random ranked: QPU-raw-draw matched,8192,8015,16,16,17,17,0.00208092977917701,0,1.4015973714975871e-08
"F=20, p=2",20,2,49,Random ranked: QPU-raw-draw matched,8192,8015,32,32,33,33,0.00208092977917701,0,1.4015973714975871e-08
"F=20, p=2",20,2,49,Random ranked: QPU-raw-draw matched,8192,8015,64,64,65,65,0.00208092977917701,0,1.4015973714975871e-08
"F=24, p=1",24,1,0,Uniform random: direct M,4,64,4,4,5,5,0.0021710022995076322,0,6.504011279204192e-10
"F=24, p=1",24,1,0,Uniform random: direct M,8,64,8,8,9,9,0.0021710022995076322,0,6.504011279204192e-10
"F=24, p=1",24,1,0,Uniform random: direct M,16,64,16,16,17,17,0.0021710022995076322,0,6.504011279204192e-10
"F=24, p=1",24,1,0,Uniform random: direct M,32,64,32,32,33,33,0.0024795976971308253,0,9.75861023932989e-10
"F=24, p=1",24,1,0,Uniform random: direct M,64,64,64,64,65,65,0.0024795976971308253,0,9.75861023932989e-10
"F=24, p=1",24,1,0,Random ranked: QPU-valid-unique matched,674,674,4,4,5,5,0.002315082028755147,0,1.3634192941314183e-09
"F=24, p=1",24,1,0,Random ranked: QPU-valid-unique matched,674,674,8,8,9,9,0.0023914665717977915,0,2.003446319953639e-08
"F=24, p=1",24,1,0,Random ranked: QPU-valid-unique matched,674,674,16,16,17,17,0.0023914665717977915,0,2.003446319953639e-08
"F=24, p=1",24,1,0,Random ranked: QPU-valid-unique matched,674,674,32,32,33,33,0.0023914665717977915,0,2.003446319953639e-08
"F=24, p=1",24,1,0,Random ranked: QPU-valid-unique matched,674,674,64,64,65,65,0.0023914665717977915,0,2.003446319953639e-08
"F=24, p=1",24,1,0,Random ranked: QPU-raw-draw matched,8192,8178,4,4,5,5,0.002315254892062593,0,7.602978457921239e-08
"F=24, p=1",24,1,0,Random ranked: QPU-raw-draw matched,8192,8178,8,8,9,9,0.002315254892062593,0,7.602978457921239e-08
"F=24, p=1",24,1,0,Random ranked: QPU-raw-draw matched,8192,8178,16,16,17,17,0.002315254892062593,0,7.602978457921239e-08
"F=24, p=1",24,1,0,Random ranked: QPU-raw-draw matched,8192,8178,32,32,33,33,0.002315254892062593,0,7.602978457921239e-08
"F=24, p=1",24,1,0,Random ranked: QPU-raw-draw matched,8192,8178,64,64,65,65,0.002315254892062593,0,7.602978457921239e-08
"F=24, p=1",24,1,1,Uniform random: direct M,4,64,4,4,5,5,0.002485227578341097,0,6.227593274399368e-09
"F=24, p=1",24,1,1,Uniform random: direct M,8,64,8,8,9,9,0.002485227578341097,0,6.227593274399368e-09
"F=24, p=1",24,1,1,Uniform random: direct M,16,64,16,16,17,17,0.002485227578341097,0,6.227593274399368e-09
"F=24, p=1",24,1,1,Uniform random: direct M,32,64,32,32,33,33,0.002485227578341097,0,6.227593274399368e-09
"F=24, p=1",24,1,1,Uniform random: direct M,64,64,64,64,65,65,0.002485227578341097,0,6.227593274399368e-09
"F=24, p=1",24,1,1,Random ranked: QPU-valid-unique matched,655,655,4,4,5,5,0.002092377098805498,0,9.96141941156381e-09
"F=24, p=1",24,1,1,Random ranked: QPU-valid-unique matched,655,655,8,8,9,9,0.002322468783010123,0,1.4423681693465085e-10
"F=24, p=1",24,1,1,Random ranked: QPU-valid-unique matched,655,655,16,16,17,17,0.002322468783010123,0,1.4423681693465085e-10
"F=24, p=1",24,1,1,Random ranked: QPU-valid-unique matched,655,655,32,32,33,33,0.002322468783010123,0,1.4423681693465085e-10
"F=24, p=1",24,1,1,Random ranked: QPU-valid-unique matched,655,655,64,64,65,65,0.002322468783010123,0,1.4423681693465085e-10
"F=24, p=1",24,1,1,Random ranked: QPU-raw-draw matched,8192,8177,4,4,5,5,0.0023883884507087325,0,1.0195528657441777e-09
"F=24, p=1",24,1,1,Random ranked: QPU-raw-draw matched,8192,8177,8,8,9,9,0.0023883884507087325,0,1.0195528657441777e-09
"F=24, p=1",24,1,1,Random ranked: QPU-raw-draw matched,8192,8177,16,16,17,17,0.0023883884507087325,0,1.0195528657441777e-09
"F=24, p=1",24,1,1,Random ranked: QPU-raw-draw matched,8192,8177,32,32,33,33,0.0023883884507087325,0,1.0195528657441777e-09
"F=24, p=1",24,1,1,Random ranked: QPU-raw-draw matched,8192,8177,64,64,65,65,0.0023883884507087325,0,1.0195528657441777e-09
"F=24, p=1",24,1,2,Uniform random: direct M,4,64,4,4,5,5,0.001933536225952881,0,2.4675859133793665e-09
"F=24, p=1",24,1,2,Uniform random: direct M,8,64,8,8,9,9,0.0020676300708908635,0,1.778181502043452e-08
"F=24, p=1",24,1,2,Uniform random: direct M,16,64,16,16,17,17,0.0023409820897145883,0,3.559312772294376e-08
"F=24, p=1",24,1,2,Uniform random: direct M,32,64,32,32,33,33,0.0023409820897145883,0,3.559312772294376e-08
"F=24, p=1",24,1,2,Uniform random: direct M,64,64,64,64,65,65,0.0024149403762700195,0,4.821006649446957e-10
"F=24, p=1",24,1,2,Random ranked: QPU-valid-unique matched,606,606,4,4,5,5,0.0017958795216123785,0,1.642918823208106e-08
"F=24, p=1",24,1,2,Random ranked: QPU-valid-unique matched,606,606,8,8,9,9,0.0017958795216123785,0,1.642918823208106e-08
"F=24, p=1",24,1,2,Random ranked: QPU-valid-unique matched,606,606,16,16,17,17,0.002247392495562668,0,2.7870632468562917e-09
"F=24, p=1",24,1,2,Random ranked: QPU-valid-unique matched,606,606,32,32,33,33,0.002247392495562668,0,2.7870632468562917e-09
"F=24, p=1",24,1,2,Random ranked: QPU-valid-unique matched,606,606,64,64,65,65,0.002247392495562668,0,2.7870632468562917e-09
"F=24, p=1",24,1,2,Random ranked: QPU-raw-draw matched,8192,8179,4,4,5,5,0.0023321710180971844,0,1.565594409669302e-08
"F=24, p=1",24,1,2,Random ranked: QPU-raw-draw matched,8192,8179,8,8,9,9,0.0023321710180971844,0,1.565594409669302e-08
"F=24, p=1",24,1,2,Random ranked: QPU-raw-draw matched,8192,8179,16,16,17,17,0.0023321710180971844,0,1.565594409669302e-08
"F=24, p=1",24,1,2,Random ranked: QPU-raw-draw matched,8192,8179,32,32,33,33,0.0023321710180971844,0,1.565594409669302e-08
"F=24, p=1",24,1,2,Random ranked: QPU-raw-draw matched,8192,8179,64,64,65,65,0.0023321710180971844,0,1.565594409669302e-08
"F=24, p=1",24,1,3,Uniform random: direct M,4,64,4,4,5,5,0.0017435875726209346,0,2.567003443143534e-09
"F=24, p=1",24,1,3,Uniform random: direct M,8,64,8,8,9,9,0.0022131798105677544,0,1.156205775565411e-08
"F=24, p=1",24,1,3,Uniform random: direct M,16,64,16,16,17,17,0.0022325110847946777,0,2.3108082669587304e-08
"F=24, p=1",24,1,3,Uniform random: direct M,32,64,32,32,33,33,0.0022325110847946777,0,2.3108082669587304e-08
"F=24, p=1",24,1,3,Uniform random: direct M,64,64,64,64,65,65,0.002506799672356279,0,3.8344461605888114e-08
"F=24, p=1",24,1,3,Random ranked: QPU-valid-unique matched,674,674,4,4,5,5,0.002340473738739024,0,1.9367281944848713e-08
"F=24, p=1",24,1,3,Random ranked: QPU-valid-unique matched,674,674,8,8,9,9,0.002340473738739024,0,1.9367281944848713e-08
"F=24, p=1",24,1,3,Random ranked: QPU-valid-unique matched,674,674,16,16,17,17,0.002340473738739024,0,1.9367281944848713e-08
"F=24, p=1",24,1,3,Random ranked: QPU-valid-unique matched,674,674,32,32,33,33,0.002340473738739024,0,1.9367281944848713e-08
"F=24, p=1",24,1,3,Random ranked: QPU-valid-unique matched,674,674,64,64,65,65,0.002432232931752973,0,1.197107080130877e-09
"F=24, p=1",24,1,3,Random ranked: QPU-raw-draw matched,8192,8180,4,4,5,5,0.002386273242973913,0,1.4583028742909399e-09
"F=24, p=1",24,1,3,Random ranked: QPU-raw-draw matched,8192,8180,8,8,9,9,0.002386273242973913,0,1.4583028742909399e-09
"F=24, p=1",24,1,3,Random ranked: QPU-raw-draw matched,8192,8180,16,16,17,17,0.002386273242973913,0,1.4583028742909399e-09
"F=24, p=1",24,1,3,Random ranked: QPU-raw-draw matched,8192,8180,32,32,33,33,0.002386273242973913,0,1.4583028742909399e-09
"F=24, p=1",24,1,3,Random ranked: QPU-raw-draw matched,8192,8180,64,64,65,65,0.002386273242973913,0,1.4583028742909399e-09
"F=24, p=1",24,1,4,Uniform random: direct M,4,64,4,4,5,5,0.0016135719928023068,0,1.068585199492933e-09
"F=24, p=1",24,1,4,Uniform random: direct M,8,64,8,8,9,9,0.002351456630891577,0,2.0587665350291218e-08
"F=24, p=1",24,1,4,Uniform random: direct M,16,64,16,16,17,17,0.002351456630891577,0,2.0587665350291218e-08
"F=24, p=1",24,1,4,Uniform random: direct M,32,64,32,32,33,33,0.002351456630891577,0,2.0587665350291218e-08
"F=24, p=1",24,1,4,Uniform random: direct M,64,64,64,64,65,65,0.002351456630891577,0,2.0587665350291218e-08
"F=24, p=1",24,1,4,Random ranked: QPU-valid-unique matched,655,655,4,4,5,5,0.0021877108375108617,0,2.9891469299769824e-08
"F=24, p=1",24,1,4,Random ranked: QPU-valid-unique matched,655,655,8,8,9,9,0.0021877108375108617,0,2.9891469299769824e-08
"F=24, p=1",24,1,4,Random ranked: QPU-valid-unique matched,655,655,16,16,17,17,0.002399031886219302,0,7.083160946663725e-09
"F=24, p=1",24,1,4,Random ranked: QPU-valid-unique matched,655,655,32,32,33,33,0.002399031886219302,0,7.083160946663725e-09
"F=24, p=1",24,1,4,Random ranked: QPU-valid-unique matched,655,655,64,64,65,65,0.002399031886219302,0,7.083160946663725e-09
"F=24, p=1",24,1,4,Random ranked: QPU-raw-draw matched,8192,8178,4,4,5,5,0.0022987454174577954,0,2.15604932796154e-08
"F=24, p=1",24,1,4,Random ranked: QPU-raw-draw matched,8192,8178,8,8,9,9,0.0022987454174577954,0,2.15604932796154e-08
"F=24, p=1",24,1,4,Random ranked: QPU-raw-draw matched,8192,8178,16,16,17,17,0.0022987454174577954,0,2.15604932796154e-08
"F=24, p=1",24,1,4,Random ranked: QPU-raw-draw matched,8192,8178,32,32,33,33,0.0022987454174577954,0,2.15604932796154e-08
"F=24, p=1",24,1,4,Random ranked: QPU-raw-draw matched,8192,8178,64,64,65,65,0.0022987454174577954,0,2.15604932796154e-08
"F=24, p=1",24,1,5,Uniform random: direct M,4,64,4,4,5,5,0.00188422799454048,0,1.9537760298504736e-10
"F=24, p=1",24,1,5,Uniform random: direct M,8,64,8,8,9,9,0.002115140520452946,0,6.735998980822444e-10
"F=24, p=1",24,1,5,Uniform random: direct M,16,64,16,16,17,17,0.002115140520452946,0,6.735998980822444e-10
"F=24, p=1",24,1,5,Uniform random: direct M,32,64,32,32,33,33,0.002121084144652209,0,1.711480390742537e-08
"F=24, p=1",24,1,5,Uniform random: direct M,64,64,64,64,65,65,0.0023058795531580092,0,1.580885973344326e-09
"F=24, p=1",24,1,5,Random ranked: QPU-valid-unique matched,606,606,4,4,5,5,0.0016893305732465988,0,2.9077083352202493e-08
"F=24, p=1",24,1,5,Random ranked: QPU-valid-unique matched,606,606,8,8,9,9,0.002247895311708957,0,1.1858253989860401e-08
"F=24, p=1",24,1,5,Random ranked: QPU-valid-unique matched,606,606,16,16,17,17,0.0023182107764980683,0,1.3623005544818878e-09
"F=24, p=1",24,1,5,Random ranked: QPU-valid-unique matched,606,606,32,32,33,33,0.0023182107764980683,0,1.3623005544818878e-09
"F=24, p=1",24,1,5,Random ranked: QPU-valid-unique matched,606,606,64,64,65,65,0.0023182107764980683,0,1.3623005544818878e-09
"F=24, p=1",24,1,5,Random ranked: QPU-raw-draw matched,8192,8186,4,4,5,5,0.0019858712104906737,0,2.712974722651751e-08
"F=24, p=1",24,1,5,Random ranked: QPU-raw-draw matched,8192,8186,8,8,9,9,0.002347044913599765,0,9.812382018026256e-10
"F=24, p=1",24,1,5,Random ranked: QPU-raw-draw matched,8192,8186,16,16,17,17,0.002347044913599765,0,9.812382018026256e-10
"F=24, p=1",24,1,5,Random ranked: QPU-raw-draw matched,8192,8186,32,32,33,33,0.002347044913599765,0,9.812382018026256e-10
"F=24, p=1",24,1,5,Random ranked: QPU-raw-draw matched,8192,8186,64,64,65,65,0.002347044913599765,0,9.812382018026256e-10
"F=24, p=1",24,1,6,Uniform random: direct M,4,64,4,4,5,5,0.002111372321543542,0,1.322152602678539e-09
"F=24, p=1",24,1,6,Uniform random: direct M,8,64,8,8,9,9,0.002111372321543542,0,1.322152602678539e-09
"F=24, p=1",24,1,6,Uniform random: direct M,16,64,16,16,17,17,0.002522124555543591,0,9.953830759634741e-09
"F=24, p=1",24,1,6,Uniform random: direct M,32,64,32,32,33,33,0.002522124555543591,0,9.953830759634741e-09
"F=24, p=1",24,1,6,Uniform random: direct M,64,64,64,64,65,65,0.002522124555543591,0,9.953830759634741e-09
"F=24, p=1",24,1,6,Random ranked: QPU-valid-unique matched,674,674,4,4,5,5,0.0020420636213165783,0,7.213877273315461e-09
"F=24, p=1",24,1,6,Random ranked: QPU-valid-unique matched,674,674,8,8,9,9,0.0020420636213165783,0,7.213877273315461e-09
"F=24, p=1",24,1,6,Random ranked: QPU-valid-unique matched,674,674,16,16,17,17,0.002228113819899305,0,1.2590307241211462e-08
"F=24, p=1",24,1,6,Random ranked: QPU-valid-unique matched,674,674,32,32,33,33,0.002228113819899305,0,1.2590307241211462e-08
"F=24, p=1",24,1,6,Random ranked: QPU-valid-unique matched,674,674,64,64,65,65,0.002228113819899305,0,1.2590307241211462e-08
"F=24, p=1",24,1,6,Random ranked: QPU-raw-draw matched,8192,8179,4,4,5,5,0.0023469074281600583,0,1.1044750281019589e-08
"F=24, p=1",24,1,6,Random ranked: QPU-raw-draw matched,8192,8179,8,8,9,9,0.0023469074281600583,0,1.1044750281019589e-08
"F=24, p=1",24,1,6,Random ranked: QPU-raw-draw matched,8192,8179,16,16,17,17,0.0023557213213560024,0,2.372171115094801e-08
"F=24, p=1",24,1,6,Random ranked: QPU-raw-draw matched,8192,8179,32,32,33,33,0.0023557213213560024,0,2.372171115094801e-08
"F=24, p=1",24,1,6,Random ranked: QPU-raw-draw matched,8192,8179,64,64,65,65,0.0023557213213560024,0,2.372171115094801e-08
"F=24, p=1",24,1,7,Uniform random: direct M,4,64,4,4,5,5,0.0018880610996640512,0,3.1832254943076066e-08
"F=24, p=1",24,1,7,Uniform random: direct M,8,64,8,8,9,9,0.002189069544943807,0,1.7883201530732862e-08
"F=24, p=1",24,1,7,Uniform random: direct M,16,64,16,16,17,17,0.0021893445539279896,0,1.2460599774222203e-09
"F=24, p=1",24,1,7,Uniform random: direct M,32,64,32,32,33,33,0.0023130210282384864,0,2.4743880944200214e-08
"F=24, p=1",24,1,7,Uniform random: direct M,64,64,64,64,65,65,0.0023130210282384864,0,2.4743880944200214e-08
"F=24, p=1",24,1,7,Random ranked: QPU-valid-unique matched,655,655,4,4,5,5,0.00215767538906389,0,3.531646086685214e-08
"F=24, p=1",24,1,7,Random ranked: QPU-valid-unique matched,655,655,8,8,9,9,0.00215767538906389,0,3.531646086685214e-08
"F=24, p=1",24,1,7,Random ranked: QPU-valid-unique matched,655,655,16,16,17,17,0.0024452838470349833,0,1.3594664283189672e-09
"F=24, p=1",24,1,7,Random ranked: QPU-valid-unique matched,655,655,32,32,33,33,0.0024452838470349833,0,1.3594664283189672e-09
"F=24, p=1",24,1,7,Random ranked: QPU-valid-unique matched,655,655,64,64,65,65,0.0024452838470349833,0,1.3594664283189672e-09
"F=24, p=1",24,1,7,Random ranked: QPU-raw-draw matched,8192,8181,4,4,5,5,0.0022741952807298488,0,1.9539955625758054e-09
"F=24, p=1",24,1,7,Random ranked: QPU-raw-draw matched,8192,8181,8,8,9,9,0.0022741952807298488,0,1.9539955625758054e-09
"F=24, p=1",24,1,7,Random ranked: QPU-raw-draw matched,8192,8181,16,16,17,17,0.0022741952807298488,0,1.9539955625758054e-09
"F=24, p=1",24,1,7,Random ranked: QPU-raw-draw matched,8192,8181,32,32,33,33,0.0022741952807298488,0,1.9539955625758054e-09
"F=24, p=1",24,1,7,Random ranked: QPU-raw-draw matched,8192,8181,64,64,65,65,0.0022741952807298488,0,1.9539955625758054e-09
"F=24, p=1",24,1,8,Uniform random: direct M,4,64,4,4,5,5,0.002514022001019675,0,1.616912487234501e-08
"F=24, p=1",24,1,8,Uniform random: direct M,8,64,8,8,9,9,0.002514022001019675,0,1.616912487234501e-08
"F=24, p=1",24,1,8,Uniform random: direct M,16,64,16,16,17,17,0.002514022001019675,0,1.616912487234501e-08
"F=24, p=1",24,1,8,Uniform random: direct M,32,64,32,32,33,33,0.002514022001019675,0,1.616912487234501e-08
"F=24, p=1",24,1,8,Uniform random: direct M,64,64,64,64,65,65,0.002514022001019675,0,1.616912487234501e-08
"F=24, p=1",24,1,8,Random ranked: QPU-valid-unique matched,606,606,4,4,5,5,0.0016520722272759247,0,3.8676197855469496e-08
"F=24, p=1",24,1,8,Random ranked: QPU-valid-unique matched,606,606,8,8,9,9,0.002284587156957091,0,1.0896812674410228e-08
"F=24, p=1",24,1,8,Random ranked: QPU-valid-unique matched,606,606,16,16,17,17,0.002519501906539566,0,3.194013165064291e-09
"F=24, p=1",24,1,8,Random ranked: QPU-valid-unique matched,606,606,32,32,33,33,0.002519501906539566,0,3.194013165064291e-09
"F=24, p=1",24,1,8,Random ranked: QPU-valid-unique matched,606,606,64,64,65,65,0.002519501906539566,0,3.194013165064291e-09
"F=24, p=1",24,1,8,Random ranked: QPU-raw-draw matched,8192,8180,4,4,5,5,0.002192452161577381,0,2.2905211061186037e-09
"F=24, p=1",24,1,8,Random ranked: QPU-raw-draw matched,8192,8180,8,8,9,9,0.002192452161577381,0,2.2905211061186037e-09
"F=24, p=1",24,1,8,Random ranked: QPU-raw-draw matched,8192,8180,16,16,17,17,0.0022156245433261196,0,9.89792067751516e-10
"F=24, p=1",24,1,8,Random ranked: QPU-raw-draw matched,8192,8180,32,32,33,33,0.0022156245433261196,0,9.89792067751516e-10
"F=24, p=1",24,1,8,Random ranked: QPU-raw-draw matched,8192,8180,64,64,65,65,0.0022156245433261196,0,9.89792067751516e-10
"F=24, p=1",24,1,9,Uniform random: direct M,4,64,4,4,5,5,0.001977847437851156,0,1.1580852249393203e-10
"F=24, p=1",24,1,9,Uniform random: direct M,8,64,8,8,9,9,0.001977847437851156,0,1.1580852249393203e-10
"F=24, p=1",24,1,9,Uniform random: direct M,16,64,16,16,17,17,0.002138501737080835,0,1.00569697014663e-09
"F=24, p=1",24,1,9,Uniform random: direct M,32,64,32,32,33,33,0.002138501737080835,0,1.00569697014663e-09
"F=24, p=1",24,1,9,Uniform random: direct M,64,64,64,64,65,65,0.0022179705960933827,0,1.395341653331883e-08
"F=24, p=1",24,1,9,Random ranked: QPU-valid-unique matched,674,674,4,4,5,5,0.001904350209206894,0,2.2154731049717213e-08
"F=24, p=1",24,1,9,Random ranked: QPU-valid-unique matched,674,674,8,8,9,9,0.002333031893656641,0,6.096333549088229e-09
"F=24, p=1",24,1,9,Random ranked: QPU-valid-unique matched,674,674,16,16,17,17,0.0023856323144170674,0,2.2401013710648954e-08
"F=24, p=1",24,1,9,Random ranked: QPU-valid-unique matched,674,674,32,32,33,33,0.0023856323144170674,0,2.2401013710648954e-08
"F=24, p=1",24,1,9,Random ranked: QPU-valid-unique matched,674,674,64,64,65,65,0.0023856323144170674,0,2.2401013710648954e-08
"F=24, p=1",24,1,9,Random ranked: QPU-raw-draw matched,8192,8180,4,4,5,5,0.0022393736227523456,0,5.635512773105589e-08
"F=24, p=1",24,1,9,Random ranked: QPU-raw-draw matched,8192,8180,8,8,9,9,0.0022393736227523456,0,5.635512773105589e-08
"F=24, p=1",24,1,9,Random ranked: QPU-raw-draw matched,8192,8180,16,16,17,17,0.002345359192834004,0,2.914590935265693e-08
"F=24, p=1",24,1,9,Random ranked: QPU-raw-draw matched,8192,8180,32,32,33,33,0.002345359192834004,0,2.914590935265693e-08
"F=24, p=1",24,1,9,Random ranked: QPU-raw-draw matched,8192,8180,64,64,65,65,0.002345359192834004,0,2.914590935265693e-08
"F=24, p=1",24,1,10,Uniform random: direct M,4,64,4,4,5,5,0.0020839668749817256,0,2.3940737392535993e-08
"F=24, p=1",24,1,10,Uniform random: direct M,8,64,8,8,9,9,0.0020839668749817256,0,2.3940737392535993e-08
"F=24, p=1",24,1,10,Uniform random: direct M,16,64,16,16,17,17,0.0020839668749817256,0,2.3940737392535993e-08
"F=24, p=1",24,1,10,Uniform random: direct M,32,64,32,32,33,33,0.0023033753539805565,0,1.0862602137229338e-09
"F=24, p=1",24,1,10,Uniform random: direct M,64,64,64,64,65,65,0.002306810251378015,0,3.0957539531861755e-08
"F=24, p=1",24,1,10,Random ranked: QPU-valid-unique matched,655,655,4,4,5,5,0.0020127185313987064,0,2.5985203544465207e-08
"F=24, p=1",24,1,10,Random ranked: QPU-valid-unique matched,655,655,8,8,9,9,0.002279632993649805,0,3.009915539031738e-09
"F=24, p=1",24,1,10,Random ranked: QPU-valid-unique matched,655,655,16,16,17,17,0.0023149903152521467,0,5.802845773339449e-10
"F=24, p=1",24,1,10,Random ranked: QPU-valid-unique matched,655,655,32,32,33,33,0.0023149903152521467,0,5.802845773339449e-10
"F=24, p=1",24,1,10,Random ranked: QPU-valid-unique matched,655,655,64,64,65,65,0.0023149903152521467,0,5.802845773339449e-10
"F=24, p=1",24,1,10,Random ranked: QPU-raw-draw matched,8192,8180,4,4,5,5,0.002109123006423179,0,1.2136977978194352e-08
"F=24, p=1",24,1,10,Random ranked: QPU-raw-draw matched,8192,8180,8,8,9,9,0.0022878337504467702,0,1.6850596251671845e-08
"F=24, p=1",24,1,10,Random ranked: QPU-raw-draw matched,8192,8180,16,16,17,17,0.0022878337504467702,0,1.6850596251671845e-08
"F=24, p=1",24,1,10,Random ranked: QPU-raw-draw matched,8192,8180,32,32,33,33,0.0022878337504467702,0,1.6850596251671845e-08
"F=24, p=1",24,1,10,Random ranked: QPU-raw-draw matched,8192,8180,64,64,65,65,0.0022878337504467702,0,1.6850596251671845e-08
"F=24, p=1",24,1,11,Uniform random: direct M,4,64,4,4,5,5,0.001979495476023614,0,1.4992308020045364e-09
"F=24, p=1",24,1,11,Uniform random: direct M,8,64,8,8,9,9,0.001979495476023614,0,1.4992308020045364e-09
"F=24, p=1",24,1,11,Uniform random: direct M,16,64,16,16,17,17,0.002129959797497978,0,3.364847617204347e-08
"F=24, p=1",24,1,11,Uniform random: direct M,32,64,32,32,33,33,0.002129959797497978,0,3.364847617204347e-08
"F=24, p=1",24,1,11,Uniform random: direct M,64,64,64,64,65,65,0.0024840972473417836,0,2.4490745875738185e-08
"F=24, p=1",24,1,11,Random ranked: QPU-valid-unique matched,606,606,4,4,5,5,0.002025880984919945,0,9.027470770917034e-09
"F=24, p=1",24,1,11,Random ranked: QPU-valid-unique matched,606,606,8,8,9,9,0.002179987752374761,0,4.6102577311302184e-10
"F=24, p=1",24,1,11,Random ranked: QPU-valid-unique matched,606,606,16,16,17,17,0.0024001689821396485,0,1.6700877972231076e-09
"F=24, p=1",24,1,11,Random ranked: QPU-valid-unique matched,606,606,32,32,33,33,0.0024001689821396485,0,1.6700877972231076e-09
"F=24, p=1",24,1,11,Random ranked: QPU-valid-unique matched,606,606,64,64,65,65,0.0024001689821396485,0,1.6700877972231076e-09
"F=24, p=1",24,1,11,Random ranked: QPU-raw-draw matched,8192,8171,4,4,5,5,0.0023507362536523066,0,6.610926528427541e-10
"F=24, p=1",24,1,11,Random ranked: QPU-raw-draw matched,8192,8171,8,8,9,9,0.0023507362536523066,0,6.610926528427541e-10
"F=24, p=1",24,1,11,Random ranked: QPU-raw-draw matched,8192,8171,16,16,17,17,0.0023507362536523066,0,6.610926528427541e-10
"F=24, p=1",24,1,11,Random ranked: QPU-raw-draw matched,8192,8171,32,32,33,33,0.0023507362536523066,0,6.610926528427541e-10
"F=24, p=1",24,1,11,Random ranked: QPU-raw-draw matched,8192,8171,64,64,65,65,0.0023507362536523066,0,6.610926528427541e-10
"F=24, p=1",24,1,12,Uniform random: direct M,4,64,4,4,5,5,0.001474123937764145,0,3.449104213348875e-08
"F=24, p=1",24,1,12,Uniform random: direct M,8,64,8,8,9,9,0.001944463106007599,0,8.306514476252858e-09
"F=24, p=1",24,1,12,Uniform random: direct M,16,64,16,16,17,17,0.002435154391585606,0,3.144241894625921e-08
"F=24, p=1",24,1,12,Uniform random: direct M,32,64,32,32,33,33,0.0024766037400220306,0,6.706753902241402e-10
"F=24, p=1",24,1,12,Uniform random: direct M,64,64,64,64,65,65,0.0024766037400220306,0,6.706753902241402e-10
"F=24, p=1",24,1,12,Random ranked: QPU-valid-unique matched,674,674,4,4,5,5,0.0020080668531009815,0,8.970286735632271e-10
"F=24, p=1",24,1,12,Random ranked: QPU-valid-unique matched,674,674,8,8,9,9,0.0021644117228229176,0,9.385499155634136e-09
"F=24, p=1",24,1,12,Random ranked: QPU-valid-unique matched,674,674,16,16,17,17,0.002329698201537854,0,4.5213859739545725e-10
"F=24, p=1",24,1,12,Random ranked: QPU-valid-unique matched,674,674,32,32,33,33,0.002329698201537854,0,4.5213859739545725e-10
"F=24, p=1",24,1,12,Random ranked: QPU-valid-unique matched,674,674,64,64,65,65,0.002329698201537854,0,4.5213859739545725e-10
"F=24, p=1",24,1,12,Random ranked: QPU-raw-draw matched,8192,8177,4,4,5,5,0.002333368457611333,0,1.3308653207255716e-09
"F=24, p=1",24,1,12,Random ranked: QPU-raw-draw matched,8192,8177,8,8,9,9,0.002333368457611333,0,1.3308653207255716e-09
"F=24, p=1",24,1,12,Random ranked: QPU-raw-draw matched,8192,8177,16,16,17,17,0.002333368457611333,0,1.3308653207255716e-09
"F=24, p=1",24,1,12,Random ranked: QPU-raw-draw matched,8192,8177,32,32,33,33,0.002333368457611333,0,1.3308653207255716e-09
"F=24, p=1",24,1,12,Random ranked: QPU-raw-draw matched,8192,8177,64,64,65,65,0.002333368457611333,0,1.3308653207255716e-09
"F=24, p=1",24,1,13,Uniform random: direct M,4,64,4,4,5,5,0.0022473500472795643,0,1.4228469166766011e-09
"F=24, p=1",24,1,13,Uniform random: direct M,8,64,8,8,9,9,0.0022473500472795643,0,1.4228469166766011e-09
"F=24, p=1",24,1,13,Uniform random: direct M,16,64,16,16,17,17,0.0022489653762362005,0,2.1364178537375267e-08
"F=24, p=1",24,1,13,Uniform random: direct M,32,64,32,32,33,33,0.0022564894132132626,0,1.9758811475867333e-08
"F=24, p=1",24,1,13,Uniform random: direct M,64,64,64,64,65,65,0.002349746860329828,0,1.5574516620819878e-08
"F=24, p=1",24,1,13,Random ranked: QPU-valid-unique matched,655,655,4,4,5,5,0.002057113586753437,0,1.164097129802144e-08
"F=24, p=1",24,1,13,Random ranked: QPU-valid-unique matched,655,655,8,8,9,9,0.002057113586753437,0,1.164097129802144e-08
"F=24, p=1",24,1,13,Random ranked: QPU-valid-unique matched,655,655,16,16,17,17,0.0024337334938866473,0,1.9265825870404263e-09
"F=24, p=1",24,1,13,Random ranked: QPU-valid-unique matched,655,655,32,32,33,33,0.0024337334938866473,0,1.9265825870404263e-09
"F=24, p=1",24,1,13,Random ranked: QPU-valid-unique matched,655,655,64,64,65,65,0.0024337334938866473,0,1.9265825870404263e-09
"F=24, p=1",24,1,13,Random ranked: QPU-raw-draw matched,8192,8176,4,4,5,5,0.0019585529582367422,0,1.8856268879652305e-08
"F=24, p=1",24,1,13,Random ranked: QPU-raw-draw matched,8192,8176,8,8,9,9,0.0021610041172455893,0,8.02909190522616e-10
"F=24, p=1",24,1,13,Random ranked: QPU-raw-draw matched,8192,8176,16,16,17,17,0.0022232958980961046,0,2.7981315042779897e-09
"F=24, p=1",24,1,13,Random ranked: QPU-raw-draw matched,8192,8176,32,32,33,33,0.0022317610023794565,0,3.70642432301338e-08
"F=24, p=1",24,1,13,Random ranked: QPU-raw-draw matched,8192,8176,64,64,65,65,0.0022317610023794565,0,3.70642432301338e-08
"F=24, p=1",24,1,14,Uniform random: direct M,4,64,4,4,5,5,0.001965346284460684,0,1.8747291996579207e-08
"F=24, p=1",24,1,14,Uniform random: direct M,8,64,8,8,9,9,0.0020934584399594364,0,6.460424079382521e-10
"F=24, p=1",24,1,14,Uniform random: direct M,16,64,16,16,17,17,0.002316837431884086,0,4.14859957498237e-09
"F=24, p=1",24,1,14,Uniform random: direct M,32,64,32,32,33,33,0.002316837431884086,0,4.14859957498237e-09
"F=24, p=1",24,1,14,Uniform random: direct M,64,64,64,64,65,65,0.002338447901725764,0,7.405278279470906e-09
"F=24, p=1",24,1,14,Random ranked: QPU-valid-unique matched,606,606,4,4,5,5,0.0018467210459713612,0,1.0610261280685762e-09
"F=24, p=1",24,1,14,Random ranked: QPU-valid-unique matched,606,606,8,8,9,9,0.0021352479221988796,0,2.038745872123826e-08
"F=24, p=1",24,1,14,Random ranked: QPU-valid-unique matched,606,606,16,16,17,17,0.002361319881120108,0,1.4057030053860053e-09
"F=24, p=1",24,1,14,Random ranked: QPU-valid-unique matched,606,606,32,32,33,33,0.002361319881120108,0,1.4057030053860053e-09
"F=24, p=1",24,1,14,Random ranked: QPU-valid-unique matched,606,606,64,64,65,65,0.0024185955047561006,0,7.07537728406038e-09
"F=24, p=1",24,1,14,Random ranked: QPU-raw-draw matched,8192,8181,4,4,5,5,0.002315082028755147,0,1.3634192941314183e-09
"F=24, p=1",24,1,14,Random ranked: QPU-raw-draw matched,8192,8181,8,8,9,9,0.002315082028755147,0,1.3634192941314183e-09
"F=24, p=1",24,1,14,Random ranked: QPU-raw-draw matched,8192,8181,16,16,17,17,0.002315082028755147,0,1.3634192941314183e-09
"F=24, p=1",24,1,14,Random ranked: QPU-raw-draw matched,8192,8181,32,32,33,33,0.002315082028755147,0,1.3634192941314183e-09
"F=24, p=1",24,1,14,Random ranked: QPU-raw-draw matched,8192,8181,64,64,65,65,0.002315082028755147,0,1.3634192941314183e-09
"F=24, p=1",24,1,15,Uniform random: direct M,4,64,4,4,5,5,0.0021587204968383927,0,4.804588615847649e-09
"F=24, p=1",24,1,15,Uniform random: direct M,8,64,8,8,9,9,0.0021587204968383927,0,4.804588615847649e-09
"F=24, p=1",24,1,15,Uniform random: direct M,16,64,16,16,17,17,0.0021587204968383927,0,4.804588615847649e-09
"F=24, p=1",24,1,15,Uniform random: direct M,32,64,32,32,33,33,0.0021587204968383927,0,4.804588615847649e-09
"F=24, p=1",24,1,15,Uniform random: direct M,64,64,64,64,65,65,0.0021655205272701344,0,2.179947039548935e-08
"F=24, p=1",24,1,15,Random ranked: QPU-valid-unique matched,674,674,4,4,5,5,0.0021417729103317545,0,7.051839001626092e-09
"F=24, p=1",24,1,15,Random ranked: QPU-valid-unique matched,674,674,8,8,9,9,0.00228819479965902,0,6.35525930492431e-10
"F=24, p=1",24,1,15,Random ranked: QPU-valid-unique matched,674,674,16,16,17,17,0.0024864856807077715,0,1.1932284674220917e-09
"F=24, p=1",24,1,15,Random ranked: QPU-valid-unique matched,674,674,32,32,33,33,0.0024864856807077715,0,1.1932284674220917e-09
"F=24, p=1",24,1,15,Random ranked: QPU-valid-unique matched,674,674,64,64,65,65,0.0024864856807077715,0,1.1932284674220917e-09
"F=24, p=1",24,1,15,Random ranked: QPU-raw-draw matched,8192,8181,4,4,5,5,0.0023836959361447987,0,5.4723094389252935e-09
"F=24, p=1",24,1,15,Random ranked: QPU-raw-draw matched,8192,8181,8,8,9,9,0.0023836959361447987,0,5.4723094389252935e-09
"F=24, p=1",24,1,15,Random ranked: QPU-raw-draw matched,8192,8181,16,16,17,17,0.0023836959361447987,0,5.4723094389252935e-09
"F=24, p=1",24,1,15,Random ranked: QPU-raw-draw matched,8192,8181,32,32,33,33,0.0023836959361447987,0,5.4723094389252935e-09
"F=24, p=1",24,1,15,Random ranked: QPU-raw-draw matched,8192,8181,64,64,65,65,0.0023836959361447987,0,5.4723094389252935e-09
"F=24, p=1",24,1,16,Uniform random: direct M,4,64,4,4,5,5,0.002181300685298933,0,2.2753828543553567e-08
"F=24, p=1",24,1,16,Uniform random: direct M,8,64,8,8,9,9,0.002181300685298933,0,2.2753828543553567e-08
"F=24, p=1",24,1,16,Uniform random: direct M,16,64,16,16,17,17,0.002492203783858414,0,2.589508479866609e-08
"F=24, p=1",24,1,16,Uniform random: direct M,32,64,32,32,33,33,0.002492203783858414,0,2.589508479866609e-08
"F=24, p=1",24,1,16,Uniform random: direct M,64,64,64,64,65,65,0.002492203783858414,0,2.589508479866609e-08
"F=24, p=1",24,1,16,Random ranked: QPU-valid-unique matched,655,655,4,4,5,5,0.001830740900203992,0,2.9515639377031277e-09
"F=24, p=1",24,1,16,Random ranked: QPU-valid-unique matched,655,655,8,8,9,9,0.0021448263211664084,0,8.06348077198038e-09
"F=24, p=1",24,1,16,Random ranked: QPU-valid-unique matched,655,655,16,16,17,17,0.0024093572118684403,0,1.6472373465248324e-09
"F=24, p=1",24,1,16,Random ranked: QPU-valid-unique matched,655,655,32,32,33,33,0.0024093572118684403,0,1.6472373465248324e-09
"F=24, p=1",24,1,16,Random ranked: QPU-valid-unique matched,655,655,64,64,65,65,0.0024093572118684403,0,1.6472373465248324e-09
"F=24, p=1",24,1,16,Random ranked: QPU-raw-draw matched,8192,8174,4,4,5,5,0.0023839555783336658,0,6.239843336475204e-08
"F=24, p=1",24,1,16,Random ranked: QPU-raw-draw matched,8192,8174,8,8,9,9,0.0023839555783336658,0,6.239843336475204e-08
"F=24, p=1",24,1,16,Random ranked: QPU-raw-draw matched,8192,8174,16,16,17,17,0.0023839555783336658,0,6.239843336475204e-08
"F=24, p=1",24,1,16,Random ranked: QPU-raw-draw matched,8192,8174,32,32,33,33,0.0023839555783336658,0,6.239843336475204e-08
"F=24, p=1",24,1,16,Random ranked: QPU-raw-draw matched,8192,8174,64,64,65,65,0.0023839555783336658,0,6.239843336475204e-08
"F=24, p=1",24,1,17,Uniform random: direct M,4,64,4,4,5,5,0.0022353010355768838,0,1.708056265870006e-09
"F=24, p=1",24,1,17,Uniform random: direct M,8,64,8,8,9,9,0.0022353010355768838,0,1.708056265870006e-09
"F=24, p=1",24,1,17,Uniform random: direct M,16,64,16,16,17,17,0.0022353010355768838,0,1.708056265870006e-09
"F=24, p=1",24,1,17,Uniform random: direct M,32,64,32,32,33,33,0.0022812318385915242,0,3.1344786877163244e-08
"F=24, p=1",24,1,17,Uniform random: direct M,64,64,64,64,65,65,0.002332042113110569,0,1.5746240422664926e-09
"F=24, p=1",24,1,17,Random ranked: QPU-valid-unique matched,606,606,4,4,5,5,0.0017934506261948757,0,2.854716463218665e-10
"F=24, p=1",24,1,17,Random ranked: QPU-valid-unique matched,606,606,8,8,9,9,0.0022900863490925433,0,6.784122361103151e-10
"F=24, p=1",24,1,17,Random ranked: QPU-valid-unique matched,606,606,16,16,17,17,0.0022900863490925433,0,6.784122361103151e-10
"F=24, p=1",24,1,17,Random ranked: QPU-valid-unique matched,606,606,32,32,33,33,0.0022900863490925433,0,6.784122361103151e-10
"F=24, p=1",24,1,17,Random ranked: QPU-valid-unique matched,606,606,64,64,65,65,0.0022900863490925433,0,6.784122361103151e-10
"F=24, p=1",24,1,17,Random ranked: QPU-raw-draw matched,8192,8181,4,4,5,5,0.002340473738739024,0,1.9367281944848713e-08
"F=24, p=1",24,1,17,Random ranked: QPU-raw-draw matched,8192,8181,8,8,9,9,0.002340473738739024,0,1.9367281944848713e-08
"F=24, p=1",24,1,17,Random ranked: QPU-raw-draw matched,8192,8181,16,16,17,17,0.002340473738739024,0,1.9367281944848713e-08
"F=24, p=1",24,1,17,Random ranked: QPU-raw-draw matched,8192,8181,32,32,33,33,0.002340473738739024,0,1.9367281944848713e-08
"F=24, p=1",24,1,17,Random ranked: QPU-raw-draw matched,8192,8181,64,64,65,65,0.002340473738739024,0,1.9367281944848713e-08
"F=24, p=1",24,1,18,Uniform random: direct M,4,64,4,4,5,5,0.00232458911235104,0,1.3855942726515025e-08
"F=24, p=1",24,1,18,Uniform random: direct M,8,64,8,8,9,9,0.002465380532618508,0,1.4525522396002799e-08
"F=24, p=1",24,1,18,Uniform random: direct M,16,64,16,16,17,17,0.002465380532618508,0,1.4525522396002799e-08
"F=24, p=1",24,1,18,Uniform random: direct M,32,64,32,32,33,33,0.002465380532618508,0,1.4525522396002799e-08
"F=24, p=1",24,1,18,Uniform random: direct M,64,64,64,64,65,65,0.002483531475313376,0,1.4237929724103537e-08
"F=24, p=1",24,1,18,Random ranked: QPU-valid-unique matched,674,674,4,4,5,5,0.002130756562576497,0,5.528320745629145e-08
"F=24, p=1",24,1,18,Random ranked: QPU-valid-unique matched,674,674,8,8,9,9,0.002130756562576497,0,5.528320745629145e-08
"F=24, p=1",24,1,18,Random ranked: QPU-valid-unique matched,674,674,16,16,17,17,0.002454439585021749,0,2.7578287431495596e-09
"F=24, p=1",24,1,18,Random ranked: QPU-valid-unique matched,674,674,32,32,33,33,0.002454439585021749,0,2.7578287431495596e-09
"F=24, p=1",24,1,18,Random ranked: QPU-valid-unique matched,674,674,64,64,65,65,0.002454439585021749,0,2.7578287431495596e-09
"F=24, p=1",24,1,18,Random ranked: QPU-raw-draw matched,8192,8180,4,4,5,5,0.0021127468718450323,0,1.1916586828419895e-08
"F=24, p=1",24,1,18,Random ranked: QPU-raw-draw matched,8192,8180,8,8,9,9,0.0021127468718450323,0,1.1916586828419895e-08
"F=24, p=1",24,1,18,Random ranked: QPU-raw-draw matched,8192,8180,16,16,17,17,0.0021127468718450323,0,1.1916586828419895e-08
"F=24, p=1",24,1,18,Random ranked: QPU-raw-draw matched,8192,8180,32,32,33,33,0.0021877108375108617,0,2.9891469299769824e-08
"F=24, p=1",24,1,18,Random ranked: QPU-raw-draw matched,8192,8180,64,64,65,65,0.0021877108375108617,0,2.9891469299769824e-08
"F=24, p=1",24,1,19,Uniform random: direct M,4,64,4,4,5,5,0.00244752781220256,0,2.1338551758898205e-10
"F=24, p=1",24,1,19,Uniform random: direct M,8,64,8,8,9,9,0.00244752781220256,0,2.1338551758898205e-10
"F=24, p=1",24,1,19,Uniform random: direct M,16,64,16,16,17,17,0.00244752781220256,0,2.1338551758898205e-10
"F=24, p=1",24,1,19,Uniform random: direct M,32,64,32,32,33,33,0.00244752781220256,0,2.1338551758898205e-10
"F=24, p=1",24,1,19,Uniform random: direct M,64,64,64,64,65,65,0.00244752781220256,0,2.1338551758898205e-10
"F=24, p=1",24,1,19,Random ranked: QPU-valid-unique matched,655,655,4,4,5,5,0.0020136719206228157,0,2.4707295542825136e-08
"F=24, p=1",24,1,19,Random ranked: QPU-valid-unique matched,655,655,8,8,9,9,0.0020136719206228157,0,2.4707295542825136e-08
"F=24, p=1",24,1,19,Random ranked: QPU-valid-unique matched,655,655,16,16,17,17,0.002387162522635225,0,3.4766644341210906e-08
"F=24, p=1",24,1,19,Random ranked: QPU-valid-unique matched,655,655,32,32,33,33,0.002387162522635225,0,3.4766644341210906e-08
"F=24, p=1",24,1,19,Random ranked: QPU-valid-unique matched,655,655,64,64,65,65,0.002387162522635225,0,3.4766644341210906e-08
"F=24, p=1",24,1,19,Random ranked: QPU-raw-draw matched,8192,8187,4,4,5,5,0.0024016889754532936,0,1.9796781644543238e-09
"F=24, p=1",24,1,19,Random ranked: QPU-raw-draw matched,8192,8187,8,8,9,9,0.0024016889754532936,0,1.9796781644543238e-09
"F=24, p=1",24,1,19,Random ranked: QPU-raw-draw matched,8192,8187,16,16,17,17,0.0024016889754532936,0,1.9796781644543238e-09
"F=24, p=1",24,1,19,Random ranked: QPU-raw-draw matched,8192,8187,32,32,33,33,0.0024016889754532936,0,1.9796781644543238e-09
"F=24, p=1",24,1,19,Random ranked: QPU-raw-draw matched,8192,8187,64,64,65,65,0.0024016889754532936,0,1.9796781644543238e-09
"F=24, p=1",24,1,20,Uniform random: direct M,4,64,4,4,5,5,0.0023764529683885927,0,1.0697215960253637e-09
"F=24, p=1",24,1,20,Uniform random: direct M,8,64,8,8,9,9,0.0023764529683885927,0,1.0697215960253637e-09
"F=24, p=1",24,1,20,Uniform random: direct M,16,64,16,16,17,17,0.0023764529683885927,0,1.0697215960253637e-09
"F=24, p=1",24,1,20,Uniform random: direct M,32,64,32,32,33,33,0.0023764529683885927,0,1.0697215960253637e-09
"F=24, p=1",24,1,20,Uniform random: direct M,64,64,64,64,65,65,0.0023778588804682713,0,9.779577758717295e-09
"F=24, p=1",24,1,20,Random ranked: QPU-valid-unique matched,606,606,4,4,5,5,0.002089173605656497,0,1.3662413644865978e-08
"F=24, p=1",24,1,20,Random ranked: QPU-valid-unique matched,606,606,8,8,9,9,0.002089173605656497,0,1.3662413644865978e-08
"F=24, p=1",24,1,20,Random ranked: QPU-valid-unique matched,606,606,16,16,17,17,0.0023899708984073953,0,2.018627309752219e-08
"F=24, p=1",24,1,20,Random ranked: QPU-valid-unique matched,606,606,32,32,33,33,0.0023899708984073953,0,2.018627309752219e-08
"F=24, p=1",24,1,20,Random ranked: QPU-valid-unique matched,606,606,64,64,65,65,0.0023899708984073953,0,2.018627309752219e-08
"F=24, p=1",24,1,20,Random ranked: QPU-raw-draw matched,8192,8184,4,4,5,5,0.002176866738387434,0,2.7765866272844164e-09
"F=24, p=1",24,1,20,Random ranked: QPU-raw-draw matched,8192,8184,8,8,9,9,0.002176866738387434,0,2.7765866272844164e-09
"F=24, p=1",24,1,20,Random ranked: QPU-raw-draw matched,8192,8184,16,16,17,17,0.002176866738387434,0,2.7765866272844164e-09
"F=24, p=1",24,1,20,Random ranked: QPU-raw-draw matched,8192,8184,32,32,33,33,0.002176866738387434,0,2.7765866272844164e-09
"F=24, p=1",24,1,20,Random ranked: QPU-raw-draw matched,8192,8184,64,64,65,65,0.002176866738387434,0,2.7765866272844164e-09
"F=24, p=1",24,1,21,Uniform random: direct M,4,64,4,4,5,5,0.002064090734152646,0,1.4749089616294953e-08
"F=24, p=1",24,1,21,Uniform random: direct M,8,64,8,8,9,9,0.002064090734152646,0,1.4749089616294953e-08
"F=24, p=1",24,1,21,Uniform random: direct M,16,64,16,16,17,17,0.002202148048306339,0,1.1615553074939555e-08
"F=24, p=1",24,1,21,Uniform random: direct M,32,64,32,32,33,33,0.002294571016824211,0,1.4184347696399868e-08
"F=24, p=1",24,1,21,Uniform random: direct M,64,64,64,64,65,65,0.0024637629798476696,0,3.873190435044194e-09
"F=24, p=1",24,1,21,Random ranked: QPU-valid-unique matched,674,674,4,4,5,5,0.0021273287266272006,0,4.882549586859852e-09
"F=24, p=1",24,1,21,Random ranked: QPU-valid-unique matched,674,674,8,8,9,9,0.0021273287266272006,0,4.882549586859852e-09
"F=24, p=1",24,1,21,Random ranked: QPU-valid-unique matched,674,674,16,16,17,17,0.0022586886018170146,0,1.8824546754725446e-08
"F=24, p=1",24,1,21,Random ranked: QPU-valid-unique matched,674,674,32,32,33,33,0.0022586886018170146,0,1.8824546754725446e-08
"F=24, p=1",24,1,21,Random ranked: QPU-valid-unique matched,674,674,64,64,65,65,0.0022586886018170146,0,1.8824546754725446e-08
"F=24, p=1",24,1,21,Random ranked: QPU-raw-draw matched,8192,8177,4,4,5,5,0.0024341949260605206,0,9.03280816810792e-09
"F=24, p=1",24,1,21,Random ranked: QPU-raw-draw matched,8192,8177,8,8,9,9,0.0024341949260605206,0,9.03280816810792e-09
"F=24, p=1",24,1,21,Random ranked: QPU-raw-draw matched,8192,8177,16,16,17,17,0.0024341949260605206,0,9.03280816810792e-09
"F=24, p=1",24,1,21,Random ranked: QPU-raw-draw matched,8192,8177,32,32,33,33,0.0024341949260605206,0,9.03280816810792e-09
"F=24, p=1",24,1,21,Random ranked: QPU-raw-draw matched,8192,8177,64,64,65,65,0.0024341949260605206,0,9.03280816810792e-09
"F=24, p=1",24,1,22,Uniform random: direct M,4,64,4,4,5,5,0.0015400611669808273,0,1.0043991860442247e-08
"F=24, p=1",24,1,22,Uniform random: direct M,8,64,8,8,9,9,0.002043372444203481,0,1.5614304363364973e-09
"F=24, p=1",24,1,22,Uniform random: direct M,16,64,16,16,17,17,0.002043372444203481,0,1.5614304363364973e-09
"F=24, p=1",24,1,22,Uniform random: direct M,32,64,32,32,33,33,0.002337756349653282,0,4.1647638671094e-09
"F=24, p=1",24,1,22,Uniform random: direct M,64,64,64,64,65,65,0.0023972642041188708,0,2.2131296739669182e-08
"F=24, p=1",24,1,22,Random ranked: QPU-valid-unique matched,655,655,4,4,5,5,0.0019781084392969106,0,3.979734786163647e-08
"F=24, p=1",24,1,22,Random ranked: QPU-valid-unique matched,655,655,8,8,9,9,0.0021689798320519427,0,2.0064623053317465e-10
"F=24, p=1",24,1,22,Random ranked: QPU-valid-unique matched,655,655,16,16,17,17,0.002326634530688758,0,2.93964314002082e-08
"F=24, p=1",24,1,22,Random ranked: QPU-valid-unique matched,655,655,32,32,33,33,0.002326634530688758,0,2.93964314002082e-08
"F=24, p=1",24,1,22,Random ranked: QPU-valid-unique matched,655,655,64,64,65,65,0.002326634530688758,0,2.93964314002082e-08
"F=24, p=1",24,1,22,Random ranked: QPU-raw-draw matched,8192,8179,4,4,5,5,0.0021809699046449263,0,1.1405182798185365e-08
"F=24, p=1",24,1,22,Random ranked: QPU-raw-draw matched,8192,8179,8,8,9,9,0.0021809699046449263,0,1.1405182798185365e-08
"F=24, p=1",24,1,22,Random ranked: QPU-raw-draw matched,8192,8179,16,16,17,17,0.002188491362739596,0,1.1097362404011157e-09
"F=24, p=1",24,1,22,Random ranked: QPU-raw-draw matched,8192,8179,32,32,33,33,0.0022981766431919223,0,3.0206163792456664e-08
"F=24, p=1",24,1,22,Random ranked: QPU-raw-draw matched,8192,8179,64,64,65,65,0.0022981766431919223,0,3.0206163792456664e-08
"F=24, p=1",24,1,23,Uniform random: direct M,4,64,4,4,5,5,0.002006376828601837,0,1.6019090845476036e-09
"F=24, p=1",24,1,23,Uniform random: direct M,8,64,8,8,9,9,0.002434633265123866,0,9.901914954646429e-09
"F=24, p=1",24,1,23,Uniform random: direct M,16,64,16,16,17,17,0.002434633265123866,0,9.901914954646429e-09
"F=24, p=1",24,1,23,Uniform random: direct M,32,64,32,32,33,33,0.002434633265123866,0,9.901914954646429e-09
"F=24, p=1",24,1,23,Uniform random: direct M,64,64,64,64,65,65,0.002434633265123866,0,9.901914954646429e-09
"F=24, p=1",24,1,23,Random ranked: QPU-valid-unique matched,606,606,4,4,5,5,0.0020723802721891657,0,2.1641162195606967e-09
"F=24, p=1",24,1,23,Random ranked: QPU-valid-unique matched,606,606,8,8,9,9,0.0021339151682783775,0,1.0467584687923193e-08
"F=24, p=1",24,1,23,Random ranked: QPU-valid-unique matched,606,606,16,16,17,17,0.0021339151682783775,0,1.0467584687923193e-08
"F=24, p=1",24,1,23,Random ranked: QPU-valid-unique matched,606,606,32,32,33,33,0.002368063684009894,0,7.339524751848181e-10
"F=24, p=1",24,1,23,Random ranked: QPU-valid-unique matched,606,606,64,64,65,65,0.002368063684009894,0,7.339524751848181e-10
"F=24, p=1",24,1,23,Random ranked: QPU-raw-draw matched,8192,8177,4,4,5,5,0.002255196265716297,0,2.4371478279938685e-08
"F=24, p=1",24,1,23,Random ranked: QPU-raw-draw matched,8192,8177,8,8,9,9,0.002255196265716297,0,2.4371478279938685e-08
"F=24, p=1",24,1,23,Random ranked: QPU-raw-draw matched,8192,8177,16,16,17,17,0.002255196265716297,0,2.4371478279938685e-08
"F=24, p=1",24,1,23,Random ranked: QPU-raw-draw matched,8192,8177,32,32,33,33,0.002255196265716297,0,2.4371478279938685e-08
"F=24, p=1",24,1,23,Random ranked: QPU-raw-draw matched,8192,8177,64,64,65,65,0.002255196265716297,0,2.4371478279938685e-08
"F=24, p=1",24,1,24,Uniform random: direct M,4,64,4,4,5,5,0.0019450877419990714,0,1.1199450811183453e-09
"F=24, p=1",24,1,24,Uniform random: direct M,8,64,8,8,9,9,0.002428017089654594,0,4.655731578040445e-09
"F=24, p=1",24,1,24,Uniform random: direct M,16,64,16,16,17,17,0.002428017089654594,0,4.655731578040445e-09
"F=24, p=1",24,1,24,Uniform random: direct M,32,64,32,32,33,33,0.002428017089654594,0,4.655731578040445e-09
"F=24, p=1",24,1,24,Uniform random: direct M,64,64,64,64,65,65,0.002428017089654594,0,4.655731578040445e-09
"F=24, p=1",24,1,24,Random ranked: QPU-valid-unique matched,674,674,4,4,5,5,0.0020374135337361543,0,9.7095630060412e-10
"F=24, p=1",24,1,24,Random ranked: QPU-valid-unique matched,674,674,8,8,9,9,0.0020374135337361543,0,9.7095630060412e-10
"F=24, p=1",24,1,24,Random ranked: QPU-valid-unique matched,674,674,16,16,17,17,0.002346692087632586,0,9.183056537409584e-10
"F=24, p=1",24,1,24,Random ranked: QPU-valid-unique matched,674,674,32,32,33,33,0.002346692087632586,0,9.183056537409584e-10
"F=24, p=1",24,1,24,Random ranked: QPU-valid-unique matched,674,674,64,64,65,65,0.002346692087632586,0,9.183056537409584e-10
"F=24, p=1",24,1,24,Random ranked: QPU-raw-draw matched,8192,8174,4,4,5,5,0.002350597956749828,0,8.014866617611638e-10
"F=24, p=1",24,1,24,Random ranked: QPU-raw-draw matched,8192,8174,8,8,9,9,0.002350597956749828,0,8.014866617611638e-10
"F=24, p=1",24,1,24,Random ranked: QPU-raw-draw matched,8192,8174,16,16,17,17,0.002350597956749828,0,8.014866617611638e-10
"F=24, p=1",24,1,24,Random ranked: QPU-raw-draw matched,8192,8174,32,32,33,33,0.002350597956749828,0,8.014866617611638e-10
"F=24, p=1",24,1,24,Random ranked: QPU-raw-draw matched,8192,8174,64,64,65,65,0.002350597956749828,0,8.014866617611638e-10
"F=24, p=1",24,1,25,Uniform random: direct M,4,64,4,4,5,5,0.001975384161815877,0,2.154383260677406e-08
"F=24, p=1",24,1,25,Uniform random: direct M,8,64,8,8,9,9,0.001975384161815877,0,2.154383260677406e-08
"F=24, p=1",24,1,25,Uniform random: direct M,16,64,16,16,17,17,0.0023189915407363162,0,1.0212152790067819e-08
"F=24, p=1",24,1,25,Uniform random: direct M,32,64,32,32,33,33,0.0023189915407363162,0,1.0212152790067819e-08
"F=24, p=1",24,1,25,Uniform random: direct M,64,64,64,64,65,65,0.0023216806007646876,0,2.4844694856973604e-08
"F=24, p=1",24,1,25,Random ranked: QPU-valid-unique matched,655,655,4,4,5,5,0.0017789243431425156,0,3.705698858880169e-08
"F=24, p=1",24,1,25,Random ranked: QPU-valid-unique matched,655,655,8,8,9,9,0.0017789243431425156,0,3.705698858880169e-08
"F=24, p=1",24,1,25,Random ranked: QPU-valid-unique matched,655,655,16,16,17,17,0.002419163924812423,0,3.5763203509731056e-09
"F=24, p=1",24,1,25,Random ranked: QPU-valid-unique matched,655,655,32,32,33,33,0.002419163924812423,0,3.5763203509731056e-09
"F=24, p=1",24,1,25,Random ranked: QPU-valid-unique matched,655,655,64,64,65,65,0.002419163924812423,0,3.5763203509731056e-09
"F=24, p=1",24,1,25,Random ranked: QPU-raw-draw matched,8192,8177,4,4,5,5,0.0023909828938812744,0,1.3620477107290085e-09
"F=24, p=1",24,1,25,Random ranked: QPU-raw-draw matched,8192,8177,8,8,9,9,0.0023909828938812744,0,1.3620477107290085e-09
"F=24, p=1",24,1,25,Random ranked: QPU-raw-draw matched,8192,8177,16,16,17,17,0.0023909828938812744,0,1.3620477107290085e-09
"F=24, p=1",24,1,25,Random ranked: QPU-raw-draw matched,8192,8177,32,32,33,33,0.0023909828938812744,0,1.3620477107290085e-09
"F=24, p=1",24,1,25,Random ranked: QPU-raw-draw matched,8192,8177,64,64,65,65,0.0023909828938812744,0,1.3620477107290085e-09
"F=24, p=1",24,1,26,Uniform random: direct M,4,64,4,4,5,5,0.002318778590636797,0,6.5712461028155644e-09
"F=24, p=1",24,1,26,Uniform random: direct M,8,64,8,8,9,9,0.002318778590636797,0,6.5712461028155644e-09
"F=24, p=1",24,1,26,Uniform random: direct M,16,64,16,16,17,17,0.002318778590636797,0,6.5712461028155644e-09
"F=24, p=1",24,1,26,Uniform random: direct M,32,64,32,32,33,33,0.002318778590636797,0,6.5712461028155644e-09
"F=24, p=1",24,1,26,Uniform random: direct M,64,64,64,64,65,65,0.0023761026361162063,0,7.1202696516614594e-09
"F=24, p=1",24,1,26,Random ranked: QPU-valid-unique matched,606,606,4,4,5,5,0.00203510490694038,0,2.2684326528299437e-08
"F=24, p=1",24,1,26,Random ranked: QPU-valid-unique matched,606,606,8,8,9,9,0.0022209522321098227,0,2.1603083877330675e-08
"F=24, p=1",24,1,26,Random ranked: QPU-valid-unique matched,606,606,16,16,17,17,0.002293218590774103,0,1.8207267152292594e-09
"F=24, p=1",24,1,26,Random ranked: QPU-valid-unique matched,606,606,32,32,33,33,0.002293218590774103,0,1.8207267152292594e-09
"F=24, p=1",24,1,26,Random ranked: QPU-valid-unique matched,606,606,64,64,65,65,0.002293218590774103,0,1.8207267152292594e-09
"F=24, p=1",24,1,26,Random ranked: QPU-raw-draw matched,8192,8184,4,4,5,5,0.002139318521614225,0,3.415767596548491e-08
"F=24, p=1",24,1,26,Random ranked: QPU-raw-draw matched,8192,8184,8,8,9,9,0.0022101514449454907,0,1.3704423484917072e-08
"F=24, p=1",24,1,26,Random ranked: QPU-raw-draw matched,8192,8184,16,16,17,17,0.0023207039582466213,0,1.2409870409069157e-08
"F=24, p=1",24,1,26,Random ranked: QPU-raw-draw matched,8192,8184,32,32,33,33,0.0023207039582466213,0,1.2409870409069157e-08
"F=24, p=1",24,1,26,Random ranked: QPU-raw-draw matched,8192,8184,64,64,65,65,0.0023207039582466213,0,1.2409870409069157e-08
"F=24, p=1",24,1,27,Uniform random: direct M,4,64,4,4,5,5,0.0022466966425632034,0,3.5070153031613316e-10
"F=24, p=1",24,1,27,Uniform random: direct M,8,64,8,8,9,9,0.0022466966425632034,0,3.5070153031613316e-10
"F=24, p=1",24,1,27,Uniform random: direct M,16,64,16,16,17,17,0.0022466966425632034,0,3.5070153031613316e-10
"F=24, p=1",24,1,27,Uniform random: direct M,32,64,32,32,33,33,0.002397383605036267,0,3.2162074892205794e-08
"F=24, p=1",24,1,27,Uniform random: direct M,64,64,64,64,65,65,0.002397383605036267,0,3.2162074892205794e-08
"F=24, p=1",24,1,27,Random ranked: QPU-valid-unique matched,674,674,4,4,5,5,0.0017631657667012551,0,3.625937317064398e-08
"F=24, p=1",24,1,27,Random ranked: QPU-valid-unique matched,674,674,8,8,9,9,0.002222874391668482,0,2.5496312949790934e-08
"F=24, p=1",24,1,27,Random ranked: QPU-valid-unique matched,674,674,16,16,17,17,0.002231658022714064,0,6.019921172661924e-09
"F=24, p=1",24,1,27,Random ranked: QPU-valid-unique matched,674,674,32,32,33,33,0.002231658022714064,0,6.019921172661924e-09
"F=24, p=1",24,1,27,Random ranked: QPU-valid-unique matched,674,674,64,64,65,65,0.002231658022714064,0,6.019921172661924e-09
"F=24, p=1",24,1,27,Random ranked: QPU-raw-draw matched,8192,8173,4,4,5,5,0.0023351992086251133,0,1.5458647695254513e-08
"F=24, p=1",24,1,27,Random ranked: QPU-raw-draw matched,8192,8173,8,8,9,9,0.0023351992086251133,0,1.5458647695254513e-08
"F=24, p=1",24,1,27,Random ranked: QPU-raw-draw matched,8192,8173,16,16,17,17,0.0023351992086251133,0,1.5458647695254513e-08
"F=24, p=1",24,1,27,Random ranked: QPU-raw-draw matched,8192,8173,32,32,33,33,0.0023351992086251133,0,1.5458647695254513e-08
"F=24, p=1",24,1,27,Random ranked: QPU-raw-draw matched,8192,8173,64,64,65,65,0.0023351992086251133,0,1.5458647695254513e-08
"F=24, p=1",24,1,28,Uniform random: direct M,4,64,4,4,5,5,0.0021381928196081285,0,1.5276556061816216e-09
"F=24, p=1",24,1,28,Uniform random: direct M,8,64,8,8,9,9,0.0021381928196081285,0,1.5276556061816216e-09
"F=24, p=1",24,1,28,Uniform random: direct M,16,64,16,16,17,17,0.0024428212474485803,0,2.709244317777859e-08
"F=24, p=1",24,1,28,Uniform random: direct M,32,64,32,32,33,33,0.0024428212474485803,0,2.709244317777859e-08
"F=24, p=1",24,1,28,Uniform random: direct M,64,64,64,64,65,65,0.0024428212474485803,0,2.709244317777859e-08
"F=24, p=1",24,1,28,Random ranked: QPU-valid-unique matched,655,655,4,4,5,5,0.0018069919316151747,0,8.359238079513887e-09
"F=24, p=1",24,1,28,Random ranked: QPU-valid-unique matched,655,655,8,8,9,9,0.0018437682471368205,0,3.3259171194899295e-08
"F=24, p=1",24,1,28,Random ranked: QPU-valid-unique matched,655,655,16,16,17,17,0.002275249140884561,0,1.2490820378019407e-08
"F=24, p=1",24,1,28,Random ranked: QPU-valid-unique matched,655,655,32,32,33,33,0.0023368632247834364,0,9.092849972969219e-09
"F=24, p=1",24,1,28,Random ranked: QPU-valid-unique matched,655,655,64,64,65,65,0.0023368632247834364,0,9.092849972969219e-09
"F=24, p=1",24,1,28,Random ranked: QPU-raw-draw matched,8192,8175,4,4,5,5,0.0024016889754532936,0,1.9796781644543238e-09
"F=24, p=1",24,1,28,Random ranked: QPU-raw-draw matched,8192,8175,8,8,9,9,0.0024016889754532936,0,1.9796781644543238e-09
"F=24, p=1",24,1,28,Random ranked: QPU-raw-draw matched,8192,8175,16,16,17,17,0.0024016889754532936,0,1.9796781644543238e-09
"F=24, p=1",24,1,28,Random ranked: QPU-raw-draw matched,8192,8175,32,32,33,33,0.0024016889754532936,0,1.9796781644543238e-09
"F=24, p=1",24,1,28,Random ranked: QPU-raw-draw matched,8192,8175,64,64,65,65,0.0024016889754532936,0,1.9796781644543238e-09
"F=24, p=1",24,1,29,Uniform random: direct M,4,64,4,4,5,5,0.002179248616978588,0,2.3910741941968183e-08
"F=24, p=1",24,1,29,Uniform random: direct M,8,64,8,8,9,9,0.0023652374063120943,0,9.358465669073723e-09
"F=24, p=1",24,1,29,Uniform random: direct M,16,64,16,16,17,17,0.0023652374063120943,0,9.358465669073723e-09
"F=24, p=1",24,1,29,Uniform random: direct M,32,64,32,32,33,33,0.0023652374063120943,0,9.358465669073723e-09
"F=24, p=1",24,1,29,Uniform random: direct M,64,64,64,64,65,65,0.002418023485467616,0,1.3576945234738957e-08
"F=24, p=1",24,1,29,Random ranked: QPU-valid-unique matched,606,606,4,4,5,5,0.002175895590945248,0,1.0182292287108652e-08
"F=24, p=1",24,1,29,Random ranked: QPU-valid-unique matched,606,606,8,8,9,9,0.002175895590945248,0,1.0182292287108652e-08
"F=24, p=1",24,1,29,Random ranked: QPU-valid-unique matched,606,606,16,16,17,17,0.0023924634380467283,0,7.98529124768077e-10
"F=24, p=1",24,1,29,Random ranked: QPU-valid-unique matched,606,606,32,32,33,33,0.0023924634380467283,0,7.98529124768077e-10
"F=24, p=1",24,1,29,Random ranked: QPU-valid-unique matched,606,606,64,64,65,65,0.0023924634380467283,0,7.98529124768077e-10
"F=24, p=1",24,1,29,Random ranked: QPU-raw-draw matched,8192,8180,4,4,5,5,0.0024385410474061855,0,2.1519158677207884e-09
"F=24, p=1",24,1,29,Random ranked: QPU-raw-draw matched,8192,8180,8,8,9,9,0.0024385410474061855,0,2.1519158677207884e-09
"F=24, p=1",24,1,29,Random ranked: QPU-raw-draw matched,8192,8180,16,16,17,17,0.0024385410474061855,0,2.1519158677207884e-09
"F=24, p=1",24,1,29,Random ranked: QPU-raw-draw matched,8192,8180,32,32,33,33,0.0024385410474061855,0,2.1519158677207884e-09
"F=24, p=1",24,1,29,Random ranked: QPU-raw-draw matched,8192,8180,64,64,65,65,0.0024385410474061855,0,2.1519158677207884e-09
"F=24, p=1",24,1,30,Uniform random: direct M,4,64,4,4,5,5,0.0017835792826761607,0,2.1571333608250143e-10
"F=24, p=1",24,1,30,Uniform random: direct M,8,64,8,8,9,9,0.0023685354798775593,0,1.934885841825551e-09
"F=24, p=1",24,1,30,Uniform random: direct M,16,64,16,16,17,17,0.0023685354798775593,0,1.934885841825551e-09
"F=24, p=1",24,1,30,Uniform random: direct M,32,64,32,32,33,33,0.0023685354798775593,0,1.934885841825551e-09
"F=24, p=1",24,1,30,Uniform random: direct M,64,64,64,64,65,65,0.0023685354798775593,0,1.934885841825551e-09
"F=24, p=1",24,1,30,Random ranked: QPU-valid-unique matched,674,674,4,4,5,5,0.0020100978212221066,0,1.1232273097738776e-09
"F=24, p=1",24,1,30,Random ranked: QPU-valid-unique matched,674,674,8,8,9,9,0.002142872265886782,0,6.067953847721519e-10
"F=24, p=1",24,1,30,Random ranked: QPU-valid-unique matched,674,674,16,16,17,17,0.002495540070566911,0,7.224992392557139e-11
"F=24, p=1",24,1,30,Random ranked: QPU-valid-unique matched,674,674,32,32,33,33,0.002495540070566911,0,7.224992392557139e-11
"F=24, p=1",24,1,30,Random ranked: QPU-valid-unique matched,674,674,64,64,65,65,0.002495540070566911,0,7.224992392557139e-11
"F=24, p=1",24,1,30,Random ranked: QPU-raw-draw matched,8192,8178,4,4,5,5,0.002227041926722538,0,1.8170958487884192e-10
"F=24, p=1",24,1,30,Random ranked: QPU-raw-draw matched,8192,8178,8,8,9,9,0.002227041926722538,0,1.8170958487884192e-10
"F=24, p=1",24,1,30,Random ranked: QPU-raw-draw matched,8192,8178,16,16,17,17,0.0022366853193837577,0,2.750909844362326e-08
"F=24, p=1",24,1,30,Random ranked: QPU-raw-draw matched,8192,8178,32,32,33,33,0.0022366853193837577,0,2.750909844362326e-08
"F=24, p=1",24,1,30,Random ranked: QPU-raw-draw matched,8192,8178,64,64,65,65,0.0022366853193837577,0,2.750909844362326e-08
"F=24, p=1",24,1,31,Uniform random: direct M,4,64,4,4,5,5,0.0021305129286577143,0,1.0615288092985509e-09
"F=24, p=1",24,1,31,Uniform random: direct M,8,64,8,8,9,9,0.002312847117170412,0,1.7501612737183536e-09
"F=24, p=1",24,1,31,Uniform random: direct M,16,64,16,16,17,17,0.0024104296501257227,0,8.065151324565534e-09
"F=24, p=1",24,1,31,Uniform random: direct M,32,64,32,32,33,33,0.0024104296501257227,0,8.065151324565534e-09
"F=24, p=1",24,1,31,Uniform random: direct M,64,64,64,64,65,65,0.0024104296501257227,0,8.065151324565534e-09
"F=24, p=1",24,1,31,Random ranked: QPU-valid-unique matched,655,655,4,4,5,5,0.001975334204006536,0,8.27003625303302e-10
"F=24, p=1",24,1,31,Random ranked: QPU-valid-unique matched,655,655,8,8,9,9,0.0020291206049242658,0,8.380354854509164e-09
"F=24, p=1",24,1,31,Random ranked: QPU-valid-unique matched,655,655,16,16,17,17,0.002237642997657087,0,5.149068726950645e-09
"F=24, p=1",24,1,31,Random ranked: QPU-valid-unique matched,655,655,32,32,33,33,0.002237642997657087,0,5.149068726950645e-09
"F=24, p=1",24,1,31,Random ranked: QPU-valid-unique matched,655,655,64,64,65,65,0.002237642997657087,0,5.149068726950645e-09
"F=24, p=1",24,1,31,Random ranked: QPU-raw-draw matched,8192,8178,4,4,5,5,0.0022213225035382783,0,1.4992448948980552e-09
"F=24, p=1",24,1,31,Random ranked: QPU-raw-draw matched,8192,8178,8,8,9,9,0.0022213225035382783,0,1.4992448948980552e-09
"F=24, p=1",24,1,31,Random ranked: QPU-raw-draw matched,8192,8178,16,16,17,17,0.0022213225035382783,0,1.4992448948980552e-09
"F=24, p=1",24,1,31,Random ranked: QPU-raw-draw matched,8192,8178,32,32,33,33,0.0022213225035382783,0,1.4992448948980552e-09
"F=24, p=1",24,1,31,Random ranked: QPU-raw-draw matched,8192,8178,64,64,65,65,0.0022213225035382783,0,1.4992448948980552e-09
"F=24, p=1",24,1,32,Uniform random: direct M,4,64,4,4,5,5,0.001989426109841326,0,2.0005485934504463e-08
"F=24, p=1",24,1,32,Uniform random: direct M,8,64,8,8,9,9,0.00241219884534688,0,1.4888331734130844e-08
"F=24, p=1",24,1,32,Uniform random: direct M,16,64,16,16,17,17,0.00241219884534688,0,1.4888331734130844e-08
"F=24, p=1",24,1,32,Uniform random: direct M,32,64,32,32,33,33,0.00241219884534688,0,1.4888331734130844e-08
"F=24, p=1",24,1,32,Uniform random: direct M,64,64,64,64,65,65,0.00241219884534688,0,1.4888331734130844e-08
"F=24, p=1",24,1,32,Random ranked: QPU-valid-unique matched,606,606,4,4,5,5,0.002259449269803572,0,9.645239121280902e-10
"F=24, p=1",24,1,32,Random ranked: QPU-valid-unique matched,606,606,8,8,9,9,0.002259449269803572,0,9.645239121280902e-10
"F=24, p=1",24,1,32,Random ranked: QPU-valid-unique matched,606,606,16,16,17,17,0.0024999330384675167,0,3.5474793103063007e-09
"F=24, p=1",24,1,32,Random ranked: QPU-valid-unique matched,606,606,32,32,33,33,0.0024999330384675167,0,3.5474793103063007e-09
"F=24, p=1",24,1,32,Random ranked: QPU-valid-unique matched,606,606,64,64,65,65,0.0024999330384675167,0,3.5474793103063007e-09
"F=24, p=1",24,1,32,Random ranked: QPU-raw-draw matched,8192,8177,4,4,5,5,0.002228639301222808,0,2.263021525727993e-08
"F=24, p=1",24,1,32,Random ranked: QPU-raw-draw matched,8192,8177,8,8,9,9,0.002228639301222808,0,2.263021525727993e-08
"F=24, p=1",24,1,32,Random ranked: QPU-raw-draw matched,8192,8177,16,16,17,17,0.0022336489373698115,0,4.206420156638302e-08
"F=24, p=1",24,1,32,Random ranked: QPU-raw-draw matched,8192,8177,32,32,33,33,0.0022336489373698115,0,4.206420156638302e-08
"F=24, p=1",24,1,32,Random ranked: QPU-raw-draw matched,8192,8177,64,64,65,65,0.0022336489373698115,0,4.206420156638302e-08
"F=24, p=1",24,1,33,Uniform random: direct M,4,64,4,4,5,5,0.002219419048283322,0,1.022507239989423e-08
"F=24, p=1",24,1,33,Uniform random: direct M,8,64,8,8,9,9,0.0022916331796320466,0,2.03993855141249e-08
"F=24, p=1",24,1,33,Uniform random: direct M,16,64,16,16,17,17,0.0022916331796320466,0,2.03993855141249e-08
"F=24, p=1",24,1,33,Uniform random: direct M,32,64,32,32,33,33,0.0022916331796320466,0,2.03993855141249e-08
"F=24, p=1",24,1,33,Uniform random: direct M,64,64,64,64,65,65,0.0023839983994248942,0,1.364608196406658e-09
"F=24, p=1",24,1,33,Random ranked: QPU-valid-unique matched,674,674,4,4,5,5,0.0017633280601199383,0,9.010567292300209e-10
"F=24, p=1",24,1,33,Random ranked: QPU-valid-unique matched,674,674,8,8,9,9,0.002083110800127866,0,4.072924775222475e-10
"F=24, p=1",24,1,33,Random ranked: QPU-valid-unique matched,674,674,16,16,17,17,0.002196511241218696,0,1.8926237729810502e-09
"F=24, p=1",24,1,33,Random ranked: QPU-valid-unique matched,674,674,32,32,33,33,0.002196511241218696,0,1.8926237729810502e-09
"F=24, p=1",24,1,33,Random ranked: QPU-valid-unique matched,674,674,64,64,65,65,0.002196511241218696,0,1.8926237729810502e-09
"F=24, p=1",24,1,33,Random ranked: QPU-raw-draw matched,8192,8174,4,4,5,5,0.0022099846539713544,0,6.316926026705971e-08
"F=24, p=1",24,1,33,Random ranked: QPU-raw-draw matched,8192,8174,8,8,9,9,0.0022101514449454907,0,1.3704423484917072e-08
"F=24, p=1",24,1,33,Random ranked: QPU-raw-draw matched,8192,8174,16,16,17,17,0.002311136565133383,0,1.2564489657029831e-09
"F=24, p=1",24,1,33,Random ranked: QPU-raw-draw matched,8192,8174,32,32,33,33,0.002311136565133383,0,1.2564489657029831e-09
"F=24, p=1",24,1,33,Random ranked: QPU-raw-draw matched,8192,8174,64,64,65,65,0.002311136565133383,0,1.2564489657029831e-09
"F=24, p=1",24,1,34,Uniform random: direct M,4,64,4,4,5,5,0.0017408516310298827,0,3.0437862397203475e-08
"F=24, p=1",24,1,34,Uniform random: direct M,8,64,8,8,9,9,0.002277679188610063,0,9.840044829304007e-10
"F=24, p=1",24,1,34,Uniform random: direct M,16,64,16,16,17,17,0.002277679188610063,0,9.840044829304007e-10
"F=24, p=1",24,1,34,Uniform random: direct M,32,64,32,32,33,33,0.0024573809245493627,0,6.860574833927879e-10
"F=24, p=1",24,1,34,Uniform random: direct M,64,64,64,64,65,65,0.0024573809245493627,0,6.860574833927879e-10
"F=24, p=1",24,1,34,Random ranked: QPU-valid-unique matched,655,655,4,4,5,5,0.0020171258917964577,0,1.668312898939206e-08
"F=24, p=1",24,1,34,Random ranked: QPU-valid-unique matched,655,655,8,8,9,9,0.002410304837716419,0,2.5567205463872256e-08
"F=24, p=1",24,1,34,Random ranked: QPU-valid-unique matched,655,655,16,16,17,17,0.002410304837716419,0,2.5567205463872256e-08
"F=24, p=1",24,1,34,Random ranked: QPU-valid-unique matched,655,655,32,32,33,33,0.002410304837716419,0,2.5567205463872256e-08
"F=24, p=1",24,1,34,Random ranked: QPU-valid-unique matched,655,655,64,64,65,65,0.002410304837716419,0,2.5567205463872256e-08
"F=24, p=1",24,1,34,Random ranked: QPU-raw-draw matched,8192,8182,4,4,5,5,0.002346006062502695,0,1.1480827066812083e-08
"F=24, p=1",24,1,34,Random ranked: QPU-raw-draw matched,8192,8182,8,8,9,9,0.002346006062502695,0,1.1480827066812083e-08
"F=24, p=1",24,1,34,Random ranked: QPU-raw-draw matched,8192,8182,16,16,17,17,0.002346006062502695,0,1.1480827066812083e-08
"F=24, p=1",24,1,34,Random ranked: QPU-raw-draw matched,8192,8182,32,32,33,33,0.002346006062502695,0,1.1480827066812083e-08
"F=24, p=1",24,1,34,Random ranked: QPU-raw-draw matched,8192,8182,64,64,65,65,0.002346006062502695,0,1.1480827066812083e-08
"F=24, p=1",24,1,35,Uniform random: direct M,4,64,4,4,5,5,0.00224645174681716,0,5.2520198190464384e-09
"F=24, p=1",24,1,35,Uniform random: direct M,8,64,8,8,9,9,0.00224645174681716,0,5.2520198190464384e-09
"F=24, p=1",24,1,35,Uniform random: direct M,16,64,16,16,17,17,0.00224645174681716,0,5.2520198190464384e-09
"F=24, p=1",24,1,35,Uniform random: direct M,32,64,32,32,33,33,0.00224645174681716,0,5.2520198190464384e-09
"F=24, p=1",24,1,35,Uniform random: direct M,64,64,64,64,65,65,0.0024883977811064398,0,2.9080670760350813e-08
"F=24, p=1",24,1,35,Random ranked: QPU-valid-unique matched,606,606,4,4,5,5,0.002098150893304611,0,1.2168717977711907e-09
"F=24, p=1",24,1,35,Random ranked: QPU-valid-unique matched,606,606,8,8,9,9,0.002156397236158951,0,8.161866182909705e-10
"F=24, p=1",24,1,35,Random ranked: QPU-valid-unique matched,606,606,16,16,17,17,0.002156397236158951,0,8.161866182909705e-10
"F=24, p=1",24,1,35,Random ranked: QPU-valid-unique matched,606,606,32,32,33,33,0.002156397236158951,0,8.161866182909705e-10
"F=24, p=1",24,1,35,Random ranked: QPU-valid-unique matched,606,606,64,64,65,65,0.0024868304240324365,0,5.914735853873587e-10
"F=24, p=1",24,1,35,Random ranked: QPU-raw-draw matched,8192,8184,4,4,5,5,0.002349294985873565,0,2.834385381955684e-08
"F=24, p=1",24,1,35,Random ranked: QPU-raw-draw matched,8192,8184,8,8,9,9,0.002349294985873565,0,2.834385381955684e-08
"F=24, p=1",24,1,35,Random ranked: QPU-raw-draw matched,8192,8184,16,16,17,17,0.002349294985873565,0,2.834385381955684e-08
"F=24, p=1",24,1,35,Random ranked: QPU-raw-draw matched,8192,8184,32,32,33,33,0.002349294985873565,0,2.834385381955684e-08
"F=24, p=1",24,1,35,Random ranked: QPU-raw-draw matched,8192,8184,64,64,65,65,0.002349294985873565,0,2.834385381955684e-08
"F=24, p=1",24,1,36,Uniform random: direct M,4,64,4,4,5,5,0.002286418709508027,0,2.898906892312425e-09
"F=24, p=1",24,1,36,Uniform random: direct M,8,64,8,8,9,9,0.002286418709508027,0,2.898906892312425e-09
"F=24, p=1",24,1,36,Uniform random: direct M,16,64,16,16,17,17,0.002286418709508027,0,2.898906892312425e-09
"F=24, p=1",24,1,36,Uniform random: direct M,32,64,32,32,33,33,0.002286418709508027,0,2.898906892312425e-09
"F=24, p=1",24,1,36,Uniform random: direct M,64,64,64,64,65,65,0.00230358751716582,0,1.3573549395573536e-08
"F=24, p=1",24,1,36,Random ranked: QPU-valid-unique matched,674,674,4,4,5,5,0.0019267679351229333,0,2.8301747057035698e-09
"F=24, p=1",24,1,36,Random ranked: QPU-valid-unique matched,674,674,8,8,9,9,0.0019267679351229333,0,2.8301747057035698e-09
"F=24, p=1",24,1,36,Random ranked: QPU-valid-unique matched,674,674,16,16,17,17,0.0022530740564303126,0,4.634696498806434e-08
"F=24, p=1",24,1,36,Random ranked: QPU-valid-unique matched,674,674,32,32,33,33,0.0022530740564303126,0,4.634696498806434e-08
"F=24, p=1",24,1,36,Random ranked: QPU-valid-unique matched,674,674,64,64,65,65,0.0022530740564303126,0,4.634696498806434e-08
"F=24, p=1",24,1,36,Random ranked: QPU-raw-draw matched,8192,8181,4,4,5,5,0.0019382366602666845,0,3.009068633152978e-08
"F=24, p=1",24,1,36,Random ranked: QPU-raw-draw matched,8192,8181,8,8,9,9,0.0021264157989634366,0,1.5938979636143102e-08
"F=24, p=1",24,1,36,Random ranked: QPU-raw-draw matched,8192,8181,16,16,17,17,0.0021264157989634366,0,1.5938979636143102e-08
"F=24, p=1",24,1,36,Random ranked: QPU-raw-draw matched,8192,8181,32,32,33,33,0.0021264157989634366,0,1.5938979636143102e-08
"F=24, p=1",24,1,36,Random ranked: QPU-raw-draw matched,8192,8181,64,64,65,65,0.0021264157989634366,0,1.5938979636143102e-08
"F=24, p=1",24,1,37,Uniform random: direct M,4,64,4,4,5,5,0.0020630936315019985,0,1.753079792443657e-09
"F=24, p=1",24,1,37,Uniform random: direct M,8,64,8,8,9,9,0.0020630936315019985,0,1.753079792443657e-09
"F=24, p=1",24,1,37,Uniform random: direct M,16,64,16,16,17,17,0.0021686075836091015,0,8.171899129605364e-10
"F=24, p=1",24,1,37,Uniform random: direct M,32,64,32,32,33,33,0.002180254076954248,0,1.3385256375508803e-09
"F=24, p=1",24,1,37,Uniform random: direct M,64,64,64,64,65,65,0.0023674176001148364,0,3.148615224102258e-08
"F=24, p=1",24,1,37,Random ranked: QPU-valid-unique matched,655,655,4,4,5,5,0.002091378609458329,0,3.9461961975906235e-08
"F=24, p=1",24,1,37,Random ranked: QPU-valid-unique matched,655,655,8,8,9,9,0.0021958592290287626,0,8.57351252492311e-10
"F=24, p=1",24,1,37,Random ranked: QPU-valid-unique matched,655,655,16,16,17,17,0.002325371239309676,0,1.9536725015534273e-08
"F=24, p=1",24,1,37,Random ranked: QPU-valid-unique matched,655,655,32,32,33,33,0.0023563792359024907,0,1.0152499396731685e-09
"F=24, p=1",24,1,37,Random ranked: QPU-valid-unique matched,655,655,64,64,65,65,0.002424333034872092,0,3.9435929521935975e-08
"F=24, p=1",24,1,37,Random ranked: QPU-raw-draw matched,8192,8175,4,4,5,5,0.002357711454103524,0,4.053872348919185e-09
"F=24, p=1",24,1,37,Random ranked: QPU-raw-draw matched,8192,8175,8,8,9,9,0.002357711454103524,0,4.053872348919185e-09
"F=24, p=1",24,1,37,Random ranked: QPU-raw-draw matched,8192,8175,16,16,17,17,0.002357711454103524,0,4.053872348919185e-09
"F=24, p=1",24,1,37,Random ranked: QPU-raw-draw matched,8192,8175,32,32,33,33,0.002357711454103524,0,4.053872348919185e-09
"F=24, p=1",24,1,37,Random ranked: QPU-raw-draw matched,8192,8175,64,64,65,65,0.002357711454103524,0,4.053872348919185e-09
"F=24, p=1",24,1,38,Uniform random: direct M,4,64,4,4,5,5,0.0022813937237840254,0,2.579772340194353e-08
"F=24, p=1",24,1,38,Uniform random: direct M,8,64,8,8,9,9,0.0022813937237840254,0,2.579772340194353e-08
"F=24, p=1",24,1,38,Uniform random: direct M,16,64,16,16,17,17,0.0022813937237840254,0,2.579772340194353e-08
"F=24, p=1",24,1,38,Uniform random: direct M,32,64,32,32,33,33,0.00251404073457933,0,2.9475719642846343e-09
"F=24, p=1",24,1,38,Uniform random: direct M,64,64,64,64,65,65,0.00251404073457933,0,2.9475719642846343e-09
"F=24, p=1",24,1,38,Random ranked: QPU-valid-unique matched,606,606,4,4,5,5,0.0021247343445577535,0,1.8539912882697962e-08
"F=24, p=1",24,1,38,Random ranked: QPU-valid-unique matched,606,606,8,8,9,9,0.0021247343445577535,0,1.8539912882697962e-08
"F=24, p=1",24,1,38,Random ranked: QPU-valid-unique matched,606,606,16,16,17,17,0.0024296928899737863,0,1.37143129057965e-09
"F=24, p=1",24,1,38,Random ranked: QPU-valid-unique matched,606,606,32,32,33,33,0.0024296928899737863,0,1.37143129057965e-09
"F=24, p=1",24,1,38,Random ranked: QPU-valid-unique matched,606,606,64,64,65,65,0.0024296928899737863,0,1.37143129057965e-09
"F=24, p=1",24,1,38,Random ranked: QPU-raw-draw matched,8192,8178,4,4,5,5,0.002278228682139928,0,7.770376564408821e-10
"F=24, p=1",24,1,38,Random ranked: QPU-raw-draw matched,8192,8178,8,8,9,9,0.002278228682139928,0,7.770376564408821e-10
"F=24, p=1",24,1,38,Random ranked: QPU-raw-draw matched,8192,8178,16,16,17,17,0.002278228682139928,0,7.770376564408821e-10
"F=24, p=1",24,1,38,Random ranked: QPU-raw-draw matched,8192,8178,32,32,33,33,0.002278228682139928,0,7.770376564408821e-10
"F=24, p=1",24,1,38,Random ranked: QPU-raw-draw matched,8192,8178,64,64,65,65,0.002278228682139928,0,7.770376564408821e-10
"F=24, p=1",24,1,39,Uniform random: direct M,4,64,4,4,5,5,0.0020429180447533446,0,1.0595551436232142e-08
"F=24, p=1",24,1,39,Uniform random: direct M,8,64,8,8,9,9,0.0020429180447533446,0,1.0595551436232142e-08
"F=24, p=1",24,1,39,Uniform random: direct M,16,64,16,16,17,17,0.00231141519079138,0,2.312942021243103e-08
"F=24, p=1",24,1,39,Uniform random: direct M,32,64,32,32,33,33,0.0024598351437108423,0,9.501741685125076e-10
"F=24, p=1",24,1,39,Uniform random: direct M,64,64,64,64,65,65,0.0024598351437108423,0,9.501741685125076e-10
"F=24, p=1",24,1,39,Random ranked: QPU-valid-unique matched,674,674,4,4,5,5,0.0020835323789341192,0,3.64177842326896e-08
"F=24, p=1",24,1,39,Random ranked: QPU-valid-unique matched,674,674,8,8,9,9,0.0023755343217804065,0,7.045351455015059e-10
"F=24, p=1",24,1,39,Random ranked: QPU-valid-unique matched,674,674,16,16,17,17,0.0023755343217804065,0,7.045351455015059e-10
"F=24, p=1",24,1,39,Random ranked: QPU-valid-unique matched,674,674,32,32,33,33,0.0023755343217804065,0,7.045351455015059e-10
"F=24, p=1",24,1,39,Random ranked: QPU-valid-unique matched,674,674,64,64,65,65,0.0023755343217804065,0,7.045351455015059e-10
"F=24, p=1",24,1,39,Random ranked: QPU-raw-draw matched,8192,8174,4,4,5,5,0.002386273242973913,0,1.4583028742909399e-09
"F=24, p=1",24,1,39,Random ranked: QPU-raw-draw matched,8192,8174,8,8,9,9,0.002434770319094913,0,1.5796147653790449e-09
"F=24, p=1",24,1,39,Random ranked: QPU-raw-draw matched,8192,8174,16,16,17,17,0.002434770319094913,0,1.5796147653790449e-09
"F=24, p=1",24,1,39,Random ranked: QPU-raw-draw matched,8192,8174,32,32,33,33,0.002434770319094913,0,1.5796147653790449e-09
"F=24, p=1",24,1,39,Random ranked: QPU-raw-draw matched,8192,8174,64,64,65,65,0.002434770319094913,0,1.5796147653790449e-09
"F=24, p=1",24,1,40,Uniform random: direct M,4,64,4,4,5,5,0.0020696386696447758,0,1.5625032379062986e-09
"F=24, p=1",24,1,40,Uniform random: direct M,8,64,8,8,9,9,0.0020940576895673788,0,5.485017925965785e-10
"F=24, p=1",24,1,40,Uniform random: direct M,16,64,16,16,17,17,0.0020940576895673788,0,5.485017925965785e-10
"F=24, p=1",24,1,40,Uniform random: direct M,32,64,32,32,33,33,0.0022909240831978095,0,3.733777759196144e-08
"F=24, p=1",24,1,40,Uniform random: direct M,64,64,64,64,65,65,0.0023329300921550583,0,1.012340816730628e-08
"F=24, p=1",24,1,40,Random ranked: QPU-valid-unique matched,655,655,4,4,5,5,0.0017756258241367548,0,2.0877206297065243e-08
"F=24, p=1",24,1,40,Random ranked: QPU-valid-unique matched,655,655,8,8,9,9,0.002325377740636736,0,2.4828716804758955e-08
"F=24, p=1",24,1,40,Random ranked: QPU-valid-unique matched,655,655,16,16,17,17,0.002325377740636736,0,2.4828716804758955e-08
"F=24, p=1",24,1,40,Random ranked: QPU-valid-unique matched,655,655,32,32,33,33,0.002345506392256995,0,1.7256058110204364e-09
"F=24, p=1",24,1,40,Random ranked: QPU-valid-unique matched,655,655,64,64,65,65,0.002345506392256995,0,1.7256058110204364e-09
"F=24, p=1",24,1,40,Random ranked: QPU-raw-draw matched,8192,8181,4,4,5,5,0.002245826146083145,0,1.2544390581847864e-08
"F=24, p=1",24,1,40,Random ranked: QPU-raw-draw matched,8192,8181,8,8,9,9,0.002245826146083145,0,1.2544390581847864e-08
"F=24, p=1",24,1,40,Random ranked: QPU-raw-draw matched,8192,8181,16,16,17,17,0.002245826146083145,0,1.2544390581847864e-08
"F=24, p=1",24,1,40,Random ranked: QPU-raw-draw matched,8192,8181,32,32,33,33,0.002245826146083145,0,1.2544390581847864e-08
"F=24, p=1",24,1,40,Random ranked: QPU-raw-draw matched,8192,8181,64,64,65,65,0.002245826146083145,0,1.2544390581847864e-08
"F=24, p=1",24,1,41,Uniform random: direct M,4,64,4,4,5,5,0.0020710026390297065,0,2.852280078791125e-10
"F=24, p=1",24,1,41,Uniform random: direct M,8,64,8,8,9,9,0.002155385164043268,0,3.985137775330827e-10
"F=24, p=1",24,1,41,Uniform random: direct M,16,64,16,16,17,17,0.002177948289302477,0,8.937687812071715e-09
"F=24, p=1",24,1,41,Uniform random: direct M,32,64,32,32,33,33,0.002375851503440815,0,4.746288709278623e-10
"F=24, p=1",24,1,41,Uniform random: direct M,64,64,64,64,65,65,0.002375851503440815,0,4.746288709278623e-10
"F=24, p=1",24,1,41,Random ranked: QPU-valid-unique matched,606,606,4,4,5,5,0.0020739075623558492,0,2.8255997985837666e-08
"F=24, p=1",24,1,41,Random ranked: QPU-valid-unique matched,606,606,8,8,9,9,0.0020739075623558492,0,2.8255997985837666e-08
"F=24, p=1",24,1,41,Random ranked: QPU-valid-unique matched,606,606,16,16,17,17,0.0022405776059582216,0,9.152560861980241e-10
"F=24, p=1",24,1,41,Random ranked: QPU-valid-unique matched,606,606,32,32,33,33,0.0022405776059582216,0,9.152560861980241e-10
"F=24, p=1",24,1,41,Random ranked: QPU-valid-unique matched,606,606,64,64,65,65,0.0022405776059582216,0,9.152560861980241e-10
"F=24, p=1",24,1,41,Random ranked: QPU-raw-draw matched,8192,8173,4,4,5,5,0.0022211846966199086,0,2.2087703333006914e-08
"F=24, p=1",24,1,41,Random ranked: QPU-raw-draw matched,8192,8173,8,8,9,9,0.0022211846966199086,0,2.2087703333006914e-08
"F=24, p=1",24,1,41,Random ranked: QPU-raw-draw matched,8192,8173,16,16,17,17,0.0022211846966199086,0,2.2087703333006914e-08
"F=24, p=1",24,1,41,Random ranked: QPU-raw-draw matched,8192,8173,32,32,33,33,0.0022211846966199086,0,2.2087703333006914e-08
"F=24, p=1",24,1,41,Random ranked: QPU-raw-draw matched,8192,8173,64,64,65,65,0.0022211846966199086,0,2.2087703333006914e-08
"F=24, p=1",24,1,42,Uniform random: direct M,4,64,4,4,5,5,0.002165049809018181,0,2.2893627327214006e-08
"F=24, p=1",24,1,42,Uniform random: direct M,8,64,8,8,9,9,0.002165049809018181,0,2.2893627327214006e-08
"F=24, p=1",24,1,42,Uniform random: direct M,16,64,16,16,17,17,0.00242831839982377,0,1.568103848159641e-09
"F=24, p=1",24,1,42,Uniform random: direct M,32,64,32,32,33,33,0.0024635232985158184,0,8.992545597052981e-10
"F=24, p=1",24,1,42,Uniform random: direct M,64,64,64,64,65,65,0.002519838391222752,0,1.3348130560933424e-09
"F=24, p=1",24,1,42,Random ranked: QPU-valid-unique matched,674,674,4,4,5,5,0.0017851927791288635,0,5.200234687308125e-10
"F=24, p=1",24,1,42,Random ranked: QPU-valid-unique matched,674,674,8,8,9,9,0.0019108992934901703,0,2.471728377528848e-09
"F=24, p=1",24,1,42,Random ranked: QPU-valid-unique matched,674,674,16,16,17,17,0.0023635442983049454,0,5.297152091965351e-10
"F=24, p=1",24,1,42,Random ranked: QPU-valid-unique matched,674,674,32,32,33,33,0.0023635442983049454,0,5.297152091965351e-10
"F=24, p=1",24,1,42,Random ranked: QPU-valid-unique matched,674,674,64,64,65,65,0.0023635442983049454,0,5.297152091965351e-10
"F=24, p=1",24,1,42,Random ranked: QPU-raw-draw matched,8192,8175,4,4,5,5,0.002108548442566159,0,7.991992970191042e-10
"F=24, p=1",24,1,42,Random ranked: QPU-raw-draw matched,8192,8175,8,8,9,9,0.0022684366849620094,0,1.9076146773322478e-08
"F=24, p=1",24,1,42,Random ranked: QPU-raw-draw matched,8192,8175,16,16,17,17,0.0022684366849620094,0,1.9076146773322478e-08
"F=24, p=1",24,1,42,Random ranked: QPU-raw-draw matched,8192,8175,32,32,33,33,0.0022684366849620094,0,1.9076146773322478e-08
"F=24, p=1",24,1,42,Random ranked: QPU-raw-draw matched,8192,8175,64,64,65,65,0.0022684366849620094,0,1.9076146773322478e-08
"F=24, p=1",24,1,43,Uniform random: direct M,4,64,4,4,5,5,0.002154672020010788,0,3.7141354436442953e-09
"F=24, p=1",24,1,43,Uniform random: direct M,8,64,8,8,9,9,0.002154672020010788,0,3.7141354436442953e-09
"F=24, p=1",24,1,43,Uniform random: direct M,16,64,16,16,17,17,0.0023553954158851975,0,2.3219869471624577e-08
"F=24, p=1",24,1,43,Uniform random: direct M,32,64,32,32,33,33,0.0023734873228382775,0,1.7381409644912083e-09
"F=24, p=1",24,1,43,Uniform random: direct M,64,64,64,64,65,65,0.0025663765469594174,0,4.8001484453941146e-09
"F=24, p=1",24,1,43,Random ranked: QPU-valid-unique matched,655,655,4,4,5,5,0.002064188145935182,0,2.227993040060383e-08
"F=24, p=1",24,1,43,Random ranked: QPU-valid-unique matched,655,655,8,8,9,9,0.002064188145935182,0,2.227993040060383e-08
"F=24, p=1",24,1,43,Random ranked: QPU-valid-unique matched,655,655,16,16,17,17,0.0024406266038457247,0,5.920336096365553e-10
"F=24, p=1",24,1,43,Random ranked: QPU-valid-unique matched,655,655,32,32,33,33,0.0024406266038457247,0,5.920336096365553e-10
"F=24, p=1",24,1,43,Random ranked: QPU-valid-unique matched,655,655,64,64,65,65,0.0024406266038457247,0,5.920336096365553e-10
"F=24, p=1",24,1,43,Random ranked: QPU-raw-draw matched,8192,8175,4,4,5,5,0.0023277031035610213,0,5.188691143409585e-09
"F=24, p=1",24,1,43,Random ranked: QPU-raw-draw matched,8192,8175,8,8,9,9,0.0023277031035610213,0,5.188691143409585e-09
"F=24, p=1",24,1,43,Random ranked: QPU-raw-draw matched,8192,8175,16,16,17,17,0.0023277031035610213,0,5.188691143409585e-09
"F=24, p=1",24,1,43,Random ranked: QPU-raw-draw matched,8192,8175,32,32,33,33,0.0023277031035610213,0,5.188691143409585e-09
"F=24, p=1",24,1,43,Random ranked: QPU-raw-draw matched,8192,8175,64,64,65,65,0.0023277031035610213,0,5.188691143409585e-09
"F=24, p=1",24,1,44,Uniform random: direct M,4,64,4,4,5,5,0.0022785244044127295,0,8.227009018479947e-09
"F=24, p=1",24,1,44,Uniform random: direct M,8,64,8,8,9,9,0.0022785244044127295,0,8.227009018479947e-09
"F=24, p=1",24,1,44,Uniform random: direct M,16,64,16,16,17,17,0.0022785244044127295,0,8.227009018479947e-09
"F=24, p=1",24,1,44,Uniform random: direct M,32,64,32,32,33,33,0.0022785244044127295,0,8.227009018479947e-09
"F=24, p=1",24,1,44,Uniform random: direct M,64,64,64,64,65,65,0.0025014280377914644,0,1.111601415082486e-09
"F=24, p=1",24,1,44,Random ranked: QPU-valid-unique matched,606,606,4,4,5,5,0.0018642011249399848,0,5.095842192659461e-09
"F=24, p=1",24,1,44,Random ranked: QPU-valid-unique matched,606,606,8,8,9,9,0.002257113817120883,0,2.7556629866865023e-08
"F=24, p=1",24,1,44,Random ranked: QPU-valid-unique matched,606,606,16,16,17,17,0.002310574682718121,0,2.7445908656886786e-08
"F=24, p=1",24,1,44,Random ranked: QPU-valid-unique matched,606,606,32,32,33,33,0.0024748577032932123,0,1.2138655136606502e-08
"F=24, p=1",24,1,44,Random ranked: QPU-valid-unique matched,606,606,64,64,65,65,0.0024748577032932123,0,1.2138655136606502e-08
"F=24, p=1",24,1,44,Random ranked: QPU-raw-draw matched,8192,8177,4,4,5,5,0.002313265411933371,0,4.54353957235476e-10
"F=24, p=1",24,1,44,Random ranked: QPU-raw-draw matched,8192,8177,8,8,9,9,0.002313265411933371,0,4.54353957235476e-10
"F=24, p=1",24,1,44,Random ranked: QPU-raw-draw matched,8192,8177,16,16,17,17,0.0023610704254629633,0,1.0435058372948447e-09
"F=24, p=1",24,1,44,Random ranked: QPU-raw-draw matched,8192,8177,32,32,33,33,0.0023610704254629633,0,1.0435058372948447e-09
"F=24, p=1",24,1,44,Random ranked: QPU-raw-draw matched,8192,8177,64,64,65,65,0.0023610704254629633,0,1.0435058372948447e-09
"F=24, p=1",24,1,45,Uniform random: direct M,4,64,4,4,5,5,0.0015717960360911512,0,2.2975320312923486e-08
"F=24, p=1",24,1,45,Uniform random: direct M,8,64,8,8,9,9,0.0018520439088635862,0,1.028865097285614e-09
"F=24, p=1",24,1,45,Uniform random: direct M,16,64,16,16,17,17,0.0020018934426972793,0,3.482550092748227e-08
"F=24, p=1",24,1,45,Uniform random: direct M,32,64,32,32,33,33,0.0022270415260096516,0,1.682687322812626e-09
"F=24, p=1",24,1,45,Uniform random: direct M,64,64,64,64,65,65,0.0024107638471808843,0,2.8376268113028402e-08
"F=24, p=1",24,1,45,Random ranked: QPU-valid-unique matched,674,674,4,4,5,5,0.0018060019761757876,0,1.3394093834051546e-08
"F=24, p=1",24,1,45,Random ranked: QPU-valid-unique matched,674,674,8,8,9,9,0.001975805013378129,0,1.6525260271293973e-08
"F=24, p=1",24,1,45,Random ranked: QPU-valid-unique matched,674,674,16,16,17,17,0.0022967869404651522,0,6.790746909235423e-09
"F=24, p=1",24,1,45,Random ranked: QPU-valid-unique matched,674,674,32,32,33,33,0.0024182941218639994,0,1.3744721916175706e-08
"F=24, p=1",24,1,45,Random ranked: QPU-valid-unique matched,674,674,64,64,65,65,0.0024182941218639994,0,1.3744721916175706e-08
"F=24, p=1",24,1,45,Random ranked: QPU-raw-draw matched,8192,8182,4,4,5,5,0.0022361821820820055,0,5.340207720472279e-10
"F=24, p=1",24,1,45,Random ranked: QPU-raw-draw matched,8192,8182,8,8,9,9,0.0022361821820820055,0,5.340207720472279e-10
"F=24, p=1",24,1,45,Random ranked: QPU-raw-draw matched,8192,8182,16,16,17,17,0.0022361821820820055,0,5.340207720472279e-10
"F=24, p=1",24,1,45,Random ranked: QPU-raw-draw matched,8192,8182,32,32,33,33,0.0022361821820820055,0,5.340207720472279e-10
"F=24, p=1",24,1,45,Random ranked: QPU-raw-draw matched,8192,8182,64,64,65,65,0.0022361821820820055,0,5.340207720472279e-10
"F=24, p=1",24,1,46,Uniform random: direct M,4,64,4,4,5,5,0.0019154348248656694,0,1.063472109853747e-09
"F=24, p=1",24,1,46,Uniform random: direct M,8,64,8,8,9,9,0.0023601183366099704,0,4.6228221511207535e-10
"F=24, p=1",24,1,46,Uniform random: direct M,16,64,16,16,17,17,0.0023601183366099704,0,4.6228221511207535e-10
"F=24, p=1",24,1,46,Uniform random: direct M,32,64,32,32,33,33,0.0023601183366099704,0,4.6228221511207535e-10
"F=24, p=1",24,1,46,Uniform random: direct M,64,64,64,64,65,65,0.0023601183366099704,0,4.6228221511207535e-10
"F=24, p=1",24,1,46,Random ranked: QPU-valid-unique matched,655,655,4,4,5,5,0.0020322020784691794,0,1.3872889725874415e-08
"F=24, p=1",24,1,46,Random ranked: QPU-valid-unique matched,655,655,8,8,9,9,0.0023584213932515696,0,3.1451632243051364e-08
"F=24, p=1",24,1,46,Random ranked: QPU-valid-unique matched,655,655,16,16,17,17,0.0023971107376601908,0,2.3657810710453475e-09
"F=24, p=1",24,1,46,Random ranked: QPU-valid-unique matched,655,655,32,32,33,33,0.0023971107376601908,0,2.3657810710453475e-09
"F=24, p=1",24,1,46,Random ranked: QPU-valid-unique matched,655,655,64,64,65,65,0.0023971107376601908,0,2.3657810710453475e-09
"F=24, p=1",24,1,46,Random ranked: QPU-raw-draw matched,8192,8176,4,4,5,5,0.0022355186037734537,0,1.72321162894562e-08
"F=24, p=1",24,1,46,Random ranked: QPU-raw-draw matched,8192,8176,8,8,9,9,0.0022355186037734537,0,1.72321162894562e-08
"F=24, p=1",24,1,46,Random ranked: QPU-raw-draw matched,8192,8176,16,16,17,17,0.0022844849433606776,0,3.4677614668687795e-09
"F=24, p=1",24,1,46,Random ranked: QPU-raw-draw matched,8192,8176,32,32,33,33,0.0022844849433606776,0,3.4677614668687795e-09
"F=24, p=1",24,1,46,Random ranked: QPU-raw-draw matched,8192,8176,64,64,65,65,0.0022844849433606776,0,3.4677614668687795e-09
"F=24, p=1",24,1,47,Uniform random: direct M,4,64,4,4,5,5,0.002329705091213004,0,2.710296542751678e-09
"F=24, p=1",24,1,47,Uniform random: direct M,8,64,8,8,9,9,0.002329705091213004,0,2.710296542751678e-09
"F=24, p=1",24,1,47,Uniform random: direct M,16,64,16,16,17,17,0.002329705091213004,0,2.710296542751678e-09
"F=24, p=1",24,1,47,Uniform random: direct M,32,64,32,32,33,33,0.002364304143319486,0,1.241166941445826e-08
"F=24, p=1",24,1,47,Uniform random: direct M,64,64,64,64,65,65,0.0024937114326552476,0,9.536607553997656e-10
"F=24, p=1",24,1,47,Random ranked: QPU-valid-unique matched,606,606,4,4,5,5,0.0018945030633337329,0,2.186005271243019e-08
"F=24, p=1",24,1,47,Random ranked: QPU-valid-unique matched,606,606,8,8,9,9,0.0018945030633337329,0,2.186005271243019e-08
"F=24, p=1",24,1,47,Random ranked: QPU-valid-unique matched,606,606,16,16,17,17,0.0021865882447955134,0,4.337660231001905e-09
"F=24, p=1",24,1,47,Random ranked: QPU-valid-unique matched,606,606,32,32,33,33,0.002284275848247759,0,1.971348562168629e-08
"F=24, p=1",24,1,47,Random ranked: QPU-valid-unique matched,606,606,64,64,65,65,0.0024501886011042,0,8.916050342477888e-09
"F=24, p=1",24,1,47,Random ranked: QPU-raw-draw matched,8192,8181,4,4,5,5,0.0020920331828241795,0,3.5161275668826875e-08
"F=24, p=1",24,1,47,Random ranked: QPU-raw-draw matched,8192,8181,8,8,9,9,0.002236881877835342,0,3.026363010194544e-08
"F=24, p=1",24,1,47,Random ranked: QPU-raw-draw matched,8192,8181,16,16,17,17,0.002236881877835342,0,3.026363010194544e-08
"F=24, p=1",24,1,47,Random ranked: QPU-raw-draw matched,8192,8181,32,32,33,33,0.002236881877835342,0,3.026363010194544e-08
"F=24, p=1",24,1,47,Random ranked: QPU-raw-draw matched,8192,8181,64,64,65,65,0.002236881877835342,0,3.026363010194544e-08
"F=24, p=1",24,1,48,Uniform random: direct M,4,64,4,4,5,5,0.0024075920824202443,0,1.5669358588432658e-09
"F=24, p=1",24,1,48,Uniform random: direct M,8,64,8,8,9,9,0.0024075920824202443,0,1.5669358588432658e-09
"F=24, p=1",24,1,48,Uniform random: direct M,16,64,16,16,17,17,0.0024075920824202443,0,1.5669358588432658e-09
"F=24, p=1",24,1,48,Uniform random: direct M,32,64,32,32,33,33,0.0024335819364740136,0,3.886074170789122e-10
"F=24, p=1",24,1,48,Uniform random: direct M,64,64,64,64,65,65,0.0024335819364740136,0,3.886074170789122e-10
"F=24, p=1",24,1,48,Random ranked: QPU-valid-unique matched,674,674,4,4,5,5,0.0021699659867987567,0,7.919686684232374e-09
"F=24, p=1",24,1,48,Random ranked: QPU-valid-unique matched,674,674,8,8,9,9,0.0021699659867987567,0,7.919686684232374e-09
"F=24, p=1",24,1,48,Random ranked: QPU-valid-unique matched,674,674,16,16,17,17,0.0021699659867987567,0,7.919686684232374e-09
"F=24, p=1",24,1,48,Random ranked: QPU-valid-unique matched,674,674,32,32,33,33,0.0022646632428304087,0,1.6545111045096483e-09
"F=24, p=1",24,1,48,Random ranked: QPU-valid-unique matched,674,674,64,64,65,65,0.0022646632428304087,0,1.6545111045096483e-09
"F=24, p=1",24,1,48,Random ranked: QPU-raw-draw matched,8192,8177,4,4,5,5,0.002260999832131551,0,8.343758461926143e-09
"F=24, p=1",24,1,48,Random ranked: QPU-raw-draw matched,8192,8177,8,8,9,9,0.002260999832131551,0,8.343758461926143e-09
"F=24, p=1",24,1,48,Random ranked: QPU-raw-draw matched,8192,8177,16,16,17,17,0.002260999832131551,0,8.343758461926143e-09
"F=24, p=1",24,1,48,Random ranked: QPU-raw-draw matched,8192,8177,32,32,33,33,0.002260999832131551,0,8.343758461926143e-09
"F=24, p=1",24,1,48,Random ranked: QPU-raw-draw matched,8192,8177,64,64,65,65,0.002260999832131551,0,8.343758461926143e-09
"F=24, p=1",24,1,49,Uniform random: direct M,4,64,4,4,5,5,0.002037652629612398,0,9.367482354041834e-10
"F=24, p=1",24,1,49,Uniform random: direct M,8,64,8,8,9,9,0.002037652629612398,0,9.367482354041834e-10
"F=24, p=1",24,1,49,Uniform random: direct M,16,64,16,16,17,17,0.0021247964773190645,0,1.0833295024936795e-09
"F=24, p=1",24,1,49,Uniform random: direct M,32,64,32,32,33,33,0.0021873979853827483,0,1.600335447493606e-09
"F=24, p=1",24,1,49,Uniform random: direct M,64,64,64,64,65,65,0.0023518691528192706,0,3.23832099469179e-08
"F=24, p=1",24,1,49,Random ranked: QPU-valid-unique matched,655,655,4,4,5,5,0.0023933672177915352,0,1.3078079730277636e-09
"F=24, p=1",24,1,49,Random ranked: QPU-valid-unique matched,655,655,8,8,9,9,0.0023933672177915352,0,1.3078079730277636e-09
"F=24, p=1",24,1,49,Random ranked: QPU-valid-unique matched,655,655,16,16,17,17,0.0023933672177915352,0,1.3078079730277636e-09
"F=24, p=1",24,1,49,Random ranked: QPU-valid-unique matched,655,655,32,32,33,33,0.0023933672177915352,0,1.3078079730277636e-09
"F=24, p=1",24,1,49,Random ranked: QPU-valid-unique matched,655,655,64,64,65,65,0.0023933672177915352,0,1.3078079730277636e-09
"F=24, p=1",24,1,49,Random ranked: QPU-raw-draw matched,8192,8180,4,4,5,5,0.0024082242870680157,0,9.428408276335176e-09
"F=24, p=1",24,1,49,Random ranked: QPU-raw-draw matched,8192,8180,8,8,9,9,0.0024082242870680157,0,9.428408276335176e-09
"F=24, p=1",24,1,49,Random ranked: QPU-raw-draw matched,8192,8180,16,16,17,17,0.0024082242870680157,0,9.428408276335176e-09
"F=24, p=1",24,1,49,Random ranked: QPU-raw-draw matched,8192,8180,32,32,33,33,0.0024082242870680157,0,9.428408276335176e-09
"F=24, p=1",24,1,49,Random ranked: QPU-raw-draw matched,8192,8180,64,64,65,65,0.0024082242870680157,0,9.428408276335176e-09
"F=28, p=1",28,1,0,Uniform random: direct M,4,64,4,4,5,5,0.0019810367202484913,0,1.1192394788750448e-08
"F=28, p=1",28,1,0,Uniform random: direct M,8,64,8,8,9,9,0.0019810367202484913,0,1.1192394788750448e-08
"F=28, p=1",28,1,0,Uniform random: direct M,16,64,16,16,17,17,0.0022889526643075087,0,1.759751461216652e-08
"F=28, p=1",28,1,0,Uniform random: direct M,32,64,32,32,33,33,0.0022889526643075087,0,1.759751461216652e-08
"F=28, p=1",28,1,0,Uniform random: direct M,64,64,64,64,65,64,0.0025455298922569883,0,1.116907438064585e-09
"F=28, p=1",28,1,0,Random ranked: QPU-valid-unique matched,548,548,4,4,5,5,0.0019256604473882818,0,1.172929259274369e-08
"F=28, p=1",28,1,0,Random ranked: QPU-valid-unique matched,548,548,8,8,9,9,0.0019256604473882818,0,1.172929259274369e-08
"F=28, p=1",28,1,0,Random ranked: QPU-valid-unique matched,548,548,16,16,17,17,0.0019256604473882818,0,1.172929259274369e-08
"F=28, p=1",28,1,0,Random ranked: QPU-valid-unique matched,548,548,32,32,33,33,0.0020186269056416545,0,1.934542503967407e-08
"F=28, p=1",28,1,0,Random ranked: QPU-valid-unique matched,548,548,64,64,65,65,0.0020186269056416545,0,1.934542503967407e-08
"F=28, p=1",28,1,0,Random ranked: QPU-raw-draw matched,8192,8192,4,4,5,5,0.0020527957414323075,0,2.256932540856127e-08
"F=28, p=1",28,1,0,Random ranked: QPU-raw-draw matched,8192,8192,8,8,9,9,0.0020663483369724595,0,1.3667990003685127e-09
"F=28, p=1",28,1,0,Random ranked: QPU-raw-draw matched,8192,8192,16,16,17,17,0.002160189042143802,0,1.1865256928020318e-09
"F=28, p=1",28,1,0,Random ranked: QPU-raw-draw matched,8192,8192,32,32,33,33,0.002160189042143802,0,1.1865256928020318e-09
"F=28, p=1",28,1,0,Random ranked: QPU-raw-draw matched,8192,8192,64,64,65,65,0.002160189042143802,0,1.1865256928020318e-09
"F=28, p=1",28,1,1,Uniform random: direct M,4,64,4,4,5,5,0.0021589705654261257,0,1.9211693555454268e-09
"F=28, p=1",28,1,1,Uniform random: direct M,8,64,8,8,9,9,0.0021589705654261257,0,1.9211693555454268e-09
"F=28, p=1",28,1,1,Uniform random: direct M,16,64,16,16,17,17,0.0021589705654261257,0,1.9211693555454268e-09
"F=28, p=1",28,1,1,Uniform random: direct M,32,64,32,32,33,33,0.002277625139456056,0,3.3375280650282946e-08
"F=28, p=1",28,1,1,Uniform random: direct M,64,64,64,64,65,65,0.002277625139456056,0,3.3375280650282946e-08
"F=28, p=1",28,1,1,Random ranked: QPU-valid-unique matched,537,537,4,4,5,5,0.002036093558151743,0,2.5048161461649343e-10
"F=28, p=1",28,1,1,Random ranked: QPU-valid-unique matched,537,537,8,8,9,9,0.0021576774426143933,0,1.9467990552968217e-09
"F=28, p=1",28,1,1,Random ranked: QPU-valid-unique matched,537,537,16,16,17,17,0.0024015876228319633,0,5.979243655751532e-09
"F=28, p=1",28,1,1,Random ranked: QPU-valid-unique matched,537,537,32,32,33,33,0.0024015876228319633,0,5.979243655751532e-09
"F=28, p=1",28,1,1,Random ranked: QPU-valid-unique matched,537,537,64,64,65,65,0.0024015876228319633,0,5.979243655751532e-09
"F=28, p=1",28,1,1,Random ranked: QPU-raw-draw matched,8192,8192,4,4,5,5,0.0022072464326792773,0,1.5364605698842126e-09
"F=28, p=1",28,1,1,Random ranked: QPU-raw-draw matched,8192,8192,8,8,9,9,0.0022072464326792773,0,1.5364605698842126e-09
"F=28, p=1",28,1,1,Random ranked: QPU-raw-draw matched,8192,8192,16,16,17,17,0.0022072464326792773,0,1.5364605698842126e-09
"F=28, p=1",28,1,1,Random ranked: QPU-raw-draw matched,8192,8192,32,32,33,33,0.002276507743213141,0,1.2659812975712725e-08
"F=28, p=1",28,1,1,Random ranked: QPU-raw-draw matched,8192,8192,64,64,65,65,0.002276507743213141,0,1.2659812975712725e-08
"F=28, p=1",28,1,2,Uniform random: direct M,4,64,4,4,5,5,0.0016614193426581006,0,7.870871523985024e-10
"F=28, p=1",28,1,2,Uniform random: direct M,8,64,8,8,9,9,0.0016614193426581006,0,7.870871523985024e-10
"F=28, p=1",28,1,2,Uniform random: direct M,16,64,16,16,17,17,0.0020698192529795614,0,7.037021076961025e-09
"F=28, p=1",28,1,2,Uniform random: direct M,32,64,32,32,33,33,0.00227786684787977,0,3.14373216347974e-09
"F=28, p=1",28,1,2,Uniform random: direct M,64,64,64,64,65,65,0.002351186667989426,0,1.1718248815739685e-08
"F=28, p=1",28,1,2,Random ranked: QPU-valid-unique matched,532,532,4,4,5,5,0.0021361596858313694,0,1.292959006526928e-08
"F=28, p=1",28,1,2,Random ranked: QPU-valid-unique matched,532,532,8,8,9,9,0.0021361596858313694,0,1.292959006526928e-08
"F=28, p=1",28,1,2,Random ranked: QPU-valid-unique matched,532,532,16,16,17,17,0.002212176755385778,0,2.8586642664141237e-08
"F=28, p=1",28,1,2,Random ranked: QPU-valid-unique matched,532,532,32,32,33,33,0.002212176755385778,0,2.8586642664141237e-08
"F=28, p=1",28,1,2,Random ranked: QPU-valid-unique matched,532,532,64,64,65,65,0.002212176755385778,0,2.8586642664141237e-08
"F=28, p=1",28,1,2,Random ranked: QPU-raw-draw matched,8192,8190,4,4,5,5,0.0021965530649379617,0,1.8761206407869047e-09
"F=28, p=1",28,1,2,Random ranked: QPU-raw-draw matched,8192,8190,8,8,9,9,0.0021965530649379617,0,1.8761206407869047e-09
"F=28, p=1",28,1,2,Random ranked: QPU-raw-draw matched,8192,8190,16,16,17,17,0.0021965530649379617,0,1.8761206407869047e-09
"F=28, p=1",28,1,2,Random ranked: QPU-raw-draw matched,8192,8190,32,32,33,33,0.0021965530649379617,0,1.8761206407869047e-09
"F=28, p=1",28,1,2,Random ranked: QPU-raw-draw matched,8192,8190,64,64,65,65,0.0021965530649379617,0,1.8761206407869047e-09
"F=28, p=1",28,1,3,Uniform random: direct M,4,64,4,4,5,5,0.0020058685794752326,0,4.6003516968040614e-10
"F=28, p=1",28,1,3,Uniform random: direct M,8,64,8,8,9,9,0.0021148483510629243,0,6.403283042688557e-10
"F=28, p=1",28,1,3,Uniform random: direct M,16,64,16,16,17,17,0.0021148483510629243,0,6.403283042688557e-10
"F=28, p=1",28,1,3,Uniform random: direct M,32,64,32,32,33,33,0.002244332659996011,0,3.794902903031527e-08
"F=28, p=1",28,1,3,Uniform random: direct M,64,64,64,64,65,65,0.002320443694072555,0,2.8737900059638832e-08
"F=28, p=1",28,1,3,Random ranked: QPU-valid-unique matched,548,548,4,4,5,5,0.0020183592701746786,0,1.4124200697906986e-08
"F=28, p=1",28,1,3,Random ranked: QPU-valid-unique matched,548,548,8,8,9,9,0.0021134332045131404,0,1.155280086873045e-09
"F=28, p=1",28,1,3,Random ranked: QPU-valid-unique matched,548,548,16,16,17,17,0.0021134332045131404,0,1.155280086873045e-09
"F=28, p=1",28,1,3,Random ranked: QPU-valid-unique matched,548,548,32,32,33,33,0.002260708929454576,0,2.4986402613613734e-08
"F=28, p=1",28,1,3,Random ranked: QPU-valid-unique matched,548,548,64,64,65,65,0.002260708929454576,0,2.4986402613613734e-08
"F=28, p=1",28,1,3,Random ranked: QPU-raw-draw matched,8192,8192,4,4,5,5,0.0019323440784883017,0,3.3507102648044906e-08
"F=28, p=1",28,1,3,Random ranked: QPU-raw-draw matched,8192,8192,8,8,9,9,0.0020375430335827643,0,1.6990188256293948e-08
"F=28, p=1",28,1,3,Random ranked: QPU-raw-draw matched,8192,8192,16,16,17,17,0.0020375430335827643,0,1.6990188256293948e-08
"F=28, p=1",28,1,3,Random ranked: QPU-raw-draw matched,8192,8192,32,32,33,33,0.0021016143111263624,0,2.8507124993915056e-09
"F=28, p=1",28,1,3,Random ranked: QPU-raw-draw matched,8192,8192,64,64,65,65,0.0021552089021738136,0,1.6273298680813397e-10
"F=28, p=1",28,1,4,Uniform random: direct M,4,64,4,4,5,5,0.002167253514303649,0,4.761500971284249e-09
"F=28, p=1",28,1,4,Uniform random: direct M,8,64,8,8,9,9,0.002167253514303649,0,4.761500971284249e-09
"F=28, p=1",28,1,4,Uniform random: direct M,16,64,16,16,17,17,0.002167253514303649,0,4.761500971284249e-09
"F=28, p=1",28,1,4,Uniform random: direct M,32,64,32,32,33,33,0.0021981925626770107,0,2.697605411272619e-08
"F=28, p=1",28,1,4,Uniform random: direct M,64,64,64,64,65,65,0.0022656466769874414,0,3.2235914937395194e-08
"F=28, p=1",28,1,4,Random ranked: QPU-valid-unique matched,537,537,4,4,5,5,0.0023333930938461284,0,3.3638185570339374e-09
"F=28, p=1",28,1,4,Random ranked: QPU-valid-unique matched,537,537,8,8,9,9,0.0023333930938461284,0,3.3638185570339374e-09
"F=28, p=1",28,1,4,Random ranked: QPU-valid-unique matched,537,537,16,16,17,17,0.0023333930938461284,0,3.3638185570339374e-09
"F=28, p=1",28,1,4,Random ranked: QPU-valid-unique matched,537,537,32,32,33,33,0.0023333930938461284,0,3.3638185570339374e-09
"F=28, p=1",28,1,4,Random ranked: QPU-valid-unique matched,537,537,64,64,65,65,0.0023333930938461284,0,3.3638185570339374e-09
"F=28, p=1",28,1,4,Random ranked: QPU-raw-draw matched,8192,8191,4,4,5,5,0.0021693194375650843,0,6.261603457957676e-09
"F=28, p=1",28,1,4,Random ranked: QPU-raw-draw matched,8192,8191,8,8,9,9,0.0021693194375650843,0,6.261603457957676e-09
"F=28, p=1",28,1,4,Random ranked: QPU-raw-draw matched,8192,8191,16,16,17,17,0.0021693194375650843,0,6.261603457957676e-09
"F=28, p=1",28,1,4,Random ranked: QPU-raw-draw matched,8192,8191,32,32,33,33,0.002195977164339627,0,2.8807390917151565e-09
"F=28, p=1",28,1,4,Random ranked: QPU-raw-draw matched,8192,8191,64,64,65,65,0.002195977164339627,0,2.8807390917151565e-09
"F=28, p=1",28,1,5,Uniform random: direct M,4,64,4,4,5,5,0.002029927271349985,0,2.683561373117982e-09
"F=28, p=1",28,1,5,Uniform random: direct M,8,64,8,8,9,9,0.002300077014338743,0,7.087611426578877e-10
"F=28, p=1",28,1,5,Uniform random: direct M,16,64,16,16,17,17,0.002369960798782232,0,5.662341498458012e-10
"F=28, p=1",28,1,5,Uniform random: direct M,32,64,32,32,33,33,0.002369960798782232,0,5.662341498458012e-10
"F=28, p=1",28,1,5,Uniform random: direct M,64,64,64,64,65,65,0.002369960798782232,0,5.662341498458012e-10
"F=28, p=1",28,1,5,Random ranked: QPU-valid-unique matched,532,532,4,4,5,5,0.001866455460377621,0,1.8113543998055093e-10
"F=28, p=1",28,1,5,Random ranked: QPU-valid-unique matched,532,532,8,8,9,9,0.002309453785758961,0,1.3637862061877115e-08
"F=28, p=1",28,1,5,Random ranked: QPU-valid-unique matched,532,532,16,16,17,17,0.002309453785758961,0,1.3637862061877115e-08
"F=28, p=1",28,1,5,Random ranked: QPU-valid-unique matched,532,532,32,32,33,33,0.002309453785758961,0,1.3637862061877115e-08
"F=28, p=1",28,1,5,Random ranked: QPU-valid-unique matched,532,532,64,64,65,65,0.002309453785758961,0,1.3637862061877115e-08
"F=28, p=1",28,1,5,Random ranked: QPU-raw-draw matched,8192,8191,4,4,5,5,0.002218258094700311,0,5.434795447012419e-09
"F=28, p=1",28,1,5,Random ranked: QPU-raw-draw matched,8192,8191,8,8,9,9,0.002218258094700311,0,5.434795447012419e-09
"F=28, p=1",28,1,5,Random ranked: QPU-raw-draw matched,8192,8191,16,16,17,17,0.002218258094700311,0,5.434795447012419e-09
"F=28, p=1",28,1,5,Random ranked: QPU-raw-draw matched,8192,8191,32,32,33,33,0.002218258094700311,0,5.434795447012419e-09
"F=28, p=1",28,1,5,Random ranked: QPU-raw-draw matched,8192,8191,64,64,65,65,0.002218258094700311,0,5.434795447012419e-09
"F=28, p=1",28,1,6,Uniform random: direct M,4,64,4,4,5,5,0.0021529223163283817,0,2.1113969166791646e-10
"F=28, p=1",28,1,6,Uniform random: direct M,8,64,8,8,9,9,0.0021529223163283817,0,2.1113969166791646e-10
"F=28, p=1",28,1,6,Uniform random: direct M,16,64,16,16,17,17,0.0021529223163283817,0,2.1113969166791646e-10
"F=28, p=1",28,1,6,Uniform random: direct M,32,64,32,32,33,33,0.0021529223163283817,0,2.1113969166791646e-10
"F=28, p=1",28,1,6,Uniform random: direct M,64,64,64,64,65,65,0.0021529223163283817,0,2.1113969166791646e-10
"F=28, p=1",28,1,6,Random ranked: QPU-valid-unique matched,548,548,4,4,5,5,0.00198142544588515,0,1.2631970136567361e-08
"F=28, p=1",28,1,6,Random ranked: QPU-valid-unique matched,548,548,8,8,9,9,0.0020347825858366628,0,1.2488072353988855e-08
"F=28, p=1",28,1,6,Random ranked: QPU-valid-unique matched,548,548,16,16,17,17,0.0020347825858366628,0,1.2488072353988855e-08
"F=28, p=1",28,1,6,Random ranked: QPU-valid-unique matched,548,548,32,32,33,33,0.0022267107493561464,0,3.4446438590407524e-08
"F=28, p=1",28,1,6,Random ranked: QPU-valid-unique matched,548,548,64,64,65,65,0.0022925347824211545,0,1.8487378164802615e-09
"F=28, p=1",28,1,6,Random ranked: QPU-raw-draw matched,8192,8192,4,4,5,5,0.0016699135214694391,0,2.697612488944401e-08
"F=28, p=1",28,1,6,Random ranked: QPU-raw-draw matched,8192,8192,8,8,9,9,0.0018207020347326755,0,4.00057003080434e-08
"F=28, p=1",28,1,6,Random ranked: QPU-raw-draw matched,8192,8192,16,16,17,17,0.0021259465227398133,0,2.7180030115481202e-08
"F=28, p=1",28,1,6,Random ranked: QPU-raw-draw matched,8192,8192,32,32,33,33,0.0021259465227398133,0,2.7180030115481202e-08
"F=28, p=1",28,1,6,Random ranked: QPU-raw-draw matched,8192,8192,64,64,65,65,0.0021259465227398133,0,2.7180030115481202e-08
"F=28, p=1",28,1,7,Uniform random: direct M,4,64,4,4,5,5,0.0018193001811346171,0,4.767037653508055e-09
"F=28, p=1",28,1,7,Uniform random: direct M,8,64,8,8,9,9,0.0018193001811346171,0,4.767037653508055e-09
"F=28, p=1",28,1,7,Uniform random: direct M,16,64,16,16,17,17,0.0018662114154053208,0,1.8244949606671668e-08
"F=28, p=1",28,1,7,Uniform random: direct M,32,64,32,32,33,33,0.002163861729060128,0,1.9387036507417799e-10
"F=28, p=1",28,1,7,Uniform random: direct M,64,64,64,64,65,65,0.002163861729060128,0,1.9387036507417799e-10
"F=28, p=1",28,1,7,Random ranked: QPU-valid-unique matched,537,537,4,4,5,5,0.0020528309966421146,0,9.427850097831758e-10
"F=28, p=1",28,1,7,Random ranked: QPU-valid-unique matched,537,537,8,8,9,9,0.0021224025466637306,0,1.5932065181023525e-09
"F=28, p=1",28,1,7,Random ranked: QPU-valid-unique matched,537,537,16,16,17,17,0.0022476040260874935,0,4.439374035047905e-08
"F=28, p=1",28,1,7,Random ranked: QPU-valid-unique matched,537,537,32,32,33,33,0.0022476040260874935,0,4.439374035047905e-08
"F=28, p=1",28,1,7,Random ranked: QPU-valid-unique matched,537,537,64,64,65,65,0.0022476040260874935,0,4.439374035047905e-08
"F=28, p=1",28,1,7,Random ranked: QPU-raw-draw matched,8192,8192,4,4,5,5,0.0020655621733388294,0,1.8766082299226383e-08
"F=28, p=1",28,1,7,Random ranked: QPU-raw-draw matched,8192,8192,8,8,9,9,0.0020655621733388294,0,1.8766082299226383e-08
"F=28, p=1",28,1,7,Random ranked: QPU-raw-draw matched,8192,8192,16,16,17,17,0.002248586420953713,0,6.300398980307875e-09
"F=28, p=1",28,1,7,Random ranked: QPU-raw-draw matched,8192,8192,32,32,33,33,0.002248586420953713,0,6.300398980307875e-09
"F=28, p=1",28,1,7,Random ranked: QPU-raw-draw matched,8192,8192,64,64,65,65,0.002248586420953713,0,6.300398980307875e-09
"F=28, p=1",28,1,8,Uniform random: direct M,4,64,4,4,5,5,0.0021264893161803203,0,2.161409207168674e-08
"F=28, p=1",28,1,8,Uniform random: direct M,8,64,8,8,9,9,0.002236292051314516,0,1.5598685676465607e-08
"F=28, p=1",28,1,8,Uniform random: direct M,16,64,16,16,17,17,0.002236292051314516,0,1.5598685676465607e-08
"F=28, p=1",28,1,8,Uniform random: direct M,32,64,32,32,33,33,0.0023387732181096715,0,3.7379656314673326e-10
"F=28, p=1",28,1,8,Uniform random: direct M,64,64,64,64,65,65,0.0024253895351409177,0,4.0617358476602305e-08
"F=28, p=1",28,1,8,Random ranked: QPU-valid-unique matched,532,532,4,4,5,5,0.0018951594872649788,0,1.1056918713947539e-09
"F=28, p=1",28,1,8,Random ranked: QPU-valid-unique matched,532,532,8,8,9,9,0.0019336433658032406,0,1.9577014662153225e-09
"F=28, p=1",28,1,8,Random ranked: QPU-valid-unique matched,532,532,16,16,17,16,0.0020494469771175014,0,6.237864669245141e-10
"F=28, p=1",28,1,8,Random ranked: QPU-valid-unique matched,532,532,32,32,33,32,0.0022095868947854744,0,1.9086569935655717e-08
"F=28, p=1",28,1,8,Random ranked: QPU-valid-unique matched,532,532,64,64,65,64,0.0022095868947854744,0,1.9086569935655717e-08
"F=28, p=1",28,1,8,Random ranked: QPU-raw-draw matched,8192,8191,4,4,5,5,0.002337527419653339,0,3.163282691343028e-09
"F=28, p=1",28,1,8,Random ranked: QPU-raw-draw matched,8192,8191,8,8,9,9,0.002337527419653339,0,3.163282691343028e-09
"F=28, p=1",28,1,8,Random ranked: QPU-raw-draw matched,8192,8191,16,16,17,17,0.002337527419653339,0,3.163282691343028e-09
"F=28, p=1",28,1,8,Random ranked: QPU-raw-draw matched,8192,8191,32,32,33,33,0.002337527419653339,0,3.163282691343028e-09
"F=28, p=1",28,1,8,Random ranked: QPU-raw-draw matched,8192,8191,64,64,65,65,0.002337527419653339,0,3.163282691343028e-09
"F=28, p=1",28,1,9,Uniform random: direct M,4,64,4,4,5,5,0.002016983009272881,0,4.811240517099691e-09
"F=28, p=1",28,1,9,Uniform random: direct M,8,64,8,8,9,9,0.002016983009272881,0,4.811240517099691e-09
"F=28, p=1",28,1,9,Uniform random: direct M,16,64,16,16,17,17,0.002231381926714217,0,3.054052011286501e-09
"F=28, p=1",28,1,9,Uniform random: direct M,32,64,32,32,33,33,0.002231381926714217,0,3.054052011286501e-09
"F=28, p=1",28,1,9,Uniform random: direct M,64,64,64,64,65,65,0.002231381926714217,0,3.054052011286501e-09
"F=28, p=1",28,1,9,Random ranked: QPU-valid-unique matched,548,548,4,4,5,5,0.0019712431780978187,0,7.680030847390107e-10
"F=28, p=1",28,1,9,Random ranked: QPU-valid-unique matched,548,548,8,8,9,9,0.0019712431780978187,0,7.680030847390107e-10
"F=28, p=1",28,1,9,Random ranked: QPU-valid-unique matched,548,548,16,16,17,17,0.002205577227432462,0,1.0187036547648631e-08
"F=28, p=1",28,1,9,Random ranked: QPU-valid-unique matched,548,548,32,32,33,33,0.002205577227432462,0,1.0187036547648631e-08
"F=28, p=1",28,1,9,Random ranked: QPU-valid-unique matched,548,548,64,64,65,65,0.002205577227432462,0,1.0187036547648631e-08
"F=28, p=1",28,1,9,Random ranked: QPU-raw-draw matched,8192,8192,4,4,5,5,0.002089605143055402,0,2.4253715202871007e-08
"F=28, p=1",28,1,9,Random ranked: QPU-raw-draw matched,8192,8192,8,8,9,9,0.002108135477838606,0,1.5166390365806137e-10
"F=28, p=1",28,1,9,Random ranked: QPU-raw-draw matched,8192,8192,16,16,17,17,0.0021671657725346183,0,1.127050582201694e-09
"F=28, p=1",28,1,9,Random ranked: QPU-raw-draw matched,8192,8192,32,32,33,33,0.0021671657725346183,0,1.127050582201694e-09
"F=28, p=1",28,1,9,Random ranked: QPU-raw-draw matched,8192,8192,64,64,65,65,0.0021671657725346183,0,1.127050582201694e-09
"F=28, p=1",28,1,10,Uniform random: direct M,4,64,4,4,5,5,0.0017089933000468474,0,3.205027754304979e-08
"F=28, p=1",28,1,10,Uniform random: direct M,8,64,8,8,9,9,0.002136699984567024,0,5.391886173655713e-10
"F=28, p=1",28,1,10,Uniform random: direct M,16,64,16,16,17,17,0.002136699984567024,0,5.391886173655713e-10
"F=28, p=1",28,1,10,Uniform random: direct M,32,64,32,32,33,33,0.002232094889314841,0,2.4854966640397436e-08
"F=28, p=1",28,1,10,Uniform random: direct M,64,64,64,64,65,65,0.002232094889314841,0,2.4854966640397436e-08
"F=28, p=1",28,1,10,Random ranked: QPU-valid-unique matched,537,537,4,4,5,5,0.00221906630749219,0,1.0985710188760045e-09
"F=28, p=1",28,1,10,Random ranked: QPU-valid-unique matched,537,537,8,8,9,9,0.00221906630749219,0,1.0985710188760045e-09
"F=28, p=1",28,1,10,Random ranked: QPU-valid-unique matched,537,537,16,16,17,17,0.0022575096914331585,0,3.604252230005045e-09
"F=28, p=1",28,1,10,Random ranked: QPU-valid-unique matched,537,537,32,32,33,33,0.0022575096914331585,0,3.604252230005045e-09
"F=28, p=1",28,1,10,Random ranked: QPU-valid-unique matched,537,537,64,64,65,65,0.00239276429430485,0,5.078115705714481e-09
"F=28, p=1",28,1,10,Random ranked: QPU-raw-draw matched,8192,8190,4,4,5,5,0.002055900056716589,0,1.5763142570748845e-09
"F=28, p=1",28,1,10,Random ranked: QPU-raw-draw matched,8192,8190,8,8,9,9,0.002055900056716589,0,1.5763142570748845e-09
"F=28, p=1",28,1,10,Random ranked: QPU-raw-draw matched,8192,8190,16,16,17,17,0.002120502184045109,0,1.1113632306103405e-09
"F=28, p=1",28,1,10,Random ranked: QPU-raw-draw matched,8192,8190,32,32,33,33,0.002120502184045109,0,1.1113632306103405e-09
"F=28, p=1",28,1,10,Random ranked: QPU-raw-draw matched,8192,8190,64,64,65,65,0.002120502184045109,0,1.1113632306103405e-09
"F=28, p=1",28,1,11,Uniform random: direct M,4,64,4,4,5,5,0.0020485527435935916,0,1.7985485878391216e-08
"F=28, p=1",28,1,11,Uniform random: direct M,8,64,8,8,9,9,0.0020485527435935916,0,1.7985485878391216e-08
"F=28, p=1",28,1,11,Uniform random: direct M,16,64,16,16,17,17,0.0020485527435935916,0,1.7985485878391216e-08
"F=28, p=1",28,1,11,Uniform random: direct M,32,64,32,32,33,33,0.002056787602742652,0,3.4316238045617453e-10
"F=28, p=1",28,1,11,Uniform random: direct M,64,64,64,64,65,65,0.002056787602742652,0,3.4316238045617453e-10
"F=28, p=1",28,1,11,Random ranked: QPU-valid-unique matched,532,532,4,4,5,5,0.001668493970427322,0,6.477606229182697e-10
"F=28, p=1",28,1,11,Random ranked: QPU-valid-unique matched,532,532,8,8,9,9,0.0019007776847566812,0,5.1115058408157665e-08
"F=28, p=1",28,1,11,Random ranked: QPU-valid-unique matched,532,532,16,16,17,17,0.0021538406242845587,0,4.322110391807854e-08
"F=28, p=1",28,1,11,Random ranked: QPU-valid-unique matched,532,532,32,32,33,33,0.0021538406242845587,0,4.322110391807854e-08
"F=28, p=1",28,1,11,Random ranked: QPU-valid-unique matched,532,532,64,64,65,65,0.0021538406242845587,0,4.322110391807854e-08
"F=28, p=1",28,1,11,Random ranked: QPU-raw-draw matched,8192,8192,4,4,5,5,0.001969275856844338,0,5.657424639871067e-09
"F=28, p=1",28,1,11,Random ranked: QPU-raw-draw matched,8192,8192,8,8,9,9,0.002007625395598213,0,6.279415069518346e-10
"F=28, p=1",28,1,11,Random ranked: QPU-raw-draw matched,8192,8192,16,16,17,17,0.002298426760081407,0,1.2365164447913912e-09
"F=28, p=1",28,1,11,Random ranked: QPU-raw-draw matched,8192,8192,32,32,33,33,0.002298426760081407,0,1.2365164447913912e-09
"F=28, p=1",28,1,11,Random ranked: QPU-raw-draw matched,8192,8192,64,64,65,65,0.002298426760081407,0,1.2365164447913912e-09
"F=28, p=1",28,1,12,Uniform random: direct M,4,64,4,4,5,5,0.0019143160342395896,0,9.371421694215343e-10
"F=28, p=1",28,1,12,Uniform random: direct M,8,64,8,8,9,9,0.0019877153617736606,0,1.0653518511816173e-08
"F=28, p=1",28,1,12,Uniform random: direct M,16,64,16,16,17,17,0.0019877153617736606,0,1.0653518511816173e-08
"F=28, p=1",28,1,12,Uniform random: direct M,32,64,32,32,33,33,0.0022873036300217545,0,1.2816313121888356e-08
"F=28, p=1",28,1,12,Uniform random: direct M,64,64,64,64,65,65,0.0022873036300217545,0,1.2816313121888356e-08
"F=28, p=1",28,1,12,Random ranked: QPU-valid-unique matched,548,548,4,4,5,5,0.0016240570549201291,0,1.8799155732107664e-08
"F=28, p=1",28,1,12,Random ranked: QPU-valid-unique matched,548,548,8,8,9,9,0.0016240570549201291,0,1.8799155732107664e-08
"F=28, p=1",28,1,12,Random ranked: QPU-valid-unique matched,548,548,16,16,17,17,0.0020822824692928663,0,1.4710685213373265e-09
"F=28, p=1",28,1,12,Random ranked: QPU-valid-unique matched,548,548,32,32,33,33,0.002180076584031597,0,1.0186511634202589e-09
"F=28, p=1",28,1,12,Random ranked: QPU-valid-unique matched,548,548,64,64,65,65,0.002180076584031597,0,1.0186511634202589e-09
"F=28, p=1",28,1,12,Random ranked: QPU-raw-draw matched,8192,8190,4,4,5,5,0.002250092625255419,0,2.1604273592323864e-08
"F=28, p=1",28,1,12,Random ranked: QPU-raw-draw matched,8192,8190,8,8,9,9,0.002250092625255419,0,2.1604273592323864e-08
"F=28, p=1",28,1,12,Random ranked: QPU-raw-draw matched,8192,8190,16,16,17,17,0.002250092625255419,0,2.1604273592323864e-08
"F=28, p=1",28,1,12,Random ranked: QPU-raw-draw matched,8192,8190,32,32,33,33,0.002250092625255419,0,2.1604273592323864e-08
"F=28, p=1",28,1,12,Random ranked: QPU-raw-draw matched,8192,8190,64,64,65,65,0.002250092625255419,0,2.1604273592323864e-08
"F=28, p=1",28,1,13,Uniform random: direct M,4,64,4,4,5,5,0.0016649384342877493,0,1.2936484550252203e-08
"F=28, p=1",28,1,13,Uniform random: direct M,8,64,8,8,9,9,0.001958297779829997,0,5.765192767626104e-10
"F=28, p=1",28,1,13,Uniform random: direct M,16,64,16,16,17,17,0.002276507743213141,0,1.2659812975712725e-08
"F=28, p=1",28,1,13,Uniform random: direct M,32,64,32,32,33,33,0.002276507743213141,0,1.2659812975712725e-08
"F=28, p=1",28,1,13,Uniform random: direct M,64,64,64,64,65,65,0.002276507743213141,0,1.2659812975712725e-08
"F=28, p=1",28,1,13,Random ranked: QPU-valid-unique matched,537,537,4,4,5,5,0.0018337846816123549,0,1.3604733117844603e-08
"F=28, p=1",28,1,13,Random ranked: QPU-valid-unique matched,537,537,8,8,9,9,0.0019187971902803677,0,1.3005304555502306e-08
"F=28, p=1",28,1,13,Random ranked: QPU-valid-unique matched,537,537,16,16,17,17,0.00208113531795142,0,1.2382758984852416e-09
"F=28, p=1",28,1,13,Random ranked: QPU-valid-unique matched,537,537,32,32,33,33,0.00208113531795142,0,1.2382758984852416e-09
"F=28, p=1",28,1,13,Random ranked: QPU-valid-unique matched,537,537,64,64,65,65,0.002255588577678748,0,2.4697823453045942e-08
"F=28, p=1",28,1,13,Random ranked: QPU-raw-draw matched,8192,8191,4,4,5,5,0.002179806582177639,0,8.011536573038214e-10
"F=28, p=1",28,1,13,Random ranked: QPU-raw-draw matched,8192,8191,8,8,9,9,0.002179806582177639,0,8.011536573038214e-10
"F=28, p=1",28,1,13,Random ranked: QPU-raw-draw matched,8192,8191,16,16,17,17,0.002326737060065802,0,2.09806719220218e-08
"F=28, p=1",28,1,13,Random ranked: QPU-raw-draw matched,8192,8191,32,32,33,33,0.002326737060065802,0,2.09806719220218e-08
"F=28, p=1",28,1,13,Random ranked: QPU-raw-draw matched,8192,8191,64,64,65,65,0.002326737060065802,0,2.09806719220218e-08
"F=28, p=1",28,1,14,Uniform random: direct M,4,64,4,4,5,5,0.0017692359688774306,0,2.962960782282309e-08
"F=28, p=1",28,1,14,Uniform random: direct M,8,64,8,8,9,8,0.001883538006293567,0,1.5636968053733824e-08
"F=28, p=1",28,1,14,Uniform random: direct M,16,64,16,16,17,16,0.0022156991081481517,0,1.5247407891827436e-08
"F=28, p=1",28,1,14,Uniform random: direct M,32,64,32,32,33,32,0.0022156991081481517,0,1.5247407891827436e-08
"F=28, p=1",28,1,14,Uniform random: direct M,64,64,64,64,65,64,0.0022156991081481517,0,1.5247407891827436e-08
"F=28, p=1",28,1,14,Random ranked: QPU-valid-unique matched,532,532,4,4,5,5,0.0018807653110382988,0,8.641669116404849e-10
"F=28, p=1",28,1,14,Random ranked: QPU-valid-unique matched,532,532,8,8,9,9,0.002133911839139989,0,6.643086081226102e-10
"F=28, p=1",28,1,14,Random ranked: QPU-valid-unique matched,532,532,16,16,17,17,0.002133911839139989,0,6.643086081226102e-10
"F=28, p=1",28,1,14,Random ranked: QPU-valid-unique matched,532,532,32,32,33,33,0.002156444556271689,0,2.8604225099648772e-08
"F=28, p=1",28,1,14,Random ranked: QPU-valid-unique matched,532,532,64,64,65,65,0.002156444556271689,0,2.8604225099648772e-08
"F=28, p=1",28,1,14,Random ranked: QPU-raw-draw matched,8192,8191,4,4,5,5,0.0020831962731246087,0,1.64752416050018e-09
"F=28, p=1",28,1,14,Random ranked: QPU-raw-draw matched,8192,8191,8,8,9,9,0.0020831962731246087,0,1.64752416050018e-09
"F=28, p=1",28,1,14,Random ranked: QPU-raw-draw matched,8192,8191,16,16,17,17,0.0020831962731246087,0,1.64752416050018e-09
"F=28, p=1",28,1,14,Random ranked: QPU-raw-draw matched,8192,8191,32,32,33,33,0.002091638093486309,0,2.2788744946655726e-08
"F=28, p=1",28,1,14,Random ranked: QPU-raw-draw matched,8192,8191,64,64,65,65,0.0021393175301730183,0,8.370196979967659e-09
"F=28, p=1",28,1,15,Uniform random: direct M,4,64,4,4,5,5,0.0019293852115520316,0,2.3020902961690126e-09
"F=28, p=1",28,1,15,Uniform random: direct M,8,64,8,8,9,9,0.0021687769510739044,0,7.765245113589003e-10
"F=28, p=1",28,1,15,Uniform random: direct M,16,64,16,16,17,17,0.002393197167779887,0,7.67054036607262e-10
"F=28, p=1",28,1,15,Uniform random: direct M,32,64,32,32,33,33,0.002393197167779887,0,7.67054036607262e-10
"F=28, p=1",28,1,15,Uniform random: direct M,64,64,64,64,65,65,0.002393197167779887,0,7.67054036607262e-10
"F=28, p=1",28,1,15,Random ranked: QPU-valid-unique matched,548,548,4,4,5,5,0.0020810284966779197,0,2.844991672801278e-10
"F=28, p=1",28,1,15,Random ranked: QPU-valid-unique matched,548,548,8,8,9,9,0.0021472137457393056,0,1.4793764997744763e-09
"F=28, p=1",28,1,15,Random ranked: QPU-valid-unique matched,548,548,16,16,17,17,0.0021472137457393056,0,1.4793764997744763e-09
"F=28, p=1",28,1,15,Random ranked: QPU-valid-unique matched,548,548,32,32,33,33,0.0021472137457393056,0,1.4793764997744763e-09
"F=28, p=1",28,1,15,Random ranked: QPU-valid-unique matched,548,548,64,64,65,65,0.0021472137457393056,0,1.4793764997744763e-09
"F=28, p=1",28,1,15,Random ranked: QPU-raw-draw matched,8192,8192,4,4,5,5,0.0022156166187857415,0,2.769799622992508e-08
"F=28, p=1",28,1,15,Random ranked: QPU-raw-draw matched,8192,8192,8,8,9,9,0.0022156166187857415,0,2.769799622992508e-08
"F=28, p=1",28,1,15,Random ranked: QPU-raw-draw matched,8192,8192,16,16,17,17,0.0022156166187857415,0,2.769799622992508e-08
"F=28, p=1",28,1,15,Random ranked: QPU-raw-draw matched,8192,8192,32,32,33,33,0.0022246398357916447,0,2.4296946732338398e-08
"F=28, p=1",28,1,15,Random ranked: QPU-raw-draw matched,8192,8192,64,64,65,65,0.0022246398357916447,0,2.4296946732338398e-08
"F=28, p=1",28,1,16,Uniform random: direct M,4,64,4,4,5,5,0.0019694262743661997,0,3.524267411236792e-08
"F=28, p=1",28,1,16,Uniform random: direct M,8,64,8,8,9,9,0.0019694262743661997,0,3.524267411236792e-08
"F=28, p=1",28,1,16,Uniform random: direct M,16,64,16,16,17,17,0.0019694262743661997,0,3.524267411236792e-08
"F=28, p=1",28,1,16,Uniform random: direct M,32,64,32,32,33,33,0.002242098414371445,0,6.454479672957092e-09
"F=28, p=1",28,1,16,Uniform random: direct M,64,64,64,64,65,65,0.002242098414371445,0,6.454479672957092e-09
"F=28, p=1",28,1,16,Random ranked: QPU-valid-unique matched,537,537,4,4,5,5,0.0019855009261451895,0,3.496856587625885e-08
"F=28, p=1",28,1,16,Random ranked: QPU-valid-unique matched,537,537,8,8,9,9,0.0019855009261451895,0,3.496856587625885e-08
"F=28, p=1",28,1,16,Random ranked: QPU-valid-unique matched,537,537,16,16,17,17,0.0023297225239608324,0,5.839944861030233e-09
"F=28, p=1",28,1,16,Random ranked: QPU-valid-unique matched,537,537,32,32,33,33,0.0023297225239608324,0,5.839944861030233e-09
"F=28, p=1",28,1,16,Random ranked: QPU-valid-unique matched,537,537,64,64,65,65,0.0023297225239608324,0,5.839944861030233e-09
"F=28, p=1",28,1,16,Random ranked: QPU-raw-draw matched,8192,8190,4,4,5,5,0.002192270620474557,0,3.416010735390884e-08
"F=28, p=1",28,1,16,Random ranked: QPU-raw-draw matched,8192,8190,8,8,9,9,0.002192270620474557,0,3.416010735390884e-08
"F=28, p=1",28,1,16,Random ranked: QPU-raw-draw matched,8192,8190,16,16,17,17,0.002192270620474557,0,3.416010735390884e-08
"F=28, p=1",28,1,16,Random ranked: QPU-raw-draw matched,8192,8190,32,32,33,33,0.0022916111433185504,0,3.600638298628667e-08
"F=28, p=1",28,1,16,Random ranked: QPU-raw-draw matched,8192,8190,64,64,65,65,0.0022916111433185504,0,3.600638298628667e-08
"F=28, p=1",28,1,17,Uniform random: direct M,4,64,4,4,5,5,0.0020553721472147124,0,4.0454812944012986e-08
"F=28, p=1",28,1,17,Uniform random: direct M,8,64,8,8,9,9,0.0020553721472147124,0,4.0454812944012986e-08
"F=28, p=1",28,1,17,Uniform random: direct M,16,64,16,16,17,17,0.0020553721472147124,0,4.0454812944012986e-08
"F=28, p=1",28,1,17,Uniform random: direct M,32,64,32,32,33,33,0.002264167298658186,0,1.2623033562864094e-08
"F=28, p=1",28,1,17,Uniform random: direct M,64,64,64,64,65,65,0.002264167298658186,0,1.2623033562864094e-08
"F=28, p=1",28,1,17,Random ranked: QPU-valid-unique matched,532,532,4,4,5,5,0.001529839540642279,0,3.267180331834041e-08
"F=28, p=1",28,1,17,Random ranked: QPU-valid-unique matched,532,532,8,8,9,9,0.0022307856895107323,0,5.5127552078815256e-08
"F=28, p=1",28,1,17,Random ranked: QPU-valid-unique matched,532,532,16,16,17,17,0.0023012111767175547,0,7.595520393199884e-10
"F=28, p=1",28,1,17,Random ranked: QPU-valid-unique matched,532,532,32,32,33,33,0.0023012111767175547,0,7.595520393199884e-10
"F=28, p=1",28,1,17,Random ranked: QPU-valid-unique matched,532,532,64,64,65,65,0.0023012111767175547,0,7.595520393199884e-10
"F=28, p=1",28,1,17,Random ranked: QPU-raw-draw matched,8192,8191,4,4,5,5,0.0022295616651321556,0,2.3905063928353343e-08
"F=28, p=1",28,1,17,Random ranked: QPU-raw-draw matched,8192,8191,8,8,9,9,0.0022295616651321556,0,2.3905063928353343e-08
"F=28, p=1",28,1,17,Random ranked: QPU-raw-draw matched,8192,8191,16,16,17,17,0.0022295616651321556,0,2.3905063928353343e-08
"F=28, p=1",28,1,17,Random ranked: QPU-raw-draw matched,8192,8191,32,32,33,33,0.0022295616651321556,0,2.3905063928353343e-08
"F=28, p=1",28,1,17,Random ranked: QPU-raw-draw matched,8192,8191,64,64,65,65,0.0022295616651321556,0,2.3905063928353343e-08
"F=28, p=1",28,1,18,Uniform random: direct M,4,64,4,4,5,5,0.0022892447081373987,0,3.057402847561619e-08
"F=28, p=1",28,1,18,Uniform random: direct M,8,64,8,8,9,9,0.0022892447081373987,0,3.057402847561619e-08
"F=28, p=1",28,1,18,Uniform random: direct M,16,64,16,16,17,17,0.0022892447081373987,0,3.057402847561619e-08
"F=28, p=1",28,1,18,Uniform random: direct M,32,64,32,32,33,33,0.0022892447081373987,0,3.057402847561619e-08
"F=28, p=1",28,1,18,Uniform random: direct M,64,64,64,64,65,65,0.0022892447081373987,0,3.057402847561619e-08
"F=28, p=1",28,1,18,Random ranked: QPU-valid-unique matched,548,548,4,4,5,5,0.0018247744687901399,0,5.108784306706582e-08
"F=28, p=1",28,1,18,Random ranked: QPU-valid-unique matched,548,548,8,8,9,9,0.0022871335868702783,0,4.969504696639149e-09
"F=28, p=1",28,1,18,Random ranked: QPU-valid-unique matched,548,548,16,16,17,17,0.0023996005720732586,0,3.5243117868510865e-09
"F=28, p=1",28,1,18,Random ranked: QPU-valid-unique matched,548,548,32,32,33,33,0.0023996005720732586,0,3.5243117868510865e-09
"F=28, p=1",28,1,18,Random ranked: QPU-valid-unique matched,548,548,64,64,65,65,0.0023996005720732586,0,3.5243117868510865e-09
"F=28, p=1",28,1,18,Random ranked: QPU-raw-draw matched,8192,8188,4,4,5,5,0.002103336120872809,0,9.982545276510102e-10
"F=28, p=1",28,1,18,Random ranked: QPU-raw-draw matched,8192,8188,8,8,9,9,0.0023333930938461284,0,3.3638185570339374e-09
"F=28, p=1",28,1,18,Random ranked: QPU-raw-draw matched,8192,8188,16,16,17,17,0.0023333930938461284,0,3.3638185570339374e-09
"F=28, p=1",28,1,18,Random ranked: QPU-raw-draw matched,8192,8188,32,32,33,33,0.0023333930938461284,0,3.3638185570339374e-09
"F=28, p=1",28,1,18,Random ranked: QPU-raw-draw matched,8192,8188,64,64,65,65,0.0023333930938461284,0,3.3638185570339374e-09
"F=28, p=1",28,1,19,Uniform random: direct M,4,64,4,4,5,5,0.0019747508104574416,0,2.957982692119998e-08
"F=28, p=1",28,1,19,Uniform random: direct M,8,64,8,8,9,9,0.002254421075159309,0,9.208849793829188e-09
"F=28, p=1",28,1,19,Uniform random: direct M,16,64,16,16,17,17,0.002254421075159309,0,9.208849793829188e-09
"F=28, p=1",28,1,19,Uniform random: direct M,32,64,32,32,33,33,0.0023902984087271484,0,3.859963204622119e-08
"F=28, p=1",28,1,19,Uniform random: direct M,64,64,64,64,65,65,0.0023902984087271484,0,3.859963204622119e-08
"F=28, p=1",28,1,19,Random ranked: QPU-valid-unique matched,537,537,4,4,5,5,0.0021151915050025213,0,2.615623620472185e-10
"F=28, p=1",28,1,19,Random ranked: QPU-valid-unique matched,537,537,8,8,9,9,0.0021151915050025213,0,2.615623620472185e-10
"F=28, p=1",28,1,19,Random ranked: QPU-valid-unique matched,537,537,16,16,17,17,0.0022240976799743697,0,9.138513435563711e-10
"F=28, p=1",28,1,19,Random ranked: QPU-valid-unique matched,537,537,32,32,33,33,0.002310098175899007,0,1.763618262540234e-08
"F=28, p=1",28,1,19,Random ranked: QPU-valid-unique matched,537,537,64,64,65,65,0.002310098175899007,0,1.763618262540234e-08
"F=28, p=1",28,1,19,Random ranked: QPU-raw-draw matched,8192,8191,4,4,5,5,0.002064132828785606,0,3.357750283372596e-08
"F=28, p=1",28,1,19,Random ranked: QPU-raw-draw matched,8192,8191,8,8,9,9,0.0020837094088000663,0,2.7260353974156715e-09
"F=28, p=1",28,1,19,Random ranked: QPU-raw-draw matched,8192,8191,16,16,17,17,0.0020837094088000663,0,2.7260353974156715e-09
"F=28, p=1",28,1,19,Random ranked: QPU-raw-draw matched,8192,8191,32,32,33,33,0.0021933711617148216,0,5.998174845700532e-09
"F=28, p=1",28,1,19,Random ranked: QPU-raw-draw matched,8192,8191,64,64,65,65,0.0021933711617148216,0,5.998174845700532e-09
"F=28, p=1",28,1,20,Uniform random: direct M,4,64,4,4,5,5,0.0021298211770780368,0,2.13725072084614e-08
"F=28, p=1",28,1,20,Uniform random: direct M,8,64,8,8,9,9,0.0022949848368836595,0,2.682183364299817e-10
"F=28, p=1",28,1,20,Uniform random: direct M,16,64,16,16,17,17,0.0022949848368836595,0,2.682183364299817e-10
"F=28, p=1",28,1,20,Uniform random: direct M,32,64,32,32,33,33,0.0022949848368836595,0,2.682183364299817e-10
"F=28, p=1",28,1,20,Uniform random: direct M,64,64,64,64,65,65,0.0022949848368836595,0,2.682183364299817e-10
"F=28, p=1",28,1,20,Random ranked: QPU-valid-unique matched,532,532,4,4,5,5,0.001609215820391162,0,5.3786610582085e-10
"F=28, p=1",28,1,20,Random ranked: QPU-valid-unique matched,532,532,8,8,9,9,0.001609215820391162,0,5.3786610582085e-10
"F=28, p=1",28,1,20,Random ranked: QPU-valid-unique matched,532,532,16,16,17,17,0.0024349143483263086,0,6.681516936946075e-10
"F=28, p=1",28,1,20,Random ranked: QPU-valid-unique matched,532,532,32,32,33,33,0.0024349143483263086,0,6.681516936946075e-10
"F=28, p=1",28,1,20,Random ranked: QPU-valid-unique matched,532,532,64,64,65,65,0.0024349143483263086,0,6.681516936946075e-10
"F=28, p=1",28,1,20,Random ranked: QPU-raw-draw matched,8192,8192,4,4,5,5,0.0023386240452960907,0,3.3904122176409146e-08
"F=28, p=1",28,1,20,Random ranked: QPU-raw-draw matched,8192,8192,8,8,9,9,0.0023386240452960907,0,3.3904122176409146e-08
"F=28, p=1",28,1,20,Random ranked: QPU-raw-draw matched,8192,8192,16,16,17,17,0.0023386240452960907,0,3.3904122176409146e-08
"F=28, p=1",28,1,20,Random ranked: QPU-raw-draw matched,8192,8192,32,32,33,33,0.0023386240452960907,0,3.3904122176409146e-08
"F=28, p=1",28,1,20,Random ranked: QPU-raw-draw matched,8192,8192,64,64,65,65,0.0023386240452960907,0,3.3904122176409146e-08
"F=28, p=1",28,1,21,Uniform random: direct M,4,64,4,4,5,5,0.002073467563401314,0,6.509377481478396e-10
"F=28, p=1",28,1,21,Uniform random: direct M,8,64,8,8,9,9,0.002073467563401314,0,6.509377481478396e-10
"F=28, p=1",28,1,21,Uniform random: direct M,16,64,16,16,17,17,0.0022717772224798496,0,2.0405920841959357e-09
"F=28, p=1",28,1,21,Uniform random: direct M,32,64,32,32,33,33,0.0023226753769910943,0,1.646431169177731e-08
"F=28, p=1",28,1,21,Uniform random: direct M,64,64,64,64,65,64,0.0023226753769910943,0,1.646431169177731e-08
"F=28, p=1",28,1,21,Random ranked: QPU-valid-unique matched,548,548,4,4,5,5,0.0016946036308847362,0,1.8525323991838705e-09
"F=28, p=1",28,1,21,Random ranked: QPU-valid-unique matched,548,548,8,8,9,9,0.0020331406208838054,0,1.2560056661392593e-08
"F=28, p=1",28,1,21,Random ranked: QPU-valid-unique matched,548,548,16,16,17,17,0.0022014711312612484,0,5.300386740625385e-09
"F=28, p=1",28,1,21,Random ranked: QPU-valid-unique matched,548,548,32,32,33,33,0.0022014711312612484,0,5.300386740625385e-09
"F=28, p=1",28,1,21,Random ranked: QPU-valid-unique matched,548,548,64,64,65,64,0.0022596375824607204,0,5.055229915229553e-10
"F=28, p=1",28,1,21,Random ranked: QPU-raw-draw matched,8192,8191,4,4,5,5,0.002162904244282178,0,6.12575871139498e-08
"F=28, p=1",28,1,21,Random ranked: QPU-raw-draw matched,8192,8191,8,8,9,9,0.002162904244282178,0,6.12575871139498e-08
"F=28, p=1",28,1,21,Random ranked: QPU-raw-draw matched,8192,8191,16,16,17,17,0.002162904244282178,0,6.12575871139498e-08
"F=28, p=1",28,1,21,Random ranked: QPU-raw-draw matched,8192,8191,32,32,33,33,0.002163707382869723,0,1.2747503747023714e-09
"F=28, p=1",28,1,21,Random ranked: QPU-raw-draw matched,8192,8191,64,64,65,65,0.002163707382869723,0,1.2747503747023714e-09
"F=28, p=1",28,1,22,Uniform random: direct M,4,64,4,4,5,5,0.0018892682885019857,0,9.106308485051784e-10
"F=28, p=1",28,1,22,Uniform random: direct M,8,64,8,8,9,9,0.0019140000615397099,0,2.3517780667337007e-08
"F=28, p=1",28,1,22,Uniform random: direct M,16,64,16,16,17,17,0.002207371003731043,0,2.571273749474301e-10
"F=28, p=1",28,1,22,Uniform random: direct M,32,64,32,32,33,33,0.002207371003731043,0,2.571273749474301e-10
"F=28, p=1",28,1,22,Uniform random: direct M,64,64,64,64,65,65,0.002207371003731043,0,2.571273749474301e-10
"F=28, p=1",28,1,22,Random ranked: QPU-valid-unique matched,537,537,4,4,5,5,0.0018159803520427092,0,3.4333941800746004e-09
"F=28, p=1",28,1,22,Random ranked: QPU-valid-unique matched,537,537,8,8,9,9,0.0022083434936970778,0,1.971346985651934e-08
"F=28, p=1",28,1,22,Random ranked: QPU-valid-unique matched,537,537,16,16,17,17,0.0022083434936970778,0,1.971346985651934e-08
"F=28, p=1",28,1,22,Random ranked: QPU-valid-unique matched,537,537,32,32,33,33,0.0022083434936970778,0,1.971346985651934e-08
"F=28, p=1",28,1,22,Random ranked: QPU-valid-unique matched,537,537,64,64,65,65,0.0022083434936970778,0,1.971346985651934e-08
"F=28, p=1",28,1,22,Random ranked: QPU-raw-draw matched,8192,8192,4,4,5,5,0.001987417642090414,0,2.2889767636868896e-08
"F=28, p=1",28,1,22,Random ranked: QPU-raw-draw matched,8192,8192,8,8,9,9,0.0020560125753288708,0,7.014150771311733e-08
"F=28, p=1",28,1,22,Random ranked: QPU-raw-draw matched,8192,8192,16,16,17,17,0.0022220043433790818,0,9.409073853383632e-09
"F=28, p=1",28,1,22,Random ranked: QPU-raw-draw matched,8192,8192,32,32,33,33,0.0022220043433790818,0,9.409073853383632e-09
"F=28, p=1",28,1,22,Random ranked: QPU-raw-draw matched,8192,8192,64,64,65,65,0.0022220043433790818,0,9.409073853383632e-09
"F=28, p=1",28,1,23,Uniform random: direct M,4,64,4,4,5,5,0.002119696728722087,0,1.2128220649998411e-09
"F=28, p=1",28,1,23,Uniform random: direct M,8,64,8,8,9,9,0.002119696728722087,0,1.2128220649998411e-09
"F=28, p=1",28,1,23,Uniform random: direct M,16,64,16,16,17,17,0.002119696728722087,0,1.2128220649998411e-09
"F=28, p=1",28,1,23,Uniform random: direct M,32,64,32,32,33,33,0.002225057922938388,0,1.2863103193705427e-08
"F=28, p=1",28,1,23,Uniform random: direct M,64,64,64,64,65,65,0.0024042107009071834,0,6.187621054420944e-08
"F=28, p=1",28,1,23,Random ranked: QPU-valid-unique matched,532,532,4,4,5,5,0.0017044189398717144,0,9.694739733223656e-09
"F=28, p=1",28,1,23,Random ranked: QPU-valid-unique matched,532,532,8,8,9,9,0.0021990527394139744,0,4.208213399969907e-08
"F=28, p=1",28,1,23,Random ranked: QPU-valid-unique matched,532,532,16,16,17,17,0.0021990527394139744,0,4.208213399969907e-08
"F=28, p=1",28,1,23,Random ranked: QPU-valid-unique matched,532,532,32,32,33,33,0.0021990527394139744,0,4.208213399969907e-08
"F=28, p=1",28,1,23,Random ranked: QPU-valid-unique matched,532,532,64,64,65,64,0.0021990527394139744,0,4.208213399969907e-08
"F=28, p=1",28,1,23,Random ranked: QPU-raw-draw matched,8192,8190,4,4,5,5,0.0021762737890292858,0,1.4844013129788891e-08
"F=28, p=1",28,1,23,Random ranked: QPU-raw-draw matched,8192,8190,8,8,9,9,0.0021762737890292858,0,1.4844013129788891e-08
"F=28, p=1",28,1,23,Random ranked: QPU-raw-draw matched,8192,8190,16,16,17,17,0.0021762737890292858,0,1.4844013129788891e-08
"F=28, p=1",28,1,23,Random ranked: QPU-raw-draw matched,8192,8190,32,32,33,33,0.0021762737890292858,0,1.4844013129788891e-08
"F=28, p=1",28,1,23,Random ranked: QPU-raw-draw matched,8192,8190,64,64,65,65,0.0021762737890292858,0,1.4844013129788891e-08
"F=28, p=1",28,1,24,Uniform random: direct M,4,64,4,4,5,5,0.002201523414525418,0,1.2552145767230627e-08
"F=28, p=1",28,1,24,Uniform random: direct M,8,64,8,8,9,9,0.002201523414525418,0,1.2552145767230627e-08
"F=28, p=1",28,1,24,Uniform random: direct M,16,64,16,16,17,17,0.002201523414525418,0,1.2552145767230627e-08
"F=28, p=1",28,1,24,Uniform random: direct M,32,64,32,32,33,33,0.002201523414525418,0,1.2552145767230627e-08
"F=28, p=1",28,1,24,Uniform random: direct M,64,64,64,64,65,65,0.002201523414525418,0,1.2552145767230627e-08
"F=28, p=1",28,1,24,Random ranked: QPU-valid-unique matched,548,548,4,4,5,5,0.0017777854330385812,0,3.42240584205733e-08
"F=28, p=1",28,1,24,Random ranked: QPU-valid-unique matched,548,548,8,8,9,9,0.002073489499661685,0,4.146040910590898e-08
"F=28, p=1",28,1,24,Random ranked: QPU-valid-unique matched,548,548,16,16,17,17,0.002141026466464302,0,3.5179576585164796e-08
"F=28, p=1",28,1,24,Random ranked: QPU-valid-unique matched,548,548,32,32,33,33,0.0023162232404077554,0,2.9496396991568474e-09
"F=28, p=1",28,1,24,Random ranked: QPU-valid-unique matched,548,548,64,64,65,65,0.0023162232404077554,0,2.9496396991568474e-09
"F=28, p=1",28,1,24,Random ranked: QPU-raw-draw matched,8192,8189,4,4,5,5,0.002038977073476056,0,7.612894065145426e-10
"F=28, p=1",28,1,24,Random ranked: QPU-raw-draw matched,8192,8189,8,8,9,9,0.002038977073476056,0,7.612894065145426e-10
"F=28, p=1",28,1,24,Random ranked: QPU-raw-draw matched,8192,8189,16,16,17,17,0.002163865967063465,0,8.45903280755067e-09
"F=28, p=1",28,1,24,Random ranked: QPU-raw-draw matched,8192,8189,32,32,33,33,0.002163865967063465,0,8.45903280755067e-09
"F=28, p=1",28,1,24,Random ranked: QPU-raw-draw matched,8192,8189,64,64,65,65,0.002163865967063465,0,8.45903280755067e-09
"F=28, p=1",28,1,25,Uniform random: direct M,4,64,4,4,5,5,0.0020016158433766237,0,5.8655144796748715e-08
"F=28, p=1",28,1,25,Uniform random: direct M,8,64,8,8,9,9,0.0021272809248746444,0,5.101298272691679e-10
"F=28, p=1",28,1,25,Uniform random: direct M,16,64,16,16,17,17,0.0021272809248746444,0,5.101298272691679e-10
"F=28, p=1",28,1,25,Uniform random: direct M,32,64,32,32,33,33,0.0021637080888037494,0,3.0041891196930237e-10
"F=28, p=1",28,1,25,Uniform random: direct M,64,64,64,64,65,65,0.0022689338172588724,0,1.9543265825094913e-09
"F=28, p=1",28,1,25,Random ranked: QPU-valid-unique matched,537,537,4,4,5,5,0.0019560666102214352,0,5.632134758570828e-10
"F=28, p=1",28,1,25,Random ranked: QPU-valid-unique matched,537,537,8,8,9,9,0.0022925095837235884,0,1.4858173080778414e-08
"F=28, p=1",28,1,25,Random ranked: QPU-valid-unique matched,537,537,16,16,17,17,0.0022925095837235884,0,1.4858173080778414e-08
"F=28, p=1",28,1,25,Random ranked: QPU-valid-unique matched,537,537,32,32,33,33,0.0022925095837235884,0,1.4858173080778414e-08
"F=28, p=1",28,1,25,Random ranked: QPU-valid-unique matched,537,537,64,64,65,65,0.0022925095837235884,0,1.4858173080778414e-08
"F=28, p=1",28,1,25,Random ranked: QPU-raw-draw matched,8192,8191,4,4,5,5,0.0020328494691641205,0,8.970347893308417e-10
"F=28, p=1",28,1,25,Random ranked: QPU-raw-draw matched,8192,8191,8,8,9,9,0.0020328494691641205,0,8.970347893308417e-10
"F=28, p=1",28,1,25,Random ranked: QPU-raw-draw matched,8192,8191,16,16,17,17,0.002307934488920256,0,3.781112734024816e-08
"F=28, p=1",28,1,25,Random ranked: QPU-raw-draw matched,8192,8191,32,32,33,33,0.0023883705274118303,0,3.375635371227759e-08
"F=28, p=1",28,1,25,Random ranked: QPU-raw-draw matched,8192,8191,64,64,65,65,0.0023883705274118303,0,3.375635371227759e-08
"F=28, p=1",28,1,26,Uniform random: direct M,4,64,4,4,5,5,0.0019935568505790036,0,1.4015875571260494e-08
"F=28, p=1",28,1,26,Uniform random: direct M,8,64,8,8,9,9,0.0019935568505790036,0,1.4015875571260494e-08
"F=28, p=1",28,1,26,Uniform random: direct M,16,64,16,16,17,17,0.0020041020150134356,0,1.5426967481246834e-09
"F=28, p=1",28,1,26,Uniform random: direct M,32,64,32,32,33,33,0.0021498869899655507,0,1.1201309324526676e-09
"F=28, p=1",28,1,26,Uniform random: direct M,64,64,64,64,65,65,0.0022696715172658144,0,8.633685780190525e-10
"F=28, p=1",28,1,26,Random ranked: QPU-valid-unique matched,532,532,4,4,5,5,0.001783035877783258,0,1.300435703566194e-09
"F=28, p=1",28,1,26,Random ranked: QPU-valid-unique matched,532,532,8,8,9,9,0.001783035877783258,0,1.300435703566194e-09
"F=28, p=1",28,1,26,Random ranked: QPU-valid-unique matched,532,532,16,16,17,17,0.0020299417171921047,0,1.647185887687641e-09
"F=28, p=1",28,1,26,Random ranked: QPU-valid-unique matched,532,532,32,32,33,33,0.0022586364676668927,0,2.7531858348694982e-08
"F=28, p=1",28,1,26,Random ranked: QPU-valid-unique matched,532,532,64,64,65,65,0.0022586364676668927,0,2.7531858348694982e-08
"F=28, p=1",28,1,26,Random ranked: QPU-raw-draw matched,8192,8191,4,4,5,5,0.0023627960358466454,0,2.1755086399011248e-08
"F=28, p=1",28,1,26,Random ranked: QPU-raw-draw matched,8192,8191,8,8,9,9,0.0023627960358466454,0,2.1755086399011248e-08
"F=28, p=1",28,1,26,Random ranked: QPU-raw-draw matched,8192,8191,16,16,17,17,0.0023627960358466454,0,2.1755086399011248e-08
"F=28, p=1",28,1,26,Random ranked: QPU-raw-draw matched,8192,8191,32,32,33,33,0.0023627960358466454,0,2.1755086399011248e-08
"F=28, p=1",28,1,26,Random ranked: QPU-raw-draw matched,8192,8191,64,64,65,65,0.0023627960358466454,0,2.1755086399011248e-08
"F=28, p=1",28,1,27,Uniform random: direct M,4,64,4,4,5,5,0.0017872247316561424,0,1.2299200324861204e-08
"F=28, p=1",28,1,27,Uniform random: direct M,8,64,8,8,9,9,0.0023870658090999197,0,9.964473801638007e-09
"F=28, p=1",28,1,27,Uniform random: direct M,16,64,16,16,17,17,0.0023870658090999197,0,9.964473801638007e-09
"F=28, p=1",28,1,27,Uniform random: direct M,32,64,32,32,33,33,0.0023870658090999197,0,9.964473801638007e-09
"F=28, p=1",28,1,27,Uniform random: direct M,64,64,64,64,65,65,0.0023870658090999197,0,9.964473801638007e-09
"F=28, p=1",28,1,27,Random ranked: QPU-valid-unique matched,548,548,4,4,5,5,0.0018990822411146732,0,5.918159151629965e-08
"F=28, p=1",28,1,27,Random ranked: QPU-valid-unique matched,548,548,8,8,9,9,0.002096766379037926,0,7.321064310339409e-10
"F=28, p=1",28,1,27,Random ranked: QPU-valid-unique matched,548,548,16,16,17,17,0.002096766379037926,0,7.321064310339409e-10
"F=28, p=1",28,1,27,Random ranked: QPU-valid-unique matched,548,548,32,32,33,33,0.0022323098500434332,0,9.918127430452728e-10
"F=28, p=1",28,1,27,Random ranked: QPU-valid-unique matched,548,548,64,64,65,65,0.0022323098500434332,0,9.918127430452728e-10
"F=28, p=1",28,1,27,Random ranked: QPU-raw-draw matched,8192,8189,4,4,5,5,0.002102303107207354,0,2.487040295928722e-09
"F=28, p=1",28,1,27,Random ranked: QPU-raw-draw matched,8192,8189,8,8,9,9,0.002205691702443592,0,9.263144210014396e-10
"F=28, p=1",28,1,27,Random ranked: QPU-raw-draw matched,8192,8189,16,16,17,17,0.002232385461757601,0,1.0796856075856454e-08
"F=28, p=1",28,1,27,Random ranked: QPU-raw-draw matched,8192,8189,32,32,33,33,0.002232385461757601,0,1.0796856075856454e-08
"F=28, p=1",28,1,27,Random ranked: QPU-raw-draw matched,8192,8189,64,64,65,65,0.002232385461757601,0,1.0796856075856454e-08
"F=28, p=1",28,1,28,Uniform random: direct M,4,64,4,4,5,5,0.0017213500687481426,0,7.660074310966714e-10
"F=28, p=1",28,1,28,Uniform random: direct M,8,64,8,8,9,9,0.0017213500687481426,0,7.660074310966714e-10
"F=28, p=1",28,1,28,Uniform random: direct M,16,64,16,16,17,17,0.002085781794719327,0,1.2239474754885404e-09
"F=28, p=1",28,1,28,Uniform random: direct M,32,64,32,32,33,33,0.0023537972363646964,0,1.8496137061188578e-09
"F=28, p=1",28,1,28,Uniform random: direct M,64,64,64,64,65,65,0.0023537972363646964,0,1.8496137061188578e-09
"F=28, p=1",28,1,28,Random ranked: QPU-valid-unique matched,537,537,4,4,5,5,0.0018419176276240068,0,9.873194761755855e-10
"F=28, p=1",28,1,28,Random ranked: QPU-valid-unique matched,537,537,8,8,9,9,0.0021119579054071982,0,3.5357069494423854e-09
"F=28, p=1",28,1,28,Random ranked: QPU-valid-unique matched,537,537,16,16,17,17,0.0022227792681307687,0,2.9917633481701955e-08
"F=28, p=1",28,1,28,Random ranked: QPU-valid-unique matched,537,537,32,32,33,33,0.0022227792681307687,0,2.9917633481701955e-08
"F=28, p=1",28,1,28,Random ranked: QPU-valid-unique matched,537,537,64,64,65,64,0.0023515284060785027,0,3.384734970079961e-08
"F=28, p=1",28,1,28,Random ranked: QPU-raw-draw matched,8192,8192,4,4,5,5,0.001762631446227944,0,4.563968342141678e-08
"F=28, p=1",28,1,28,Random ranked: QPU-raw-draw matched,8192,8192,8,8,9,9,0.002122241429512721,0,1.3033956025587656e-08
"F=28, p=1",28,1,28,Random ranked: QPU-raw-draw matched,8192,8192,16,16,17,17,0.002122241429512721,0,1.3033956025587656e-08
"F=28, p=1",28,1,28,Random ranked: QPU-raw-draw matched,8192,8192,32,32,33,33,0.002122241429512721,0,1.3033956025587656e-08
"F=28, p=1",28,1,28,Random ranked: QPU-raw-draw matched,8192,8192,64,64,65,65,0.002156174893468789,0,2.6837842226345998e-08
"F=28, p=1",28,1,29,Uniform random: direct M,4,64,4,4,5,5,0.001794978806258743,0,2.2715735403799897e-09
"F=28, p=1",28,1,29,Uniform random: direct M,8,64,8,8,9,9,0.002214478347818738,0,7.042763483511294e-09
"F=28, p=1",28,1,29,Uniform random: direct M,16,64,16,16,17,17,0.0025691326780272403,0,3.41528760827714e-09
"F=28, p=1",28,1,29,Uniform random: direct M,32,64,32,32,33,33,0.0025691326780272403,0,3.41528760827714e-09
"F=28, p=1",28,1,29,Uniform random: direct M,64,64,64,64,65,64,0.0025691326780272403,0,3.41528760827714e-09
"F=28, p=1",28,1,29,Random ranked: QPU-valid-unique matched,532,532,4,4,5,5,0.0019688925546244226,0,3.6712250794934675e-08
"F=28, p=1",28,1,29,Random ranked: QPU-valid-unique matched,532,532,8,8,9,9,0.0019688925546244226,0,3.6712250794934675e-08
"F=28, p=1",28,1,29,Random ranked: QPU-valid-unique matched,532,532,16,16,17,17,0.0022405404836315576,0,4.2726363891354424e-08
"F=28, p=1",28,1,29,Random ranked: QPU-valid-unique matched,532,532,32,32,33,33,0.0022405404836315576,0,4.2726363891354424e-08
"F=28, p=1",28,1,29,Random ranked: QPU-valid-unique matched,532,532,64,64,65,65,0.0022405404836315576,0,4.2726363891354424e-08
"F=28, p=1",28,1,29,Random ranked: QPU-raw-draw matched,8192,8192,4,4,5,5,0.002185464000572644,0,6.995525664299507e-08
"F=28, p=1",28,1,29,Random ranked: QPU-raw-draw matched,8192,8192,8,8,9,9,0.002185464000572644,0,6.995525664299507e-08
"F=28, p=1",28,1,29,Random ranked: QPU-raw-draw matched,8192,8192,16,16,17,17,0.002185464000572644,0,6.995525664299507e-08
"F=28, p=1",28,1,29,Random ranked: QPU-raw-draw matched,8192,8192,32,32,33,33,0.002185464000572644,0,6.995525664299507e-08
"F=28, p=1",28,1,29,Random ranked: QPU-raw-draw matched,8192,8192,64,64,65,65,0.002185464000572644,0,6.995525664299507e-08
"F=28, p=1",28,1,30,Uniform random: direct M,4,64,4,4,5,5,0.0019903047794417664,0,1.415410122440619e-09
"F=28, p=1",28,1,30,Uniform random: direct M,8,64,8,8,9,9,0.002200422606970419,0,1.2080223599220119e-08
"F=28, p=1",28,1,30,Uniform random: direct M,16,64,16,16,17,17,0.0023482381893798476,0,7.429153459082016e-09
"F=28, p=1",28,1,30,Uniform random: direct M,32,64,32,32,33,33,0.0023482381893798476,0,7.429153459082016e-09
"F=28, p=1",28,1,30,Uniform random: direct M,64,64,64,64,65,64,0.0023482381893798476,0,7.429153459082016e-09
"F=28, p=1",28,1,30,Random ranked: QPU-valid-unique matched,548,548,4,4,5,5,0.0017425491121005332,0,6.862912460547932e-10
"F=28, p=1",28,1,30,Random ranked: QPU-valid-unique matched,548,548,8,8,9,9,0.0021182300617323124,0,1.417208017606697e-09
"F=28, p=1",28,1,30,Random ranked: QPU-valid-unique matched,548,548,16,16,17,17,0.00230306409349465,0,1.2226344311971893e-09
"F=28, p=1",28,1,30,Random ranked: QPU-valid-unique matched,548,548,32,32,33,33,0.00230306409349465,0,1.2226344311971893e-09
"F=28, p=1",28,1,30,Random ranked: QPU-valid-unique matched,548,548,64,64,65,65,0.002330713759808603,0,4.31609352424811e-10
"F=28, p=1",28,1,30,Random ranked: QPU-raw-draw matched,8192,8190,4,4,5,5,0.0021423464047646557,0,1.8123827216776078e-08
"F=28, p=1",28,1,30,Random ranked: QPU-raw-draw matched,8192,8190,8,8,9,9,0.0021423464047646557,0,1.8123827216776078e-08
"F=28, p=1",28,1,30,Random ranked: QPU-raw-draw matched,8192,8190,16,16,17,17,0.0021423464047646557,0,1.8123827216776078e-08
"F=28, p=1",28,1,30,Random ranked: QPU-raw-draw matched,8192,8190,32,32,33,33,0.0021423464047646557,0,1.8123827216776078e-08
"F=28, p=1",28,1,30,Random ranked: QPU-raw-draw matched,8192,8190,64,64,65,65,0.0021423464047646557,0,1.8123827216776078e-08
"F=28, p=1",28,1,31,Uniform random: direct M,4,64,4,4,5,5,0.0020852978405268355,0,7.490474907001499e-10
"F=28, p=1",28,1,31,Uniform random: direct M,8,64,8,8,9,9,0.002144730969994166,0,1.0684688203643766e-09
"F=28, p=1",28,1,31,Uniform random: direct M,16,64,16,16,17,17,0.002144730969994166,0,1.0684688203643766e-09
"F=28, p=1",28,1,31,Uniform random: direct M,32,64,32,32,33,33,0.002375986634869383,0,2.5947653581326335e-08
"F=28, p=1",28,1,31,Uniform random: direct M,64,64,64,64,65,65,0.002453313506286678,0,2.1916432002555553e-08
"F=28, p=1",28,1,31,Random ranked: QPU-valid-unique matched,537,537,4,4,5,5,0.002067062935118595,0,1.0936009209316921e-08
"F=28, p=1",28,1,31,Random ranked: QPU-valid-unique matched,537,537,8,8,9,9,0.002067062935118595,0,1.0936009209316921e-08
"F=28, p=1",28,1,31,Random ranked: QPU-valid-unique matched,537,537,16,16,17,17,0.0022002650785784214,0,1.8636401810656622e-08
"F=28, p=1",28,1,31,Random ranked: QPU-valid-unique matched,537,537,32,32,33,33,0.002334067244963378,0,2.327177583971718e-08
"F=28, p=1",28,1,31,Random ranked: QPU-valid-unique matched,537,537,64,64,65,65,0.002334067244963378,0,2.327177583971718e-08
"F=28, p=1",28,1,31,Random ranked: QPU-raw-draw matched,8192,8192,4,4,5,5,0.002029915976554428,0,2.086322714589528e-08
"F=28, p=1",28,1,31,Random ranked: QPU-raw-draw matched,8192,8192,8,8,9,9,0.002030713705448932,0,1.4673659398667382e-08
"F=28, p=1",28,1,31,Random ranked: QPU-raw-draw matched,8192,8192,16,16,17,17,0.002101440077819358,0,8.5889891310309e-09
"F=28, p=1",28,1,31,Random ranked: QPU-raw-draw matched,8192,8192,32,32,33,33,0.002101440077819358,0,8.5889891310309e-09
"F=28, p=1",28,1,31,Random ranked: QPU-raw-draw matched,8192,8192,64,64,65,65,0.002108863064209529,0,3.77832937159539e-08
"F=28, p=1",28,1,32,Uniform random: direct M,4,64,4,4,5,5,0.002203232887756673,0,6.869110169560599e-09
"F=28, p=1",28,1,32,Uniform random: direct M,8,64,8,8,9,9,0.002203232887756673,0,6.869110169560599e-09
"F=28, p=1",28,1,32,Uniform random: direct M,16,64,16,16,17,17,0.002203232887756673,0,6.869110169560599e-09
"F=28, p=1",28,1,32,Uniform random: direct M,32,64,32,32,33,33,0.002203232887756673,0,6.869110169560599e-09
"F=28, p=1",28,1,32,Uniform random: direct M,64,64,64,64,65,65,0.0022294042774868156,0,1.5120424801118304e-08
"F=28, p=1",28,1,32,Random ranked: QPU-valid-unique matched,532,532,4,4,5,5,0.0018746903198936377,0,5.884315812387797e-10
"F=28, p=1",28,1,32,Random ranked: QPU-valid-unique matched,532,532,8,8,9,9,0.002045829124327825,0,3.381171370664404e-08
"F=28, p=1",28,1,32,Random ranked: QPU-valid-unique matched,532,532,16,16,17,17,0.002096711804484848,0,1.4740440312799308e-08
"F=28, p=1",28,1,32,Random ranked: QPU-valid-unique matched,532,532,32,32,33,33,0.0022190859341533684,0,2.7983496631023286e-08
"F=28, p=1",28,1,32,Random ranked: QPU-valid-unique matched,532,532,64,64,65,65,0.0023871569802825093,0,2.8639105087435723e-08
"F=28, p=1",28,1,32,Random ranked: QPU-raw-draw matched,8192,8192,4,4,5,5,0.002254890414926679,0,2.3158862161309912e-08
"F=28, p=1",28,1,32,Random ranked: QPU-raw-draw matched,8192,8192,8,8,9,9,0.002254890414926679,0,2.3158862161309912e-08
"F=28, p=1",28,1,32,Random ranked: QPU-raw-draw matched,8192,8192,16,16,17,17,0.002254890414926679,0,2.3158862161309912e-08
"F=28, p=1",28,1,32,Random ranked: QPU-raw-draw matched,8192,8192,32,32,33,33,0.002254890414926679,0,2.3158862161309912e-08
"F=28, p=1",28,1,32,Random ranked: QPU-raw-draw matched,8192,8192,64,64,65,65,0.002254890414926679,0,2.3158862161309912e-08
"F=28, p=1",28,1,33,Uniform random: direct M,4,64,4,4,5,5,0.0022634883584707957,0,2.0676851203438318e-10
"F=28, p=1",28,1,33,Uniform random: direct M,8,64,8,8,9,9,0.0022634883584707957,0,2.0676851203438318e-10
"F=28, p=1",28,1,33,Uniform random: direct M,16,64,16,16,17,17,0.0022634883584707957,0,2.0676851203438318e-10
"F=28, p=1",28,1,33,Uniform random: direct M,32,64,32,32,33,32,0.0022634883584707957,0,2.0676851203438318e-10
"F=28, p=1",28,1,33,Uniform random: direct M,64,64,64,64,65,64,0.0022634883584707957,0,2.0676851203438318e-10
"F=28, p=1",28,1,33,Random ranked: QPU-valid-unique matched,548,548,4,4,5,5,0.0019459116998586864,0,2.0648294185576788e-10
"F=28, p=1",28,1,33,Random ranked: QPU-valid-unique matched,548,548,8,8,9,9,0.0019953384148929734,0,3.261006686905432e-09
"F=28, p=1",28,1,33,Random ranked: QPU-valid-unique matched,548,548,16,16,17,17,0.002147597375564775,0,4.111876283907634e-09
"F=28, p=1",28,1,33,Random ranked: QPU-valid-unique matched,548,548,32,32,33,33,0.0021621305048555098,0,7.230117962664373e-10
"F=28, p=1",28,1,33,Random ranked: QPU-valid-unique matched,548,548,64,64,65,65,0.0021718852405341257,0,2.4250640273670854e-08
"F=28, p=1",28,1,33,Random ranked: QPU-raw-draw matched,8192,8191,4,4,5,5,0.0021151915050025213,0,2.615623620472185e-10
"F=28, p=1",28,1,33,Random ranked: QPU-raw-draw matched,8192,8191,8,8,9,9,0.0021151915050025213,0,2.615623620472185e-10
"F=28, p=1",28,1,33,Random ranked: QPU-raw-draw matched,8192,8191,16,16,17,17,0.002160741184355608,0,1.6757534596067991e-09
"F=28, p=1",28,1,33,Random ranked: QPU-raw-draw matched,8192,8191,32,32,33,33,0.0021717876277388276,0,1.2992402209643927e-08
"F=28, p=1",28,1,33,Random ranked: QPU-raw-draw matched,8192,8191,64,64,65,65,0.0021717876277388276,0,1.2992402209643927e-08
"F=28, p=1",28,1,34,Uniform random: direct M,4,64,4,4,5,5,0.001762083034339279,0,6.63156141111898e-09
"F=28, p=1",28,1,34,Uniform random: direct M,8,64,8,8,9,9,0.0019216301695572924,0,5.9851241324127e-10
"F=28, p=1",28,1,34,Uniform random: direct M,16,64,16,16,17,17,0.0019216301695572924,0,5.9851241324127e-10
"F=28, p=1",28,1,34,Uniform random: direct M,32,64,32,32,33,32,0.002107992809484406,0,1.6077046915974336e-09
"F=28, p=1",28,1,34,Uniform random: direct M,64,64,64,64,65,64,0.002107992809484406,0,1.6077046915974336e-09
"F=28, p=1",28,1,34,Random ranked: QPU-valid-unique matched,537,537,4,4,5,5,0.0019153185887630653,0,1.0581916454199813e-09
"F=28, p=1",28,1,34,Random ranked: QPU-valid-unique matched,537,537,8,8,9,9,0.0019153185887630653,0,1.0581916454199813e-09
"F=28, p=1",28,1,34,Random ranked: QPU-valid-unique matched,537,537,16,16,17,17,0.002021268476989385,0,1.0178416776085442e-08
"F=28, p=1",28,1,34,Random ranked: QPU-valid-unique matched,537,537,32,32,33,33,0.002219963925730553,0,6.542886465954467e-08
"F=28, p=1",28,1,34,Random ranked: QPU-valid-unique matched,537,537,64,64,65,65,0.002219963925730553,0,6.542886465954467e-08
"F=28, p=1",28,1,34,Random ranked: QPU-raw-draw matched,8192,8191,4,4,5,5,0.002206770117763636,0,1.651907088895399e-08
"F=28, p=1",28,1,34,Random ranked: QPU-raw-draw matched,8192,8191,8,8,9,9,0.002206770117763636,0,1.651907088895399e-08
"F=28, p=1",28,1,34,Random ranked: QPU-raw-draw matched,8192,8191,16,16,17,17,0.002206770117763636,0,1.651907088895399e-08
"F=28, p=1",28,1,34,Random ranked: QPU-raw-draw matched,8192,8191,32,32,33,33,0.002206770117763636,0,1.651907088895399e-08
"F=28, p=1",28,1,34,Random ranked: QPU-raw-draw matched,8192,8191,64,64,65,65,0.002206770117763636,0,1.651907088895399e-08
"F=28, p=1",28,1,35,Uniform random: direct M,4,64,4,4,5,5,0.0021504341370345292,0,1.4632273948045338e-08
"F=28, p=1",28,1,35,Uniform random: direct M,8,64,8,8,9,9,0.0021504341370345292,0,1.4632273948045338e-08
"F=28, p=1",28,1,35,Uniform random: direct M,16,64,16,16,17,17,0.0021504341370345292,0,1.4632273948045338e-08
"F=28, p=1",28,1,35,Uniform random: direct M,32,64,32,32,33,33,0.002205577227432462,0,1.0187036547648631e-08
"F=28, p=1",28,1,35,Uniform random: direct M,64,64,64,64,65,65,0.002266670427669877,0,1.2035661411946563e-08
"F=28, p=1",28,1,35,Random ranked: QPU-valid-unique matched,532,532,4,4,5,5,0.001953687894649142,0,4.838889622327258e-09
"F=28, p=1",28,1,35,Random ranked: QPU-valid-unique matched,532,532,8,8,9,9,0.0020776044869555838,0,1.8463666359713748e-09
"F=28, p=1",28,1,35,Random ranked: QPU-valid-unique matched,532,532,16,16,17,17,0.0020776044869555838,0,1.8463666359713748e-09
"F=28, p=1",28,1,35,Random ranked: QPU-valid-unique matched,532,532,32,32,33,33,0.0020776044869555838,0,1.8463666359713748e-09
"F=28, p=1",28,1,35,Random ranked: QPU-valid-unique matched,532,532,64,64,65,65,0.0023081848546103734,0,1.9445821619612502e-09
"F=28, p=1",28,1,35,Random ranked: QPU-raw-draw matched,8192,8191,4,4,5,5,0.0021451624443808923,0,3.608336412996849e-08
"F=28, p=1",28,1,35,Random ranked: QPU-raw-draw matched,8192,8191,8,8,9,9,0.0021451624443808923,0,3.608336412996849e-08
"F=28, p=1",28,1,35,Random ranked: QPU-raw-draw matched,8192,8191,16,16,17,17,0.0021451624443808923,0,3.608336412996849e-08
"F=28, p=1",28,1,35,Random ranked: QPU-raw-draw matched,8192,8191,32,32,33,33,0.0021451624443808923,0,3.608336412996849e-08
"F=28, p=1",28,1,35,Random ranked: QPU-raw-draw matched,8192,8191,64,64,65,65,0.0021451624443808923,0,3.608336412996849e-08
"F=28, p=1",28,1,36,Uniform random: direct M,4,64,4,4,5,5,0.002205972506157436,0,3.299121775768299e-08
"F=28, p=1",28,1,36,Uniform random: direct M,8,64,8,8,9,9,0.002205972506157436,0,3.299121775768299e-08
"F=28, p=1",28,1,36,Uniform random: direct M,16,64,16,16,17,17,0.002205972506157436,0,3.299121775768299e-08
"F=28, p=1",28,1,36,Uniform random: direct M,32,64,32,32,33,33,0.00239276429430485,0,5.078115705714481e-09
"F=28, p=1",28,1,36,Uniform random: direct M,64,64,64,64,65,65,0.00239276429430485,0,5.078115705714481e-09
"F=28, p=1",28,1,36,Random ranked: QPU-valid-unique matched,548,548,4,4,5,5,0.002197380741308458,0,1.0360274305121209e-09
"F=28, p=1",28,1,36,Random ranked: QPU-valid-unique matched,548,548,8,8,9,9,0.002197380741308458,0,1.0360274305121209e-09
"F=28, p=1",28,1,36,Random ranked: QPU-valid-unique matched,548,548,16,16,17,17,0.002232921868046571,0,8.473254042851153e-09
"F=28, p=1",28,1,36,Random ranked: QPU-valid-unique matched,548,548,32,32,33,33,0.002232921868046571,0,8.473254042851153e-09
"F=28, p=1",28,1,36,Random ranked: QPU-valid-unique matched,548,548,64,64,65,65,0.002232921868046571,0,8.473254042851153e-09
"F=28, p=1",28,1,36,Random ranked: QPU-raw-draw matched,8192,8191,4,4,5,5,0.00180600672587318,0,2.089393225102043e-08
"F=28, p=1",28,1,36,Random ranked: QPU-raw-draw matched,8192,8191,8,8,9,9,0.002122697004933047,0,1.3287017486263153e-08
"F=28, p=1",28,1,36,Random ranked: QPU-raw-draw matched,8192,8191,16,16,17,17,0.0022708402270239514,0,2.925810460574496e-08
"F=28, p=1",28,1,36,Random ranked: QPU-raw-draw matched,8192,8191,32,32,33,33,0.0022708402270239514,0,2.925810460574496e-08
"F=28, p=1",28,1,36,Random ranked: QPU-raw-draw matched,8192,8191,64,64,65,65,0.0022708402270239514,0,2.925810460574496e-08
"F=28, p=1",28,1,37,Uniform random: direct M,4,64,4,4,5,5,0.002066199044085275,0,1.1875215866208322e-08
"F=28, p=1",28,1,37,Uniform random: direct M,8,64,8,8,9,9,0.002066199044085275,0,1.1875215866208322e-08
"F=28, p=1",28,1,37,Uniform random: direct M,16,64,16,16,17,17,0.002066199044085275,0,1.1875215866208322e-08
"F=28, p=1",28,1,37,Uniform random: direct M,32,64,32,32,33,33,0.002066199044085275,0,1.1875215866208322e-08
"F=28, p=1",28,1,37,Uniform random: direct M,64,64,64,64,65,65,0.0021034147778693363,0,1.4215691623853388e-08
"F=28, p=1",28,1,37,Random ranked: QPU-valid-unique matched,537,537,4,4,5,5,0.001943603995566201,0,3.4860260789137953e-09
"F=28, p=1",28,1,37,Random ranked: QPU-valid-unique matched,537,537,8,8,9,9,0.001943603995566201,0,3.4860260789137953e-09
"F=28, p=1",28,1,37,Random ranked: QPU-valid-unique matched,537,537,16,16,17,17,0.002195165651188269,0,4.3792791615260285e-10
"F=28, p=1",28,1,37,Random ranked: QPU-valid-unique matched,537,537,32,32,33,33,0.002513334255896206,0,7.326131021279103e-10
"F=28, p=1",28,1,37,Random ranked: QPU-valid-unique matched,537,537,64,64,65,65,0.002513334255896206,0,7.326131021279103e-10
"F=28, p=1",28,1,37,Random ranked: QPU-raw-draw matched,8192,8192,4,4,5,5,0.002211538772395487,0,9.006170142988879e-09
"F=28, p=1",28,1,37,Random ranked: QPU-raw-draw matched,8192,8192,8,8,9,9,0.002211538772395487,0,9.006170142988879e-09
"F=28, p=1",28,1,37,Random ranked: QPU-raw-draw matched,8192,8192,16,16,17,17,0.002211538772395487,0,9.006170142988879e-09
"F=28, p=1",28,1,37,Random ranked: QPU-raw-draw matched,8192,8192,32,32,33,33,0.002211538772395487,0,9.006170142988879e-09
"F=28, p=1",28,1,37,Random ranked: QPU-raw-draw matched,8192,8192,64,64,65,65,0.002211538772395487,0,9.006170142988879e-09
"F=28, p=1",28,1,38,Uniform random: direct M,4,64,4,4,5,5,0.0016254495786214782,0,1.5613650927726042e-09
"F=28, p=1",28,1,38,Uniform random: direct M,8,64,8,8,9,9,0.0017764788644441254,0,5.188618701357228e-09
"F=28, p=1",28,1,38,Uniform random: direct M,16,64,16,16,17,17,0.0021495076376566308,0,1.3504710127953956e-09
"F=28, p=1",28,1,38,Uniform random: direct M,32,64,32,32,33,33,0.0021495076376566308,0,1.3504710127953956e-09
"F=28, p=1",28,1,38,Uniform random: direct M,64,64,64,64,65,65,0.0022324368263570912,0,1.666052473758839e-08
"F=28, p=1",28,1,38,Random ranked: QPU-valid-unique matched,532,532,4,4,5,5,0.002207447495144191,0,5.72472132198687e-10
"F=28, p=1",28,1,38,Random ranked: QPU-valid-unique matched,532,532,8,8,9,9,0.002207447495144191,0,5.72472132198687e-10
"F=28, p=1",28,1,38,Random ranked: QPU-valid-unique matched,532,532,16,16,17,17,0.002207447495144191,0,5.72472132198687e-10
"F=28, p=1",28,1,38,Random ranked: QPU-valid-unique matched,532,532,32,32,33,33,0.0023273047915977063,0,3.715981200524965e-08
"F=28, p=1",28,1,38,Random ranked: QPU-valid-unique matched,532,532,64,64,65,65,0.0023273047915977063,0,3.715981200524965e-08
"F=28, p=1",28,1,38,Random ranked: QPU-raw-draw matched,8192,8192,4,4,5,5,0.0021267739024650387,0,1.622965450920333e-08
"F=28, p=1",28,1,38,Random ranked: QPU-raw-draw matched,8192,8192,8,8,9,9,0.0021267739024650387,0,1.622965450920333e-08
"F=28, p=1",28,1,38,Random ranked: QPU-raw-draw matched,8192,8192,16,16,17,17,0.00220458559080057,0,9.585919323942815e-10
"F=28, p=1",28,1,38,Random ranked: QPU-raw-draw matched,8192,8192,32,32,33,33,0.00220458559080057,0,9.585919323942815e-10
"F=28, p=1",28,1,38,Random ranked: QPU-raw-draw matched,8192,8192,64,64,65,65,0.00220458559080057,0,9.585919323942815e-10
"F=28, p=1",28,1,39,Uniform random: direct M,4,64,4,4,5,5,0.0016121369160313134,0,4.593515229647793e-10
"F=28, p=1",28,1,39,Uniform random: direct M,8,64,8,8,9,9,0.0017524268648704197,0,2.26844014683536e-08
"F=28, p=1",28,1,39,Uniform random: direct M,16,64,16,16,17,17,0.002229609870079037,0,3.189017661053839e-08
"F=28, p=1",28,1,39,Uniform random: direct M,32,64,32,32,33,33,0.002229609870079037,0,3.189017661053839e-08
"F=28, p=1",28,1,39,Uniform random: direct M,64,64,64,64,65,65,0.002409087466796911,0,3.008049620500941e-08
"F=28, p=1",28,1,39,Random ranked: QPU-valid-unique matched,548,548,4,4,5,5,0.0021686429322900005,0,4.8921744100205444e-08
"F=28, p=1",28,1,39,Random ranked: QPU-valid-unique matched,548,548,8,8,9,9,0.0021686429322900005,0,4.8921744100205444e-08
"F=28, p=1",28,1,39,Random ranked: QPU-valid-unique matched,548,548,16,16,17,17,0.0021686429322900005,0,4.8921744100205444e-08
"F=28, p=1",28,1,39,Random ranked: QPU-valid-unique matched,548,548,32,32,33,33,0.0021686429322900005,0,4.8921744100205444e-08
"F=28, p=1",28,1,39,Random ranked: QPU-valid-unique matched,548,548,64,64,65,65,0.0021686429322900005,0,4.8921744100205444e-08
"F=28, p=1",28,1,39,Random ranked: QPU-raw-draw matched,8192,8191,4,4,5,5,0.0020530838250623004,0,3.513261104259868e-08
"F=28, p=1",28,1,39,Random ranked: QPU-raw-draw matched,8192,8191,8,8,9,9,0.002117184176421448,0,4.4905112961401983e-10
"F=28, p=1",28,1,39,Random ranked: QPU-raw-draw matched,8192,8191,16,16,17,17,0.00213187049909265,0,3.836111217569993e-08
"F=28, p=1",28,1,39,Random ranked: QPU-raw-draw matched,8192,8191,32,32,33,33,0.002313091658990969,0,3.106820056775206e-08
"F=28, p=1",28,1,39,Random ranked: QPU-raw-draw matched,8192,8191,64,64,65,65,0.002313091658990969,0,3.106820056775206e-08
"F=28, p=1",28,1,40,Uniform random: direct M,4,64,4,4,5,5,0.0019771602988127163,0,1.240102069643978e-09
"F=28, p=1",28,1,40,Uniform random: direct M,8,64,8,8,9,9,0.002035301023820525,0,1.0812142181571005e-08
"F=28, p=1",28,1,40,Uniform random: direct M,16,64,16,16,17,17,0.002035301023820525,0,1.0812142181571005e-08
"F=28, p=1",28,1,40,Uniform random: direct M,32,64,32,32,33,33,0.0021072152915341674,0,1.0756395843469768e-09
"F=28, p=1",28,1,40,Uniform random: direct M,64,64,64,64,65,65,0.0021821134709973725,0,2.5031272443687413e-08
"F=28, p=1",28,1,40,Random ranked: QPU-valid-unique matched,537,537,4,4,5,5,0.001965892371674237,0,2.3792300019032098e-08
"F=28, p=1",28,1,40,Random ranked: QPU-valid-unique matched,537,537,8,8,9,9,0.001965892371674237,0,2.3792300019032098e-08
"F=28, p=1",28,1,40,Random ranked: QPU-valid-unique matched,537,537,16,16,17,17,0.002143737382649613,0,2.8918654693121937e-09
"F=28, p=1",28,1,40,Random ranked: QPU-valid-unique matched,537,537,32,32,33,33,0.002143737382649613,0,2.8918654693121937e-09
"F=28, p=1",28,1,40,Random ranked: QPU-valid-unique matched,537,537,64,64,65,64,0.002143737382649613,0,2.8918654693121937e-09
"F=28, p=1",28,1,40,Random ranked: QPU-raw-draw matched,8192,8190,4,4,5,5,0.0018601666826457697,0,2.810192678559531e-08
"F=28, p=1",28,1,40,Random ranked: QPU-raw-draw matched,8192,8190,8,8,9,9,0.0022336226479453755,0,7.760147302526832e-09
"F=28, p=1",28,1,40,Random ranked: QPU-raw-draw matched,8192,8190,16,16,17,17,0.0022336226479453755,0,7.760147302526832e-09
"F=28, p=1",28,1,40,Random ranked: QPU-raw-draw matched,8192,8190,32,32,33,33,0.0022336226479453755,0,7.760147302526832e-09
"F=28, p=1",28,1,40,Random ranked: QPU-raw-draw matched,8192,8190,64,64,65,65,0.002307313425601455,0,1.9819697327783103e-08
"F=28, p=1",28,1,41,Uniform random: direct M,4,64,4,4,5,5,0.0018348402610467857,0,4.549196924719112e-08
"F=28, p=1",28,1,41,Uniform random: direct M,8,64,8,8,9,9,0.002064120075995407,0,2.3802382620452534e-08
"F=28, p=1",28,1,41,Uniform random: direct M,16,64,16,16,17,17,0.002107565845781069,0,1.522481868354575e-08
"F=28, p=1",28,1,41,Uniform random: direct M,32,64,32,32,33,33,0.002107565845781069,0,1.522481868354575e-08
"F=28, p=1",28,1,41,Uniform random: direct M,64,64,64,64,65,65,0.002150390095778776,0,1.7689771314444158e-08
"F=28, p=1",28,1,41,Random ranked: QPU-valid-unique matched,532,532,4,4,5,5,0.002110506194819707,0,1.6763688881482608e-08
"F=28, p=1",28,1,41,Random ranked: QPU-valid-unique matched,532,532,8,8,9,9,0.002110506194819707,0,1.6763688881482608e-08
"F=28, p=1",28,1,41,Random ranked: QPU-valid-unique matched,532,532,16,16,17,17,0.002110506194819707,0,1.6763688881482608e-08
"F=28, p=1",28,1,41,Random ranked: QPU-valid-unique matched,532,532,32,32,33,33,0.002236954584173577,0,1.6635842259304923e-08
"F=28, p=1",28,1,41,Random ranked: QPU-valid-unique matched,532,532,64,64,65,64,0.002236954584173577,0,1.6635842259304923e-08
"F=28, p=1",28,1,41,Random ranked: QPU-raw-draw matched,8192,8192,4,4,5,5,0.002004184714551646,0,1.5213751369813622e-08
"F=28, p=1",28,1,41,Random ranked: QPU-raw-draw matched,8192,8192,8,8,9,9,0.002004184714551646,0,1.5213751369813622e-08
"F=28, p=1",28,1,41,Random ranked: QPU-raw-draw matched,8192,8192,16,16,17,17,0.0022317296116923027,0,1.791719861365948e-08
"F=28, p=1",28,1,41,Random ranked: QPU-raw-draw matched,8192,8192,32,32,33,33,0.0022317296116923027,0,1.791719861365948e-08
"F=28, p=1",28,1,41,Random ranked: QPU-raw-draw matched,8192,8192,64,64,65,65,0.0022317296116923027,0,1.791719861365948e-08
"F=28, p=1",28,1,42,Uniform random: direct M,4,64,4,4,5,5,0.001829437842420699,0,6.612660530258552e-09
"F=28, p=1",28,1,42,Uniform random: direct M,8,64,8,8,9,9,0.0018491080024191364,0,4.3901527552181463e-10
"F=28, p=1",28,1,42,Uniform random: direct M,16,64,16,16,17,17,0.0023287701285912635,0,2.691071393501332e-10
"F=28, p=1",28,1,42,Uniform random: direct M,32,64,32,32,33,33,0.0024600262519257204,0,4.172180012584903e-08
"F=28, p=1",28,1,42,Uniform random: direct M,64,64,64,64,65,65,0.0024600262519257204,0,4.172180012584903e-08
"F=28, p=1",28,1,42,Random ranked: QPU-valid-unique matched,548,548,4,4,5,5,0.001880208770730793,0,2.782845842652648e-09
"F=28, p=1",28,1,42,Random ranked: QPU-valid-unique matched,548,548,8,8,9,9,0.002274293047235483,0,3.4278689886590996e-08
"F=28, p=1",28,1,42,Random ranked: QPU-valid-unique matched,548,548,16,16,17,17,0.002274293047235483,0,3.4278689886590996e-08
"F=28, p=1",28,1,42,Random ranked: QPU-valid-unique matched,548,548,32,32,33,33,0.002351447743550797,0,2.995977588238219e-08
"F=28, p=1",28,1,42,Random ranked: QPU-valid-unique matched,548,548,64,64,65,65,0.002351447743550797,0,2.995977588238219e-08
"F=28, p=1",28,1,42,Random ranked: QPU-raw-draw matched,8192,8192,4,4,5,5,0.0019577570493143417,0,1.8069204127738048e-09
"F=28, p=1",28,1,42,Random ranked: QPU-raw-draw matched,8192,8192,8,8,9,9,0.002039049922802884,0,3.116048008511285e-08
"F=28, p=1",28,1,42,Random ranked: QPU-raw-draw matched,8192,8192,16,16,17,17,0.002039049922802884,0,3.116048008511285e-08
"F=28, p=1",28,1,42,Random ranked: QPU-raw-draw matched,8192,8192,32,32,33,33,0.002039049922802884,0,3.116048008511285e-08
"F=28, p=1",28,1,42,Random ranked: QPU-raw-draw matched,8192,8192,64,64,65,65,0.002039049922802884,0,3.116048008511285e-08
"F=28, p=1",28,1,43,Uniform random: direct M,4,64,4,4,5,5,0.0017560067909531685,0,2.7768282895301866e-08
"F=28, p=1",28,1,43,Uniform random: direct M,8,64,8,8,9,9,0.002060674671763796,0,3.0338165313281706e-09
"F=28, p=1",28,1,43,Uniform random: direct M,16,64,16,16,17,17,0.002161617715188066,0,1.1315157810720677e-08
"F=28, p=1",28,1,43,Uniform random: direct M,32,64,32,32,33,33,0.002321436203815884,0,4.2075419814935344e-08
"F=28, p=1",28,1,43,Uniform random: direct M,64,64,64,64,65,65,0.002321436203815884,0,4.2075419814935344e-08
"F=28, p=1",28,1,43,Random ranked: QPU-valid-unique matched,537,537,4,4,5,5,0.0018296626974807703,0,3.014948291024666e-10
"F=28, p=1",28,1,43,Random ranked: QPU-valid-unique matched,537,537,8,8,9,9,0.002326519042403344,0,1.620106537814081e-08
"F=28, p=1",28,1,43,Random ranked: QPU-valid-unique matched,537,537,16,16,17,17,0.002326519042403344,0,1.620106537814081e-08
"F=28, p=1",28,1,43,Random ranked: QPU-valid-unique matched,537,537,32,32,33,33,0.002326519042403344,0,1.620106537814081e-08
"F=28, p=1",28,1,43,Random ranked: QPU-valid-unique matched,537,537,64,64,65,64,0.002462377420162816,0,1.1344419792447269e-08
"F=28, p=1",28,1,43,Random ranked: QPU-raw-draw matched,8192,8192,4,4,5,5,0.0019415041183160273,0,1.1351720119456843e-09
"F=28, p=1",28,1,43,Random ranked: QPU-raw-draw matched,8192,8192,8,8,9,9,0.0019449751572948454,0,3.741197229789606e-08
"F=28, p=1",28,1,43,Random ranked: QPU-raw-draw matched,8192,8192,16,16,17,17,0.0019688925546244226,0,3.6712250794934675e-08
"F=28, p=1",28,1,43,Random ranked: QPU-raw-draw matched,8192,8192,32,32,33,33,0.002376057267913699,0,3.1268379774296307e-08
"F=28, p=1",28,1,43,Random ranked: QPU-raw-draw matched,8192,8192,64,64,65,65,0.002376057267913699,0,3.1268379774296307e-08
"F=28, p=1",28,1,44,Uniform random: direct M,4,64,4,4,5,5,0.002393689388213452,0,8.02266954258446e-10
"F=28, p=1",28,1,44,Uniform random: direct M,8,64,8,8,9,9,0.002393689388213452,0,8.02266954258446e-10
"F=28, p=1",28,1,44,Uniform random: direct M,16,64,16,16,17,17,0.002393689388213452,0,8.02266954258446e-10
"F=28, p=1",28,1,44,Uniform random: direct M,32,64,32,32,33,33,0.002393689388213452,0,8.02266954258446e-10
"F=28, p=1",28,1,44,Uniform random: direct M,64,64,64,64,65,65,0.002393689388213452,0,8.02266954258446e-10
"F=28, p=1",28,1,44,Random ranked: QPU-valid-unique matched,532,532,4,4,5,5,0.002089154816553869,0,2.7899057952751605e-08
"F=28, p=1",28,1,44,Random ranked: QPU-valid-unique matched,532,532,8,8,9,9,0.002089154816553869,0,2.7899057952751605e-08
"F=28, p=1",28,1,44,Random ranked: QPU-valid-unique matched,532,532,16,16,17,17,0.0022289051962731676,0,1.8454320224736698e-09
"F=28, p=1",28,1,44,Random ranked: QPU-valid-unique matched,532,532,32,32,33,33,0.0022334806651484393,0,1.7752394443348862e-08
"F=28, p=1",28,1,44,Random ranked: QPU-valid-unique matched,532,532,64,64,65,65,0.0022334806651484393,0,1.7752394443348862e-08
"F=28, p=1",28,1,44,Random ranked: QPU-raw-draw matched,8192,8190,4,4,5,5,0.002106166400028135,0,5.591660173775992e-08
"F=28, p=1",28,1,44,Random ranked: QPU-raw-draw matched,8192,8190,8,8,9,9,0.002106166400028135,0,5.591660173775992e-08
"F=28, p=1",28,1,44,Random ranked: QPU-raw-draw matched,8192,8190,16,16,17,17,0.0023197284398286805,0,1.6975380490169556e-08
"F=28, p=1",28,1,44,Random ranked: QPU-raw-draw matched,8192,8190,32,32,33,33,0.0023197284398286805,0,1.6975380490169556e-08
"F=28, p=1",28,1,44,Random ranked: QPU-raw-draw matched,8192,8190,64,64,65,65,0.0023197284398286805,0,1.6975380490169556e-08
"F=28, p=1",28,1,45,Uniform random: direct M,4,64,4,4,5,5,0.0021705222828444642,0,2.679923699622222e-08
"F=28, p=1",28,1,45,Uniform random: direct M,8,64,8,8,9,9,0.002210337848843426,0,2.5453127938668274e-08
"F=28, p=1",28,1,45,Uniform random: direct M,16,64,16,16,17,17,0.002210337848843426,0,2.5453127938668274e-08
"F=28, p=1",28,1,45,Uniform random: direct M,32,64,32,32,33,33,0.002210337848843426,0,2.5453127938668274e-08
"F=28, p=1",28,1,45,Uniform random: direct M,64,64,64,64,65,65,0.0023818513981828104,0,4.010531795550776e-09
"F=28, p=1",28,1,45,Random ranked: QPU-valid-unique matched,548,548,4,4,5,5,0.0019971968330870574,0,1.2718347555673581e-09
"F=28, p=1",28,1,45,Random ranked: QPU-valid-unique matched,548,548,8,8,9,9,0.0019971968330870574,0,1.2718347555673581e-09
"F=28, p=1",28,1,45,Random ranked: QPU-valid-unique matched,548,548,16,16,17,17,0.002241914153761765,0,1.5786259632832866e-08
"F=28, p=1",28,1,45,Random ranked: QPU-valid-unique matched,548,548,32,32,33,33,0.002241914153761765,0,1.5786259632832866e-08
"F=28, p=1",28,1,45,Random ranked: QPU-valid-unique matched,548,548,64,64,65,65,0.002329952120301494,0,3.3584428682509326e-08
"F=28, p=1",28,1,45,Random ranked: QPU-raw-draw matched,8192,8192,4,4,5,5,0.0019345497052254065,0,1.6390607204819219e-09
"F=28, p=1",28,1,45,Random ranked: QPU-raw-draw matched,8192,8192,8,8,9,9,0.002067062935118595,0,1.0936009209316921e-08
"F=28, p=1",28,1,45,Random ranked: QPU-raw-draw matched,8192,8192,16,16,17,17,0.002133853218260935,0,1.2563794227204994e-08
"F=28, p=1",28,1,45,Random ranked: QPU-raw-draw matched,8192,8192,32,32,33,33,0.002133853218260935,0,1.2563794227204994e-08
"F=28, p=1",28,1,45,Random ranked: QPU-raw-draw matched,8192,8192,64,64,65,65,0.002133853218260935,0,1.2563794227204994e-08
"F=28, p=1",28,1,46,Uniform random: direct M,4,64,4,4,5,5,0.0019837626357044683,0,3.4669957960087316e-08
"F=28, p=1",28,1,46,Uniform random: direct M,8,64,8,8,9,9,0.0019837626357044683,0,3.4669957960087316e-08
"F=28, p=1",28,1,46,Uniform random: direct M,16,64,16,16,17,17,0.00215488169062069,0,2.1688024653965243e-08
"F=28, p=1",28,1,46,Uniform random: direct M,32,64,32,32,33,33,0.002171958913756711,0,4.125965902268547e-09
"F=28, p=1",28,1,46,Uniform random: direct M,64,64,64,64,65,65,0.0022847378325374992,0,5.962112401003417e-10
"F=28, p=1",28,1,46,Random ranked: QPU-valid-unique matched,537,537,4,4,5,5,0.0017038822221077804,0,2.9194507922269963e-09
"F=28, p=1",28,1,46,Random ranked: QPU-valid-unique matched,537,537,8,8,9,9,0.0018806946545723013,0,2.632716955552894e-08
"F=28, p=1",28,1,46,Random ranked: QPU-valid-unique matched,537,537,16,16,17,17,0.002286423561754944,0,1.1227031249116948e-09
"F=28, p=1",28,1,46,Random ranked: QPU-valid-unique matched,537,537,32,32,33,33,0.002286423561754944,0,1.1227031249116948e-09
"F=28, p=1",28,1,46,Random ranked: QPU-valid-unique matched,537,537,64,64,65,65,0.002286423561754944,0,1.1227031249116948e-09
"F=28, p=1",28,1,46,Random ranked: QPU-raw-draw matched,8192,8191,4,4,5,5,0.0021308015314084883,0,1.0189344021305224e-09
"F=28, p=1",28,1,46,Random ranked: QPU-raw-draw matched,8192,8191,8,8,9,9,0.0021308015314084883,0,1.0189344021305224e-09
"F=28, p=1",28,1,46,Random ranked: QPU-raw-draw matched,8192,8191,16,16,17,17,0.0021915076333170816,0,2.0488896246284583e-08
"F=28, p=1",28,1,46,Random ranked: QPU-raw-draw matched,8192,8191,32,32,33,33,0.0021915076333170816,0,2.0488896246284583e-08
"F=28, p=1",28,1,46,Random ranked: QPU-raw-draw matched,8192,8191,64,64,65,65,0.0021915076333170816,0,2.0488896246284583e-08
"F=28, p=1",28,1,47,Uniform random: direct M,4,64,4,4,5,5,0.0013752439512252704,0,2.8273079266671886e-08
"F=28, p=1",28,1,47,Uniform random: direct M,8,64,8,8,9,9,0.001835236242536939,0,1.1106358388524029e-08
"F=28, p=1",28,1,47,Uniform random: direct M,16,64,16,16,17,17,0.0020741773840406777,0,1.416634011486284e-09
"F=28, p=1",28,1,47,Uniform random: direct M,32,64,32,32,33,33,0.0022740356132097267,0,8.517653360406996e-09
"F=28, p=1",28,1,47,Uniform random: direct M,64,64,64,64,65,65,0.0023901693044528424,0,1.2887137912365176e-08
"F=28, p=1",28,1,47,Random ranked: QPU-valid-unique matched,532,532,4,4,5,5,0.002115349187577019,0,2.5516296853211884e-09
"F=28, p=1",28,1,47,Random ranked: QPU-valid-unique matched,532,532,8,8,9,9,0.002115349187577019,0,2.5516296853211884e-09
"F=28, p=1",28,1,47,Random ranked: QPU-valid-unique matched,532,532,16,16,17,17,0.002410631065873692,0,1.5755845628184773e-08
"F=28, p=1",28,1,47,Random ranked: QPU-valid-unique matched,532,532,32,32,33,33,0.002410631065873692,0,1.5755845628184773e-08
"F=28, p=1",28,1,47,Random ranked: QPU-valid-unique matched,532,532,64,64,65,65,0.002410631065873692,0,1.5755845628184773e-08
"F=28, p=1",28,1,47,Random ranked: QPU-raw-draw matched,8192,8190,4,4,5,5,0.0021838601177324238,0,2.5933049707660416e-08
"F=28, p=1",28,1,47,Random ranked: QPU-raw-draw matched,8192,8190,8,8,9,9,0.0021838601177324238,0,2.5933049707660416e-08
"F=28, p=1",28,1,47,Random ranked: QPU-raw-draw matched,8192,8190,16,16,17,17,0.002196619957379832,0,1.2311155775379667e-09
"F=28, p=1",28,1,47,Random ranked: QPU-raw-draw matched,8192,8190,32,32,33,33,0.002196619957379832,0,1.2311155775379667e-09
"F=28, p=1",28,1,47,Random ranked: QPU-raw-draw matched,8192,8190,64,64,65,65,0.002196619957379832,0,1.2311155775379667e-09
"F=28, p=1",28,1,48,Uniform random: direct M,4,64,4,4,5,5,0.002333890760677415,0,7.758181944095277e-10
"F=28, p=1",28,1,48,Uniform random: direct M,8,64,8,8,9,9,0.002333890760677415,0,7.758181944095277e-10
"F=28, p=1",28,1,48,Uniform random: direct M,16,64,16,16,17,17,0.002333890760677415,0,7.758181944095277e-10
"F=28, p=1",28,1,48,Uniform random: direct M,32,64,32,32,33,33,0.002333890760677415,0,7.758181944095277e-10
"F=28, p=1",28,1,48,Uniform random: direct M,64,64,64,64,65,65,0.002333890760677415,0,7.758181944095277e-10
"F=28, p=1",28,1,48,Random ranked: QPU-valid-unique matched,548,548,4,4,5,5,0.002111195739288127,0,8.732453996018741e-10
"F=28, p=1",28,1,48,Random ranked: QPU-valid-unique matched,548,548,8,8,9,9,0.002111195739288127,0,8.732453996018741e-10
"F=28, p=1",28,1,48,Random ranked: QPU-valid-unique matched,548,548,16,16,17,17,0.002144209124000082,0,1.7793333584315008e-08
"F=28, p=1",28,1,48,Random ranked: QPU-valid-unique matched,548,548,32,32,33,33,0.002214248750748944,0,2.239795726666216e-08
"F=28, p=1",28,1,48,Random ranked: QPU-valid-unique matched,548,548,64,64,65,65,0.002214248750748944,0,2.239795726666216e-08
"F=28, p=1",28,1,48,Random ranked: QPU-raw-draw matched,8192,8192,4,4,5,5,0.0020470084740402406,0,7.950207270290832e-09
"F=28, p=1",28,1,48,Random ranked: QPU-raw-draw matched,8192,8192,8,8,9,9,0.0020470084740402406,0,7.950207270290832e-09
"F=28, p=1",28,1,48,Random ranked: QPU-raw-draw matched,8192,8192,16,16,17,17,0.0020470084740402406,0,7.950207270290832e-09
"F=28, p=1",28,1,48,Random ranked: QPU-raw-draw matched,8192,8192,32,32,33,33,0.0020702269744453036,0,1.9792722238953786e-08
"F=28, p=1",28,1,48,Random ranked: QPU-raw-draw matched,8192,8192,64,64,65,65,0.0020702269744453036,0,1.9792722238953786e-08
"F=28, p=1",28,1,49,Uniform random: direct M,4,64,4,4,5,5,0.0018915956537075423,0,7.433021420588659e-10
"F=28, p=1",28,1,49,Uniform random: direct M,8,64,8,8,9,9,0.002057836279527603,0,1.1568905833314602e-08
"F=28, p=1",28,1,49,Uniform random: direct M,16,64,16,16,17,17,0.002057836279527603,0,1.1568905833314602e-08
"F=28, p=1",28,1,49,Uniform random: direct M,32,64,32,32,33,33,0.002057836279527603,0,1.1568905833314602e-08
"F=28, p=1",28,1,49,Uniform random: direct M,64,64,64,64,65,65,0.002325853599741183,0,2.4555484312571707e-09
"F=28, p=1",28,1,49,Random ranked: QPU-valid-unique matched,537,537,4,4,5,5,0.0019153089365124484,0,3.969090478506132e-08
"F=28, p=1",28,1,49,Random ranked: QPU-valid-unique matched,537,537,8,8,9,9,0.0019808025226281736,0,9.235035722254814e-10
"F=28, p=1",28,1,49,Random ranked: QPU-valid-unique matched,537,537,16,16,17,17,0.00224319012619683,0,9.814602255908689e-10
"F=28, p=1",28,1,49,Random ranked: QPU-valid-unique matched,537,537,32,32,33,33,0.00224319012619683,0,9.814602255908689e-10
"F=28, p=1",28,1,49,Random ranked: QPU-valid-unique matched,537,537,64,64,65,65,0.00224319012619683,0,9.814602255908689e-10
"F=28, p=1",28,1,49,Random ranked: QPU-raw-draw matched,8192,8191,4,4,5,5,0.001824564335325747,0,1.3872697383204846e-09
"F=28, p=1",28,1,49,Random ranked: QPU-raw-draw matched,8192,8191,8,8,9,9,0.0022234009330595744,0,4.710545176145331e-08
"F=28, p=1",28,1,49,Random ranked: QPU-raw-draw matched,8192,8191,16,16,17,17,0.0022234009330595744,0,4.710545176145331e-08
"F=28, p=1",28,1,49,Random ranked: QPU-raw-draw matched,8192,8191,32,32,33,33,0.0022234009330595744,0,4.710545176145331e-08
"F=28, p=1",28,1,49,Random ranked: QPU-raw-draw matched,8192,8191,64,64,65,65,0.0022234009330595744,0,4.710545176145331e-08
