repetition,lambda_scenario,constraint,sense,lhs,rhs,slack,violation,passed
0,0.0,budget,=,1.0000000000000364,1.0,-3.6415315207705135e-14,3.6415315207705135e-14,True
0,0.0,asset_lower:Asset_000,>=,0.0,0.0,0.0,0.0,True
0,0.0,asset_upper:Asset_000,<=,0.0,0.2,0.2,0.0,True
0,0.0,asset_lower:Asset_001,>=,0.0,0.0,0.0,0.0,True
0,0.0,asset_upper:Asset_001,<=,0.0,0.2,0.2,0.0,True
0,0.0,asset_lower:Asset_002,>=,0.0,0.0,0.0,0.0,True
0,0.0,asset_upper:Asset_002,<=,0.0,0.2,0.2,0.0,True
0,0.0,asset_lower:Asset_003,>=,0.0,0.0,0.0,0.0,True
0,0.0,asset_upper:Asset_003,<=,0.0,0.2,0.2,0.0,True
0,0.0,asset_lower:Asset_004,>=,0.0,0.0,0.0,0.0,True
0,0.0,asset_upper:Asset_004,<=,0.0,0.2,0.2,0.0,True
0,0.0,asset_lower:Asset_005,>=,0.0,0.0,0.0,0.0,True
0,0.0,asset_upper:Asset_005,<=,0.0,0.2,0.2,0.0,True
0,0.0,asset_lower:Asset_006,>=,0.01000000028801906,0.0,0.01000000028801906,0.0,True
0,0.0,asset_upper:Asset_006,<=,0.01000000028801906,0.2,0.18999999971198095,0.0,True
0,0.0,asset_lower:Asset_007,>=,0.0,0.0,0.0,0.0,True
0,0.0,asset_upper:Asset_007,<=,0.0,0.2,0.2,0.0,True
0,0.0,asset_lower:Asset_008,>=,0.05000000157545214,0.0,0.05000000157545214,0.0,True
0,0.0,asset_upper:Asset_008,<=,0.05000000157545214,0.2,0.14999999842454786,0.0,True
0,0.0,asset_lower:Asset_009,>=,0.0,0.0,0.0,0.0,True
0,0.0,asset_upper:Asset_009,<=,0.0,0.2,0.2,0.0,True
0,0.0,asset_lower:Asset_010,>=,0.0,0.0,0.0,0.0,True
0,0.0,asset_upper:Asset_010,<=,0.0,0.2,0.2,0.0,True
0,0.0,asset_lower:Asset_011,>=,0.0,0.0,0.0,0.0,True
0,0.0,asset_upper:Asset_011,<=,0.0,0.2,0.2,0.0,True
0,0.0,asset_lower:Asset_012,>=,0.0,0.0,0.0,0.0,True
0,0.0,asset_upper:Asset_012,<=,0.0,0.2,0.2,0.0,True
0,0.0,asset_lower:Asset_013,>=,0.0,0.0,0.0,0.0,True
0,0.0,asset_upper:Asset_013,<=,0.0,0.2,0.2,0.0,True
0,0.0,asset_lower:Asset_014,>=,0.0,0.0,0.0,0.0,True
0,0.0,asset_upper:Asset_014,<=,0.0,0.2,0.2,0.0,True
0,0.0,asset_lower:Asset_015,>=,0.05000000144076018,0.0,0.05000000144076018,0.0,True
0,0.0,asset_upper:Asset_015,<=,0.05000000144076018,0.2,0.14999999855923984,0.0,True
0,0.0,asset_lower:Asset_016,>=,0.0,0.0,0.0,0.0,True
0,0.0,asset_upper:Asset_016,<=,0.0,0.2,0.2,0.0,True
0,0.0,asset_lower:Asset_017,>=,0.09999999842917577,0.0,0.09999999842917577,0.0,True
0,0.0,asset_upper:Asset_017,<=,0.09999999842917577,0.2,0.10000000157082424,0.0,True
0,0.0,asset_lower:Asset_018,>=,0.0,0.0,0.0,0.0,True
0,0.0,asset_upper:Asset_018,<=,0.0,0.2,0.2,0.0,True
0,0.0,asset_lower:Asset_019,>=,0.0,0.0,0.0,0.0,True
0,0.0,asset_upper:Asset_019,<=,0.0,0.2,0.2,0.0,True
0,0.0,asset_lower:Asset_020,>=,0.0,0.0,0.0,0.0,True
0,0.0,asset_upper:Asset_020,<=,0.0,0.2,0.2,0.0,True
0,0.0,asset_lower:Asset_021,>=,0.0,0.0,0.0,0.0,True
0,0.0,asset_upper:Asset_021,<=,0.0,0.2,0.2,0.0,True
0,0.0,asset_lower:Asset_022,>=,0.0,0.0,0.0,0.0,True
0,0.0,asset_upper:Asset_022,<=,0.0,0.2,0.2,0.0,True
0,0.0,asset_lower:Asset_023,>=,0.0,0.0,0.0,0.0,True
0,0.0,asset_upper:Asset_023,<=,0.0,0.2,0.2,0.0,True
0,0.0,asset_lower:Asset_024,>=,0.0,0.0,0.0,0.0,True
0,0.0,asset_upper:Asset_024,<=,0.0,0.2,0.2,0.0,True
0,0.0,asset_lower:Asset_025,>=,0.010000000956615084,0.0,0.010000000956615084,0.0,True
0,0.0,asset_upper:Asset_025,<=,0.010000000956615084,0.2,0.18999999904338494,0.0,True
0,0.0,asset_lower:Asset_026,>=,0.0,0.0,0.0,0.0,True
0,0.0,asset_upper:Asset_026,<=,0.0,0.2,0.2,0.0,True
0,0.0,asset_lower:Asset_027,>=,0.0,0.0,0.0,0.0,True
0,0.0,asset_upper:Asset_027,<=,0.0,0.2,0.2,0.0,True
0,0.0,asset_lower:Asset_028,>=,0.0,0.0,0.0,0.0,True
0,0.0,asset_upper:Asset_028,<=,0.0,0.2,0.2,0.0,True
0,0.0,asset_lower:Asset_029,>=,0.0,0.0,0.0,0.0,True
0,0.0,asset_upper:Asset_029,<=,0.0,0.2,0.2,0.0,True
0,0.0,asset_lower:Asset_030,>=,0.0,0.0,0.0,0.0,True
0,0.0,asset_upper:Asset_030,<=,0.0,0.2,0.2,0.0,True
0,0.0,asset_lower:Asset_031,>=,0.0,0.0,0.0,0.0,True
0,0.0,asset_upper:Asset_031,<=,0.0,0.2,0.2,0.0,True
0,0.0,asset_lower:Asset_032,>=,0.0,0.0,0.0,0.0,True
0,0.0,asset_upper:Asset_032,<=,0.0,0.2,0.2,0.0,True
0,0.0,asset_lower:Asset_033,>=,0.0,0.0,0.0,0.0,True
0,0.0,asset_upper:Asset_033,<=,0.0,0.2,0.2,0.0,True
0,0.0,asset_lower:Asset_034,>=,0.0,0.0,0.0,0.0,True
0,0.0,asset_upper:Asset_034,<=,0.0,0.2,0.2,0.0,True
0,0.0,asset_lower:Asset_035,>=,0.0,0.0,0.0,0.0,True
0,0.0,asset_upper:Asset_035,<=,0.0,0.2,0.2,0.0,True
0,0.0,asset_lower:Asset_036,>=,0.0,0.0,0.0,0.0,True
0,0.0,asset_upper:Asset_036,<=,0.0,0.2,0.2,0.0,True
0,0.0,asset_lower:Asset_037,>=,0.0,0.0,0.0,0.0,True
0,0.0,asset_upper:Asset_037,<=,0.0,0.2,0.2,0.0,True
0,0.0,asset_lower:Asset_038,>=,0.05000000005297608,0.0,0.05000000005297608,0.0,True
0,0.0,asset_upper:Asset_038,<=,0.05000000005297608,0.2,0.14999999994702393,0.0,True
0,0.0,asset_lower:Asset_039,>=,0.0,0.0,0.0,0.0,True
0,0.0,asset_upper:Asset_039,<=,0.0,0.2,0.2,0.0,True
0,0.0,asset_lower:Asset_040,>=,0.0,0.0,0.0,0.0,True
0,0.0,asset_upper:Asset_040,<=,0.0,0.2,0.2,0.0,True
0,0.0,asset_lower:Asset_041,>=,0.0,0.0,0.0,0.0,True
0,0.0,asset_upper:Asset_041,<=,0.0,0.2,0.2,0.0,True
0,0.0,asset_lower:Asset_042,>=,0.0,0.0,0.0,0.0,True
0,0.0,asset_upper:Asset_042,<=,0.0,0.2,0.2,0.0,True
0,0.0,asset_lower:Asset_043,>=,0.0,0.0,0.0,0.0,True
0,0.0,asset_upper:Asset_043,<=,0.0,0.2,0.2,0.0,True
0,0.0,asset_lower:Asset_044,>=,0.0,0.0,0.0,0.0,True
0,0.0,asset_upper:Asset_044,<=,0.0,0.2,0.2,0.0,True
0,0.0,asset_lower:Asset_045,>=,0.0,0.0,0.0,0.0,True
0,0.0,asset_upper:Asset_045,<=,0.0,0.2,0.2,0.0,True
0,0.0,asset_lower:Asset_046,>=,0.0,0.0,0.0,0.0,True
0,0.0,asset_upper:Asset_046,<=,0.0,0.2,0.2,0.0,True
0,0.0,asset_lower:Asset_047,>=,0.0,0.0,0.0,0.0,True
0,0.0,asset_upper:Asset_047,<=,0.0,0.2,0.2,0.0,True
0,0.0,asset_lower:Asset_048,>=,0.0,0.0,0.0,0.0,True
0,0.0,asset_upper:Asset_048,<=,0.0,0.2,0.2,0.0,True
0,0.0,asset_lower:Asset_049,>=,0.049999997972230335,0.0,0.049999997972230335,0.0,True
0,0.0,asset_upper:Asset_049,<=,0.049999997972230335,0.2,0.15000000202776967,0.0,True
0,0.0,asset_lower:Asset_050,>=,0.0,0.0,0.0,0.0,True
0,0.0,asset_upper:Asset_050,<=,0.0,0.2,0.2,0.0,True
0,0.0,asset_lower:Asset_051,>=,0.0,0.0,0.0,0.0,True
0,0.0,asset_upper:Asset_051,<=,0.0,0.2,0.2,0.0,True
0,0.0,asset_lower:Asset_052,>=,0.0,0.0,0.0,0.0,True
0,0.0,asset_upper:Asset_052,<=,0.0,0.2,0.2,0.0,True
0,0.0,asset_lower:Asset_053,>=,0.0,0.0,0.0,0.0,True
0,0.0,asset_upper:Asset_053,<=,0.0,0.2,0.2,0.0,True
0,0.0,asset_lower:Asset_054,>=,0.09999999772637326,0.0,0.09999999772637326,0.0,True
0,0.0,asset_upper:Asset_054,<=,0.09999999772637326,0.2,0.10000000227362675,0.0,True
0,0.0,asset_lower:Asset_055,>=,0.028368007968048354,0.0,0.028368007968048354,0.0,True
0,0.0,asset_upper:Asset_055,<=,0.028368007968048354,0.2,0.17163199203195165,0.0,True
0,0.0,asset_lower:Asset_056,>=,0.0,0.0,0.0,0.0,True
0,0.0,asset_upper:Asset_056,<=,0.0,0.2,0.2,0.0,True
0,0.0,asset_lower:Asset_057,>=,0.0,0.0,0.0,0.0,True
0,0.0,asset_upper:Asset_057,<=,0.0,0.2,0.2,0.0,True
0,0.0,asset_lower:Asset_058,>=,0.0,0.0,0.0,0.0,True
0,0.0,asset_upper:Asset_058,<=,0.0,0.2,0.2,0.0,True
0,0.0,asset_lower:Asset_059,>=,0.0,0.0,0.0,0.0,True
0,0.0,asset_upper:Asset_059,<=,0.0,0.2,0.2,0.0,True
0,0.0,asset_lower:Asset_060,>=,0.0,0.0,0.0,0.0,True
0,0.0,asset_upper:Asset_060,<=,0.0,0.2,0.2,0.0,True
0,0.0,asset_lower:Asset_061,>=,0.0,0.0,0.0,0.0,True
0,0.0,asset_upper:Asset_061,<=,0.0,0.2,0.2,0.0,True
0,0.0,asset_lower:Asset_062,>=,0.09605307819426283,0.0,0.09605307819426283,0.0,True
0,0.0,asset_upper:Asset_062,<=,0.09605307819426283,0.2,0.10394692180573718,0.0,True
0,0.0,asset_lower:Asset_063,>=,0.0,0.0,0.0,0.0,True
0,0.0,asset_upper:Asset_063,<=,0.0,0.2,0.2,0.0,True
0,0.0,asset_lower:Asset_064,>=,0.053946905818187466,0.0,0.053946905818187466,0.0,True
0,0.0,asset_upper:Asset_064,<=,0.053946905818187466,0.2,0.14605309418181256,0.0,True
0,0.0,asset_lower:Asset_065,>=,0.0,0.0,0.0,0.0,True
0,0.0,asset_upper:Asset_065,<=,0.0,0.2,0.2,0.0,True
0,0.0,asset_lower:Asset_066,>=,0.0,0.0,0.0,0.0,True
0,0.0,asset_upper:Asset_066,<=,0.0,0.2,0.2,0.0,True
0,0.0,asset_lower:Asset_067,>=,0.0,0.0,0.0,0.0,True
0,0.0,asset_upper:Asset_067,<=,0.0,0.2,0.2,0.0,True
0,0.0,asset_lower:Asset_068,>=,0.0,0.0,0.0,0.0,True
0,0.0,asset_upper:Asset_068,<=,0.0,0.2,0.2,0.0,True
0,0.0,asset_lower:Asset_069,>=,0.0,0.0,0.0,0.0,True
0,0.0,asset_upper:Asset_069,<=,0.0,0.2,0.2,0.0,True
0,0.0,asset_lower:Asset_070,>=,0.0,0.0,0.0,0.0,True
0,0.0,asset_upper:Asset_070,<=,0.0,0.2,0.2,0.0,True
0,0.0,asset_lower:Asset_071,>=,0.0,0.0,0.0,0.0,True
0,0.0,asset_upper:Asset_071,<=,0.0,0.2,0.2,0.0,True
0,0.0,asset_lower:Asset_072,>=,0.0,0.0,0.0,0.0,True
0,0.0,asset_upper:Asset_072,<=,0.0,0.2,0.2,0.0,True
0,0.0,asset_lower:Asset_073,>=,0.050000000587638656,0.0,0.050000000587638656,0.0,True
0,0.0,asset_upper:Asset_073,<=,0.050000000587638656,0.2,0.14999999941236136,0.0,True
0,0.0,asset_lower:Asset_074,>=,0.0,0.0,0.0,0.0,True
0,0.0,asset_upper:Asset_074,<=,0.0,0.2,0.2,0.0,True
0,0.0,asset_lower:Asset_075,>=,0.04999999926086421,0.0,0.04999999926086421,0.0,True
0,0.0,asset_upper:Asset_075,<=,0.04999999926086421,0.2,0.1500000007391358,0.0,True
0,0.0,asset_lower:Asset_076,>=,0.0,0.0,0.0,0.0,True
0,0.0,asset_upper:Asset_076,<=,0.0,0.2,0.2,0.0,True
0,0.0,asset_lower:Asset_077,>=,0.0,0.0,0.0,0.0,True
0,0.0,asset_upper:Asset_077,<=,0.0,0.2,0.2,0.0,True
0,0.0,asset_lower:Asset_078,>=,0.0,0.0,0.0,0.0,True
0,0.0,asset_upper:Asset_078,<=,0.0,0.2,0.2,0.0,True
0,0.0,asset_lower:Asset_079,>=,0.0,0.0,0.0,0.0,True
0,0.0,asset_upper:Asset_079,<=,0.0,0.2,0.2,0.0,True
0,0.0,asset_lower:Asset_080,>=,0.0,0.0,0.0,0.0,True
0,0.0,asset_upper:Asset_080,<=,0.0,0.2,0.2,0.0,True
0,0.0,asset_lower:Asset_081,>=,0.04999999002977453,0.0,0.04999999002977453,0.0,True
0,0.0,asset_upper:Asset_081,<=,0.04999999002977453,0.2,0.15000000997022547,0.0,True
0,0.0,asset_lower:Asset_082,>=,0.0,0.0,0.0,0.0,True
0,0.0,asset_upper:Asset_082,<=,0.0,0.2,0.2,0.0,True
0,0.0,asset_lower:Asset_083,>=,0.09999999893396783,0.0,0.09999999893396783,0.0,True
0,0.0,asset_upper:Asset_083,<=,0.09999999893396783,0.2,0.10000000106603218,0.0,True
0,0.0,asset_lower:Asset_084,>=,0.0,0.0,0.0,0.0,True
0,0.0,asset_upper:Asset_084,<=,0.0,0.2,0.2,0.0,True
0,0.0,asset_lower:Asset_085,>=,0.0,0.0,0.0,0.0,True
0,0.0,asset_upper:Asset_085,<=,0.0,0.2,0.2,0.0,True
0,0.0,asset_lower:Asset_086,>=,0.0,0.0,0.0,0.0,True
0,0.0,asset_upper:Asset_086,<=,0.0,0.2,0.2,0.0,True
0,0.0,asset_lower:Asset_087,>=,0.0,0.0,0.0,0.0,True
0,0.0,asset_upper:Asset_087,<=,0.0,0.2,0.2,0.0,True
0,0.0,asset_lower:Asset_088,>=,0.0,0.0,0.0,0.0,True
0,0.0,asset_upper:Asset_088,<=,0.0,0.2,0.2,0.0,True
0,0.0,asset_lower:Asset_089,>=,0.0,0.0,0.0,0.0,True
0,0.0,asset_upper:Asset_089,<=,0.0,0.2,0.2,0.0,True
0,0.0,asset_lower:Asset_090,>=,0.0,0.0,0.0,0.0,True
0,0.0,asset_upper:Asset_090,<=,0.0,0.2,0.2,0.0,True
0,0.0,asset_lower:Asset_091,>=,0.03163201265484022,0.0,0.03163201265484022,0.0,True
0,0.0,asset_upper:Asset_091,<=,0.03163201265484022,0.2,0.1683679873451598,0.0,True
0,0.0,asset_lower:Asset_092,>=,0.01000000035158617,0.0,0.01000000035158617,0.0,True
0,0.0,asset_upper:Asset_092,<=,0.01000000035158617,0.2,0.18999999964841385,0.0,True
0,0.0,asset_lower:Asset_093,>=,0.050000001191353206,0.0,0.050000001191353206,0.0,True
0,0.0,asset_upper:Asset_093,<=,0.050000001191353206,0.2,0.1499999988086468,0.0,True
0,0.0,asset_lower:Asset_094,>=,0.0,0.0,0.0,0.0,True
0,0.0,asset_upper:Asset_094,<=,0.0,0.2,0.2,0.0,True
0,0.0,asset_lower:Asset_095,>=,0.0,0.0,0.0,0.0,True
0,0.0,asset_upper:Asset_095,<=,0.0,0.2,0.2,0.0,True
0,0.0,asset_lower:Asset_096,>=,0.010000000796255756,0.0,0.010000000796255756,0.0,True
0,0.0,asset_upper:Asset_096,<=,0.010000000796255756,0.2,0.18999999920374425,0.0,True
0,0.0,asset_lower:Asset_097,>=,0.05000000577165523,0.0,0.05000000577165523,0.0,True
0,0.0,asset_upper:Asset_097,<=,0.05000000577165523,0.2,0.14999999422834479,0.0,True
0,0.0,asset_lower:Asset_098,>=,0.0,0.0,0.0,0.0,True
0,0.0,asset_upper:Asset_098,<=,0.0,0.2,0.2,0.0,True
0,0.0,asset_lower:Asset_099,>=,0.0,0.0,0.0,0.0,True
0,0.0,asset_upper:Asset_099,<=,0.0,0.2,0.2,0.0,True
0,0.0,group_lower:Group_0,>=,0.11000002206364876,0.10000000000000002,0.010000022063648736,0.0,True
0,0.0,group_upper:Group_0,<=,0.11000002206364876,0.25,0.13999997793635124,0.0,True
0,0.0,group_lower:Group_1,>=,0.11605307943889698,0.10000000000000002,0.01605307943889696,0.0,True
0,0.0,group_upper:Group_1,<=,0.11605307943889698,0.25,0.13394692056110302,0.0,True
0,0.0,group_lower:Group_2,>=,0.20000000355100456,0.10000000000000002,0.10000000355100454,0.0,True
0,0.0,group_upper:Group_2,<=,0.20000000355100456,0.25,0.04999999644899544,0.0,True
0,0.0,group_lower:Group_3,>=,0.1539468951088262,0.10000000000000002,0.05394689510882618,0.0,True
0,0.0,group_upper:Group_3,<=,0.1539468951088262,0.25,0.0960531048911738,0.0,True
0,0.0,group_lower:Group_4,>=,0.09999999855986899,0.05,0.04999999855986899,0.0,True
0,0.0,group_upper:Group_4,<=,0.09999999855986899,0.2,0.10000000144013102,0.0,True
0,0.0,group_lower:Group_5,>=,0.15000000050941997,0.05,0.10000000050941997,0.0,True
0,0.0,group_upper:Group_5,<=,0.15000000050941997,0.2,0.04999999949058004,0.0,True
0,0.0,group_lower:Group_6,>=,0.10999999922543152,0.05,0.05999999922543152,0.0,True
0,0.0,group_upper:Group_6,<=,0.10999999922543152,0.2,0.09000000077456849,0.0,True
0,0.0,group_lower:Group_7,>=,0.06000000154293938,0.05,0.010000001542939375,0.0,True
0,0.0,group_upper:Group_7,<=,0.06000000154293938,0.2,0.13999999845706063,0.0,True
0,0.0,max_turnover,<=,0.3999999794435689,0.4,2.055643111287253e-08,0.0,True
0,0.0,exact_cardinality,=,20.0,20.0,-0.0,0.0,True
0,0.0,minimum_active_weight:Asset_006,>=,0.01000000028801906,0.01,2.8801905999076283e-10,0.0,True
0,0.0,minimum_active_weight:Asset_008,>=,0.05000000157545214,0.01,0.04000000157545214,0.0,True
0,0.0,minimum_active_weight:Asset_015,>=,0.05000000144076018,0.01,0.04000000144076018,0.0,True
0,0.0,minimum_active_weight:Asset_017,>=,0.09999999842917577,0.01,0.08999999842917578,0.0,True
0,0.0,minimum_active_weight:Asset_025,>=,0.010000000956615084,0.01,9.566150840217835e-10,0.0,True
0,0.0,minimum_active_weight:Asset_038,>=,0.05000000005297608,0.01,0.040000000052976076,0.0,True
0,0.0,minimum_active_weight:Asset_049,>=,0.049999997972230335,0.01,0.03999999797223033,0.0,True
0,0.0,minimum_active_weight:Asset_054,>=,0.09999999772637326,0.01,0.08999999772637327,0.0,True
0,0.0,minimum_active_weight:Asset_055,>=,0.028368007968048354,0.01,0.018368007968048355,0.0,True
0,0.0,minimum_active_weight:Asset_062,>=,0.09605307819426283,0.01,0.08605307819426283,0.0,True
0,0.0,minimum_active_weight:Asset_064,>=,0.053946905818187466,0.01,0.043946905818187464,0.0,True
0,0.0,minimum_active_weight:Asset_073,>=,0.050000000587638656,0.01,0.040000000587638654,0.0,True
0,0.0,minimum_active_weight:Asset_075,>=,0.04999999926086421,0.01,0.03999999926086421,0.0,True
0,0.0,minimum_active_weight:Asset_081,>=,0.04999999002977453,0.01,0.03999999002977453,0.0,True
0,0.0,minimum_active_weight:Asset_083,>=,0.09999999893396783,0.01,0.08999999893396783,0.0,True
0,0.0,minimum_active_weight:Asset_091,>=,0.03163201265484022,0.01,0.021632012654840216,0.0,True
0,0.0,minimum_active_weight:Asset_092,>=,0.01000000035158617,0.01,3.515861698999423e-10,0.0,True
0,0.0,minimum_active_weight:Asset_093,>=,0.050000001191353206,0.01,0.040000001191353204,0.0,True
0,0.0,minimum_active_weight:Asset_096,>=,0.010000000796255756,0.01,7.962557557750216e-10,0.0,True
0,0.0,minimum_active_weight:Asset_097,>=,0.05000000577165523,0.01,0.04000000577165523,0.0,True
0,0.0,implementation_upper:Asset_000,<=,0.0,0.1,0.1,0.0,True
0,0.0,implementation_upper:Asset_001,<=,0.0,0.1,0.1,0.0,True
0,0.0,implementation_upper:Asset_002,<=,0.0,0.1,0.1,0.0,True
0,0.0,implementation_upper:Asset_003,<=,0.0,0.1,0.1,0.0,True
0,0.0,implementation_upper:Asset_004,<=,0.0,0.1,0.1,0.0,True
0,0.0,implementation_upper:Asset_005,<=,0.0,0.1,0.1,0.0,True
0,0.0,implementation_upper:Asset_006,<=,0.01000000028801906,0.1,0.08999999971198094,0.0,True
0,0.0,implementation_upper:Asset_007,<=,0.0,0.1,0.1,0.0,True
0,0.0,implementation_upper:Asset_008,<=,0.05000000157545214,0.1,0.049999998424547866,0.0,True
0,0.0,implementation_upper:Asset_009,<=,0.0,0.1,0.1,0.0,True
0,0.0,implementation_upper:Asset_010,<=,0.0,0.1,0.1,0.0,True
0,0.0,implementation_upper:Asset_011,<=,0.0,0.1,0.1,0.0,True
0,0.0,implementation_upper:Asset_012,<=,0.0,0.1,0.1,0.0,True
0,0.0,implementation_upper:Asset_013,<=,0.0,0.1,0.1,0.0,True
0,0.0,implementation_upper:Asset_014,<=,0.0,0.1,0.1,0.0,True
0,0.0,implementation_upper:Asset_015,<=,0.05000000144076018,0.1,0.049999998559239825,0.0,True
0,0.0,implementation_upper:Asset_016,<=,0.0,0.1,0.1,0.0,True
0,0.0,implementation_upper:Asset_017,<=,0.09999999842917577,0.1,1.570824234575774e-09,0.0,True
0,0.0,implementation_upper:Asset_018,<=,0.0,0.1,0.1,0.0,True
0,0.0,implementation_upper:Asset_019,<=,0.0,0.1,0.1,0.0,True
0,0.0,implementation_upper:Asset_020,<=,0.0,0.1,0.1,0.0,True
0,0.0,implementation_upper:Asset_021,<=,0.0,0.1,0.1,0.0,True
0,0.0,implementation_upper:Asset_022,<=,0.0,0.1,0.1,0.0,True
0,0.0,implementation_upper:Asset_023,<=,0.0,0.1,0.1,0.0,True
0,0.0,implementation_upper:Asset_024,<=,0.0,0.1,0.1,0.0,True
0,0.0,implementation_upper:Asset_025,<=,0.010000000956615084,0.1,0.08999999904338492,0.0,True
0,0.0,implementation_upper:Asset_026,<=,0.0,0.1,0.1,0.0,True
0,0.0,implementation_upper:Asset_027,<=,0.0,0.1,0.1,0.0,True
0,0.0,implementation_upper:Asset_028,<=,0.0,0.1,0.1,0.0,True
0,0.0,implementation_upper:Asset_029,<=,0.0,0.1,0.1,0.0,True
0,0.0,implementation_upper:Asset_030,<=,0.0,0.1,0.1,0.0,True
0,0.0,implementation_upper:Asset_031,<=,0.0,0.1,0.1,0.0,True
0,0.0,implementation_upper:Asset_032,<=,0.0,0.1,0.1,0.0,True
0,0.0,implementation_upper:Asset_033,<=,0.0,0.1,0.1,0.0,True
0,0.0,implementation_upper:Asset_034,<=,0.0,0.1,0.1,0.0,True
0,0.0,implementation_upper:Asset_035,<=,0.0,0.1,0.1,0.0,True
0,0.0,implementation_upper:Asset_036,<=,0.0,0.1,0.1,0.0,True
0,0.0,implementation_upper:Asset_037,<=,0.0,0.1,0.1,0.0,True
0,0.0,implementation_upper:Asset_038,<=,0.05000000005297608,0.1,0.04999999994702393,0.0,True
0,0.0,implementation_upper:Asset_039,<=,0.0,0.1,0.1,0.0,True
0,0.0,implementation_upper:Asset_040,<=,0.0,0.1,0.1,0.0,True
0,0.0,implementation_upper:Asset_041,<=,0.0,0.1,0.1,0.0,True
0,0.0,implementation_upper:Asset_042,<=,0.0,0.1,0.1,0.0,True
0,0.0,implementation_upper:Asset_043,<=,0.0,0.1,0.1,0.0,True
0,0.0,implementation_upper:Asset_044,<=,0.0,0.1,0.1,0.0,True
0,0.0,implementation_upper:Asset_045,<=,0.0,0.1,0.1,0.0,True
0,0.0,implementation_upper:Asset_046,<=,0.0,0.1,0.1,0.0,True
0,0.0,implementation_upper:Asset_047,<=,0.0,0.1,0.1,0.0,True
0,0.0,implementation_upper:Asset_048,<=,0.0,0.1,0.1,0.0,True
0,0.0,implementation_upper:Asset_049,<=,0.049999997972230335,0.1,0.05000000202776967,0.0,True
0,0.0,implementation_upper:Asset_050,<=,0.0,0.1,0.1,0.0,True
0,0.0,implementation_upper:Asset_051,<=,0.0,0.1,0.1,0.0,True
0,0.0,implementation_upper:Asset_052,<=,0.0,0.1,0.1,0.0,True
0,0.0,implementation_upper:Asset_053,<=,0.0,0.1,0.1,0.0,True
0,0.0,implementation_upper:Asset_054,<=,0.09999999772637326,0.1,2.273626745208368e-09,0.0,True
0,0.0,implementation_upper:Asset_055,<=,0.028368007968048354,0.1,0.07163199203195166,0.0,True
0,0.0,implementation_upper:Asset_056,<=,0.0,0.1,0.1,0.0,True
0,0.0,implementation_upper:Asset_057,<=,0.0,0.1,0.1,0.0,True
0,0.0,implementation_upper:Asset_058,<=,0.0,0.1,0.1,0.0,True
0,0.0,implementation_upper:Asset_059,<=,0.0,0.1,0.1,0.0,True
0,0.0,implementation_upper:Asset_060,<=,0.0,0.1,0.1,0.0,True
0,0.0,implementation_upper:Asset_061,<=,0.0,0.1,0.1,0.0,True
0,0.0,implementation_upper:Asset_062,<=,0.09605307819426283,0.1,0.0039469218057371774,0.0,True
0,0.0,implementation_upper:Asset_063,<=,0.0,0.1,0.1,0.0,True
0,0.0,implementation_upper:Asset_064,<=,0.053946905818187466,0.1,0.04605309418181254,0.0,True
0,0.0,implementation_upper:Asset_065,<=,0.0,0.1,0.1,0.0,True
0,0.0,implementation_upper:Asset_066,<=,0.0,0.1,0.1,0.0,True
0,0.0,implementation_upper:Asset_067,<=,0.0,0.1,0.1,0.0,True
0,0.0,implementation_upper:Asset_068,<=,0.0,0.1,0.1,0.0,True
0,0.0,implementation_upper:Asset_069,<=,0.0,0.1,0.1,0.0,True
0,0.0,implementation_upper:Asset_070,<=,0.0,0.1,0.1,0.0,True
0,0.0,implementation_upper:Asset_071,<=,0.0,0.1,0.1,0.0,True
0,0.0,implementation_upper:Asset_072,<=,0.0,0.1,0.1,0.0,True
0,0.0,implementation_upper:Asset_073,<=,0.050000000587638656,0.1,0.04999999941236135,0.0,True
0,0.0,implementation_upper:Asset_074,<=,0.0,0.1,0.1,0.0,True
0,0.0,implementation_upper:Asset_075,<=,0.04999999926086421,0.1,0.0500000007391358,0.0,True
0,0.0,implementation_upper:Asset_076,<=,0.0,0.1,0.1,0.0,True
0,0.0,implementation_upper:Asset_077,<=,0.0,0.1,0.1,0.0,True
0,0.0,implementation_upper:Asset_078,<=,0.0,0.1,0.1,0.0,True
0,0.0,implementation_upper:Asset_079,<=,0.0,0.1,0.1,0.0,True
0,0.0,implementation_upper:Asset_080,<=,0.0,0.1,0.1,0.0,True
0,0.0,implementation_upper:Asset_081,<=,0.04999999002977453,0.1,0.050000009970225474,0.0,True
0,0.0,implementation_upper:Asset_082,<=,0.0,0.1,0.1,0.0,True
0,0.0,implementation_upper:Asset_083,<=,0.09999999893396783,0.1,1.0660321791977623e-09,0.0,True
0,0.0,implementation_upper:Asset_084,<=,0.0,0.1,0.1,0.0,True
0,0.0,implementation_upper:Asset_085,<=,0.0,0.1,0.1,0.0,True
0,0.0,implementation_upper:Asset_086,<=,0.0,0.1,0.1,0.0,True
0,0.0,implementation_upper:Asset_087,<=,0.0,0.1,0.1,0.0,True
0,0.0,implementation_upper:Asset_088,<=,0.0,0.1,0.1,0.0,True
0,0.0,implementation_upper:Asset_089,<=,0.0,0.1,0.1,0.0,True
0,0.0,implementation_upper:Asset_090,<=,0.0,0.1,0.1,0.0,True
0,0.0,implementation_upper:Asset_091,<=,0.03163201265484022,0.1,0.06836798734515978,0.0,True
0,0.0,implementation_upper:Asset_092,<=,0.01000000035158617,0.1,0.08999999964841383,0.0,True
0,0.0,implementation_upper:Asset_093,<=,0.050000001191353206,0.1,0.0499999988086468,0.0,True
0,0.0,implementation_upper:Asset_094,<=,0.0,0.1,0.1,0.0,True
0,0.0,implementation_upper:Asset_095,<=,0.0,0.1,0.1,0.0,True
0,0.0,implementation_upper:Asset_096,<=,0.010000000796255756,0.1,0.08999999920374425,0.0,True
0,0.0,implementation_upper:Asset_097,<=,0.05000000577165523,0.1,0.04999999422834477,0.0,True
0,0.0,implementation_upper:Asset_098,<=,0.0,0.1,0.1,0.0,True
0,0.0,implementation_upper:Asset_099,<=,0.0,0.1,0.1,0.0,True
0,0.05,budget,=,1.0000000000000002,1.0,-2.220446049250313e-16,2.220446049250313e-16,True
0,0.05,asset_lower:Asset_000,>=,0.0,0.0,0.0,0.0,True
0,0.05,asset_upper:Asset_000,<=,0.0,0.2,0.2,0.0,True
0,0.05,asset_lower:Asset_001,>=,0.0,0.0,0.0,0.0,True
0,0.05,asset_upper:Asset_001,<=,0.0,0.2,0.2,0.0,True
0,0.05,asset_lower:Asset_002,>=,0.0,0.0,0.0,0.0,True
0,0.05,asset_upper:Asset_002,<=,0.0,0.2,0.2,0.0,True
0,0.05,asset_lower:Asset_003,>=,0.0,0.0,0.0,0.0,True
0,0.05,asset_upper:Asset_003,<=,0.0,0.2,0.2,0.0,True
0,0.05,asset_lower:Asset_004,>=,0.0,0.0,0.0,0.0,True
0,0.05,asset_upper:Asset_004,<=,0.0,0.2,0.2,0.0,True
0,0.05,asset_lower:Asset_005,>=,0.0,0.0,0.0,0.0,True
0,0.05,asset_upper:Asset_005,<=,0.0,0.2,0.2,0.0,True
0,0.05,asset_lower:Asset_006,>=,0.009999999999463736,0.0,0.009999999999463736,0.0,True
0,0.05,asset_upper:Asset_006,<=,0.009999999999463736,0.2,0.19000000000053627,0.0,True
0,0.05,asset_lower:Asset_007,>=,0.0,0.0,0.0,0.0,True
0,0.05,asset_upper:Asset_007,<=,0.0,0.2,0.2,0.0,True
0,0.05,asset_lower:Asset_008,>=,0.050000000000858795,0.0,0.050000000000858795,0.0,True
0,0.05,asset_upper:Asset_008,<=,0.050000000000858795,0.2,0.1499999999991412,0.0,True
0,0.05,asset_lower:Asset_009,>=,0.0,0.0,0.0,0.0,True
0,0.05,asset_upper:Asset_009,<=,0.0,0.2,0.2,0.0,True
0,0.05,asset_lower:Asset_010,>=,0.0,0.0,0.0,0.0,True
0,0.05,asset_upper:Asset_010,<=,0.0,0.2,0.2,0.0,True
0,0.05,asset_lower:Asset_011,>=,0.0,0.0,0.0,0.0,True
0,0.05,asset_upper:Asset_011,<=,0.0,0.2,0.2,0.0,True
0,0.05,asset_lower:Asset_012,>=,0.0,0.0,0.0,0.0,True
0,0.05,asset_upper:Asset_012,<=,0.0,0.2,0.2,0.0,True
0,0.05,asset_lower:Asset_013,>=,0.0,0.0,0.0,0.0,True
0,0.05,asset_upper:Asset_013,<=,0.0,0.2,0.2,0.0,True
0,0.05,asset_lower:Asset_014,>=,0.0,0.0,0.0,0.0,True
0,0.05,asset_upper:Asset_014,<=,0.0,0.2,0.2,0.0,True
0,0.05,asset_lower:Asset_015,>=,0.050000000003424035,0.0,0.050000000003424035,0.0,True
0,0.05,asset_upper:Asset_015,<=,0.050000000003424035,0.2,0.14999999999657598,0.0,True
0,0.05,asset_lower:Asset_016,>=,0.0,0.0,0.0,0.0,True
0,0.05,asset_upper:Asset_016,<=,0.0,0.2,0.2,0.0,True
0,0.05,asset_lower:Asset_017,>=,0.0999999999995821,0.0,0.0999999999995821,0.0,True
0,0.05,asset_upper:Asset_017,<=,0.0999999999995821,0.2,0.10000000000041791,0.0,True
0,0.05,asset_lower:Asset_018,>=,0.0,0.0,0.0,0.0,True
0,0.05,asset_upper:Asset_018,<=,0.0,0.2,0.2,0.0,True
0,0.05,asset_lower:Asset_019,>=,0.0,0.0,0.0,0.0,True
0,0.05,asset_upper:Asset_019,<=,0.0,0.2,0.2,0.0,True
0,0.05,asset_lower:Asset_020,>=,0.0,0.0,0.0,0.0,True
0,0.05,asset_upper:Asset_020,<=,0.0,0.2,0.2,0.0,True
0,0.05,asset_lower:Asset_021,>=,0.0,0.0,0.0,0.0,True
0,0.05,asset_upper:Asset_021,<=,0.0,0.2,0.2,0.0,True
0,0.05,asset_lower:Asset_022,>=,0.0,0.0,0.0,0.0,True
0,0.05,asset_upper:Asset_022,<=,0.0,0.2,0.2,0.0,True
0,0.05,asset_lower:Asset_023,>=,0.0,0.0,0.0,0.0,True
0,0.05,asset_upper:Asset_023,<=,0.0,0.2,0.2,0.0,True
0,0.05,asset_lower:Asset_024,>=,0.0,0.0,0.0,0.0,True
0,0.05,asset_upper:Asset_024,<=,0.0,0.2,0.2,0.0,True
0,0.05,asset_lower:Asset_025,>=,0.00999999999973342,0.0,0.00999999999973342,0.0,True
0,0.05,asset_upper:Asset_025,<=,0.00999999999973342,0.2,0.1900000000002666,0.0,True
0,0.05,asset_lower:Asset_026,>=,0.0,0.0,0.0,0.0,True
0,0.05,asset_upper:Asset_026,<=,0.0,0.2,0.2,0.0,True
0,0.05,asset_lower:Asset_027,>=,0.0,0.0,0.0,0.0,True
0,0.05,asset_upper:Asset_027,<=,0.0,0.2,0.2,0.0,True
0,0.05,asset_lower:Asset_028,>=,0.0,0.0,0.0,0.0,True
0,0.05,asset_upper:Asset_028,<=,0.0,0.2,0.2,0.0,True
0,0.05,asset_lower:Asset_029,>=,0.0,0.0,0.0,0.0,True
0,0.05,asset_upper:Asset_029,<=,0.0,0.2,0.2,0.0,True
0,0.05,asset_lower:Asset_030,>=,0.0,0.0,0.0,0.0,True
0,0.05,asset_upper:Asset_030,<=,0.0,0.2,0.2,0.0,True
0,0.05,asset_lower:Asset_031,>=,0.0,0.0,0.0,0.0,True
0,0.05,asset_upper:Asset_031,<=,0.0,0.2,0.2,0.0,True
0,0.05,asset_lower:Asset_032,>=,0.0,0.0,0.0,0.0,True
0,0.05,asset_upper:Asset_032,<=,0.0,0.2,0.2,0.0,True
0,0.05,asset_lower:Asset_033,>=,0.0,0.0,0.0,0.0,True
0,0.05,asset_upper:Asset_033,<=,0.0,0.2,0.2,0.0,True
0,0.05,asset_lower:Asset_034,>=,0.0,0.0,0.0,0.0,True
0,0.05,asset_upper:Asset_034,<=,0.0,0.2,0.2,0.0,True
0,0.05,asset_lower:Asset_035,>=,0.0,0.0,0.0,0.0,True
0,0.05,asset_upper:Asset_035,<=,0.0,0.2,0.2,0.0,True
0,0.05,asset_lower:Asset_036,>=,0.0,0.0,0.0,0.0,True
0,0.05,asset_upper:Asset_036,<=,0.0,0.2,0.2,0.0,True
0,0.05,asset_lower:Asset_037,>=,0.0,0.0,0.0,0.0,True
0,0.05,asset_upper:Asset_037,<=,0.0,0.2,0.2,0.0,True
0,0.05,asset_lower:Asset_038,>=,0.050000000000699006,0.0,0.050000000000699006,0.0,True
0,0.05,asset_upper:Asset_038,<=,0.050000000000699006,0.2,0.149999999999301,0.0,True
0,0.05,asset_lower:Asset_039,>=,0.0,0.0,0.0,0.0,True
0,0.05,asset_upper:Asset_039,<=,0.0,0.2,0.2,0.0,True
0,0.05,asset_lower:Asset_040,>=,0.0,0.0,0.0,0.0,True
0,0.05,asset_upper:Asset_040,<=,0.0,0.2,0.2,0.0,True
0,0.05,asset_lower:Asset_041,>=,0.0,0.0,0.0,0.0,True
0,0.05,asset_upper:Asset_041,<=,0.0,0.2,0.2,0.0,True
0,0.05,asset_lower:Asset_042,>=,0.0,0.0,0.0,0.0,True
0,0.05,asset_upper:Asset_042,<=,0.0,0.2,0.2,0.0,True
0,0.05,asset_lower:Asset_043,>=,0.0,0.0,0.0,0.0,True
0,0.05,asset_upper:Asset_043,<=,0.0,0.2,0.2,0.0,True
0,0.05,asset_lower:Asset_044,>=,0.0,0.0,0.0,0.0,True
0,0.05,asset_upper:Asset_044,<=,0.0,0.2,0.2,0.0,True
0,0.05,asset_lower:Asset_045,>=,0.0,0.0,0.0,0.0,True
0,0.05,asset_upper:Asset_045,<=,0.0,0.2,0.2,0.0,True
0,0.05,asset_lower:Asset_046,>=,0.0,0.0,0.0,0.0,True
0,0.05,asset_upper:Asset_046,<=,0.0,0.2,0.2,0.0,True
0,0.05,asset_lower:Asset_047,>=,0.0,0.0,0.0,0.0,True
0,0.05,asset_upper:Asset_047,<=,0.0,0.2,0.2,0.0,True
0,0.05,asset_lower:Asset_048,>=,0.0,0.0,0.0,0.0,True
0,0.05,asset_upper:Asset_048,<=,0.0,0.2,0.2,0.0,True
0,0.05,asset_lower:Asset_049,>=,0.0499999999537502,0.0,0.0499999999537502,0.0,True
0,0.05,asset_upper:Asset_049,<=,0.0499999999537502,0.2,0.1500000000462498,0.0,True
0,0.05,asset_lower:Asset_050,>=,0.0,0.0,0.0,0.0,True
0,0.05,asset_upper:Asset_050,<=,0.0,0.2,0.2,0.0,True
0,0.05,asset_lower:Asset_051,>=,0.0,0.0,0.0,0.0,True
0,0.05,asset_upper:Asset_051,<=,0.0,0.2,0.2,0.0,True
0,0.05,asset_lower:Asset_052,>=,0.0,0.0,0.0,0.0,True
0,0.05,asset_upper:Asset_052,<=,0.0,0.2,0.2,0.0,True
0,0.05,asset_lower:Asset_053,>=,0.0,0.0,0.0,0.0,True
0,0.05,asset_upper:Asset_053,<=,0.0,0.2,0.2,0.0,True
0,0.05,asset_lower:Asset_054,>=,0.09999999999964805,0.0,0.09999999999964805,0.0,True
0,0.05,asset_upper:Asset_054,<=,0.09999999999964805,0.2,0.10000000000035196,0.0,True
0,0.05,asset_lower:Asset_055,>=,0.03965256569712093,0.0,0.03965256569712093,0.0,True
0,0.05,asset_upper:Asset_055,<=,0.03965256569712093,0.2,0.16034743430287907,0.0,True
0,0.05,asset_lower:Asset_056,>=,0.0,0.0,0.0,0.0,True
0,0.05,asset_upper:Asset_056,<=,0.0,0.2,0.2,0.0,True
0,0.05,asset_lower:Asset_057,>=,0.0,0.0,0.0,0.0,True
0,0.05,asset_upper:Asset_057,<=,0.0,0.2,0.2,0.0,True
0,0.05,asset_lower:Asset_058,>=,0.0,0.0,0.0,0.0,True
0,0.05,asset_upper:Asset_058,<=,0.0,0.2,0.2,0.0,True
0,0.05,asset_lower:Asset_059,>=,0.0,0.0,0.0,0.0,True
0,0.05,asset_upper:Asset_059,<=,0.0,0.2,0.2,0.0,True
0,0.05,asset_lower:Asset_060,>=,0.0,0.0,0.0,0.0,True
0,0.05,asset_upper:Asset_060,<=,0.0,0.2,0.2,0.0,True
0,0.05,asset_lower:Asset_061,>=,0.0,0.0,0.0,0.0,True
0,0.05,asset_upper:Asset_061,<=,0.0,0.2,0.2,0.0,True
0,0.05,asset_lower:Asset_062,>=,0.09999999998347066,0.0,0.09999999998347066,0.0,True
0,0.05,asset_upper:Asset_062,<=,0.09999999998347066,0.2,0.10000000001652935,0.0,True
0,0.05,asset_lower:Asset_063,>=,0.0,0.0,0.0,0.0,True
0,0.05,asset_upper:Asset_063,<=,0.0,0.2,0.2,0.0,True
0,0.05,asset_lower:Asset_064,>=,0.05000000000005443,0.0,0.05000000000005443,0.0,True
0,0.05,asset_upper:Asset_064,<=,0.05000000000005443,0.2,0.14999999999994557,0.0,True
0,0.05,asset_lower:Asset_065,>=,0.0,0.0,0.0,0.0,True
0,0.05,asset_upper:Asset_065,<=,0.0,0.2,0.2,0.0,True
0,0.05,asset_lower:Asset_066,>=,0.0,0.0,0.0,0.0,True
0,0.05,asset_upper:Asset_066,<=,0.0,0.2,0.2,0.0,True
0,0.05,asset_lower:Asset_067,>=,0.0,0.0,0.0,0.0,True
0,0.05,asset_upper:Asset_067,<=,0.0,0.2,0.2,0.0,True
0,0.05,asset_lower:Asset_068,>=,0.0,0.0,0.0,0.0,True
0,0.05,asset_upper:Asset_068,<=,0.0,0.2,0.2,0.0,True
0,0.05,asset_lower:Asset_069,>=,0.0,0.0,0.0,0.0,True
0,0.05,asset_upper:Asset_069,<=,0.0,0.2,0.2,0.0,True
0,0.05,asset_lower:Asset_070,>=,0.0,0.0,0.0,0.0,True
0,0.05,asset_upper:Asset_070,<=,0.0,0.2,0.2,0.0,True
0,0.05,asset_lower:Asset_071,>=,0.0,0.0,0.0,0.0,True
0,0.05,asset_upper:Asset_071,<=,0.0,0.2,0.2,0.0,True
0,0.05,asset_lower:Asset_072,>=,0.0,0.0,0.0,0.0,True
0,0.05,asset_upper:Asset_072,<=,0.0,0.2,0.2,0.0,True
0,0.05,asset_lower:Asset_073,>=,0.0499999999998124,0.0,0.0499999999998124,0.0,True
0,0.05,asset_upper:Asset_073,<=,0.0499999999998124,0.2,0.1500000000001876,0.0,True
0,0.05,asset_lower:Asset_074,>=,0.0,0.0,0.0,0.0,True
0,0.05,asset_upper:Asset_074,<=,0.0,0.2,0.2,0.0,True
0,0.05,asset_lower:Asset_075,>=,0.04999999999501625,0.0,0.04999999999501625,0.0,True
0,0.05,asset_upper:Asset_075,<=,0.04999999999501625,0.2,0.15000000000498376,0.0,True
0,0.05,asset_lower:Asset_076,>=,0.0,0.0,0.0,0.0,True
0,0.05,asset_upper:Asset_076,<=,0.0,0.2,0.2,0.0,True
0,0.05,asset_lower:Asset_077,>=,0.0,0.0,0.0,0.0,True
0,0.05,asset_upper:Asset_077,<=,0.0,0.2,0.2,0.0,True
0,0.05,asset_lower:Asset_078,>=,0.0,0.0,0.0,0.0,True
0,0.05,asset_upper:Asset_078,<=,0.0,0.2,0.2,0.0,True
0,0.05,asset_lower:Asset_079,>=,0.0,0.0,0.0,0.0,True
0,0.05,asset_upper:Asset_079,<=,0.0,0.2,0.2,0.0,True
0,0.05,asset_lower:Asset_080,>=,0.0,0.0,0.0,0.0,True
0,0.05,asset_upper:Asset_080,<=,0.0,0.2,0.2,0.0,True
0,0.05,asset_lower:Asset_081,>=,0.04937190906531496,0.0,0.04937190906531496,0.0,True
0,0.05,asset_upper:Asset_081,<=,0.04937190906531496,0.2,0.15062809093468504,0.0,True
0,0.05,asset_lower:Asset_082,>=,0.0,0.0,0.0,0.0,True
0,0.05,asset_upper:Asset_082,<=,0.0,0.2,0.2,0.0,True
0,0.05,asset_lower:Asset_083,>=,0.09999999999961286,0.0,0.09999999999961286,0.0,True
0,0.05,asset_upper:Asset_083,<=,0.09999999999961286,0.2,0.10000000000038715,0.0,True
0,0.05,asset_lower:Asset_084,>=,0.0,0.0,0.0,0.0,True
0,0.05,asset_upper:Asset_084,<=,0.0,0.2,0.2,0.0,True
0,0.05,asset_lower:Asset_085,>=,0.0,0.0,0.0,0.0,True
0,0.05,asset_upper:Asset_085,<=,0.0,0.2,0.2,0.0,True
0,0.05,asset_lower:Asset_086,>=,0.0,0.0,0.0,0.0,True
0,0.05,asset_upper:Asset_086,<=,0.0,0.2,0.2,0.0,True
0,0.05,asset_lower:Asset_087,>=,0.0,0.0,0.0,0.0,True
0,0.05,asset_upper:Asset_087,<=,0.0,0.2,0.2,0.0,True
0,0.05,asset_lower:Asset_088,>=,0.0,0.0,0.0,0.0,True
0,0.05,asset_upper:Asset_088,<=,0.0,0.2,0.2,0.0,True
0,0.05,asset_lower:Asset_089,>=,0.0,0.0,0.0,0.0,True
0,0.05,asset_upper:Asset_089,<=,0.0,0.2,0.2,0.0,True
0,0.05,asset_lower:Asset_090,>=,0.0,0.0,0.0,0.0,True
0,0.05,asset_upper:Asset_090,<=,0.0,0.2,0.2,0.0,True
0,0.05,asset_lower:Asset_091,>=,0.020975525297663077,0.0,0.020975525297663077,0.0,True
0,0.05,asset_upper:Asset_091,<=,0.020975525297663077,0.2,0.17902447470233693,0.0,True
0,0.05,asset_lower:Asset_092,>=,0.009999999999660227,0.0,0.009999999999660227,0.0,True
0,0.05,asset_upper:Asset_092,<=,0.009999999999660227,0.2,0.19000000000033979,0.0,True
0,0.05,asset_lower:Asset_093,>=,0.04999999999946896,0.0,0.04999999999946896,0.0,True
0,0.05,asset_upper:Asset_093,<=,0.04999999999946896,0.2,0.15000000000053104,0.0,True
0,0.05,asset_lower:Asset_094,>=,0.0,0.0,0.0,0.0,True
0,0.05,asset_upper:Asset_094,<=,0.0,0.2,0.2,0.0,True
0,0.05,asset_lower:Asset_095,>=,0.0,0.0,0.0,0.0,True
0,0.05,asset_upper:Asset_095,<=,0.0,0.2,0.2,0.0,True
0,0.05,asset_lower:Asset_096,>=,0.009999999999713903,0.0,0.009999999999713903,0.0,True
0,0.05,asset_upper:Asset_096,<=,0.009999999999713903,0.2,0.1900000000002861,0.0,True
0,0.05,asset_lower:Asset_097,>=,0.050000000005932105,0.0,0.050000000005932105,0.0,True
0,0.05,asset_upper:Asset_097,<=,0.050000000005932105,0.2,0.1499999999940679,0.0,True
0,0.05,asset_lower:Asset_098,>=,0.0,0.0,0.0,0.0,True
0,0.05,asset_upper:Asset_098,<=,0.0,0.2,0.2,0.0,True
0,0.05,asset_lower:Asset_099,>=,0.0,0.0,0.0,0.0,True
0,0.05,asset_upper:Asset_099,<=,0.0,0.2,0.2,0.0,True
0,0.05,group_lower:Group_0,>=,0.11062809099820806,0.10000000000000002,0.010628090998208037,0.0,True
0,0.05,group_upper:Group_0,<=,0.11062809099820806,0.25,0.13937190900179194,0.0,True
0,0.05,group_lower:Group_1,>=,0.1199999999826678,0.10000000000000002,0.019999999982667785,0.0,True
0,0.05,group_upper:Group_1,<=,0.1199999999826678,0.25,0.1300000000173322,0.0,True
0,0.05,group_lower:Group_2,>=,0.20000000000627915,0.10000000000000002,0.10000000000627914,0.0,True
0,0.05,group_upper:Group_2,<=,0.20000000000627915,0.25,0.049999999993720845,0.0,True
0,0.05,group_lower:Group_3,>=,0.14937190906038567,0.10000000000000002,0.049371909060385646,0.0,True
0,0.05,group_upper:Group_3,<=,0.14937190906038567,0.25,0.10062809093961433,0.0,True
0,0.05,group_lower:Group_4,>=,0.0999999999535626,0.05,0.04999999995356259,0.0,True
0,0.05,group_upper:Group_4,<=,0.0999999999535626,0.2,0.10000000004643742,0.0,True
0,0.05,group_lower:Group_5,>=,0.15000000000047164,0.05,0.10000000000047164,0.0,True
0,0.05,group_upper:Group_5,<=,0.15000000000047164,0.2,0.049999999999528366,0.0,True
0,0.05,group_lower:Group_6,>=,0.10999999999929601,0.05,0.059999999999296005,0.0,True
0,0.05,group_upper:Group_6,<=,0.10999999999929601,0.2,0.090000000000704,0.0,True
0,0.05,group_lower:Group_7,>=,0.05999999999912919,0.05,0.009999999999129185,0.0,True
0,0.05,group_upper:Group_7,<=,0.05999999999912919,0.2,0.14000000000087082,0.0,True
0,0.05,max_turnover,<=,0.39999999998656394,0.4,1.3436085577467338e-11,0.0,True
0,0.05,exact_cardinality,=,20.0,20.0,-0.0,0.0,True
0,0.05,minimum_active_weight:Asset_006,>=,0.009999999999463736,0.01,-5.362637417460903e-13,5.362637417460903e-13,True
0,0.05,minimum_active_weight:Asset_008,>=,0.050000000000858795,0.01,0.04000000000085879,0.0,True
0,0.05,minimum_active_weight:Asset_015,>=,0.050000000003424035,0.01,0.04000000000342403,0.0,True
0,0.05,minimum_active_weight:Asset_017,>=,0.0999999999995821,0.01,0.08999999999958211,0.0,True
0,0.05,minimum_active_weight:Asset_025,>=,0.00999999999973342,0.01,-2.665801607237839e-13,2.665801607237839e-13,True
0,0.05,minimum_active_weight:Asset_038,>=,0.050000000000699006,0.01,0.040000000000699004,0.0,True
0,0.05,minimum_active_weight:Asset_049,>=,0.0499999999537502,0.01,0.0399999999537502,0.0,True
0,0.05,minimum_active_weight:Asset_054,>=,0.09999999999964805,0.01,0.08999999999964806,0.0,True
0,0.05,minimum_active_weight:Asset_055,>=,0.03965256569712093,0.01,0.02965256569712093,0.0,True
0,0.05,minimum_active_weight:Asset_062,>=,0.09999999998347066,0.01,0.08999999998347066,0.0,True
0,0.05,minimum_active_weight:Asset_064,>=,0.05000000000005443,0.01,0.04000000000005443,0.0,True
0,0.05,minimum_active_weight:Asset_073,>=,0.0499999999998124,0.01,0.0399999999998124,0.0,True
0,0.05,minimum_active_weight:Asset_075,>=,0.04999999999501625,0.01,0.03999999999501625,0.0,True
0,0.05,minimum_active_weight:Asset_081,>=,0.04937190906531496,0.01,0.03937190906531496,0.0,True
0,0.05,minimum_active_weight:Asset_083,>=,0.09999999999961286,0.01,0.08999999999961286,0.0,True
0,0.05,minimum_active_weight:Asset_091,>=,0.020975525297663077,0.01,0.010975525297663076,0.0,True
0,0.05,minimum_active_weight:Asset_092,>=,0.009999999999660227,0.01,-3.397733483456733e-13,3.397733483456733e-13,True
0,0.05,minimum_active_weight:Asset_093,>=,0.04999999999946896,0.01,0.03999999999946896,0.0,True
0,0.05,minimum_active_weight:Asset_096,>=,0.009999999999713903,0.01,-2.8609753455199893e-13,2.8609753455199893e-13,True
0,0.05,minimum_active_weight:Asset_097,>=,0.050000000005932105,0.01,0.0400000000059321,0.0,True
0,0.05,implementation_upper:Asset_000,<=,0.0,0.1,0.1,0.0,True
0,0.05,implementation_upper:Asset_001,<=,0.0,0.1,0.1,0.0,True
0,0.05,implementation_upper:Asset_002,<=,0.0,0.1,0.1,0.0,True
0,0.05,implementation_upper:Asset_003,<=,0.0,0.1,0.1,0.0,True
0,0.05,implementation_upper:Asset_004,<=,0.0,0.1,0.1,0.0,True
0,0.05,implementation_upper:Asset_005,<=,0.0,0.1,0.1,0.0,True
0,0.05,implementation_upper:Asset_006,<=,0.009999999999463736,0.1,0.09000000000053626,0.0,True
0,0.05,implementation_upper:Asset_007,<=,0.0,0.1,0.1,0.0,True
0,0.05,implementation_upper:Asset_008,<=,0.050000000000858795,0.1,0.04999999999914121,0.0,True
0,0.05,implementation_upper:Asset_009,<=,0.0,0.1,0.1,0.0,True
0,0.05,implementation_upper:Asset_010,<=,0.0,0.1,0.1,0.0,True
0,0.05,implementation_upper:Asset_011,<=,0.0,0.1,0.1,0.0,True
0,0.05,implementation_upper:Asset_012,<=,0.0,0.1,0.1,0.0,True
0,0.05,implementation_upper:Asset_013,<=,0.0,0.1,0.1,0.0,True
0,0.05,implementation_upper:Asset_014,<=,0.0,0.1,0.1,0.0,True
0,0.05,implementation_upper:Asset_015,<=,0.050000000003424035,0.1,0.04999999999657597,0.0,True
0,0.05,implementation_upper:Asset_016,<=,0.0,0.1,0.1,0.0,True
0,0.05,implementation_upper:Asset_017,<=,0.0999999999995821,0.1,4.1790182425671674e-13,0.0,True
0,0.05,implementation_upper:Asset_018,<=,0.0,0.1,0.1,0.0,True
0,0.05,implementation_upper:Asset_019,<=,0.0,0.1,0.1,0.0,True
0,0.05,implementation_upper:Asset_020,<=,0.0,0.1,0.1,0.0,True
0,0.05,implementation_upper:Asset_021,<=,0.0,0.1,0.1,0.0,True
0,0.05,implementation_upper:Asset_022,<=,0.0,0.1,0.1,0.0,True
0,0.05,implementation_upper:Asset_023,<=,0.0,0.1,0.1,0.0,True
0,0.05,implementation_upper:Asset_024,<=,0.0,0.1,0.1,0.0,True
0,0.05,implementation_upper:Asset_025,<=,0.00999999999973342,0.1,0.09000000000026659,0.0,True
0,0.05,implementation_upper:Asset_026,<=,0.0,0.1,0.1,0.0,True
0,0.05,implementation_upper:Asset_027,<=,0.0,0.1,0.1,0.0,True
0,0.05,implementation_upper:Asset_028,<=,0.0,0.1,0.1,0.0,True
0,0.05,implementation_upper:Asset_029,<=,0.0,0.1,0.1,0.0,True
0,0.05,implementation_upper:Asset_030,<=,0.0,0.1,0.1,0.0,True
0,0.05,implementation_upper:Asset_031,<=,0.0,0.1,0.1,0.0,True
0,0.05,implementation_upper:Asset_032,<=,0.0,0.1,0.1,0.0,True
0,0.05,implementation_upper:Asset_033,<=,0.0,0.1,0.1,0.0,True
0,0.05,implementation_upper:Asset_034,<=,0.0,0.1,0.1,0.0,True
0,0.05,implementation_upper:Asset_035,<=,0.0,0.1,0.1,0.0,True
0,0.05,implementation_upper:Asset_036,<=,0.0,0.1,0.1,0.0,True
0,0.05,implementation_upper:Asset_037,<=,0.0,0.1,0.1,0.0,True
0,0.05,implementation_upper:Asset_038,<=,0.050000000000699006,0.1,0.049999999999301,0.0,True
0,0.05,implementation_upper:Asset_039,<=,0.0,0.1,0.1,0.0,True
0,0.05,implementation_upper:Asset_040,<=,0.0,0.1,0.1,0.0,True
0,0.05,implementation_upper:Asset_041,<=,0.0,0.1,0.1,0.0,True
0,0.05,implementation_upper:Asset_042,<=,0.0,0.1,0.1,0.0,True
0,0.05,implementation_upper:Asset_043,<=,0.0,0.1,0.1,0.0,True
0,0.05,implementation_upper:Asset_044,<=,0.0,0.1,0.1,0.0,True
0,0.05,implementation_upper:Asset_045,<=,0.0,0.1,0.1,0.0,True
0,0.05,implementation_upper:Asset_046,<=,0.0,0.1,0.1,0.0,True
0,0.05,implementation_upper:Asset_047,<=,0.0,0.1,0.1,0.0,True
0,0.05,implementation_upper:Asset_048,<=,0.0,0.1,0.1,0.0,True
0,0.05,implementation_upper:Asset_049,<=,0.0499999999537502,0.1,0.050000000046249805,0.0,True
0,0.05,implementation_upper:Asset_050,<=,0.0,0.1,0.1,0.0,True
0,0.05,implementation_upper:Asset_051,<=,0.0,0.1,0.1,0.0,True
0,0.05,implementation_upper:Asset_052,<=,0.0,0.1,0.1,0.0,True
0,0.05,implementation_upper:Asset_053,<=,0.0,0.1,0.1,0.0,True
0,0.05,implementation_upper:Asset_054,<=,0.09999999999964805,0.1,3.5195457659398244e-13,0.0,True
0,0.05,implementation_upper:Asset_055,<=,0.03965256569712093,0.1,0.060347434302879074,0.0,True
0,0.05,implementation_upper:Asset_056,<=,0.0,0.1,0.1,0.0,True
0,0.05,implementation_upper:Asset_057,<=,0.0,0.1,0.1,0.0,True
0,0.05,implementation_upper:Asset_058,<=,0.0,0.1,0.1,0.0,True
0,0.05,implementation_upper:Asset_059,<=,0.0,0.1,0.1,0.0,True
0,0.05,implementation_upper:Asset_060,<=,0.0,0.1,0.1,0.0,True
0,0.05,implementation_upper:Asset_061,<=,0.0,0.1,0.1,0.0,True
0,0.05,implementation_upper:Asset_062,<=,0.09999999998347066,0.1,1.6529347335314526e-11,0.0,True
0,0.05,implementation_upper:Asset_063,<=,0.0,0.1,0.1,0.0,True
0,0.05,implementation_upper:Asset_064,<=,0.05000000000005443,0.1,0.049999999999945574,0.0,True
0,0.05,implementation_upper:Asset_065,<=,0.0,0.1,0.1,0.0,True
0,0.05,implementation_upper:Asset_066,<=,0.0,0.1,0.1,0.0,True
0,0.05,implementation_upper:Asset_067,<=,0.0,0.1,0.1,0.0,True
0,0.05,implementation_upper:Asset_068,<=,0.0,0.1,0.1,0.0,True
0,0.05,implementation_upper:Asset_069,<=,0.0,0.1,0.1,0.0,True
0,0.05,implementation_upper:Asset_070,<=,0.0,0.1,0.1,0.0,True
0,0.05,implementation_upper:Asset_071,<=,0.0,0.1,0.1,0.0,True
0,0.05,implementation_upper:Asset_072,<=,0.0,0.1,0.1,0.0,True
0,0.05,implementation_upper:Asset_073,<=,0.0499999999998124,0.1,0.0500000000001876,0.0,True
0,0.05,implementation_upper:Asset_074,<=,0.0,0.1,0.1,0.0,True
0,0.05,implementation_upper:Asset_075,<=,0.04999999999501625,0.1,0.05000000000498375,0.0,True
0,0.05,implementation_upper:Asset_076,<=,0.0,0.1,0.1,0.0,True
0,0.05,implementation_upper:Asset_077,<=,0.0,0.1,0.1,0.0,True
0,0.05,implementation_upper:Asset_078,<=,0.0,0.1,0.1,0.0,True
0,0.05,implementation_upper:Asset_079,<=,0.0,0.1,0.1,0.0,True
0,0.05,implementation_upper:Asset_080,<=,0.0,0.1,0.1,0.0,True
0,0.05,implementation_upper:Asset_081,<=,0.04937190906531496,0.1,0.050628090934685045,0.0,True
0,0.05,implementation_upper:Asset_082,<=,0.0,0.1,0.1,0.0,True
0,0.05,implementation_upper:Asset_083,<=,0.09999999999961286,0.1,3.871486464745999e-13,0.0,True
0,0.05,implementation_upper:Asset_084,<=,0.0,0.1,0.1,0.0,True
0,0.05,implementation_upper:Asset_085,<=,0.0,0.1,0.1,0.0,True
0,0.05,implementation_upper:Asset_086,<=,0.0,0.1,0.1,0.0,True
0,0.05,implementation_upper:Asset_087,<=,0.0,0.1,0.1,0.0,True
0,0.05,implementation_upper:Asset_088,<=,0.0,0.1,0.1,0.0,True
0,0.05,implementation_upper:Asset_089,<=,0.0,0.1,0.1,0.0,True
0,0.05,implementation_upper:Asset_090,<=,0.0,0.1,0.1,0.0,True
0,0.05,implementation_upper:Asset_091,<=,0.020975525297663077,0.1,0.07902447470233692,0.0,True
0,0.05,implementation_upper:Asset_092,<=,0.009999999999660227,0.1,0.09000000000033978,0.0,True
0,0.05,implementation_upper:Asset_093,<=,0.04999999999946896,0.1,0.05000000000053104,0.0,True
0,0.05,implementation_upper:Asset_094,<=,0.0,0.1,0.1,0.0,True
0,0.05,implementation_upper:Asset_095,<=,0.0,0.1,0.1,0.0,True
0,0.05,implementation_upper:Asset_096,<=,0.009999999999713903,0.1,0.0900000000002861,0.0,True
0,0.05,implementation_upper:Asset_097,<=,0.050000000005932105,0.1,0.0499999999940679,0.0,True
0,0.05,implementation_upper:Asset_098,<=,0.0,0.1,0.1,0.0,True
0,0.05,implementation_upper:Asset_099,<=,0.0,0.1,0.1,0.0,True
0,0.1,budget,=,1.0000000000000013,1.0,-1.3322676295501878e-15,1.3322676295501878e-15,True
0,0.1,asset_lower:Asset_000,>=,0.0,0.0,0.0,0.0,True
0,0.1,asset_upper:Asset_000,<=,0.0,0.2,0.2,0.0,True
0,0.1,asset_lower:Asset_001,>=,0.0,0.0,0.0,0.0,True
0,0.1,asset_upper:Asset_001,<=,0.0,0.2,0.2,0.0,True
0,0.1,asset_lower:Asset_002,>=,0.0,0.0,0.0,0.0,True
0,0.1,asset_upper:Asset_002,<=,0.0,0.2,0.2,0.0,True
0,0.1,asset_lower:Asset_003,>=,0.0,0.0,0.0,0.0,True
0,0.1,asset_upper:Asset_003,<=,0.0,0.2,0.2,0.0,True
0,0.1,asset_lower:Asset_004,>=,0.0,0.0,0.0,0.0,True
0,0.1,asset_upper:Asset_004,<=,0.0,0.2,0.2,0.0,True
0,0.1,asset_lower:Asset_005,>=,0.0,0.0,0.0,0.0,True
0,0.1,asset_upper:Asset_005,<=,0.0,0.2,0.2,0.0,True
0,0.1,asset_lower:Asset_006,>=,0.009999999998666556,0.0,0.009999999998666556,0.0,True
0,0.1,asset_upper:Asset_006,<=,0.009999999998666556,0.2,0.19000000000133346,0.0,True
0,0.1,asset_lower:Asset_007,>=,0.0,0.0,0.0,0.0,True
0,0.1,asset_upper:Asset_007,<=,0.0,0.2,0.2,0.0,True
0,0.1,asset_lower:Asset_008,>=,0.05000000000038972,0.0,0.05000000000038972,0.0,True
0,0.1,asset_upper:Asset_008,<=,0.05000000000038972,0.2,0.14999999999961028,0.0,True
0,0.1,asset_lower:Asset_009,>=,0.0,0.0,0.0,0.0,True
0,0.1,asset_upper:Asset_009,<=,0.0,0.2,0.2,0.0,True
0,0.1,asset_lower:Asset_010,>=,0.0,0.0,0.0,0.0,True
0,0.1,asset_upper:Asset_010,<=,0.0,0.2,0.2,0.0,True
0,0.1,asset_lower:Asset_011,>=,0.0,0.0,0.0,0.0,True
0,0.1,asset_upper:Asset_011,<=,0.0,0.2,0.2,0.0,True
0,0.1,asset_lower:Asset_012,>=,0.0,0.0,0.0,0.0,True
0,0.1,asset_upper:Asset_012,<=,0.0,0.2,0.2,0.0,True
0,0.1,asset_lower:Asset_013,>=,0.0,0.0,0.0,0.0,True
0,0.1,asset_upper:Asset_013,<=,0.0,0.2,0.2,0.0,True
0,0.1,asset_lower:Asset_014,>=,0.0,0.0,0.0,0.0,True
0,0.1,asset_upper:Asset_014,<=,0.0,0.2,0.2,0.0,True
0,0.1,asset_lower:Asset_015,>=,0.05000000000897761,0.0,0.05000000000897761,0.0,True
0,0.1,asset_upper:Asset_015,<=,0.05000000000897761,0.2,0.1499999999910224,0.0,True
0,0.1,asset_lower:Asset_016,>=,0.0,0.0,0.0,0.0,True
0,0.1,asset_upper:Asset_016,<=,0.0,0.2,0.2,0.0,True
0,0.1,asset_lower:Asset_017,>=,0.09999999999789284,0.0,0.09999999999789284,0.0,True
0,0.1,asset_upper:Asset_017,<=,0.09999999999789284,0.2,0.10000000000210717,0.0,True
0,0.1,asset_lower:Asset_018,>=,0.0,0.0,0.0,0.0,True
0,0.1,asset_upper:Asset_018,<=,0.0,0.2,0.2,0.0,True
0,0.1,asset_lower:Asset_019,>=,0.0,0.0,0.0,0.0,True
0,0.1,asset_upper:Asset_019,<=,0.0,0.2,0.2,0.0,True
0,0.1,asset_lower:Asset_020,>=,0.0,0.0,0.0,0.0,True
0,0.1,asset_upper:Asset_020,<=,0.0,0.2,0.2,0.0,True
0,0.1,asset_lower:Asset_021,>=,0.0,0.0,0.0,0.0,True
0,0.1,asset_upper:Asset_021,<=,0.0,0.2,0.2,0.0,True
0,0.1,asset_lower:Asset_022,>=,0.0,0.0,0.0,0.0,True
0,0.1,asset_upper:Asset_022,<=,0.0,0.2,0.2,0.0,True
0,0.1,asset_lower:Asset_023,>=,0.0,0.0,0.0,0.0,True
0,0.1,asset_upper:Asset_023,<=,0.0,0.2,0.2,0.0,True
0,0.1,asset_lower:Asset_024,>=,0.0,0.0,0.0,0.0,True
0,0.1,asset_upper:Asset_024,<=,0.0,0.2,0.2,0.0,True
0,0.1,asset_lower:Asset_025,>=,0.009999999999268695,0.0,0.009999999999268695,0.0,True
0,0.1,asset_upper:Asset_025,<=,0.009999999999268695,0.2,0.1900000000007313,0.0,True
0,0.1,asset_lower:Asset_026,>=,0.0,0.0,0.0,0.0,True
0,0.1,asset_upper:Asset_026,<=,0.0,0.2,0.2,0.0,True
0,0.1,asset_lower:Asset_027,>=,0.0,0.0,0.0,0.0,True
0,0.1,asset_upper:Asset_027,<=,0.0,0.2,0.2,0.0,True
0,0.1,asset_lower:Asset_028,>=,0.0,0.0,0.0,0.0,True
0,0.1,asset_upper:Asset_028,<=,0.0,0.2,0.2,0.0,True
0,0.1,asset_lower:Asset_029,>=,0.0,0.0,0.0,0.0,True
0,0.1,asset_upper:Asset_029,<=,0.0,0.2,0.2,0.0,True
0,0.1,asset_lower:Asset_030,>=,0.0,0.0,0.0,0.0,True
0,0.1,asset_upper:Asset_030,<=,0.0,0.2,0.2,0.0,True
0,0.1,asset_lower:Asset_031,>=,0.0,0.0,0.0,0.0,True
0,0.1,asset_upper:Asset_031,<=,0.0,0.2,0.2,0.0,True
0,0.1,asset_lower:Asset_032,>=,0.0,0.0,0.0,0.0,True
0,0.1,asset_upper:Asset_032,<=,0.0,0.2,0.2,0.0,True
0,0.1,asset_lower:Asset_033,>=,0.0,0.0,0.0,0.0,True
0,0.1,asset_upper:Asset_033,<=,0.0,0.2,0.2,0.0,True
0,0.1,asset_lower:Asset_034,>=,0.0,0.0,0.0,0.0,True
0,0.1,asset_upper:Asset_034,<=,0.0,0.2,0.2,0.0,True
0,0.1,asset_lower:Asset_035,>=,0.0,0.0,0.0,0.0,True
0,0.1,asset_upper:Asset_035,<=,0.0,0.2,0.2,0.0,True
0,0.1,asset_lower:Asset_036,>=,0.0,0.0,0.0,0.0,True
0,0.1,asset_upper:Asset_036,<=,0.0,0.2,0.2,0.0,True
0,0.1,asset_lower:Asset_037,>=,0.0,0.0,0.0,0.0,True
0,0.1,asset_upper:Asset_037,<=,0.0,0.2,0.2,0.0,True
0,0.1,asset_lower:Asset_038,>=,0.05000000000175537,0.0,0.05000000000175537,0.0,True
0,0.1,asset_upper:Asset_038,<=,0.05000000000175537,0.2,0.14999999999824465,0.0,True
0,0.1,asset_lower:Asset_039,>=,0.0,0.0,0.0,0.0,True
0,0.1,asset_upper:Asset_039,<=,0.0,0.2,0.2,0.0,True
0,0.1,asset_lower:Asset_040,>=,0.0,0.0,0.0,0.0,True
0,0.1,asset_upper:Asset_040,<=,0.0,0.2,0.2,0.0,True
0,0.1,asset_lower:Asset_041,>=,0.0,0.0,0.0,0.0,True
0,0.1,asset_upper:Asset_041,<=,0.0,0.2,0.2,0.0,True
0,0.1,asset_lower:Asset_042,>=,0.0,0.0,0.0,0.0,True
0,0.1,asset_upper:Asset_042,<=,0.0,0.2,0.2,0.0,True
0,0.1,asset_lower:Asset_043,>=,0.0,0.0,0.0,0.0,True
0,0.1,asset_upper:Asset_043,<=,0.0,0.2,0.2,0.0,True
0,0.1,asset_lower:Asset_044,>=,0.0,0.0,0.0,0.0,True
0,0.1,asset_upper:Asset_044,<=,0.0,0.2,0.2,0.0,True
0,0.1,asset_lower:Asset_045,>=,0.0,0.0,0.0,0.0,True
0,0.1,asset_upper:Asset_045,<=,0.0,0.2,0.2,0.0,True
0,0.1,asset_lower:Asset_046,>=,0.0,0.0,0.0,0.0,True
0,0.1,asset_upper:Asset_046,<=,0.0,0.2,0.2,0.0,True
0,0.1,asset_lower:Asset_047,>=,0.0,0.0,0.0,0.0,True
0,0.1,asset_upper:Asset_047,<=,0.0,0.2,0.2,0.0,True
0,0.1,asset_lower:Asset_048,>=,0.0,0.0,0.0,0.0,True
0,0.1,asset_upper:Asset_048,<=,0.0,0.2,0.2,0.0,True
0,0.1,asset_lower:Asset_049,>=,0.047032096673839195,0.0,0.047032096673839195,0.0,True
0,0.1,asset_upper:Asset_049,<=,0.047032096673839195,0.2,0.1529679033261608,0.0,True
0,0.1,asset_lower:Asset_050,>=,0.0,0.0,0.0,0.0,True
0,0.1,asset_upper:Asset_050,<=,0.0,0.2,0.2,0.0,True
0,0.1,asset_lower:Asset_051,>=,0.0,0.0,0.0,0.0,True
0,0.1,asset_upper:Asset_051,<=,0.0,0.2,0.2,0.0,True
0,0.1,asset_lower:Asset_052,>=,0.0,0.0,0.0,0.0,True
0,0.1,asset_upper:Asset_052,<=,0.0,0.2,0.2,0.0,True
0,0.1,asset_lower:Asset_053,>=,0.0,0.0,0.0,0.0,True
0,0.1,asset_upper:Asset_053,<=,0.0,0.2,0.2,0.0,True
0,0.1,asset_lower:Asset_054,>=,0.09999999999869098,0.0,0.09999999999869098,0.0,True
0,0.1,asset_upper:Asset_054,<=,0.09999999999869098,0.2,0.10000000000130903,0.0,True
0,0.1,asset_lower:Asset_055,>=,0.04999999993081532,0.0,0.04999999993081532,0.0,True
0,0.1,asset_upper:Asset_055,<=,0.04999999993081532,0.2,0.15000000006918468,0.0,True
0,0.1,asset_lower:Asset_056,>=,0.0,0.0,0.0,0.0,True
0,0.1,asset_upper:Asset_056,<=,0.0,0.2,0.2,0.0,True
0,0.1,asset_lower:Asset_057,>=,0.0,0.0,0.0,0.0,True
0,0.1,asset_upper:Asset_057,<=,0.0,0.2,0.2,0.0,True
0,0.1,asset_lower:Asset_058,>=,0.0,0.0,0.0,0.0,True
0,0.1,asset_upper:Asset_058,<=,0.0,0.2,0.2,0.0,True
0,0.1,asset_lower:Asset_059,>=,0.0,0.0,0.0,0.0,True
0,0.1,asset_upper:Asset_059,<=,0.0,0.2,0.2,0.0,True
0,0.1,asset_lower:Asset_060,>=,0.0,0.0,0.0,0.0,True
0,0.1,asset_upper:Asset_060,<=,0.0,0.2,0.2,0.0,True
0,0.1,asset_lower:Asset_061,>=,0.0,0.0,0.0,0.0,True
0,0.1,asset_upper:Asset_061,<=,0.0,0.2,0.2,0.0,True
0,0.1,asset_lower:Asset_062,>=,0.09999999998183438,0.0,0.09999999998183438,0.0,True
0,0.1,asset_upper:Asset_062,<=,0.09999999998183438,0.2,0.10000000001816563,0.0,True
0,0.1,asset_lower:Asset_063,>=,0.0,0.0,0.0,0.0,True
0,0.1,asset_upper:Asset_063,<=,0.0,0.2,0.2,0.0,True
0,0.1,asset_lower:Asset_064,>=,0.04999999999336281,0.0,0.04999999999336281,0.0,True
0,0.1,asset_upper:Asset_064,<=,0.04999999999336281,0.2,0.1500000000066372,0.0,True
0,0.1,asset_lower:Asset_065,>=,0.0,0.0,0.0,0.0,True
0,0.1,asset_upper:Asset_065,<=,0.0,0.2,0.2,0.0,True
0,0.1,asset_lower:Asset_066,>=,0.0,0.0,0.0,0.0,True
0,0.1,asset_upper:Asset_066,<=,0.0,0.2,0.2,0.0,True
0,0.1,asset_lower:Asset_067,>=,0.0,0.0,0.0,0.0,True
0,0.1,asset_upper:Asset_067,<=,0.0,0.2,0.2,0.0,True
0,0.1,asset_lower:Asset_068,>=,0.0,0.0,0.0,0.0,True
0,0.1,asset_upper:Asset_068,<=,0.0,0.2,0.2,0.0,True
0,0.1,asset_lower:Asset_069,>=,0.0,0.0,0.0,0.0,True
0,0.1,asset_upper:Asset_069,<=,0.0,0.2,0.2,0.0,True
0,0.1,asset_lower:Asset_070,>=,0.0,0.0,0.0,0.0,True
0,0.1,asset_upper:Asset_070,<=,0.0,0.2,0.2,0.0,True
0,0.1,asset_lower:Asset_071,>=,0.0,0.0,0.0,0.0,True
0,0.1,asset_upper:Asset_071,<=,0.0,0.2,0.2,0.0,True
0,0.1,asset_lower:Asset_072,>=,0.0,0.0,0.0,0.0,True
0,0.1,asset_upper:Asset_072,<=,0.0,0.2,0.2,0.0,True
0,0.1,asset_lower:Asset_073,>=,0.0499999999992496,0.0,0.0499999999992496,0.0,True
0,0.1,asset_upper:Asset_073,<=,0.0499999999992496,0.2,0.15000000000075042,0.0,True
0,0.1,asset_lower:Asset_074,>=,0.0,0.0,0.0,0.0,True
0,0.1,asset_upper:Asset_074,<=,0.0,0.2,0.2,0.0,True
0,0.1,asset_lower:Asset_075,>=,0.04999999998237986,0.0,0.04999999998237986,0.0,True
0,0.1,asset_upper:Asset_075,<=,0.04999999998237986,0.2,0.15000000001762015,0.0,True
0,0.1,asset_lower:Asset_076,>=,0.0,0.0,0.0,0.0,True
0,0.1,asset_upper:Asset_076,<=,0.0,0.2,0.2,0.0,True
0,0.1,asset_lower:Asset_077,>=,0.0,0.0,0.0,0.0,True
0,0.1,asset_upper:Asset_077,<=,0.0,0.2,0.2,0.0,True
0,0.1,asset_lower:Asset_078,>=,0.0,0.0,0.0,0.0,True
0,0.1,asset_upper:Asset_078,<=,0.0,0.2,0.2,0.0,True
0,0.1,asset_lower:Asset_079,>=,0.0,0.0,0.0,0.0,True
0,0.1,asset_upper:Asset_079,<=,0.0,0.2,0.2,0.0,True
0,0.1,asset_lower:Asset_080,>=,0.0,0.0,0.0,0.0,True
0,0.1,asset_upper:Asset_080,<=,0.0,0.2,0.2,0.0,True
0,0.1,asset_lower:Asset_081,>=,0.04426627775797426,0.0,0.04426627775797426,0.0,True
0,0.1,asset_upper:Asset_081,<=,0.04426627775797426,0.2,0.15573372224202575,0.0,True
0,0.1,asset_lower:Asset_082,>=,0.0,0.0,0.0,0.0,True
0,0.1,asset_upper:Asset_082,<=,0.0,0.2,0.2,0.0,True
0,0.1,asset_lower:Asset_083,>=,0.099999999996151,0.0,0.099999999996151,0.0,True
0,0.1,asset_upper:Asset_083,<=,0.099999999996151,0.2,0.10000000000384901,0.0,True
0,0.1,asset_lower:Asset_084,>=,0.0,0.0,0.0,0.0,True
0,0.1,asset_upper:Asset_084,<=,0.0,0.2,0.2,0.0,True
0,0.1,asset_lower:Asset_085,>=,0.0,0.0,0.0,0.0,True
0,0.1,asset_upper:Asset_085,<=,0.0,0.2,0.2,0.0,True
0,0.1,asset_lower:Asset_086,>=,0.0,0.0,0.0,0.0,True
0,0.1,asset_upper:Asset_086,<=,0.0,0.2,0.2,0.0,True
0,0.1,asset_lower:Asset_087,>=,0.0,0.0,0.0,0.0,True
0,0.1,asset_upper:Asset_087,<=,0.0,0.2,0.2,0.0,True
0,0.1,asset_lower:Asset_088,>=,0.0,0.0,0.0,0.0,True
0,0.1,asset_upper:Asset_088,<=,0.0,0.2,0.2,0.0,True
0,0.1,asset_lower:Asset_089,>=,0.0,0.0,0.0,0.0,True
0,0.1,asset_upper:Asset_089,<=,0.0,0.2,0.2,0.0,True
0,0.1,asset_lower:Asset_090,>=,0.0,0.0,0.0,0.0,True
0,0.1,asset_upper:Asset_090,<=,0.0,0.2,0.2,0.0,True
0,0.1,asset_lower:Asset_091,>=,0.01870162567504607,0.0,0.01870162567504607,0.0,True
0,0.1,asset_upper:Asset_091,<=,0.01870162567504607,0.2,0.18129837432495394,0.0,True
0,0.1,asset_lower:Asset_092,>=,0.009999999999139378,0.0,0.009999999999139378,0.0,True
0,0.1,asset_upper:Asset_092,<=,0.009999999999139378,0.2,0.19000000000086065,0.0,True
0,0.1,asset_lower:Asset_093,>=,0.04999999999700348,0.0,0.04999999999700348,0.0,True
0,0.1,asset_upper:Asset_093,<=,0.04999999999700348,0.2,0.15000000000299651,0.0,True
0,0.1,asset_lower:Asset_094,>=,0.0,0.0,0.0,0.0,True
0,0.1,asset_upper:Asset_094,<=,0.0,0.2,0.2,0.0,True
0,0.1,asset_lower:Asset_095,>=,0.0,0.0,0.0,0.0,True
0,0.1,asset_upper:Asset_095,<=,0.0,0.2,0.2,0.0,True
0,0.1,asset_lower:Asset_096,>=,0.009999999999066976,0.0,0.009999999999066976,0.0,True
0,0.1,asset_upper:Asset_096,<=,0.009999999999066976,0.2,0.19000000000093303,0.0,True
0,0.1,asset_lower:Asset_097,>=,0.050000000008497324,0.0,0.050000000008497324,0.0,True
0,0.1,asset_upper:Asset_097,<=,0.050000000008497324,0.2,0.14999999999150268,0.0,True
0,0.1,asset_lower:Asset_098,>=,0.0,0.0,0.0,0.0,True
0,0.1,asset_upper:Asset_098,<=,0.0,0.2,0.2,0.0,True
0,0.1,asset_lower:Asset_099,>=,0.0,0.0,0.0,0.0,True
0,0.1,asset_upper:Asset_099,<=,0.0,0.2,0.2,0.0,True
0,0.1,group_lower:Group_0,>=,0.118701625614839,0.10000000000000002,0.018701625614838985,0.0,True
0,0.1,group_upper:Group_0,<=,0.118701625614839,0.25,0.131298374385161,0.0,True
0,0.1,group_lower:Group_1,>=,0.11999999997976964,0.10000000000000002,0.019999999979769617,0.0,True
0,0.1,group_upper:Group_1,<=,0.11999999997976964,0.25,0.13000000002023038,0.0,True
0,0.1,group_lower:Group_2,>=,0.2000000000089437,0.10000000000000002,0.10000000000894367,0.0,True
0,0.1,group_upper:Group_2,<=,0.2000000000089437,0.25,0.04999999999105631,0.0,True
0,0.1,group_lower:Group_3,>=,0.14426627773371692,0.10000000000000002,0.0442662777337169,0.0,True
0,0.1,group_upper:Group_3,<=,0.14426627773371692,0.25,0.10573372226628308,0.0,True
0,0.1,group_lower:Group_4,>=,0.09703209667308879,0.05,0.04703209667308879,0.0,True
0,0.1,group_upper:Group_4,<=,0.09703209667308879,0.2,0.10296790332691122,0.0,True
0,0.1,group_lower:Group_5,>=,0.14999999999654073,0.05,0.09999999999654073,0.0,True
0,0.1,group_upper:Group_5,<=,0.14999999999654073,0.2,0.05000000000345928,0.0,True
0,0.1,group_lower:Group_6,>=,0.10999999999695982,0.05,0.05999999999695982,0.0,True
0,0.1,group_upper:Group_6,<=,0.10999999999695982,0.2,0.09000000000304019,0.0,True
0,0.1,group_lower:Group_7,>=,0.05999999999614286,0.05,0.009999999996142858,0.0,True
0,0.1,group_upper:Group_7,<=,0.05999999999614286,0.2,0.14000000000385715,0.0,True
0,0.1,max_turnover,<=,0.39999999998837704,0.4,1.1622980355951995e-11,0.0,True
0,0.1,exact_cardinality,=,20.0,20.0,-0.0,0.0,True
0,0.1,minimum_active_weight:Asset_006,>=,0.009999999998666556,0.01,-1.3334437720669001e-12,1.3334437720669001e-12,True
0,0.1,minimum_active_weight:Asset_008,>=,0.05000000000038972,0.01,0.04000000000038972,0.0,True
0,0.1,minimum_active_weight:Asset_015,>=,0.05000000000897761,0.01,0.04000000000897761,0.0,True
0,0.1,minimum_active_weight:Asset_017,>=,0.09999999999789284,0.01,0.08999999999789285,0.0,True
0,0.1,minimum_active_weight:Asset_025,>=,0.009999999999268695,0.01,-7.313056410440666e-13,7.313056410440666e-13,True
0,0.1,minimum_active_weight:Asset_038,>=,0.05000000000175537,0.01,0.04000000000175537,0.0,True
0,0.1,minimum_active_weight:Asset_049,>=,0.047032096673839195,0.01,0.03703209667383919,0.0,True
0,0.1,minimum_active_weight:Asset_054,>=,0.09999999999869098,0.01,0.08999999999869099,0.0,True
0,0.1,minimum_active_weight:Asset_055,>=,0.04999999993081532,0.01,0.039999999930815315,0.0,True
0,0.1,minimum_active_weight:Asset_062,>=,0.09999999998183438,0.01,0.08999999998183439,0.0,True
0,0.1,minimum_active_weight:Asset_064,>=,0.04999999999336281,0.01,0.03999999999336281,0.0,True
0,0.1,minimum_active_weight:Asset_073,>=,0.0499999999992496,0.01,0.0399999999992496,0.0,True
0,0.1,minimum_active_weight:Asset_075,>=,0.04999999998237986,0.01,0.03999999998237986,0.0,True
0,0.1,minimum_active_weight:Asset_081,>=,0.04426627775797426,0.01,0.03426627775797426,0.0,True
0,0.1,minimum_active_weight:Asset_083,>=,0.099999999996151,0.01,0.089999999996151,0.0,True
0,0.1,minimum_active_weight:Asset_091,>=,0.01870162567504607,0.01,0.00870162567504607,0.0,True
0,0.1,minimum_active_weight:Asset_092,>=,0.009999999999139378,0.01,-8.606223372842337e-13,8.606223372842337e-13,True
0,0.1,minimum_active_weight:Asset_093,>=,0.04999999999700348,0.01,0.03999999999700348,0.0,True
0,0.1,minimum_active_weight:Asset_096,>=,0.009999999999066976,0.01,-9.330244910010776e-13,9.330244910010776e-13,True
0,0.1,minimum_active_weight:Asset_097,>=,0.050000000008497324,0.01,0.04000000000849732,0.0,True
0,0.1,implementation_upper:Asset_000,<=,0.0,0.1,0.1,0.0,True
0,0.1,implementation_upper:Asset_001,<=,0.0,0.1,0.1,0.0,True
0,0.1,implementation_upper:Asset_002,<=,0.0,0.1,0.1,0.0,True
0,0.1,implementation_upper:Asset_003,<=,0.0,0.1,0.1,0.0,True
0,0.1,implementation_upper:Asset_004,<=,0.0,0.1,0.1,0.0,True
0,0.1,implementation_upper:Asset_005,<=,0.0,0.1,0.1,0.0,True
0,0.1,implementation_upper:Asset_006,<=,0.009999999998666556,0.1,0.09000000000133344,0.0,True
0,0.1,implementation_upper:Asset_007,<=,0.0,0.1,0.1,0.0,True
0,0.1,implementation_upper:Asset_008,<=,0.05000000000038972,0.1,0.04999999999961029,0.0,True
0,0.1,implementation_upper:Asset_009,<=,0.0,0.1,0.1,0.0,True
0,0.1,implementation_upper:Asset_010,<=,0.0,0.1,0.1,0.0,True
0,0.1,implementation_upper:Asset_011,<=,0.0,0.1,0.1,0.0,True
0,0.1,implementation_upper:Asset_012,<=,0.0,0.1,0.1,0.0,True
0,0.1,implementation_upper:Asset_013,<=,0.0,0.1,0.1,0.0,True
0,0.1,implementation_upper:Asset_014,<=,0.0,0.1,0.1,0.0,True
0,0.1,implementation_upper:Asset_015,<=,0.05000000000897761,0.1,0.04999999999102239,0.0,True
0,0.1,implementation_upper:Asset_016,<=,0.0,0.1,0.1,0.0,True
0,0.1,implementation_upper:Asset_017,<=,0.09999999999789284,0.1,2.1071616673751237e-12,0.0,True
0,0.1,implementation_upper:Asset_018,<=,0.0,0.1,0.1,0.0,True
0,0.1,implementation_upper:Asset_019,<=,0.0,0.1,0.1,0.0,True
0,0.1,implementation_upper:Asset_020,<=,0.0,0.1,0.1,0.0,True
0,0.1,implementation_upper:Asset_021,<=,0.0,0.1,0.1,0.0,True
0,0.1,implementation_upper:Asset_022,<=,0.0,0.1,0.1,0.0,True
0,0.1,implementation_upper:Asset_023,<=,0.0,0.1,0.1,0.0,True
0,0.1,implementation_upper:Asset_024,<=,0.0,0.1,0.1,0.0,True
0,0.1,implementation_upper:Asset_025,<=,0.009999999999268695,0.1,0.09000000000073131,0.0,True
0,0.1,implementation_upper:Asset_026,<=,0.0,0.1,0.1,0.0,True
0,0.1,implementation_upper:Asset_027,<=,0.0,0.1,0.1,0.0,True
0,0.1,implementation_upper:Asset_028,<=,0.0,0.1,0.1,0.0,True
0,0.1,implementation_upper:Asset_029,<=,0.0,0.1,0.1,0.0,True
0,0.1,implementation_upper:Asset_030,<=,0.0,0.1,0.1,0.0,True
0,0.1,implementation_upper:Asset_031,<=,0.0,0.1,0.1,0.0,True
0,0.1,implementation_upper:Asset_032,<=,0.0,0.1,0.1,0.0,True
0,0.1,implementation_upper:Asset_033,<=,0.0,0.1,0.1,0.0,True
0,0.1,implementation_upper:Asset_034,<=,0.0,0.1,0.1,0.0,True
0,0.1,implementation_upper:Asset_035,<=,0.0,0.1,0.1,0.0,True
0,0.1,implementation_upper:Asset_036,<=,0.0,0.1,0.1,0.0,True
0,0.1,implementation_upper:Asset_037,<=,0.0,0.1,0.1,0.0,True
0,0.1,implementation_upper:Asset_038,<=,0.05000000000175537,0.1,0.049999999998244636,0.0,True
0,0.1,implementation_upper:Asset_039,<=,0.0,0.1,0.1,0.0,True
0,0.1,implementation_upper:Asset_040,<=,0.0,0.1,0.1,0.0,True
0,0.1,implementation_upper:Asset_041,<=,0.0,0.1,0.1,0.0,True
0,0.1,implementation_upper:Asset_042,<=,0.0,0.1,0.1,0.0,True
0,0.1,implementation_upper:Asset_043,<=,0.0,0.1,0.1,0.0,True
0,0.1,implementation_upper:Asset_044,<=,0.0,0.1,0.1,0.0,True
0,0.1,implementation_upper:Asset_045,<=,0.0,0.1,0.1,0.0,True
0,0.1,implementation_upper:Asset_046,<=,0.0,0.1,0.1,0.0,True
0,0.1,implementation_upper:Asset_047,<=,0.0,0.1,0.1,0.0,True
0,0.1,implementation_upper:Asset_048,<=,0.0,0.1,0.1,0.0,True
0,0.1,implementation_upper:Asset_049,<=,0.047032096673839195,0.1,0.05296790332616081,0.0,True
0,0.1,implementation_upper:Asset_050,<=,0.0,0.1,0.1,0.0,True
0,0.1,implementation_upper:Asset_051,<=,0.0,0.1,0.1,0.0,True
0,0.1,implementation_upper:Asset_052,<=,0.0,0.1,0.1,0.0,True
0,0.1,implementation_upper:Asset_053,<=,0.0,0.1,0.1,0.0,True
0,0.1,implementation_upper:Asset_054,<=,0.09999999999869098,0.1,1.3090223349720986e-12,0.0,True
0,0.1,implementation_upper:Asset_055,<=,0.04999999993081532,0.1,0.05000000006918469,0.0,True
0,0.1,implementation_upper:Asset_056,<=,0.0,0.1,0.1,0.0,True
0,0.1,implementation_upper:Asset_057,<=,0.0,0.1,0.1,0.0,True
0,0.1,implementation_upper:Asset_058,<=,0.0,0.1,0.1,0.0,True
0,0.1,implementation_upper:Asset_059,<=,0.0,0.1,0.1,0.0,True
0,0.1,implementation_upper:Asset_060,<=,0.0,0.1,0.1,0.0,True
0,0.1,implementation_upper:Asset_061,<=,0.0,0.1,0.1,0.0,True
0,0.1,implementation_upper:Asset_062,<=,0.09999999998183438,0.1,1.8165621784582697e-11,0.0,True
0,0.1,implementation_upper:Asset_063,<=,0.0,0.1,0.1,0.0,True
0,0.1,implementation_upper:Asset_064,<=,0.04999999999336281,0.1,0.050000000006637194,0.0,True
0,0.1,implementation_upper:Asset_065,<=,0.0,0.1,0.1,0.0,True
0,0.1,implementation_upper:Asset_066,<=,0.0,0.1,0.1,0.0,True
0,0.1,implementation_upper:Asset_067,<=,0.0,0.1,0.1,0.0,True
0,0.1,implementation_upper:Asset_068,<=,0.0,0.1,0.1,0.0,True
0,0.1,implementation_upper:Asset_069,<=,0.0,0.1,0.1,0.0,True
0,0.1,implementation_upper:Asset_070,<=,0.0,0.1,0.1,0.0,True
0,0.1,implementation_upper:Asset_071,<=,0.0,0.1,0.1,0.0,True
0,0.1,implementation_upper:Asset_072,<=,0.0,0.1,0.1,0.0,True
0,0.1,implementation_upper:Asset_073,<=,0.0499999999992496,0.1,0.0500000000007504,0.0,True
0,0.1,implementation_upper:Asset_074,<=,0.0,0.1,0.1,0.0,True
0,0.1,implementation_upper:Asset_075,<=,0.04999999998237986,0.1,0.050000000017620144,0.0,True
0,0.1,implementation_upper:Asset_076,<=,0.0,0.1,0.1,0.0,True
0,0.1,implementation_upper:Asset_077,<=,0.0,0.1,0.1,0.0,True
0,0.1,implementation_upper:Asset_078,<=,0.0,0.1,0.1,0.0,True
0,0.1,implementation_upper:Asset_079,<=,0.0,0.1,0.1,0.0,True
0,0.1,implementation_upper:Asset_080,<=,0.0,0.1,0.1,0.0,True
0,0.1,implementation_upper:Asset_081,<=,0.04426627775797426,0.1,0.055733722242025746,0.0,True
0,0.1,implementation_upper:Asset_082,<=,0.0,0.1,0.1,0.0,True
0,0.1,implementation_upper:Asset_083,<=,0.099999999996151,0.1,3.8490044484973396e-12,0.0,True
0,0.1,implementation_upper:Asset_084,<=,0.0,0.1,0.1,0.0,True
0,0.1,implementation_upper:Asset_085,<=,0.0,0.1,0.1,0.0,True
0,0.1,implementation_upper:Asset_086,<=,0.0,0.1,0.1,0.0,True
0,0.1,implementation_upper:Asset_087,<=,0.0,0.1,0.1,0.0,True
0,0.1,implementation_upper:Asset_088,<=,0.0,0.1,0.1,0.0,True
0,0.1,implementation_upper:Asset_089,<=,0.0,0.1,0.1,0.0,True
0,0.1,implementation_upper:Asset_090,<=,0.0,0.1,0.1,0.0,True
0,0.1,implementation_upper:Asset_091,<=,0.01870162567504607,0.1,0.08129837432495393,0.0,True
0,0.1,implementation_upper:Asset_092,<=,0.009999999999139378,0.1,0.09000000000086063,0.0,True
0,0.1,implementation_upper:Asset_093,<=,0.04999999999700348,0.1,0.05000000000299652,0.0,True
0,0.1,implementation_upper:Asset_094,<=,0.0,0.1,0.1,0.0,True
0,0.1,implementation_upper:Asset_095,<=,0.0,0.1,0.1,0.0,True
0,0.1,implementation_upper:Asset_096,<=,0.009999999999066976,0.1,0.09000000000093303,0.0,True
0,0.1,implementation_upper:Asset_097,<=,0.050000000008497324,0.1,0.04999999999150268,0.0,True
0,0.1,implementation_upper:Asset_098,<=,0.0,0.1,0.1,0.0,True
0,0.1,implementation_upper:Asset_099,<=,0.0,0.1,0.1,0.0,True
0,0.25,budget,=,0.9999999999999999,1.0,-1.1102230246251565e-16,1.1102230246251565e-16,True
0,0.25,asset_lower:Asset_000,>=,0.0,0.0,0.0,0.0,True
0,0.25,asset_upper:Asset_000,<=,0.0,0.2,0.2,0.0,True
0,0.25,asset_lower:Asset_001,>=,0.0,0.0,0.0,0.0,True
0,0.25,asset_upper:Asset_001,<=,0.0,0.2,0.2,0.0,True
0,0.25,asset_lower:Asset_002,>=,0.0,0.0,0.0,0.0,True
0,0.25,asset_upper:Asset_002,<=,0.0,0.2,0.2,0.0,True
0,0.25,asset_lower:Asset_003,>=,0.0,0.0,0.0,0.0,True
0,0.25,asset_upper:Asset_003,<=,0.0,0.2,0.2,0.0,True
0,0.25,asset_lower:Asset_004,>=,0.0,0.0,0.0,0.0,True
0,0.25,asset_upper:Asset_004,<=,0.0,0.2,0.2,0.0,True
0,0.25,asset_lower:Asset_005,>=,0.0,0.0,0.0,0.0,True
0,0.25,asset_upper:Asset_005,<=,0.0,0.2,0.2,0.0,True
0,0.25,asset_lower:Asset_006,>=,0.009999999994662789,0.0,0.009999999994662789,0.0,True
0,0.25,asset_upper:Asset_006,<=,0.009999999994662789,0.2,0.19000000000533723,0.0,True
0,0.25,asset_lower:Asset_007,>=,0.0,0.0,0.0,0.0,True
0,0.25,asset_upper:Asset_007,<=,0.0,0.2,0.2,0.0,True
0,0.25,asset_lower:Asset_008,>=,0.04999999999950662,0.0,0.04999999999950662,0.0,True
0,0.25,asset_upper:Asset_008,<=,0.04999999999950662,0.2,0.1500000000004934,0.0,True
0,0.25,asset_lower:Asset_009,>=,0.0,0.0,0.0,0.0,True
0,0.25,asset_upper:Asset_009,<=,0.0,0.2,0.2,0.0,True
0,0.25,asset_lower:Asset_010,>=,0.0,0.0,0.0,0.0,True
0,0.25,asset_upper:Asset_010,<=,0.0,0.2,0.2,0.0,True
0,0.25,asset_lower:Asset_011,>=,0.0,0.0,0.0,0.0,True
0,0.25,asset_upper:Asset_011,<=,0.0,0.2,0.2,0.0,True
0,0.25,asset_lower:Asset_012,>=,0.0,0.0,0.0,0.0,True
0,0.25,asset_upper:Asset_012,<=,0.0,0.2,0.2,0.0,True
0,0.25,asset_lower:Asset_013,>=,0.0,0.0,0.0,0.0,True
0,0.25,asset_upper:Asset_013,<=,0.0,0.2,0.2,0.0,True
0,0.25,asset_lower:Asset_014,>=,0.0,0.0,0.0,0.0,True
0,0.25,asset_upper:Asset_014,<=,0.0,0.2,0.2,0.0,True
0,0.25,asset_lower:Asset_015,>=,0.05000000008181719,0.0,0.05000000008181719,0.0,True
0,0.25,asset_upper:Asset_015,<=,0.05000000008181719,0.2,0.14999999991818283,0.0,True
0,0.25,asset_lower:Asset_016,>=,0.0,0.0,0.0,0.0,True
0,0.25,asset_upper:Asset_016,<=,0.0,0.2,0.2,0.0,True
0,0.25,asset_lower:Asset_017,>=,0.099999999980314,0.0,0.099999999980314,0.0,True
0,0.25,asset_upper:Asset_017,<=,0.099999999980314,0.2,0.10000000001968601,0.0,True
0,0.25,asset_lower:Asset_018,>=,0.0,0.0,0.0,0.0,True
0,0.25,asset_upper:Asset_018,<=,0.0,0.2,0.2,0.0,True
0,0.25,asset_lower:Asset_019,>=,0.0,0.0,0.0,0.0,True
0,0.25,asset_upper:Asset_019,<=,0.0,0.2,0.2,0.0,True
0,0.25,asset_lower:Asset_020,>=,0.0,0.0,0.0,0.0,True
0,0.25,asset_upper:Asset_020,<=,0.0,0.2,0.2,0.0,True
0,0.25,asset_lower:Asset_021,>=,0.0,0.0,0.0,0.0,True
0,0.25,asset_upper:Asset_021,<=,0.0,0.2,0.2,0.0,True
0,0.25,asset_lower:Asset_022,>=,0.0,0.0,0.0,0.0,True
0,0.25,asset_upper:Asset_022,<=,0.0,0.2,0.2,0.0,True
0,0.25,asset_lower:Asset_023,>=,0.0,0.0,0.0,0.0,True
0,0.25,asset_upper:Asset_023,<=,0.0,0.2,0.2,0.0,True
0,0.25,asset_lower:Asset_024,>=,0.0,0.0,0.0,0.0,True
0,0.25,asset_upper:Asset_024,<=,0.0,0.2,0.2,0.0,True
0,0.25,asset_lower:Asset_025,>=,0.009999999994438659,0.0,0.009999999994438659,0.0,True
0,0.25,asset_upper:Asset_025,<=,0.009999999994438659,0.2,0.19000000000556136,0.0,True
0,0.25,asset_lower:Asset_026,>=,0.0,0.0,0.0,0.0,True
0,0.25,asset_upper:Asset_026,<=,0.0,0.2,0.2,0.0,True
0,0.25,asset_lower:Asset_027,>=,0.0,0.0,0.0,0.0,True
0,0.25,asset_upper:Asset_027,<=,0.0,0.2,0.2,0.0,True
0,0.25,asset_lower:Asset_028,>=,0.0,0.0,0.0,0.0,True
0,0.25,asset_upper:Asset_028,<=,0.0,0.2,0.2,0.0,True
0,0.25,asset_lower:Asset_029,>=,0.0,0.0,0.0,0.0,True
0,0.25,asset_upper:Asset_029,<=,0.0,0.2,0.2,0.0,True
0,0.25,asset_lower:Asset_030,>=,0.0,0.0,0.0,0.0,True
0,0.25,asset_upper:Asset_030,<=,0.0,0.2,0.2,0.0,True
0,0.25,asset_lower:Asset_031,>=,0.0,0.0,0.0,0.0,True
0,0.25,asset_upper:Asset_031,<=,0.0,0.2,0.2,0.0,True
0,0.25,asset_lower:Asset_032,>=,0.0,0.0,0.0,0.0,True
0,0.25,asset_upper:Asset_032,<=,0.0,0.2,0.2,0.0,True
0,0.25,asset_lower:Asset_033,>=,0.0,0.0,0.0,0.0,True
0,0.25,asset_upper:Asset_033,<=,0.0,0.2,0.2,0.0,True
0,0.25,asset_lower:Asset_034,>=,0.0,0.0,0.0,0.0,True
0,0.25,asset_upper:Asset_034,<=,0.0,0.2,0.2,0.0,True
0,0.25,asset_lower:Asset_035,>=,0.0,0.0,0.0,0.0,True
0,0.25,asset_upper:Asset_035,<=,0.0,0.2,0.2,0.0,True
0,0.25,asset_lower:Asset_036,>=,0.0,0.0,0.0,0.0,True
0,0.25,asset_upper:Asset_036,<=,0.0,0.2,0.2,0.0,True
0,0.25,asset_lower:Asset_037,>=,0.0,0.0,0.0,0.0,True
0,0.25,asset_upper:Asset_037,<=,0.0,0.2,0.2,0.0,True
0,0.25,asset_lower:Asset_038,>=,0.050000000021107535,0.0,0.050000000021107535,0.0,True
0,0.25,asset_upper:Asset_038,<=,0.050000000021107535,0.2,0.14999999997889246,0.0,True
0,0.25,asset_lower:Asset_039,>=,0.0,0.0,0.0,0.0,True
0,0.25,asset_upper:Asset_039,<=,0.0,0.2,0.2,0.0,True
0,0.25,asset_lower:Asset_040,>=,0.0,0.0,0.0,0.0,True
0,0.25,asset_upper:Asset_040,<=,0.0,0.2,0.2,0.0,True
0,0.25,asset_lower:Asset_041,>=,0.0,0.0,0.0,0.0,True
0,0.25,asset_upper:Asset_041,<=,0.0,0.2,0.2,0.0,True
0,0.25,asset_lower:Asset_042,>=,0.0,0.0,0.0,0.0,True
0,0.25,asset_upper:Asset_042,<=,0.0,0.2,0.2,0.0,True
0,0.25,asset_lower:Asset_043,>=,0.0,0.0,0.0,0.0,True
0,0.25,asset_upper:Asset_043,<=,0.0,0.2,0.2,0.0,True
0,0.25,asset_lower:Asset_044,>=,0.0,0.0,0.0,0.0,True
0,0.25,asset_upper:Asset_044,<=,0.0,0.2,0.2,0.0,True
0,0.25,asset_lower:Asset_045,>=,0.0,0.0,0.0,0.0,True
0,0.25,asset_upper:Asset_045,<=,0.0,0.2,0.2,0.0,True
0,0.25,asset_lower:Asset_046,>=,0.0,0.0,0.0,0.0,True
0,0.25,asset_upper:Asset_046,<=,0.0,0.2,0.2,0.0,True
0,0.25,asset_lower:Asset_047,>=,0.0,0.0,0.0,0.0,True
0,0.25,asset_upper:Asset_047,<=,0.0,0.2,0.2,0.0,True
0,0.25,asset_lower:Asset_048,>=,0.0,0.0,0.0,0.0,True
0,0.25,asset_upper:Asset_048,<=,0.0,0.2,0.2,0.0,True
0,0.25,asset_lower:Asset_049,>=,0.04152046947629834,0.0,0.04152046947629834,0.0,True
0,0.25,asset_upper:Asset_049,<=,0.04152046947629834,0.2,0.15847953052370167,0.0,True
0,0.25,asset_lower:Asset_050,>=,0.0,0.0,0.0,0.0,True
0,0.25,asset_upper:Asset_050,<=,0.0,0.2,0.2,0.0,True
0,0.25,asset_lower:Asset_051,>=,0.0,0.0,0.0,0.0,True
0,0.25,asset_upper:Asset_051,<=,0.0,0.2,0.2,0.0,True
0,0.25,asset_lower:Asset_052,>=,0.0,0.0,0.0,0.0,True
0,0.25,asset_upper:Asset_052,<=,0.0,0.2,0.2,0.0,True
0,0.25,asset_lower:Asset_053,>=,0.0,0.0,0.0,0.0,True
0,0.25,asset_upper:Asset_053,<=,0.0,0.2,0.2,0.0,True
0,0.25,asset_lower:Asset_054,>=,0.09999999999335692,0.0,0.09999999999335692,0.0,True
0,0.25,asset_upper:Asset_054,<=,0.09999999999335692,0.2,0.1000000000066431,0.0,True
0,0.25,asset_lower:Asset_055,>=,0.04999999998067421,0.0,0.04999999998067421,0.0,True
0,0.25,asset_upper:Asset_055,<=,0.04999999998067421,0.2,0.15000000001932579,0.0,True
0,0.25,asset_lower:Asset_056,>=,0.0,0.0,0.0,0.0,True
0,0.25,asset_upper:Asset_056,<=,0.0,0.2,0.2,0.0,True
0,0.25,asset_lower:Asset_057,>=,0.0,0.0,0.0,0.0,True
0,0.25,asset_upper:Asset_057,<=,0.0,0.2,0.2,0.0,True
0,0.25,asset_lower:Asset_058,>=,0.0,0.0,0.0,0.0,True
0,0.25,asset_upper:Asset_058,<=,0.0,0.2,0.2,0.0,True
0,0.25,asset_lower:Asset_059,>=,0.0,0.0,0.0,0.0,True
0,0.25,asset_upper:Asset_059,<=,0.0,0.2,0.2,0.0,True
0,0.25,asset_lower:Asset_060,>=,0.0,0.0,0.0,0.0,True
0,0.25,asset_upper:Asset_060,<=,0.0,0.2,0.2,0.0,True
0,0.25,asset_lower:Asset_061,>=,0.0,0.0,0.0,0.0,True
0,0.25,asset_upper:Asset_061,<=,0.0,0.2,0.2,0.0,True
0,0.25,asset_lower:Asset_062,>=,0.09999999998146891,0.0,0.09999999998146891,0.0,True
0,0.25,asset_upper:Asset_062,<=,0.09999999998146891,0.2,0.1000000000185311,0.0,True
0,0.25,asset_lower:Asset_063,>=,0.0,0.0,0.0,0.0,True
0,0.25,asset_upper:Asset_063,<=,0.0,0.2,0.2,0.0,True
0,0.25,asset_lower:Asset_064,>=,0.043073422105809285,0.0,0.043073422105809285,0.0,True
0,0.25,asset_upper:Asset_064,<=,0.043073422105809285,0.2,0.15692657789419073,0.0,True
0,0.25,asset_lower:Asset_065,>=,0.0,0.0,0.0,0.0,True
0,0.25,asset_upper:Asset_065,<=,0.0,0.2,0.2,0.0,True
0,0.25,asset_lower:Asset_066,>=,0.0,0.0,0.0,0.0,True
0,0.25,asset_upper:Asset_066,<=,0.0,0.2,0.2,0.0,True
0,0.25,asset_lower:Asset_067,>=,0.0,0.0,0.0,0.0,True
0,0.25,asset_upper:Asset_067,<=,0.0,0.2,0.2,0.0,True
0,0.25,asset_lower:Asset_068,>=,0.0,0.0,0.0,0.0,True
0,0.25,asset_upper:Asset_068,<=,0.0,0.2,0.2,0.0,True
0,0.25,asset_lower:Asset_069,>=,0.0,0.0,0.0,0.0,True
0,0.25,asset_upper:Asset_069,<=,0.0,0.2,0.2,0.0,True
0,0.25,asset_lower:Asset_070,>=,0.0,0.0,0.0,0.0,True
0,0.25,asset_upper:Asset_070,<=,0.0,0.2,0.2,0.0,True
0,0.25,asset_lower:Asset_071,>=,0.0,0.0,0.0,0.0,True
0,0.25,asset_upper:Asset_071,<=,0.0,0.2,0.2,0.0,True
0,0.25,asset_lower:Asset_072,>=,0.0,0.0,0.0,0.0,True
0,0.25,asset_upper:Asset_072,<=,0.0,0.2,0.2,0.0,True
0,0.25,asset_lower:Asset_073,>=,0.049999999999329796,0.0,0.049999999999329796,0.0,True
0,0.25,asset_upper:Asset_073,<=,0.049999999999329796,0.2,0.1500000000006702,0.0,True
0,0.25,asset_lower:Asset_074,>=,0.0,0.0,0.0,0.0,True
0,0.25,asset_upper:Asset_074,<=,0.0,0.2,0.2,0.0,True
0,0.25,asset_lower:Asset_075,>=,0.04999999976589275,0.0,0.04999999976589275,0.0,True
0,0.25,asset_upper:Asset_075,<=,0.04999999976589275,0.2,0.15000000023410726,0.0,True
0,0.25,asset_lower:Asset_076,>=,0.0,0.0,0.0,0.0,True
0,0.25,asset_upper:Asset_076,<=,0.0,0.2,0.2,0.0,True
0,0.25,asset_lower:Asset_077,>=,0.0,0.0,0.0,0.0,True
0,0.25,asset_upper:Asset_077,<=,0.0,0.2,0.2,0.0,True
0,0.25,asset_lower:Asset_078,>=,0.0,0.0,0.0,0.0,True
0,0.25,asset_upper:Asset_078,<=,0.0,0.2,0.2,0.0,True
0,0.25,asset_lower:Asset_079,>=,0.0,0.0,0.0,0.0,True
0,0.25,asset_upper:Asset_079,<=,0.0,0.2,0.2,0.0,True
0,0.25,asset_lower:Asset_080,>=,0.0,0.0,0.0,0.0,True
0,0.25,asset_upper:Asset_080,<=,0.0,0.2,0.2,0.0,True
0,0.25,asset_lower:Asset_081,>=,0.04780601569698969,0.0,0.04780601569698969,0.0,True
0,0.25,asset_upper:Asset_081,<=,0.04780601569698969,0.2,0.15219398430301032,0.0,True
0,0.25,asset_lower:Asset_082,>=,0.0,0.0,0.0,0.0,True
0,0.25,asset_upper:Asset_082,<=,0.0,0.2,0.2,0.0,True
0,0.25,asset_lower:Asset_083,>=,0.09999999987173616,0.0,0.09999999987173616,0.0,True
0,0.25,asset_upper:Asset_083,<=,0.09999999987173616,0.2,0.10000000012826385,0.0,True
0,0.25,asset_lower:Asset_084,>=,0.0,0.0,0.0,0.0,True
0,0.25,asset_upper:Asset_084,<=,0.0,0.2,0.2,0.0,True
0,0.25,asset_lower:Asset_085,>=,0.0,0.0,0.0,0.0,True
0,0.25,asset_upper:Asset_085,<=,0.0,0.2,0.2,0.0,True
0,0.25,asset_lower:Asset_086,>=,0.0,0.0,0.0,0.0,True
0,0.25,asset_upper:Asset_086,<=,0.0,0.2,0.2,0.0,True
0,0.25,asset_lower:Asset_087,>=,0.0,0.0,0.0,0.0,True
0,0.25,asset_upper:Asset_087,<=,0.0,0.2,0.2,0.0,True
0,0.25,asset_lower:Asset_088,>=,0.0,0.0,0.0,0.0,True
0,0.25,asset_upper:Asset_088,<=,0.0,0.2,0.2,0.0,True
0,0.25,asset_lower:Asset_089,>=,0.0,0.0,0.0,0.0,True
0,0.25,asset_upper:Asset_089,<=,0.0,0.2,0.2,0.0,True
0,0.25,asset_lower:Asset_090,>=,0.0,0.0,0.0,0.0,True
0,0.25,asset_upper:Asset_090,<=,0.0,0.2,0.2,0.0,True
0,0.25,asset_lower:Asset_091,>=,0.02760009299381674,0.0,0.02760009299381674,0.0,True
0,0.25,asset_upper:Asset_091,<=,0.02760009299381674,0.2,0.17239990700618327,0.0,True
0,0.25,asset_lower:Asset_092,>=,0.009999999995750327,0.0,0.009999999995750327,0.0,True
0,0.25,asset_upper:Asset_092,<=,0.009999999995750327,0.2,0.1900000000042497,0.0,True
0,0.25,asset_lower:Asset_093,>=,0.049999999985077995,0.0,0.049999999985077995,0.0,True
0,0.25,asset_upper:Asset_093,<=,0.049999999985077995,0.2,0.15000000001492203,0.0,True
0,0.25,asset_lower:Asset_094,>=,0.0,0.0,0.0,0.0,True
0,0.25,asset_upper:Asset_094,<=,0.0,0.2,0.2,0.0,True
0,0.25,asset_lower:Asset_095,>=,0.0,0.0,0.0,0.0,True
0,0.25,asset_upper:Asset_095,<=,0.0,0.2,0.2,0.0,True
0,0.25,asset_lower:Asset_096,>=,0.009999999996301467,0.0,0.009999999996301467,0.0,True
0,0.25,asset_upper:Asset_096,<=,0.009999999996301467,0.2,0.19000000000369854,0.0,True
0,0.25,asset_lower:Asset_097,>=,0.05000000008565058,0.0,0.05000000008565058,0.0,True
0,0.25,asset_upper:Asset_097,<=,0.05000000008565058,0.2,0.14999999991434942,0.0,True
0,0.25,asset_lower:Asset_098,>=,0.0,0.0,0.0,0.0,True
0,0.25,asset_upper:Asset_098,<=,0.0,0.2,0.2,0.0,True
0,0.25,asset_lower:Asset_099,>=,0.0,0.0,0.0,0.0,True
0,0.25,asset_upper:Asset_099,<=,0.0,0.2,0.2,0.0,True
0,0.25,group_lower:Group_0,>=,0.12760009305630815,0.10000000000000002,0.02760009305630813,0.0,True
0,0.25,group_upper:Group_0,<=,0.12760009305630815,0.25,0.12239990694369185,0.0,True
0,0.25,group_lower:Group_1,>=,0.11999999997057037,0.10000000000000002,0.01999999997057035,0.0,True
0,0.25,group_upper:Group_1,<=,0.11999999997057037,0.25,0.13000000002942963,0.0,True
0,0.25,group_lower:Group_2,>=,0.20000000010011504,0.10000000000000002,0.10000000010011502,0.0,True
0,0.25,group_upper:Group_2,<=,0.20000000010011504,0.25,0.04999999989988496,0.0,True
0,0.25,group_lower:Group_3,>=,0.14087943756869173,0.10000000000000002,0.04087943756869171,0.0,True
0,0.25,group_upper:Group_3,<=,0.14087943756869173,0.25,0.10912056243130827,0.0,True
0,0.25,group_lower:Group_4,>=,0.09152046947562814,0.05,0.04152046947562814,0.0,True
0,0.25,group_upper:Group_4,<=,0.09152046947562814,0.2,0.10847953052437187,0.0,True
0,0.25,group_lower:Group_5,>=,0.1499999998712428,0.05,0.09999999987124279,0.0,True
0,0.25,group_upper:Group_5,<=,0.1499999998712428,0.2,0.050000000128757216,0.0,True
0,0.25,group_lower:Group_6,>=,0.10999999997661547,0.05,0.05999999997661547,0.0,True
0,0.25,group_upper:Group_6,<=,0.10999999997661547,0.2,0.09000000002338454,0.0,True
0,0.25,group_lower:Group_7,>=,0.05999999998082832,0.05,0.009999999980828317,0.0,True
0,0.25,group_upper:Group_7,<=,0.05999999998082832,0.2,0.14000000001917168,0.0,True
0,0.25,max_turnover,<=,0.40000000003090264,0.4,-3.090261380123138e-11,3.090261380123138e-11,True
0,0.25,exact_cardinality,=,20.0,20.0,-0.0,0.0,True
0,0.25,minimum_active_weight:Asset_006,>=,0.009999999994662789,0.01,-5.3372115754735105e-12,5.3372115754735105e-12,True
0,0.25,minimum_active_weight:Asset_008,>=,0.04999999999950662,0.01,0.03999999999950662,0.0,True
0,0.25,minimum_active_weight:Asset_015,>=,0.05000000008181719,0.01,0.040000000081817186,0.0,True
0,0.25,minimum_active_weight:Asset_017,>=,0.099999999980314,0.01,0.08999999998031401,0.0,True
0,0.25,minimum_active_weight:Asset_025,>=,0.009999999994438659,0.01,-5.561341318016666e-12,5.561341318016666e-12,True
0,0.25,minimum_active_weight:Asset_038,>=,0.050000000021107535,0.01,0.04000000002110753,0.0,True
0,0.25,minimum_active_weight:Asset_049,>=,0.04152046947629834,0.01,0.031520469476298336,0.0,True
0,0.25,minimum_active_weight:Asset_054,>=,0.09999999999335692,0.01,0.08999999999335692,0.0,True
0,0.25,minimum_active_weight:Asset_055,>=,0.04999999998067421,0.01,0.03999999998067421,0.0,True
0,0.25,minimum_active_weight:Asset_062,>=,0.09999999998146891,0.01,0.08999999998146892,0.0,True
0,0.25,minimum_active_weight:Asset_064,>=,0.043073422105809285,0.01,0.03307342210580928,0.0,True
0,0.25,minimum_active_weight:Asset_073,>=,0.049999999999329796,0.01,0.039999999999329794,0.0,True
0,0.25,minimum_active_weight:Asset_075,>=,0.04999999976589275,0.01,0.039999999765892746,0.0,True
0,0.25,minimum_active_weight:Asset_081,>=,0.04780601569698969,0.01,0.03780601569698969,0.0,True
0,0.25,minimum_active_weight:Asset_083,>=,0.09999999987173616,0.01,0.08999999987173617,0.0,True
0,0.25,minimum_active_weight:Asset_091,>=,0.02760009299381674,0.01,0.017600092993816742,0.0,True
0,0.25,minimum_active_weight:Asset_092,>=,0.009999999995750327,0.01,-4.249673529743703e-12,4.249673529743703e-12,True
0,0.25,minimum_active_weight:Asset_093,>=,0.049999999985077995,0.01,0.03999999998507799,0.0,True
0,0.25,minimum_active_weight:Asset_096,>=,0.009999999996301467,0.01,-3.698532799467635e-12,3.698532799467635e-12,True
0,0.25,minimum_active_weight:Asset_097,>=,0.05000000008565058,0.01,0.04000000008565058,0.0,True
0,0.25,implementation_upper:Asset_000,<=,0.0,0.1,0.1,0.0,True
0,0.25,implementation_upper:Asset_001,<=,0.0,0.1,0.1,0.0,True
0,0.25,implementation_upper:Asset_002,<=,0.0,0.1,0.1,0.0,True
0,0.25,implementation_upper:Asset_003,<=,0.0,0.1,0.1,0.0,True
0,0.25,implementation_upper:Asset_004,<=,0.0,0.1,0.1,0.0,True
0,0.25,implementation_upper:Asset_005,<=,0.0,0.1,0.1,0.0,True
0,0.25,implementation_upper:Asset_006,<=,0.009999999994662789,0.1,0.09000000000533721,0.0,True
0,0.25,implementation_upper:Asset_007,<=,0.0,0.1,0.1,0.0,True
0,0.25,implementation_upper:Asset_008,<=,0.04999999999950662,0.1,0.050000000000493386,0.0,True
0,0.25,implementation_upper:Asset_009,<=,0.0,0.1,0.1,0.0,True
0,0.25,implementation_upper:Asset_010,<=,0.0,0.1,0.1,0.0,True
0,0.25,implementation_upper:Asset_011,<=,0.0,0.1,0.1,0.0,True
0,0.25,implementation_upper:Asset_012,<=,0.0,0.1,0.1,0.0,True
0,0.25,implementation_upper:Asset_013,<=,0.0,0.1,0.1,0.0,True
0,0.25,implementation_upper:Asset_014,<=,0.0,0.1,0.1,0.0,True
0,0.25,implementation_upper:Asset_015,<=,0.05000000008181719,0.1,0.04999999991818282,0.0,True
0,0.25,implementation_upper:Asset_016,<=,0.0,0.1,0.1,0.0,True
0,0.25,implementation_upper:Asset_017,<=,0.099999999980314,0.1,1.968600282786781e-11,0.0,True
0,0.25,implementation_upper:Asset_018,<=,0.0,0.1,0.1,0.0,True
0,0.25,implementation_upper:Asset_019,<=,0.0,0.1,0.1,0.0,True
0,0.25,implementation_upper:Asset_020,<=,0.0,0.1,0.1,0.0,True
0,0.25,implementation_upper:Asset_021,<=,0.0,0.1,0.1,0.0,True
0,0.25,implementation_upper:Asset_022,<=,0.0,0.1,0.1,0.0,True
0,0.25,implementation_upper:Asset_023,<=,0.0,0.1,0.1,0.0,True
0,0.25,implementation_upper:Asset_024,<=,0.0,0.1,0.1,0.0,True
0,0.25,implementation_upper:Asset_025,<=,0.009999999994438659,0.1,0.09000000000556135,0.0,True
0,0.25,implementation_upper:Asset_026,<=,0.0,0.1,0.1,0.0,True
0,0.25,implementation_upper:Asset_027,<=,0.0,0.1,0.1,0.0,True
0,0.25,implementation_upper:Asset_028,<=,0.0,0.1,0.1,0.0,True
0,0.25,implementation_upper:Asset_029,<=,0.0,0.1,0.1,0.0,True
0,0.25,implementation_upper:Asset_030,<=,0.0,0.1,0.1,0.0,True
0,0.25,implementation_upper:Asset_031,<=,0.0,0.1,0.1,0.0,True
0,0.25,implementation_upper:Asset_032,<=,0.0,0.1,0.1,0.0,True
0,0.25,implementation_upper:Asset_033,<=,0.0,0.1,0.1,0.0,True
0,0.25,implementation_upper:Asset_034,<=,0.0,0.1,0.1,0.0,True
0,0.25,implementation_upper:Asset_035,<=,0.0,0.1,0.1,0.0,True
0,0.25,implementation_upper:Asset_036,<=,0.0,0.1,0.1,0.0,True
0,0.25,implementation_upper:Asset_037,<=,0.0,0.1,0.1,0.0,True
0,0.25,implementation_upper:Asset_038,<=,0.050000000021107535,0.1,0.04999999997889247,0.0,True
0,0.25,implementation_upper:Asset_039,<=,0.0,0.1,0.1,0.0,True
0,0.25,implementation_upper:Asset_040,<=,0.0,0.1,0.1,0.0,True
0,0.25,implementation_upper:Asset_041,<=,0.0,0.1,0.1,0.0,True
0,0.25,implementation_upper:Asset_042,<=,0.0,0.1,0.1,0.0,True
0,0.25,implementation_upper:Asset_043,<=,0.0,0.1,0.1,0.0,True
0,0.25,implementation_upper:Asset_044,<=,0.0,0.1,0.1,0.0,True
0,0.25,implementation_upper:Asset_045,<=,0.0,0.1,0.1,0.0,True
0,0.25,implementation_upper:Asset_046,<=,0.0,0.1,0.1,0.0,True
0,0.25,implementation_upper:Asset_047,<=,0.0,0.1,0.1,0.0,True
0,0.25,implementation_upper:Asset_048,<=,0.0,0.1,0.1,0.0,True
0,0.25,implementation_upper:Asset_049,<=,0.04152046947629834,0.1,0.05847953052370167,0.0,True
0,0.25,implementation_upper:Asset_050,<=,0.0,0.1,0.1,0.0,True
0,0.25,implementation_upper:Asset_051,<=,0.0,0.1,0.1,0.0,True
0,0.25,implementation_upper:Asset_052,<=,0.0,0.1,0.1,0.0,True
0,0.25,implementation_upper:Asset_053,<=,0.0,0.1,0.1,0.0,True
0,0.25,implementation_upper:Asset_054,<=,0.09999999999335692,0.1,6.643088856783663e-12,0.0,True
0,0.25,implementation_upper:Asset_055,<=,0.04999999998067421,0.1,0.050000000019325794,0.0,True
0,0.25,implementation_upper:Asset_056,<=,0.0,0.1,0.1,0.0,True
0,0.25,implementation_upper:Asset_057,<=,0.0,0.1,0.1,0.0,True
0,0.25,implementation_upper:Asset_058,<=,0.0,0.1,0.1,0.0,True
0,0.25,implementation_upper:Asset_059,<=,0.0,0.1,0.1,0.0,True
0,0.25,implementation_upper:Asset_060,<=,0.0,0.1,0.1,0.0,True
0,0.25,implementation_upper:Asset_061,<=,0.0,0.1,0.1,0.0,True
0,0.25,implementation_upper:Asset_062,<=,0.09999999998146891,0.1,1.853109332650149e-11,0.0,True
0,0.25,implementation_upper:Asset_063,<=,0.0,0.1,0.1,0.0,True
0,0.25,implementation_upper:Asset_064,<=,0.043073422105809285,0.1,0.05692657789419072,0.0,True
0,0.25,implementation_upper:Asset_065,<=,0.0,0.1,0.1,0.0,True
0,0.25,implementation_upper:Asset_066,<=,0.0,0.1,0.1,0.0,True
0,0.25,implementation_upper:Asset_067,<=,0.0,0.1,0.1,0.0,True
0,0.25,implementation_upper:Asset_068,<=,0.0,0.1,0.1,0.0,True
0,0.25,implementation_upper:Asset_069,<=,0.0,0.1,0.1,0.0,True
0,0.25,implementation_upper:Asset_070,<=,0.0,0.1,0.1,0.0,True
0,0.25,implementation_upper:Asset_071,<=,0.0,0.1,0.1,0.0,True
0,0.25,implementation_upper:Asset_072,<=,0.0,0.1,0.1,0.0,True
0,0.25,implementation_upper:Asset_073,<=,0.049999999999329796,0.1,0.05000000000067021,0.0,True
0,0.25,implementation_upper:Asset_074,<=,0.0,0.1,0.1,0.0,True
0,0.25,implementation_upper:Asset_075,<=,0.04999999976589275,0.1,0.05000000023410726,0.0,True
0,0.25,implementation_upper:Asset_076,<=,0.0,0.1,0.1,0.0,True
0,0.25,implementation_upper:Asset_077,<=,0.0,0.1,0.1,0.0,True
0,0.25,implementation_upper:Asset_078,<=,0.0,0.1,0.1,0.0,True
0,0.25,implementation_upper:Asset_079,<=,0.0,0.1,0.1,0.0,True
0,0.25,implementation_upper:Asset_080,<=,0.0,0.1,0.1,0.0,True
0,0.25,implementation_upper:Asset_081,<=,0.04780601569698969,0.1,0.05219398430301032,0.0,True
0,0.25,implementation_upper:Asset_082,<=,0.0,0.1,0.1,0.0,True
0,0.25,implementation_upper:Asset_083,<=,0.09999999987173616,0.1,1.282638439903394e-10,0.0,True
0,0.25,implementation_upper:Asset_084,<=,0.0,0.1,0.1,0.0,True
0,0.25,implementation_upper:Asset_085,<=,0.0,0.1,0.1,0.0,True
0,0.25,implementation_upper:Asset_086,<=,0.0,0.1,0.1,0.0,True
0,0.25,implementation_upper:Asset_087,<=,0.0,0.1,0.1,0.0,True
0,0.25,implementation_upper:Asset_088,<=,0.0,0.1,0.1,0.0,True
0,0.25,implementation_upper:Asset_089,<=,0.0,0.1,0.1,0.0,True
0,0.25,implementation_upper:Asset_090,<=,0.0,0.1,0.1,0.0,True
0,0.25,implementation_upper:Asset_091,<=,0.02760009299381674,0.1,0.07239990700618326,0.0,True
0,0.25,implementation_upper:Asset_092,<=,0.009999999995750327,0.1,0.09000000000424968,0.0,True
0,0.25,implementation_upper:Asset_093,<=,0.049999999985077995,0.1,0.05000000001492201,0.0,True
0,0.25,implementation_upper:Asset_094,<=,0.0,0.1,0.1,0.0,True
0,0.25,implementation_upper:Asset_095,<=,0.0,0.1,0.1,0.0,True
0,0.25,implementation_upper:Asset_096,<=,0.009999999996301467,0.1,0.09000000000369854,0.0,True
0,0.25,implementation_upper:Asset_097,<=,0.05000000008565058,0.1,0.049999999914349426,0.0,True
0,0.25,implementation_upper:Asset_098,<=,0.0,0.1,0.1,0.0,True
0,0.25,implementation_upper:Asset_099,<=,0.0,0.1,0.1,0.0,True
0,0.5,budget,=,0.9999999999999998,1.0,-2.220446049250313e-16,2.220446049250313e-16,True
0,0.5,asset_lower:Asset_000,>=,0.0,0.0,0.0,0.0,True
0,0.5,asset_upper:Asset_000,<=,0.0,0.2,0.2,0.0,True
0,0.5,asset_lower:Asset_001,>=,0.0,0.0,0.0,0.0,True
0,0.5,asset_upper:Asset_001,<=,0.0,0.2,0.2,0.0,True
0,0.5,asset_lower:Asset_002,>=,0.0,0.0,0.0,0.0,True
0,0.5,asset_upper:Asset_002,<=,0.0,0.2,0.2,0.0,True
0,0.5,asset_lower:Asset_003,>=,0.0,0.0,0.0,0.0,True
0,0.5,asset_upper:Asset_003,<=,0.0,0.2,0.2,0.0,True
0,0.5,asset_lower:Asset_004,>=,0.0,0.0,0.0,0.0,True
0,0.5,asset_upper:Asset_004,<=,0.0,0.2,0.2,0.0,True
0,0.5,asset_lower:Asset_005,>=,0.0,0.0,0.0,0.0,True
0,0.5,asset_upper:Asset_005,<=,0.0,0.2,0.2,0.0,True
0,0.5,asset_lower:Asset_006,>=,0.009999999976756395,0.0,0.009999999976756395,0.0,True
0,0.5,asset_upper:Asset_006,<=,0.009999999976756395,0.2,0.1900000000232436,0.0,True
0,0.5,asset_lower:Asset_007,>=,0.0,0.0,0.0,0.0,True
0,0.5,asset_upper:Asset_007,<=,0.0,0.2,0.2,0.0,True
0,0.5,asset_lower:Asset_008,>=,0.05000000000242316,0.0,0.05000000000242316,0.0,True
0,0.5,asset_upper:Asset_008,<=,0.05000000000242316,0.2,0.14999999999757685,0.0,True
0,0.5,asset_lower:Asset_009,>=,0.0,0.0,0.0,0.0,True
0,0.5,asset_upper:Asset_009,<=,0.0,0.2,0.2,0.0,True
0,0.5,asset_lower:Asset_010,>=,0.0,0.0,0.0,0.0,True
0,0.5,asset_upper:Asset_010,<=,0.0,0.2,0.2,0.0,True
0,0.5,asset_lower:Asset_011,>=,0.0,0.0,0.0,0.0,True
0,0.5,asset_upper:Asset_011,<=,0.0,0.2,0.2,0.0,True
0,0.5,asset_lower:Asset_012,>=,0.0,0.0,0.0,0.0,True
0,0.5,asset_upper:Asset_012,<=,0.0,0.2,0.2,0.0,True
0,0.5,asset_lower:Asset_013,>=,0.0,0.0,0.0,0.0,True
0,0.5,asset_upper:Asset_013,<=,0.0,0.2,0.2,0.0,True
0,0.5,asset_lower:Asset_014,>=,0.0,0.0,0.0,0.0,True
0,0.5,asset_upper:Asset_014,<=,0.0,0.2,0.2,0.0,True
0,0.5,asset_lower:Asset_015,>=,0.06860527642487799,0.0,0.06860527642487799,0.0,True
0,0.5,asset_upper:Asset_015,<=,0.06860527642487799,0.2,0.13139472357512202,0.0,True
0,0.5,asset_lower:Asset_016,>=,0.0,0.0,0.0,0.0,True
0,0.5,asset_upper:Asset_016,<=,0.0,0.2,0.2,0.0,True
0,0.5,asset_lower:Asset_017,>=,0.09999999982990679,0.0,0.09999999982990679,0.0,True
0,0.5,asset_upper:Asset_017,<=,0.09999999982990679,0.2,0.10000000017009322,0.0,True
0,0.5,asset_lower:Asset_018,>=,0.0,0.0,0.0,0.0,True
0,0.5,asset_upper:Asset_018,<=,0.0,0.2,0.2,0.0,True
0,0.5,asset_lower:Asset_019,>=,0.0,0.0,0.0,0.0,True
0,0.5,asset_upper:Asset_019,<=,0.0,0.2,0.2,0.0,True
0,0.5,asset_lower:Asset_020,>=,0.0,0.0,0.0,0.0,True
0,0.5,asset_upper:Asset_020,<=,0.0,0.2,0.2,0.0,True
0,0.5,asset_lower:Asset_021,>=,0.0,0.0,0.0,0.0,True
0,0.5,asset_upper:Asset_021,<=,0.0,0.2,0.2,0.0,True
0,0.5,asset_lower:Asset_022,>=,0.0,0.0,0.0,0.0,True
0,0.5,asset_upper:Asset_022,<=,0.0,0.2,0.2,0.0,True
0,0.5,asset_lower:Asset_023,>=,0.0,0.0,0.0,0.0,True
0,0.5,asset_upper:Asset_023,<=,0.0,0.2,0.2,0.0,True
0,0.5,asset_lower:Asset_024,>=,0.0,0.0,0.0,0.0,True
0,0.5,asset_upper:Asset_024,<=,0.0,0.2,0.2,0.0,True
0,0.5,asset_lower:Asset_025,>=,0.009999999977745628,0.0,0.009999999977745628,0.0,True
0,0.5,asset_upper:Asset_025,<=,0.009999999977745628,0.2,0.1900000000222544,0.0,True
0,0.5,asset_lower:Asset_026,>=,0.0,0.0,0.0,0.0,True
0,0.5,asset_upper:Asset_026,<=,0.0,0.2,0.2,0.0,True
0,0.5,asset_lower:Asset_027,>=,0.0,0.0,0.0,0.0,True
0,0.5,asset_upper:Asset_027,<=,0.0,0.2,0.2,0.0,True
0,0.5,asset_lower:Asset_028,>=,0.0,0.0,0.0,0.0,True
0,0.5,asset_upper:Asset_028,<=,0.0,0.2,0.2,0.0,True
0,0.5,asset_lower:Asset_029,>=,0.0,0.0,0.0,0.0,True
0,0.5,asset_upper:Asset_029,<=,0.0,0.2,0.2,0.0,True
0,0.5,asset_lower:Asset_030,>=,0.0,0.0,0.0,0.0,True
0,0.5,asset_upper:Asset_030,<=,0.0,0.2,0.2,0.0,True
0,0.5,asset_lower:Asset_031,>=,0.0,0.0,0.0,0.0,True
0,0.5,asset_upper:Asset_031,<=,0.0,0.2,0.2,0.0,True
0,0.5,asset_lower:Asset_032,>=,0.0,0.0,0.0,0.0,True
0,0.5,asset_upper:Asset_032,<=,0.0,0.2,0.2,0.0,True
0,0.5,asset_lower:Asset_033,>=,0.0,0.0,0.0,0.0,True
0,0.5,asset_upper:Asset_033,<=,0.0,0.2,0.2,0.0,True
0,0.5,asset_lower:Asset_034,>=,0.0,0.0,0.0,0.0,True
0,0.5,asset_upper:Asset_034,<=,0.0,0.2,0.2,0.0,True
0,0.5,asset_lower:Asset_035,>=,0.0,0.0,0.0,0.0,True
0,0.5,asset_upper:Asset_035,<=,0.0,0.2,0.2,0.0,True
0,0.5,asset_lower:Asset_036,>=,0.0,0.0,0.0,0.0,True
0,0.5,asset_upper:Asset_036,<=,0.0,0.2,0.2,0.0,True
0,0.5,asset_lower:Asset_037,>=,0.0,0.0,0.0,0.0,True
0,0.5,asset_upper:Asset_037,<=,0.0,0.2,0.2,0.0,True
0,0.5,asset_lower:Asset_038,>=,0.05000000012056325,0.0,0.05000000012056325,0.0,True
0,0.5,asset_upper:Asset_038,<=,0.05000000012056325,0.2,0.14999999987943677,0.0,True
0,0.5,asset_lower:Asset_039,>=,0.0,0.0,0.0,0.0,True
0,0.5,asset_upper:Asset_039,<=,0.0,0.2,0.2,0.0,True
0,0.5,asset_lower:Asset_040,>=,0.0,0.0,0.0,0.0,True
0,0.5,asset_upper:Asset_040,<=,0.0,0.2,0.2,0.0,True
0,0.5,asset_lower:Asset_041,>=,0.0,0.0,0.0,0.0,True
0,0.5,asset_upper:Asset_041,<=,0.0,0.2,0.2,0.0,True
0,0.5,asset_lower:Asset_042,>=,0.0,0.0,0.0,0.0,True
0,0.5,asset_upper:Asset_042,<=,0.0,0.2,0.2,0.0,True
0,0.5,asset_lower:Asset_043,>=,0.0,0.0,0.0,0.0,True
0,0.5,asset_upper:Asset_043,<=,0.0,0.2,0.2,0.0,True
0,0.5,asset_lower:Asset_044,>=,0.0,0.0,0.0,0.0,True
0,0.5,asset_upper:Asset_044,<=,0.0,0.2,0.2,0.0,True
0,0.5,asset_lower:Asset_045,>=,0.0,0.0,0.0,0.0,True
0,0.5,asset_upper:Asset_045,<=,0.0,0.2,0.2,0.0,True
0,0.5,asset_lower:Asset_046,>=,0.0,0.0,0.0,0.0,True
0,0.5,asset_upper:Asset_046,<=,0.0,0.2,0.2,0.0,True
0,0.5,asset_lower:Asset_047,>=,0.0,0.0,0.0,0.0,True
0,0.5,asset_upper:Asset_047,<=,0.0,0.2,0.2,0.0,True
0,0.5,asset_lower:Asset_048,>=,0.0,0.0,0.0,0.0,True
0,0.5,asset_upper:Asset_048,<=,0.0,0.2,0.2,0.0,True
0,0.5,asset_lower:Asset_049,>=,0.037119568413072075,0.0,0.037119568413072075,0.0,True
0,0.5,asset_upper:Asset_049,<=,0.037119568413072075,0.2,0.16288043158692794,0.0,True
0,0.5,asset_lower:Asset_050,>=,0.0,0.0,0.0,0.0,True
0,0.5,asset_upper:Asset_050,<=,0.0,0.2,0.2,0.0,True
0,0.5,asset_lower:Asset_051,>=,0.0,0.0,0.0,0.0,True
0,0.5,asset_upper:Asset_051,<=,0.0,0.2,0.2,0.0,True
0,0.5,asset_lower:Asset_052,>=,0.0,0.0,0.0,0.0,True
0,0.5,asset_upper:Asset_052,<=,0.0,0.2,0.2,0.0,True
0,0.5,asset_lower:Asset_053,>=,0.0,0.0,0.0,0.0,True
0,0.5,asset_upper:Asset_053,<=,0.0,0.2,0.2,0.0,True
0,0.5,asset_lower:Asset_054,>=,0.09999999999973729,0.0,0.09999999999973729,0.0,True
0,0.5,asset_upper:Asset_054,<=,0.09999999999973729,0.2,0.10000000000026273,0.0,True
0,0.5,asset_lower:Asset_055,>=,0.04999999996917633,0.0,0.04999999996917633,0.0,True
0,0.5,asset_upper:Asset_055,<=,0.04999999996917633,0.2,0.15000000003082367,0.0,True
0,0.5,asset_lower:Asset_056,>=,0.0,0.0,0.0,0.0,True
0,0.5,asset_upper:Asset_056,<=,0.0,0.2,0.2,0.0,True
0,0.5,asset_lower:Asset_057,>=,0.0,0.0,0.0,0.0,True
0,0.5,asset_upper:Asset_057,<=,0.0,0.2,0.2,0.0,True
0,0.5,asset_lower:Asset_058,>=,0.0,0.0,0.0,0.0,True
0,0.5,asset_upper:Asset_058,<=,0.0,0.2,0.2,0.0,True
0,0.5,asset_lower:Asset_059,>=,0.0,0.0,0.0,0.0,True
0,0.5,asset_upper:Asset_059,<=,0.0,0.2,0.2,0.0,True
0,0.5,asset_lower:Asset_060,>=,0.0,0.0,0.0,0.0,True
0,0.5,asset_upper:Asset_060,<=,0.0,0.2,0.2,0.0,True
0,0.5,asset_lower:Asset_061,>=,0.0,0.0,0.0,0.0,True
0,0.5,asset_upper:Asset_061,<=,0.0,0.2,0.2,0.0,True
0,0.5,asset_lower:Asset_062,>=,0.09999999998941472,0.0,0.09999999998941472,0.0,True
0,0.5,asset_upper:Asset_062,<=,0.09999999998941472,0.2,0.10000000001058529,0.0,True
0,0.5,asset_lower:Asset_063,>=,0.0,0.0,0.0,0.0,True
0,0.5,asset_upper:Asset_063,<=,0.0,0.2,0.2,0.0,True
0,0.5,asset_lower:Asset_064,>=,0.030760916516510365,0.0,0.030760916516510365,0.0,True
0,0.5,asset_upper:Asset_064,<=,0.030760916516510365,0.2,0.16923908348348965,0.0,True
0,0.5,asset_lower:Asset_065,>=,0.0,0.0,0.0,0.0,True
0,0.5,asset_upper:Asset_065,<=,0.0,0.2,0.2,0.0,True
0,0.5,asset_lower:Asset_066,>=,0.0,0.0,0.0,0.0,True
0,0.5,asset_upper:Asset_066,<=,0.0,0.2,0.2,0.0,True
0,0.5,asset_lower:Asset_067,>=,0.0,0.0,0.0,0.0,True
0,0.5,asset_upper:Asset_067,<=,0.0,0.2,0.2,0.0,True
0,0.5,asset_lower:Asset_068,>=,0.0,0.0,0.0,0.0,True
0,0.5,asset_upper:Asset_068,<=,0.0,0.2,0.2,0.0,True
0,0.5,asset_lower:Asset_069,>=,0.0,0.0,0.0,0.0,True
0,0.5,asset_upper:Asset_069,<=,0.0,0.2,0.2,0.0,True
0,0.5,asset_lower:Asset_070,>=,0.0,0.0,0.0,0.0,True
0,0.5,asset_upper:Asset_070,<=,0.0,0.2,0.2,0.0,True
0,0.5,asset_lower:Asset_071,>=,0.0,0.0,0.0,0.0,True
0,0.5,asset_upper:Asset_071,<=,0.0,0.2,0.2,0.0,True
0,0.5,asset_lower:Asset_072,>=,0.0,0.0,0.0,0.0,True
0,0.5,asset_upper:Asset_072,<=,0.0,0.2,0.2,0.0,True
0,0.5,asset_lower:Asset_073,>=,0.0499999999967019,0.0,0.0499999999967019,0.0,True
0,0.5,asset_upper:Asset_073,<=,0.0499999999967019,0.2,0.1500000000032981,0.0,True
0,0.5,asset_lower:Asset_074,>=,0.0,0.0,0.0,0.0,True
0,0.5,asset_upper:Asset_074,<=,0.0,0.2,0.2,0.0,True
0,0.5,asset_lower:Asset_075,>=,0.04999999975959086,0.0,0.04999999975959086,0.0,True
0,0.5,asset_upper:Asset_075,<=,0.04999999975959086,0.2,0.15000000024040916,0.0,True
0,0.5,asset_lower:Asset_076,>=,0.0,0.0,0.0,0.0,True
0,0.5,asset_upper:Asset_076,<=,0.0,0.2,0.2,0.0,True
0,0.5,asset_lower:Asset_077,>=,0.0,0.0,0.0,0.0,True
0,0.5,asset_upper:Asset_077,<=,0.0,0.2,0.2,0.0,True
0,0.5,asset_lower:Asset_078,>=,0.0,0.0,0.0,0.0,True
0,0.5,asset_upper:Asset_078,<=,0.0,0.2,0.2,0.0,True
0,0.5,asset_lower:Asset_079,>=,0.0,0.0,0.0,0.0,True
0,0.5,asset_upper:Asset_079,<=,0.0,0.2,0.2,0.0,True
0,0.5,asset_lower:Asset_080,>=,0.0,0.0,0.0,0.0,True
0,0.5,asset_upper:Asset_080,<=,0.0,0.2,0.2,0.0,True
0,0.5,asset_lower:Asset_081,>=,0.04999999963764007,0.0,0.04999999963764007,0.0,True
0,0.5,asset_upper:Asset_081,<=,0.04999999963764007,0.2,0.15000000036235994,0.0,True
0,0.5,asset_lower:Asset_082,>=,0.0,0.0,0.0,0.0,True
0,0.5,asset_upper:Asset_082,<=,0.0,0.2,0.2,0.0,True
0,0.5,asset_lower:Asset_083,>=,0.050000011936456396,0.0,0.050000011936456396,0.0,True
0,0.5,asset_upper:Asset_083,<=,0.050000011936456396,0.2,0.14999998806354362,0.0,True
0,0.5,asset_lower:Asset_084,>=,0.0,0.0,0.0,0.0,True
0,0.5,asset_upper:Asset_084,<=,0.0,0.2,0.2,0.0,True
0,0.5,asset_lower:Asset_085,>=,0.0,0.0,0.0,0.0,True
0,0.5,asset_upper:Asset_085,<=,0.0,0.2,0.2,0.0,True
0,0.5,asset_lower:Asset_086,>=,0.0,0.0,0.0,0.0,True
0,0.5,asset_upper:Asset_086,<=,0.0,0.2,0.2,0.0,True
0,0.5,asset_lower:Asset_087,>=,0.0,0.0,0.0,0.0,True
0,0.5,asset_upper:Asset_087,<=,0.0,0.2,0.2,0.0,True
0,0.5,asset_lower:Asset_088,>=,0.0,0.0,0.0,0.0,True
0,0.5,asset_upper:Asset_088,<=,0.0,0.2,0.2,0.0,True
0,0.5,asset_lower:Asset_089,>=,0.0,0.0,0.0,0.0,True
0,0.5,asset_upper:Asset_089,<=,0.0,0.2,0.2,0.0,True
0,0.5,asset_lower:Asset_090,>=,0.0,0.0,0.0,0.0,True
0,0.5,asset_upper:Asset_090,<=,0.0,0.2,0.2,0.0,True
0,0.5,asset_lower:Asset_091,>=,0.04211951566735702,0.0,0.04211951566735702,0.0,True
0,0.5,asset_upper:Asset_091,<=,0.04211951566735702,0.2,0.15788048433264298,0.0,True
0,0.5,asset_lower:Asset_092,>=,0.00999999997632126,0.0,0.00999999997632126,0.0,True
0,0.5,asset_upper:Asset_092,<=,0.00999999997632126,0.2,0.19000000002367876,0.0,True
0,0.5,asset_lower:Asset_093,>=,0.04999999993712422,0.0,0.04999999993712422,0.0,True
0,0.5,asset_upper:Asset_093,<=,0.04999999993712422,0.2,0.15000000006287578,0.0,True
0,0.5,asset_lower:Asset_094,>=,0.0,0.0,0.0,0.0,True
0,0.5,asset_upper:Asset_094,<=,0.0,0.2,0.2,0.0,True
0,0.5,asset_lower:Asset_095,>=,0.0,0.0,0.0,0.0,True
0,0.5,asset_upper:Asset_095,<=,0.0,0.2,0.2,0.0,True
0,0.5,asset_lower:Asset_096,>=,0.009999999977408134,0.0,0.009999999977408134,0.0,True
0,0.5,asset_upper:Asset_096,<=,0.009999999977408134,0.2,0.19000000002259188,0.0,True
0,0.5,asset_lower:Asset_097,>=,0.081394711891216,0.0,0.081394711891216,0.0,True
0,0.5,asset_upper:Asset_097,<=,0.081394711891216,0.2,0.11860528810878401,0.0,True
0,0.5,asset_lower:Asset_098,>=,0.0,0.0,0.0,0.0,True
0,0.5,asset_upper:Asset_098,<=,0.0,0.2,0.2,0.0,True
0,0.5,asset_lower:Asset_099,>=,0.0,0.0,0.0,0.0,True
0,0.5,asset_upper:Asset_099,<=,0.0,0.2,0.2,0.0,True
0,0.5,group_lower:Group_0,>=,0.16072479206141135,0.10000000000000002,0.060724792061411334,0.0,True
0,0.5,group_upper:Group_0,<=,0.16072479206141135,0.25,0.08927520793858865,0.0,True
0,0.5,group_lower:Group_1,>=,0.11999999994391675,0.10000000000000002,0.019999999943916727,0.0,True
0,0.5,group_upper:Group_1,<=,0.11999999994391675,0.25,0.13000000005608325,0.0,True
0,0.5,group_lower:Group_2,>=,0.23139471201151654,0.10000000000000002,0.13139471201151653,0.0,True
0,0.5,group_upper:Group_2,<=,0.23139471201151654,0.25,0.01860528798848346,0.0,True
0,0.5,group_lower:Group_3,>=,0.13076091591374128,0.10000000000000002,0.030760915913741263,0.0,True
0,0.5,group_upper:Group_3,<=,0.13076091591374128,0.25,0.11923908408625872,0.0,True
0,0.5,group_lower:Group_4,>=,0.08711956840977397,0.05,0.03711956840977397,0.0,True
0,0.5,group_upper:Group_4,<=,0.08711956840977397,0.2,0.11288043159022604,0.0,True
0,0.5,group_lower:Group_5,>=,0.10000001193887956,0.05,0.050000011938879554,0.0,True
0,0.5,group_upper:Group_5,<=,0.10000001193887956,0.2,0.09999998806112045,0.0,True
0,0.5,group_lower:Group_6,>=,0.10999999980731492,0.05,0.05999999980731492,0.0,True
0,0.5,group_upper:Group_6,<=,0.10999999980731492,0.2,0.09000000019268509,0.0,True
0,0.5,group_lower:Group_7,>=,0.059999999913445484,0.05,0.009999999913445481,0.0,True
0,0.5,group_upper:Group_7,<=,0.059999999913445484,0.2,0.14000000008655453,0.0,True
0,0.5,max_turnover,<=,0.40000000038919137,0.4,-3.891913458176077e-10,3.891913458176077e-10,True
0,0.5,exact_cardinality,=,20.0,20.0,-0.0,0.0,True
0,0.5,minimum_active_weight:Asset_006,>=,0.009999999976756395,0.01,-2.3243604957423614e-11,2.3243604957423614e-11,True
0,0.5,minimum_active_weight:Asset_008,>=,0.05000000000242316,0.01,0.04000000000242316,0.0,True
0,0.5,minimum_active_weight:Asset_015,>=,0.06860527642487799,0.01,0.058605276424877985,0.0,True
0,0.5,minimum_active_weight:Asset_017,>=,0.09999999982990679,0.01,0.0899999998299068,0.0,True
0,0.5,minimum_active_weight:Asset_025,>=,0.009999999977745628,0.01,-2.2254371956353936e-11,2.2254371956353936e-11,True
0,0.5,minimum_active_weight:Asset_038,>=,0.05000000012056325,0.01,0.04000000012056325,0.0,True
0,0.5,minimum_active_weight:Asset_049,>=,0.037119568413072075,0.01,0.027119568413072073,0.0,True
0,0.5,minimum_active_weight:Asset_054,>=,0.09999999999973729,0.01,0.08999999999973729,0.0,True
0,0.5,minimum_active_weight:Asset_055,>=,0.04999999996917633,0.01,0.03999999996917633,0.0,True
0,0.5,minimum_active_weight:Asset_062,>=,0.09999999998941472,0.01,0.08999999998941473,0.0,True
0,0.5,minimum_active_weight:Asset_064,>=,0.030760916516510365,0.01,0.020760916516510367,0.0,True
0,0.5,minimum_active_weight:Asset_073,>=,0.0499999999967019,0.01,0.039999999996701896,0.0,True
0,0.5,minimum_active_weight:Asset_075,>=,0.04999999975959086,0.01,0.03999999975959086,0.0,True
0,0.5,minimum_active_weight:Asset_081,>=,0.04999999963764007,0.01,0.03999999963764007,0.0,True
0,0.5,minimum_active_weight:Asset_083,>=,0.050000011936456396,0.01,0.040000011936456394,0.0,True
0,0.5,minimum_active_weight:Asset_091,>=,0.04211951566735702,0.01,0.03211951566735702,0.0,True
0,0.5,minimum_active_weight:Asset_092,>=,0.00999999997632126,0.01,-2.3678739524690684e-11,2.3678739524690684e-11,True
0,0.5,minimum_active_weight:Asset_093,>=,0.04999999993712422,0.01,0.03999999993712422,0.0,True
0,0.5,minimum_active_weight:Asset_096,>=,0.009999999977408134,0.01,-2.2591865878052175e-11,2.2591865878052175e-11,True
0,0.5,minimum_active_weight:Asset_097,>=,0.081394711891216,0.01,0.071394711891216,0.0,True
0,0.5,implementation_upper:Asset_000,<=,0.0,0.1,0.1,0.0,True
0,0.5,implementation_upper:Asset_001,<=,0.0,0.1,0.1,0.0,True
0,0.5,implementation_upper:Asset_002,<=,0.0,0.1,0.1,0.0,True
0,0.5,implementation_upper:Asset_003,<=,0.0,0.1,0.1,0.0,True
0,0.5,implementation_upper:Asset_004,<=,0.0,0.1,0.1,0.0,True
0,0.5,implementation_upper:Asset_005,<=,0.0,0.1,0.1,0.0,True
0,0.5,implementation_upper:Asset_006,<=,0.009999999976756395,0.1,0.09000000002324361,0.0,True
0,0.5,implementation_upper:Asset_007,<=,0.0,0.1,0.1,0.0,True
0,0.5,implementation_upper:Asset_008,<=,0.05000000000242316,0.1,0.049999999997576844,0.0,True
0,0.5,implementation_upper:Asset_009,<=,0.0,0.1,0.1,0.0,True
0,0.5,implementation_upper:Asset_010,<=,0.0,0.1,0.1,0.0,True
0,0.5,implementation_upper:Asset_011,<=,0.0,0.1,0.1,0.0,True
0,0.5,implementation_upper:Asset_012,<=,0.0,0.1,0.1,0.0,True
0,0.5,implementation_upper:Asset_013,<=,0.0,0.1,0.1,0.0,True
0,0.5,implementation_upper:Asset_014,<=,0.0,0.1,0.1,0.0,True
0,0.5,implementation_upper:Asset_015,<=,0.06860527642487799,0.1,0.03139472357512202,0.0,True
0,0.5,implementation_upper:Asset_016,<=,0.0,0.1,0.1,0.0,True
0,0.5,implementation_upper:Asset_017,<=,0.09999999982990679,0.1,1.7009321728878035e-10,0.0,True
0,0.5,implementation_upper:Asset_018,<=,0.0,0.1,0.1,0.0,True
0,0.5,implementation_upper:Asset_019,<=,0.0,0.1,0.1,0.0,True
0,0.5,implementation_upper:Asset_020,<=,0.0,0.1,0.1,0.0,True
0,0.5,implementation_upper:Asset_021,<=,0.0,0.1,0.1,0.0,True
0,0.5,implementation_upper:Asset_022,<=,0.0,0.1,0.1,0.0,True
0,0.5,implementation_upper:Asset_023,<=,0.0,0.1,0.1,0.0,True
0,0.5,implementation_upper:Asset_024,<=,0.0,0.1,0.1,0.0,True
0,0.5,implementation_upper:Asset_025,<=,0.009999999977745628,0.1,0.09000000002225438,0.0,True
0,0.5,implementation_upper:Asset_026,<=,0.0,0.1,0.1,0.0,True
0,0.5,implementation_upper:Asset_027,<=,0.0,0.1,0.1,0.0,True
0,0.5,implementation_upper:Asset_028,<=,0.0,0.1,0.1,0.0,True
0,0.5,implementation_upper:Asset_029,<=,0.0,0.1,0.1,0.0,True
0,0.5,implementation_upper:Asset_030,<=,0.0,0.1,0.1,0.0,True
0,0.5,implementation_upper:Asset_031,<=,0.0,0.1,0.1,0.0,True
0,0.5,implementation_upper:Asset_032,<=,0.0,0.1,0.1,0.0,True
0,0.5,implementation_upper:Asset_033,<=,0.0,0.1,0.1,0.0,True
0,0.5,implementation_upper:Asset_034,<=,0.0,0.1,0.1,0.0,True
0,0.5,implementation_upper:Asset_035,<=,0.0,0.1,0.1,0.0,True
0,0.5,implementation_upper:Asset_036,<=,0.0,0.1,0.1,0.0,True
0,0.5,implementation_upper:Asset_037,<=,0.0,0.1,0.1,0.0,True
0,0.5,implementation_upper:Asset_038,<=,0.05000000012056325,0.1,0.049999999879436756,0.0,True
0,0.5,implementation_upper:Asset_039,<=,0.0,0.1,0.1,0.0,True
0,0.5,implementation_upper:Asset_040,<=,0.0,0.1,0.1,0.0,True
0,0.5,implementation_upper:Asset_041,<=,0.0,0.1,0.1,0.0,True
0,0.5,implementation_upper:Asset_042,<=,0.0,0.1,0.1,0.0,True
0,0.5,implementation_upper:Asset_043,<=,0.0,0.1,0.1,0.0,True
0,0.5,implementation_upper:Asset_044,<=,0.0,0.1,0.1,0.0,True
0,0.5,implementation_upper:Asset_045,<=,0.0,0.1,0.1,0.0,True
0,0.5,implementation_upper:Asset_046,<=,0.0,0.1,0.1,0.0,True
0,0.5,implementation_upper:Asset_047,<=,0.0,0.1,0.1,0.0,True
0,0.5,implementation_upper:Asset_048,<=,0.0,0.1,0.1,0.0,True
0,0.5,implementation_upper:Asset_049,<=,0.037119568413072075,0.1,0.06288043158692794,0.0,True
0,0.5,implementation_upper:Asset_050,<=,0.0,0.1,0.1,0.0,True
0,0.5,implementation_upper:Asset_051,<=,0.0,0.1,0.1,0.0,True
0,0.5,implementation_upper:Asset_052,<=,0.0,0.1,0.1,0.0,True
0,0.5,implementation_upper:Asset_053,<=,0.0,0.1,0.1,0.0,True
0,0.5,implementation_upper:Asset_054,<=,0.09999999999973729,0.1,2.627204009897355e-13,0.0,True
0,0.5,implementation_upper:Asset_055,<=,0.04999999996917633,0.1,0.05000000003082367,0.0,True
0,0.5,implementation_upper:Asset_056,<=,0.0,0.1,0.1,0.0,True
0,0.5,implementation_upper:Asset_057,<=,0.0,0.1,0.1,0.0,True
0,0.5,implementation_upper:Asset_058,<=,0.0,0.1,0.1,0.0,True
0,0.5,implementation_upper:Asset_059,<=,0.0,0.1,0.1,0.0,True
0,0.5,implementation_upper:Asset_060,<=,0.0,0.1,0.1,0.0,True
0,0.5,implementation_upper:Asset_061,<=,0.0,0.1,0.1,0.0,True
0,0.5,implementation_upper:Asset_062,<=,0.09999999998941472,0.1,1.0585282650410477e-11,0.0,True
0,0.5,implementation_upper:Asset_063,<=,0.0,0.1,0.1,0.0,True
0,0.5,implementation_upper:Asset_064,<=,0.030760916516510365,0.1,0.06923908348348964,0.0,True
0,0.5,implementation_upper:Asset_065,<=,0.0,0.1,0.1,0.0,True
0,0.5,implementation_upper:Asset_066,<=,0.0,0.1,0.1,0.0,True
0,0.5,implementation_upper:Asset_067,<=,0.0,0.1,0.1,0.0,True
0,0.5,implementation_upper:Asset_068,<=,0.0,0.1,0.1,0.0,True
0,0.5,implementation_upper:Asset_069,<=,0.0,0.1,0.1,0.0,True
0,0.5,implementation_upper:Asset_070,<=,0.0,0.1,0.1,0.0,True
0,0.5,implementation_upper:Asset_071,<=,0.0,0.1,0.1,0.0,True
0,0.5,implementation_upper:Asset_072,<=,0.0,0.1,0.1,0.0,True
0,0.5,implementation_upper:Asset_073,<=,0.0499999999967019,0.1,0.05000000000329811,0.0,True
0,0.5,implementation_upper:Asset_074,<=,0.0,0.1,0.1,0.0,True
0,0.5,implementation_upper:Asset_075,<=,0.04999999975959086,0.1,0.05000000024040915,0.0,True
0,0.5,implementation_upper:Asset_076,<=,0.0,0.1,0.1,0.0,True
0,0.5,implementation_upper:Asset_077,<=,0.0,0.1,0.1,0.0,True
0,0.5,implementation_upper:Asset_078,<=,0.0,0.1,0.1,0.0,True
0,0.5,implementation_upper:Asset_079,<=,0.0,0.1,0.1,0.0,True
0,0.5,implementation_upper:Asset_080,<=,0.0,0.1,0.1,0.0,True
0,0.5,implementation_upper:Asset_081,<=,0.04999999963764007,0.1,0.050000000362359937,0.0,True
0,0.5,implementation_upper:Asset_082,<=,0.0,0.1,0.1,0.0,True
0,0.5,implementation_upper:Asset_083,<=,0.050000011936456396,0.1,0.04999998806354361,0.0,True
0,0.5,implementation_upper:Asset_084,<=,0.0,0.1,0.1,0.0,True
0,0.5,implementation_upper:Asset_085,<=,0.0,0.1,0.1,0.0,True
0,0.5,implementation_upper:Asset_086,<=,0.0,0.1,0.1,0.0,True
0,0.5,implementation_upper:Asset_087,<=,0.0,0.1,0.1,0.0,True
0,0.5,implementation_upper:Asset_088,<=,0.0,0.1,0.1,0.0,True
0,0.5,implementation_upper:Asset_089,<=,0.0,0.1,0.1,0.0,True
0,0.5,implementation_upper:Asset_090,<=,0.0,0.1,0.1,0.0,True
0,0.5,implementation_upper:Asset_091,<=,0.04211951566735702,0.1,0.057880484332642985,0.0,True
0,0.5,implementation_upper:Asset_092,<=,0.00999999997632126,0.1,0.09000000002367875,0.0,True
0,0.5,implementation_upper:Asset_093,<=,0.04999999993712422,0.1,0.050000000062875784,0.0,True
0,0.5,implementation_upper:Asset_094,<=,0.0,0.1,0.1,0.0,True
0,0.5,implementation_upper:Asset_095,<=,0.0,0.1,0.1,0.0,True
0,0.5,implementation_upper:Asset_096,<=,0.009999999977408134,0.1,0.09000000002259187,0.0,True
0,0.5,implementation_upper:Asset_097,<=,0.081394711891216,0.1,0.018605288108784007,0.0,True
0,0.5,implementation_upper:Asset_098,<=,0.0,0.1,0.1,0.0,True
0,0.5,implementation_upper:Asset_099,<=,0.0,0.1,0.1,0.0,True
0,1.0,budget,=,1.0,1.0,-0.0,0.0,True
0,1.0,asset_lower:Asset_000,>=,0.0,0.0,0.0,0.0,True
0,1.0,asset_upper:Asset_000,<=,0.0,0.2,0.2,0.0,True
0,1.0,asset_lower:Asset_001,>=,0.0,0.0,0.0,0.0,True
0,1.0,asset_upper:Asset_001,<=,0.0,0.2,0.2,0.0,True
0,1.0,asset_lower:Asset_002,>=,0.0,0.0,0.0,0.0,True
0,1.0,asset_upper:Asset_002,<=,0.0,0.2,0.2,0.0,True
0,1.0,asset_lower:Asset_003,>=,0.0,0.0,0.0,0.0,True
0,1.0,asset_upper:Asset_003,<=,0.0,0.2,0.2,0.0,True
0,1.0,asset_lower:Asset_004,>=,0.0,0.0,0.0,0.0,True
0,1.0,asset_upper:Asset_004,<=,0.0,0.2,0.2,0.0,True
0,1.0,asset_lower:Asset_005,>=,0.0,0.0,0.0,0.0,True
0,1.0,asset_upper:Asset_005,<=,0.0,0.2,0.2,0.0,True
0,1.0,asset_lower:Asset_006,>=,0.009999999975719803,0.0,0.009999999975719803,0.0,True
0,1.0,asset_upper:Asset_006,<=,0.009999999975719803,0.2,0.19000000002428022,0.0,True
0,1.0,asset_lower:Asset_007,>=,0.0,0.0,0.0,0.0,True
0,1.0,asset_upper:Asset_007,<=,0.0,0.2,0.2,0.0,True
0,1.0,asset_lower:Asset_008,>=,0.05000000000333088,0.0,0.05000000000333088,0.0,True
0,1.0,asset_upper:Asset_008,<=,0.05000000000333088,0.2,0.14999999999666913,0.0,True
0,1.0,asset_lower:Asset_009,>=,0.0,0.0,0.0,0.0,True
0,1.0,asset_upper:Asset_009,<=,0.0,0.2,0.2,0.0,True
0,1.0,asset_lower:Asset_010,>=,0.0,0.0,0.0,0.0,True
0,1.0,asset_upper:Asset_010,<=,0.0,0.2,0.2,0.0,True
0,1.0,asset_lower:Asset_011,>=,0.0,0.0,0.0,0.0,True
0,1.0,asset_upper:Asset_011,<=,0.0,0.2,0.2,0.0,True
0,1.0,asset_lower:Asset_012,>=,0.0,0.0,0.0,0.0,True
0,1.0,asset_upper:Asset_012,<=,0.0,0.2,0.2,0.0,True
0,1.0,asset_lower:Asset_013,>=,0.0,0.0,0.0,0.0,True
0,1.0,asset_upper:Asset_013,<=,0.0,0.2,0.2,0.0,True
0,1.0,asset_lower:Asset_014,>=,0.0,0.0,0.0,0.0,True
0,1.0,asset_upper:Asset_014,<=,0.0,0.2,0.2,0.0,True
0,1.0,asset_lower:Asset_015,>=,0.07176378002857356,0.0,0.07176378002857356,0.0,True
0,1.0,asset_upper:Asset_015,<=,0.07176378002857356,0.2,0.12823621997142645,0.0,True
0,1.0,asset_lower:Asset_016,>=,0.0,0.0,0.0,0.0,True
0,1.0,asset_upper:Asset_016,<=,0.0,0.2,0.2,0.0,True
0,1.0,asset_lower:Asset_017,>=,0.09013694577962045,0.0,0.09013694577962045,0.0,True
0,1.0,asset_upper:Asset_017,<=,0.09013694577962045,0.2,0.10986305422037956,0.0,True
0,1.0,asset_lower:Asset_018,>=,0.0,0.0,0.0,0.0,True
0,1.0,asset_upper:Asset_018,<=,0.0,0.2,0.2,0.0,True
0,1.0,asset_lower:Asset_019,>=,0.0,0.0,0.0,0.0,True
0,1.0,asset_upper:Asset_019,<=,0.0,0.2,0.2,0.0,True
0,1.0,asset_lower:Asset_020,>=,0.0,0.0,0.0,0.0,True
0,1.0,asset_upper:Asset_020,<=,0.0,0.2,0.2,0.0,True
0,1.0,asset_lower:Asset_021,>=,0.0,0.0,0.0,0.0,True
0,1.0,asset_upper:Asset_021,<=,0.0,0.2,0.2,0.0,True
0,1.0,asset_lower:Asset_022,>=,0.0,0.0,0.0,0.0,True
0,1.0,asset_upper:Asset_022,<=,0.0,0.2,0.2,0.0,True
0,1.0,asset_lower:Asset_023,>=,0.0,0.0,0.0,0.0,True
0,1.0,asset_upper:Asset_023,<=,0.0,0.2,0.2,0.0,True
0,1.0,asset_lower:Asset_024,>=,0.0,0.0,0.0,0.0,True
0,1.0,asset_upper:Asset_024,<=,0.0,0.2,0.2,0.0,True
0,1.0,asset_lower:Asset_025,>=,0.009999999990101647,0.0,0.009999999990101647,0.0,True
0,1.0,asset_upper:Asset_025,<=,0.009999999990101647,0.2,0.19000000000989836,0.0,True
0,1.0,asset_lower:Asset_026,>=,0.0,0.0,0.0,0.0,True
0,1.0,asset_upper:Asset_026,<=,0.0,0.2,0.2,0.0,True
0,1.0,asset_lower:Asset_027,>=,0.0,0.0,0.0,0.0,True
0,1.0,asset_upper:Asset_027,<=,0.0,0.2,0.2,0.0,True
0,1.0,asset_lower:Asset_028,>=,0.0,0.0,0.0,0.0,True
0,1.0,asset_upper:Asset_028,<=,0.0,0.2,0.2,0.0,True
0,1.0,asset_lower:Asset_029,>=,0.0,0.0,0.0,0.0,True
0,1.0,asset_upper:Asset_029,<=,0.0,0.2,0.2,0.0,True
0,1.0,asset_lower:Asset_030,>=,0.0,0.0,0.0,0.0,True
0,1.0,asset_upper:Asset_030,<=,0.0,0.2,0.2,0.0,True
0,1.0,asset_lower:Asset_031,>=,0.0,0.0,0.0,0.0,True
0,1.0,asset_upper:Asset_031,<=,0.0,0.2,0.2,0.0,True
0,1.0,asset_lower:Asset_032,>=,0.0,0.0,0.0,0.0,True
0,1.0,asset_upper:Asset_032,<=,0.0,0.2,0.2,0.0,True
0,1.0,asset_lower:Asset_033,>=,0.0,0.0,0.0,0.0,True
0,1.0,asset_upper:Asset_033,<=,0.0,0.2,0.2,0.0,True
0,1.0,asset_lower:Asset_034,>=,0.0,0.0,0.0,0.0,True
0,1.0,asset_upper:Asset_034,<=,0.0,0.2,0.2,0.0,True
0,1.0,asset_lower:Asset_035,>=,0.0,0.0,0.0,0.0,True
0,1.0,asset_upper:Asset_035,<=,0.0,0.2,0.2,0.0,True
0,1.0,asset_lower:Asset_036,>=,0.0,0.0,0.0,0.0,True
0,1.0,asset_upper:Asset_036,<=,0.0,0.2,0.2,0.0,True
0,1.0,asset_lower:Asset_037,>=,0.0,0.0,0.0,0.0,True
0,1.0,asset_upper:Asset_037,<=,0.0,0.2,0.2,0.0,True
0,1.0,asset_lower:Asset_038,>=,0.05000000008498219,0.0,0.05000000008498219,0.0,True
0,1.0,asset_upper:Asset_038,<=,0.05000000008498219,0.2,0.14999999991501783,0.0,True
0,1.0,asset_lower:Asset_039,>=,0.0,0.0,0.0,0.0,True
0,1.0,asset_upper:Asset_039,<=,0.0,0.2,0.2,0.0,True
0,1.0,asset_lower:Asset_040,>=,0.0,0.0,0.0,0.0,True
0,1.0,asset_upper:Asset_040,<=,0.0,0.2,0.2,0.0,True
0,1.0,asset_lower:Asset_041,>=,0.0,0.0,0.0,0.0,True
0,1.0,asset_upper:Asset_041,<=,0.0,0.2,0.2,0.0,True
0,1.0,asset_lower:Asset_042,>=,0.0,0.0,0.0,0.0,True
0,1.0,asset_upper:Asset_042,<=,0.0,0.2,0.2,0.0,True
0,1.0,asset_lower:Asset_043,>=,0.0,0.0,0.0,0.0,True
0,1.0,asset_upper:Asset_043,<=,0.0,0.2,0.2,0.0,True
0,1.0,asset_lower:Asset_044,>=,0.0,0.0,0.0,0.0,True
0,1.0,asset_upper:Asset_044,<=,0.0,0.2,0.2,0.0,True
0,1.0,asset_lower:Asset_045,>=,0.0,0.0,0.0,0.0,True
0,1.0,asset_upper:Asset_045,<=,0.0,0.2,0.2,0.0,True
0,1.0,asset_lower:Asset_046,>=,0.0,0.0,0.0,0.0,True
0,1.0,asset_upper:Asset_046,<=,0.0,0.2,0.2,0.0,True
0,1.0,asset_lower:Asset_047,>=,0.0,0.0,0.0,0.0,True
0,1.0,asset_upper:Asset_047,<=,0.0,0.2,0.2,0.0,True
0,1.0,asset_lower:Asset_048,>=,0.0,0.0,0.0,0.0,True
0,1.0,asset_upper:Asset_048,<=,0.0,0.2,0.2,0.0,True
0,1.0,asset_lower:Asset_049,>=,0.0395638540875658,0.0,0.0395638540875658,0.0,True
0,1.0,asset_upper:Asset_049,<=,0.0395638540875658,0.2,0.1604361459124342,0.0,True
0,1.0,asset_lower:Asset_050,>=,0.0,0.0,0.0,0.0,True
0,1.0,asset_upper:Asset_050,<=,0.0,0.2,0.2,0.0,True
0,1.0,asset_lower:Asset_051,>=,0.0,0.0,0.0,0.0,True
0,1.0,asset_upper:Asset_051,<=,0.0,0.2,0.2,0.0,True
0,1.0,asset_lower:Asset_052,>=,0.0,0.0,0.0,0.0,True
0,1.0,asset_upper:Asset_052,<=,0.0,0.2,0.2,0.0,True
0,1.0,asset_lower:Asset_053,>=,0.0,0.0,0.0,0.0,True
0,1.0,asset_upper:Asset_053,<=,0.0,0.2,0.2,0.0,True
0,1.0,asset_lower:Asset_054,>=,0.1000000000054106,0.0,0.1000000000054106,0.0,True
0,1.0,asset_upper:Asset_054,<=,0.1000000000054106,0.2,0.09999999999458942,0.0,True
0,1.0,asset_lower:Asset_055,>=,0.04999999999480195,0.0,0.04999999999480195,0.0,True
0,1.0,asset_upper:Asset_055,<=,0.04999999999480195,0.2,0.15000000000519806,0.0,True
0,1.0,asset_lower:Asset_056,>=,0.0,0.0,0.0,0.0,True
0,1.0,asset_upper:Asset_056,<=,0.0,0.2,0.2,0.0,True
0,1.0,asset_lower:Asset_057,>=,0.0,0.0,0.0,0.0,True
0,1.0,asset_upper:Asset_057,<=,0.0,0.2,0.2,0.0,True
0,1.0,asset_lower:Asset_058,>=,0.0,0.0,0.0,0.0,True
0,1.0,asset_upper:Asset_058,<=,0.0,0.2,0.2,0.0,True
0,1.0,asset_lower:Asset_059,>=,0.0,0.0,0.0,0.0,True
0,1.0,asset_upper:Asset_059,<=,0.0,0.2,0.2,0.0,True
0,1.0,asset_lower:Asset_060,>=,0.0,0.0,0.0,0.0,True
0,1.0,asset_upper:Asset_060,<=,0.0,0.2,0.2,0.0,True
0,1.0,asset_lower:Asset_061,>=,0.0,0.0,0.0,0.0,True
0,1.0,asset_upper:Asset_061,<=,0.0,0.2,0.2,0.0,True
0,1.0,asset_lower:Asset_062,>=,0.1000000000034093,0.0,0.1000000000034093,0.0,True
0,1.0,asset_upper:Asset_062,<=,0.1000000000034093,0.2,0.0999999999965907,0.0,True
0,1.0,asset_lower:Asset_063,>=,0.0,0.0,0.0,0.0,True
0,1.0,asset_upper:Asset_063,<=,0.0,0.2,0.2,0.0,True
0,1.0,asset_lower:Asset_064,>=,0.02129781237162425,0.0,0.02129781237162425,0.0,True
0,1.0,asset_upper:Asset_064,<=,0.02129781237162425,0.2,0.17870218762837575,0.0,True
0,1.0,asset_lower:Asset_065,>=,0.0,0.0,0.0,0.0,True
0,1.0,asset_upper:Asset_065,<=,0.0,0.2,0.2,0.0,True
0,1.0,asset_lower:Asset_066,>=,0.0,0.0,0.0,0.0,True
0,1.0,asset_upper:Asset_066,<=,0.0,0.2,0.2,0.0,True
0,1.0,asset_lower:Asset_067,>=,0.0,0.0,0.0,0.0,True
0,1.0,asset_upper:Asset_067,<=,0.0,0.2,0.2,0.0,True
0,1.0,asset_lower:Asset_068,>=,0.0,0.0,0.0,0.0,True
0,1.0,asset_upper:Asset_068,<=,0.0,0.2,0.2,0.0,True
0,1.0,asset_lower:Asset_069,>=,0.0,0.0,0.0,0.0,True
0,1.0,asset_upper:Asset_069,<=,0.0,0.2,0.2,0.0,True
0,1.0,asset_lower:Asset_070,>=,0.0,0.0,0.0,0.0,True
0,1.0,asset_upper:Asset_070,<=,0.0,0.2,0.2,0.0,True
0,1.0,asset_lower:Asset_071,>=,0.0,0.0,0.0,0.0,True
0,1.0,asset_upper:Asset_071,<=,0.0,0.2,0.2,0.0,True
0,1.0,asset_lower:Asset_072,>=,0.0,0.0,0.0,0.0,True
0,1.0,asset_upper:Asset_072,<=,0.0,0.2,0.2,0.0,True
0,1.0,asset_lower:Asset_073,>=,0.04999999999805181,0.0,0.04999999999805181,0.0,True
0,1.0,asset_upper:Asset_073,<=,0.04999999999805181,0.2,0.15000000000194819,0.0,True
0,1.0,asset_lower:Asset_074,>=,0.0,0.0,0.0,0.0,True
0,1.0,asset_upper:Asset_074,<=,0.0,0.2,0.2,0.0,True
0,1.0,asset_lower:Asset_075,>=,0.049999999925907576,0.0,0.049999999925907576,0.0,True
0,1.0,asset_upper:Asset_075,<=,0.049999999925907576,0.2,0.15000000007409242,0.0,True
0,1.0,asset_lower:Asset_076,>=,0.0,0.0,0.0,0.0,True
0,1.0,asset_upper:Asset_076,<=,0.0,0.2,0.2,0.0,True
0,1.0,asset_lower:Asset_077,>=,0.0,0.0,0.0,0.0,True
0,1.0,asset_upper:Asset_077,<=,0.0,0.2,0.2,0.0,True
0,1.0,asset_lower:Asset_078,>=,0.0,0.0,0.0,0.0,True
0,1.0,asset_upper:Asset_078,<=,0.0,0.2,0.2,0.0,True
0,1.0,asset_lower:Asset_079,>=,0.0,0.0,0.0,0.0,True
0,1.0,asset_upper:Asset_079,<=,0.0,0.2,0.2,0.0,True
0,1.0,asset_lower:Asset_080,>=,0.0,0.0,0.0,0.0,True
0,1.0,asset_upper:Asset_080,<=,0.0,0.2,0.2,0.0,True
0,1.0,asset_lower:Asset_081,>=,0.04999999988339173,0.0,0.04999999988339173,0.0,True
0,1.0,asset_upper:Asset_081,<=,0.04999999988339173,0.2,0.15000000011660827,0.0,True
0,1.0,asset_lower:Asset_082,>=,0.0,0.0,0.0,0.0,True
0,1.0,asset_upper:Asset_082,<=,0.0,0.2,0.2,0.0,True
0,1.0,asset_lower:Asset_083,>=,0.05000000009898178,0.0,0.05000000009898178,0.0,True
0,1.0,asset_upper:Asset_083,<=,0.05000000009898178,0.2,0.14999999990101823,0.0,True
0,1.0,asset_lower:Asset_084,>=,0.0,0.0,0.0,0.0,True
0,1.0,asset_upper:Asset_084,<=,0.0,0.2,0.2,0.0,True
0,1.0,asset_lower:Asset_085,>=,0.0,0.0,0.0,0.0,True
0,1.0,asset_upper:Asset_085,<=,0.0,0.2,0.2,0.0,True
0,1.0,asset_lower:Asset_086,>=,0.0,0.0,0.0,0.0,True
0,1.0,asset_upper:Asset_086,<=,0.0,0.2,0.2,0.0,True
0,1.0,asset_lower:Asset_087,>=,0.0,0.0,0.0,0.0,True
0,1.0,asset_upper:Asset_087,<=,0.0,0.2,0.2,0.0,True
0,1.0,asset_lower:Asset_088,>=,0.0,0.0,0.0,0.0,True
0,1.0,asset_upper:Asset_088,<=,0.0,0.2,0.2,0.0,True
0,1.0,asset_lower:Asset_089,>=,0.0,0.0,0.0,0.0,True
0,1.0,asset_upper:Asset_089,<=,0.0,0.2,0.2,0.0,True
0,1.0,asset_lower:Asset_090,>=,0.0,0.0,0.0,0.0,True
0,1.0,asset_upper:Asset_090,<=,0.0,0.2,0.2,0.0,True
0,1.0,asset_lower:Asset_091,>=,0.04913833362693162,0.0,0.04913833362693162,0.0,True
0,1.0,asset_upper:Asset_091,<=,0.04913833362693162,0.2,0.1508616663730684,0.0,True
0,1.0,asset_lower:Asset_092,>=,0.009999999978394644,0.0,0.009999999978394644,0.0,True
0,1.0,asset_upper:Asset_092,<=,0.009999999978394644,0.2,0.19000000002160536,0.0,True
0,1.0,asset_lower:Asset_093,>=,0.049999999975181154,0.0,0.049999999975181154,0.0,True
0,1.0,asset_upper:Asset_093,<=,0.049999999975181154,0.2,0.15000000002481886,0.0,True
0,1.0,asset_lower:Asset_094,>=,0.0,0.0,0.0,0.0,True
0,1.0,asset_upper:Asset_094,<=,0.0,0.2,0.2,0.0,True
0,1.0,asset_lower:Asset_095,>=,0.0,0.0,0.0,0.0,True
0,1.0,asset_upper:Asset_095,<=,0.0,0.2,0.2,0.0,True
0,1.0,asset_lower:Asset_096,>=,0.009999999973885587,0.0,0.009999999973885587,0.0,True
0,1.0,asset_upper:Asset_096,<=,0.009999999973885587,0.2,0.19000000002611442,0.0,True
0,1.0,asset_lower:Asset_097,>=,0.08809927421413365,0.0,0.08809927421413365,0.0,True
0,1.0,asset_upper:Asset_097,<=,0.08809927421413365,0.2,0.11190072578586636,0.0,True
0,1.0,asset_lower:Asset_098,>=,0.0,0.0,0.0,0.0,True
0,1.0,asset_upper:Asset_098,<=,0.0,0.2,0.2,0.0,True
0,1.0,asset_lower:Asset_099,>=,0.0,0.0,0.0,0.0,True
0,1.0,asset_upper:Asset_099,<=,0.0,0.2,0.2,0.0,True
0,1.0,group_lower:Group_0,>=,0.17090211365030714,0.10000000000000002,0.07090211365030712,0.0,True
0,1.0,group_upper:Group_0,<=,0.17090211365030714,0.25,0.07909788634969286,0.0,True
0,1.0,group_lower:Group_1,>=,0.11999999996923076,0.10000000000000002,0.019999999969230742,0.0,True
0,1.0,group_upper:Group_1,<=,0.11999999996923076,0.25,0.13000000003076922,0.0,True
0,1.0,group_lower:Group_2,>=,0.23809927430452643,0.10000000000000002,0.1380992743045264,0.0,True
0,1.0,group_upper:Group_2,<=,0.23809927430452643,0.25,0.011900725695473569,0.0,True
0,1.0,group_lower:Group_3,>=,0.12129781218092356,0.10000000000000002,0.02129781218092354,0.0,True
0,1.0,group_upper:Group_3,<=,0.12129781218092356,0.25,0.12870218781907644,0.0,True
0,1.0,group_lower:Group_4,>=,0.08956385408561761,0.05,0.039563854085617606,0.0,True
0,1.0,group_upper:Group_4,<=,0.08956385408561761,0.2,0.1104361459143824,0.0,True
0,1.0,group_lower:Group_5,>=,0.10000000010231266,0.05,0.05000000010231266,0.0,True
0,1.0,group_upper:Group_5,<=,0.10000000010231266,0.2,0.09999999989768735,0.0,True
0,1.0,group_lower:Group_6,>=,0.10013694575350604,0.05,0.05013694575350604,0.0,True
0,1.0,group_upper:Group_6,<=,0.10013694575350604,0.2,0.09986305424649397,0.0,True
0,1.0,group_lower:Group_7,>=,0.0599999999535758,0.05,0.009999999953575797,0.0,True
0,1.0,group_upper:Group_7,<=,0.0599999999535758,0.2,0.1400000000464242,0.0,True
0,1.0,max_turnover,<=,0.4000000004368849,0.4,-4.368848616209675e-10,4.368848616209675e-10,True
0,1.0,exact_cardinality,=,20.0,20.0,-0.0,0.0,True
0,1.0,minimum_active_weight:Asset_006,>=,0.009999999975719803,0.01,-2.4280197644110935e-11,2.4280197644110935e-11,True
0,1.0,minimum_active_weight:Asset_008,>=,0.05000000000333088,0.01,0.04000000000333088,0.0,True
0,1.0,minimum_active_weight:Asset_015,>=,0.07176378002857356,0.01,0.06176378002857356,0.0,True
0,1.0,minimum_active_weight:Asset_017,>=,0.09013694577962045,0.01,0.08013694577962045,0.0,True
0,1.0,minimum_active_weight:Asset_025,>=,0.009999999990101647,0.01,-9.898352970605373e-12,9.898352970605373e-12,True
0,1.0,minimum_active_weight:Asset_038,>=,0.05000000008498219,0.01,0.04000000008498219,0.0,True
0,1.0,minimum_active_weight:Asset_049,>=,0.0395638540875658,0.01,0.029563854087565795,0.0,True
0,1.0,minimum_active_weight:Asset_054,>=,0.1000000000054106,0.01,0.0900000000054106,0.0,True
0,1.0,minimum_active_weight:Asset_055,>=,0.04999999999480195,0.01,0.03999999999480195,0.0,True
0,1.0,minimum_active_weight:Asset_062,>=,0.1000000000034093,0.01,0.09000000000340931,0.0,True
0,1.0,minimum_active_weight:Asset_064,>=,0.02129781237162425,0.01,0.011297812371624251,0.0,True
0,1.0,minimum_active_weight:Asset_073,>=,0.04999999999805181,0.01,0.03999999999805181,0.0,True
0,1.0,minimum_active_weight:Asset_075,>=,0.049999999925907576,0.01,0.039999999925907574,0.0,True
0,1.0,minimum_active_weight:Asset_081,>=,0.04999999988339173,0.01,0.03999999988339173,0.0,True
0,1.0,minimum_active_weight:Asset_083,>=,0.05000000009898178,0.01,0.040000000098981775,0.0,True
0,1.0,minimum_active_weight:Asset_091,>=,0.04913833362693162,0.01,0.039138333626931615,0.0,True
0,1.0,minimum_active_weight:Asset_092,>=,0.009999999978394644,0.01,-2.160535639283978e-11,2.160535639283978e-11,True
0,1.0,minimum_active_weight:Asset_093,>=,0.049999999975181154,0.01,0.03999999997518115,0.0,True
0,1.0,minimum_active_weight:Asset_096,>=,0.009999999973885587,0.01,-2.611441271560544e-11,2.611441271560544e-11,True
0,1.0,minimum_active_weight:Asset_097,>=,0.08809927421413365,0.01,0.07809927421413365,0.0,True
0,1.0,implementation_upper:Asset_000,<=,0.0,0.1,0.1,0.0,True
0,1.0,implementation_upper:Asset_001,<=,0.0,0.1,0.1,0.0,True
0,1.0,implementation_upper:Asset_002,<=,0.0,0.1,0.1,0.0,True
0,1.0,implementation_upper:Asset_003,<=,0.0,0.1,0.1,0.0,True
0,1.0,implementation_upper:Asset_004,<=,0.0,0.1,0.1,0.0,True
0,1.0,implementation_upper:Asset_005,<=,0.0,0.1,0.1,0.0,True
0,1.0,implementation_upper:Asset_006,<=,0.009999999975719803,0.1,0.0900000000242802,0.0,True
0,1.0,implementation_upper:Asset_007,<=,0.0,0.1,0.1,0.0,True
0,1.0,implementation_upper:Asset_008,<=,0.05000000000333088,0.1,0.049999999996669126,0.0,True
0,1.0,implementation_upper:Asset_009,<=,0.0,0.1,0.1,0.0,True
0,1.0,implementation_upper:Asset_010,<=,0.0,0.1,0.1,0.0,True
0,1.0,implementation_upper:Asset_011,<=,0.0,0.1,0.1,0.0,True
0,1.0,implementation_upper:Asset_012,<=,0.0,0.1,0.1,0.0,True
0,1.0,implementation_upper:Asset_013,<=,0.0,0.1,0.1,0.0,True
0,1.0,implementation_upper:Asset_014,<=,0.0,0.1,0.1,0.0,True
0,1.0,implementation_upper:Asset_015,<=,0.07176378002857356,0.1,0.028236219971426446,0.0,True
0,1.0,implementation_upper:Asset_016,<=,0.0,0.1,0.1,0.0,True
0,1.0,implementation_upper:Asset_017,<=,0.09013694577962045,0.1,0.009863054220379558,0.0,True
0,1.0,implementation_upper:Asset_018,<=,0.0,0.1,0.1,0.0,True
0,1.0,implementation_upper:Asset_019,<=,0.0,0.1,0.1,0.0,True
0,1.0,implementation_upper:Asset_020,<=,0.0,0.1,0.1,0.0,True
0,1.0,implementation_upper:Asset_021,<=,0.0,0.1,0.1,0.0,True
0,1.0,implementation_upper:Asset_022,<=,0.0,0.1,0.1,0.0,True
0,1.0,implementation_upper:Asset_023,<=,0.0,0.1,0.1,0.0,True
0,1.0,implementation_upper:Asset_024,<=,0.0,0.1,0.1,0.0,True
0,1.0,implementation_upper:Asset_025,<=,0.009999999990101647,0.1,0.09000000000989836,0.0,True
0,1.0,implementation_upper:Asset_026,<=,0.0,0.1,0.1,0.0,True
0,1.0,implementation_upper:Asset_027,<=,0.0,0.1,0.1,0.0,True
0,1.0,implementation_upper:Asset_028,<=,0.0,0.1,0.1,0.0,True
0,1.0,implementation_upper:Asset_029,<=,0.0,0.1,0.1,0.0,True
0,1.0,implementation_upper:Asset_030,<=,0.0,0.1,0.1,0.0,True
0,1.0,implementation_upper:Asset_031,<=,0.0,0.1,0.1,0.0,True
0,1.0,implementation_upper:Asset_032,<=,0.0,0.1,0.1,0.0,True
0,1.0,implementation_upper:Asset_033,<=,0.0,0.1,0.1,0.0,True
0,1.0,implementation_upper:Asset_034,<=,0.0,0.1,0.1,0.0,True
0,1.0,implementation_upper:Asset_035,<=,0.0,0.1,0.1,0.0,True
0,1.0,implementation_upper:Asset_036,<=,0.0,0.1,0.1,0.0,True
0,1.0,implementation_upper:Asset_037,<=,0.0,0.1,0.1,0.0,True
0,1.0,implementation_upper:Asset_038,<=,0.05000000008498219,0.1,0.049999999915017815,0.0,True
0,1.0,implementation_upper:Asset_039,<=,0.0,0.1,0.1,0.0,True
0,1.0,implementation_upper:Asset_040,<=,0.0,0.1,0.1,0.0,True
0,1.0,implementation_upper:Asset_041,<=,0.0,0.1,0.1,0.0,True
0,1.0,implementation_upper:Asset_042,<=,0.0,0.1,0.1,0.0,True
0,1.0,implementation_upper:Asset_043,<=,0.0,0.1,0.1,0.0,True
0,1.0,implementation_upper:Asset_044,<=,0.0,0.1,0.1,0.0,True
0,1.0,implementation_upper:Asset_045,<=,0.0,0.1,0.1,0.0,True
0,1.0,implementation_upper:Asset_046,<=,0.0,0.1,0.1,0.0,True
0,1.0,implementation_upper:Asset_047,<=,0.0,0.1,0.1,0.0,True
0,1.0,implementation_upper:Asset_048,<=,0.0,0.1,0.1,0.0,True
0,1.0,implementation_upper:Asset_049,<=,0.0395638540875658,0.1,0.06043614591243421,0.0,True
0,1.0,implementation_upper:Asset_050,<=,0.0,0.1,0.1,0.0,True
0,1.0,implementation_upper:Asset_051,<=,0.0,0.1,0.1,0.0,True
0,1.0,implementation_upper:Asset_052,<=,0.0,0.1,0.1,0.0,True
0,1.0,implementation_upper:Asset_053,<=,0.0,0.1,0.1,0.0,True
0,1.0,implementation_upper:Asset_054,<=,0.1000000000054106,0.1,-5.4105886437838535e-12,5.4105886437838535e-12,True
0,1.0,implementation_upper:Asset_055,<=,0.04999999999480195,0.1,0.05000000000519805,0.0,True
0,1.0,implementation_upper:Asset_056,<=,0.0,0.1,0.1,0.0,True
0,1.0,implementation_upper:Asset_057,<=,0.0,0.1,0.1,0.0,True
0,1.0,implementation_upper:Asset_058,<=,0.0,0.1,0.1,0.0,True
0,1.0,implementation_upper:Asset_059,<=,0.0,0.1,0.1,0.0,True
0,1.0,implementation_upper:Asset_060,<=,0.0,0.1,0.1,0.0,True
0,1.0,implementation_upper:Asset_061,<=,0.0,0.1,0.1,0.0,True
0,1.0,implementation_upper:Asset_062,<=,0.1000000000034093,0.1,-3.4093006195945463e-12,3.4093006195945463e-12,True
0,1.0,implementation_upper:Asset_063,<=,0.0,0.1,0.1,0.0,True
0,1.0,implementation_upper:Asset_064,<=,0.02129781237162425,0.1,0.07870218762837575,0.0,True
0,1.0,implementation_upper:Asset_065,<=,0.0,0.1,0.1,0.0,True
0,1.0,implementation_upper:Asset_066,<=,0.0,0.1,0.1,0.0,True
0,1.0,implementation_upper:Asset_067,<=,0.0,0.1,0.1,0.0,True
0,1.0,implementation_upper:Asset_068,<=,0.0,0.1,0.1,0.0,True
0,1.0,implementation_upper:Asset_069,<=,0.0,0.1,0.1,0.0,True
0,1.0,implementation_upper:Asset_070,<=,0.0,0.1,0.1,0.0,True
0,1.0,implementation_upper:Asset_071,<=,0.0,0.1,0.1,0.0,True
0,1.0,implementation_upper:Asset_072,<=,0.0,0.1,0.1,0.0,True
0,1.0,implementation_upper:Asset_073,<=,0.04999999999805181,0.1,0.050000000001948194,0.0,True
0,1.0,implementation_upper:Asset_074,<=,0.0,0.1,0.1,0.0,True
0,1.0,implementation_upper:Asset_075,<=,0.049999999925907576,0.1,0.05000000007409243,0.0,True
0,1.0,implementation_upper:Asset_076,<=,0.0,0.1,0.1,0.0,True
0,1.0,implementation_upper:Asset_077,<=,0.0,0.1,0.1,0.0,True
0,1.0,implementation_upper:Asset_078,<=,0.0,0.1,0.1,0.0,True
0,1.0,implementation_upper:Asset_079,<=,0.0,0.1,0.1,0.0,True
0,1.0,implementation_upper:Asset_080,<=,0.0,0.1,0.1,0.0,True
0,1.0,implementation_upper:Asset_081,<=,0.04999999988339173,0.1,0.050000000116608274,0.0,True
0,1.0,implementation_upper:Asset_082,<=,0.0,0.1,0.1,0.0,True
0,1.0,implementation_upper:Asset_083,<=,0.05000000009898178,0.1,0.04999999990101823,0.0,True
0,1.0,implementation_upper:Asset_084,<=,0.0,0.1,0.1,0.0,True
0,1.0,implementation_upper:Asset_085,<=,0.0,0.1,0.1,0.0,True
0,1.0,implementation_upper:Asset_086,<=,0.0,0.1,0.1,0.0,True
0,1.0,implementation_upper:Asset_087,<=,0.0,0.1,0.1,0.0,True
0,1.0,implementation_upper:Asset_088,<=,0.0,0.1,0.1,0.0,True
0,1.0,implementation_upper:Asset_089,<=,0.0,0.1,0.1,0.0,True
0,1.0,implementation_upper:Asset_090,<=,0.0,0.1,0.1,0.0,True
0,1.0,implementation_upper:Asset_091,<=,0.04913833362693162,0.1,0.05086166637306839,0.0,True
0,1.0,implementation_upper:Asset_092,<=,0.009999999978394644,0.1,0.09000000002160537,0.0,True
0,1.0,implementation_upper:Asset_093,<=,0.049999999975181154,0.1,0.05000000002481885,0.0,True
0,1.0,implementation_upper:Asset_094,<=,0.0,0.1,0.1,0.0,True
0,1.0,implementation_upper:Asset_095,<=,0.0,0.1,0.1,0.0,True
0,1.0,implementation_upper:Asset_096,<=,0.009999999973885587,0.1,0.09000000002611441,0.0,True
0,1.0,implementation_upper:Asset_097,<=,0.08809927421413365,0.1,0.011900725785866359,0.0,True
0,1.0,implementation_upper:Asset_098,<=,0.0,0.1,0.1,0.0,True
0,1.0,implementation_upper:Asset_099,<=,0.0,0.1,0.1,0.0,True
1,0.0,budget,=,1.0000000000000222,1.0,-2.220446049250313e-14,2.220446049250313e-14,True
1,0.0,asset_lower:Asset_000,>=,0.0,0.0,0.0,0.0,True
1,0.0,asset_upper:Asset_000,<=,0.0,0.2,0.2,0.0,True
1,0.0,asset_lower:Asset_001,>=,0.0,0.0,0.0,0.0,True
1,0.0,asset_upper:Asset_001,<=,0.0,0.2,0.2,0.0,True
1,0.0,asset_lower:Asset_002,>=,0.0,0.0,0.0,0.0,True
1,0.0,asset_upper:Asset_002,<=,0.0,0.2,0.2,0.0,True
1,0.0,asset_lower:Asset_003,>=,0.0,0.0,0.0,0.0,True
1,0.0,asset_upper:Asset_003,<=,0.0,0.2,0.2,0.0,True
1,0.0,asset_lower:Asset_004,>=,0.0,0.0,0.0,0.0,True
1,0.0,asset_upper:Asset_004,<=,0.0,0.2,0.2,0.0,True
1,0.0,asset_lower:Asset_005,>=,0.0,0.0,0.0,0.0,True
1,0.0,asset_upper:Asset_005,<=,0.0,0.2,0.2,0.0,True
1,0.0,asset_lower:Asset_006,>=,0.01000000017331487,0.0,0.01000000017331487,0.0,True
1,0.0,asset_upper:Asset_006,<=,0.01000000017331487,0.2,0.18999999982668514,0.0,True
1,0.0,asset_lower:Asset_007,>=,0.0,0.0,0.0,0.0,True
1,0.0,asset_upper:Asset_007,<=,0.0,0.2,0.2,0.0,True
1,0.0,asset_lower:Asset_008,>=,0.05000000088835463,0.0,0.05000000088835463,0.0,True
1,0.0,asset_upper:Asset_008,<=,0.05000000088835463,0.2,0.14999999911164538,0.0,True
1,0.0,asset_lower:Asset_009,>=,0.0,0.0,0.0,0.0,True
1,0.0,asset_upper:Asset_009,<=,0.0,0.2,0.2,0.0,True
1,0.0,asset_lower:Asset_010,>=,0.0,0.0,0.0,0.0,True
1,0.0,asset_upper:Asset_010,<=,0.0,0.2,0.2,0.0,True
1,0.0,asset_lower:Asset_011,>=,0.0,0.0,0.0,0.0,True
1,0.0,asset_upper:Asset_011,<=,0.0,0.2,0.2,0.0,True
1,0.0,asset_lower:Asset_012,>=,0.0,0.0,0.0,0.0,True
1,0.0,asset_upper:Asset_012,<=,0.0,0.2,0.2,0.0,True
1,0.0,asset_lower:Asset_013,>=,0.0,0.0,0.0,0.0,True
1,0.0,asset_upper:Asset_013,<=,0.0,0.2,0.2,0.0,True
1,0.0,asset_lower:Asset_014,>=,0.0,0.0,0.0,0.0,True
1,0.0,asset_upper:Asset_014,<=,0.0,0.2,0.2,0.0,True
1,0.0,asset_lower:Asset_015,>=,0.05000000064571864,0.0,0.05000000064571864,0.0,True
1,0.0,asset_upper:Asset_015,<=,0.05000000064571864,0.2,0.14999999935428138,0.0,True
1,0.0,asset_lower:Asset_016,>=,0.0,0.0,0.0,0.0,True
1,0.0,asset_upper:Asset_016,<=,0.0,0.2,0.2,0.0,True
1,0.0,asset_lower:Asset_017,>=,0.09999999905476349,0.0,0.09999999905476349,0.0,True
1,0.0,asset_upper:Asset_017,<=,0.09999999905476349,0.2,0.10000000094523652,0.0,True
1,0.0,asset_lower:Asset_018,>=,0.0,0.0,0.0,0.0,True
1,0.0,asset_upper:Asset_018,<=,0.0,0.2,0.2,0.0,True
1,0.0,asset_lower:Asset_019,>=,0.0,0.0,0.0,0.0,True
1,0.0,asset_upper:Asset_019,<=,0.0,0.2,0.2,0.0,True
1,0.0,asset_lower:Asset_020,>=,0.0,0.0,0.0,0.0,True
1,0.0,asset_upper:Asset_020,<=,0.0,0.2,0.2,0.0,True
1,0.0,asset_lower:Asset_021,>=,0.0,0.0,0.0,0.0,True
1,0.0,asset_upper:Asset_021,<=,0.0,0.2,0.2,0.0,True
1,0.0,asset_lower:Asset_022,>=,0.0,0.0,0.0,0.0,True
1,0.0,asset_upper:Asset_022,<=,0.0,0.2,0.2,0.0,True
1,0.0,asset_lower:Asset_023,>=,0.0,0.0,0.0,0.0,True
1,0.0,asset_upper:Asset_023,<=,0.0,0.2,0.2,0.0,True
1,0.0,asset_lower:Asset_024,>=,0.0,0.0,0.0,0.0,True
1,0.0,asset_upper:Asset_024,<=,0.0,0.2,0.2,0.0,True
1,0.0,asset_lower:Asset_025,>=,0.01000000050095886,0.0,0.01000000050095886,0.0,True
1,0.0,asset_upper:Asset_025,<=,0.01000000050095886,0.2,0.18999999949904114,0.0,True
1,0.0,asset_lower:Asset_026,>=,0.0,0.0,0.0,0.0,True
1,0.0,asset_upper:Asset_026,<=,0.0,0.2,0.2,0.0,True
1,0.0,asset_lower:Asset_027,>=,0.0,0.0,0.0,0.0,True
1,0.0,asset_upper:Asset_027,<=,0.0,0.2,0.2,0.0,True
1,0.0,asset_lower:Asset_028,>=,0.0,0.0,0.0,0.0,True
1,0.0,asset_upper:Asset_028,<=,0.0,0.2,0.2,0.0,True
1,0.0,asset_lower:Asset_029,>=,0.0,0.0,0.0,0.0,True
1,0.0,asset_upper:Asset_029,<=,0.0,0.2,0.2,0.0,True
1,0.0,asset_lower:Asset_030,>=,0.0,0.0,0.0,0.0,True
1,0.0,asset_upper:Asset_030,<=,0.0,0.2,0.2,0.0,True
1,0.0,asset_lower:Asset_031,>=,0.0,0.0,0.0,0.0,True
1,0.0,asset_upper:Asset_031,<=,0.0,0.2,0.2,0.0,True
1,0.0,asset_lower:Asset_032,>=,0.0,0.0,0.0,0.0,True
1,0.0,asset_upper:Asset_032,<=,0.0,0.2,0.2,0.0,True
1,0.0,asset_lower:Asset_033,>=,0.0,0.0,0.0,0.0,True
1,0.0,asset_upper:Asset_033,<=,0.0,0.2,0.2,0.0,True
1,0.0,asset_lower:Asset_034,>=,0.0,0.0,0.0,0.0,True
1,0.0,asset_upper:Asset_034,<=,0.0,0.2,0.2,0.0,True
1,0.0,asset_lower:Asset_035,>=,0.0,0.0,0.0,0.0,True
1,0.0,asset_upper:Asset_035,<=,0.0,0.2,0.2,0.0,True
1,0.0,asset_lower:Asset_036,>=,0.0,0.0,0.0,0.0,True
1,0.0,asset_upper:Asset_036,<=,0.0,0.2,0.2,0.0,True
1,0.0,asset_lower:Asset_037,>=,0.0,0.0,0.0,0.0,True
1,0.0,asset_upper:Asset_037,<=,0.0,0.2,0.2,0.0,True
1,0.0,asset_lower:Asset_038,>=,0.0499999999998141,0.0,0.0499999999998141,0.0,True
1,0.0,asset_upper:Asset_038,<=,0.0499999999998141,0.2,0.1500000000001859,0.0,True
1,0.0,asset_lower:Asset_039,>=,0.0,0.0,0.0,0.0,True
1,0.0,asset_upper:Asset_039,<=,0.0,0.2,0.2,0.0,True
1,0.0,asset_lower:Asset_040,>=,0.0,0.0,0.0,0.0,True
1,0.0,asset_upper:Asset_040,<=,0.0,0.2,0.2,0.0,True
1,0.0,asset_lower:Asset_041,>=,0.0,0.0,0.0,0.0,True
1,0.0,asset_upper:Asset_041,<=,0.0,0.2,0.2,0.0,True
1,0.0,asset_lower:Asset_042,>=,0.0,0.0,0.0,0.0,True
1,0.0,asset_upper:Asset_042,<=,0.0,0.2,0.2,0.0,True
1,0.0,asset_lower:Asset_043,>=,0.0,0.0,0.0,0.0,True
1,0.0,asset_upper:Asset_043,<=,0.0,0.2,0.2,0.0,True
1,0.0,asset_lower:Asset_044,>=,0.0,0.0,0.0,0.0,True
1,0.0,asset_upper:Asset_044,<=,0.0,0.2,0.2,0.0,True
1,0.0,asset_lower:Asset_045,>=,0.0,0.0,0.0,0.0,True
1,0.0,asset_upper:Asset_045,<=,0.0,0.2,0.2,0.0,True
1,0.0,asset_lower:Asset_046,>=,0.0,0.0,0.0,0.0,True
1,0.0,asset_upper:Asset_046,<=,0.0,0.2,0.2,0.0,True
1,0.0,asset_lower:Asset_047,>=,0.0,0.0,0.0,0.0,True
1,0.0,asset_upper:Asset_047,<=,0.0,0.2,0.2,0.0,True
1,0.0,asset_lower:Asset_048,>=,0.0,0.0,0.0,0.0,True
1,0.0,asset_upper:Asset_048,<=,0.0,0.2,0.2,0.0,True
1,0.0,asset_lower:Asset_049,>=,0.04999999888035835,0.0,0.04999999888035835,0.0,True
1,0.0,asset_upper:Asset_049,<=,0.04999999888035835,0.2,0.15000000111964165,0.0,True
1,0.0,asset_lower:Asset_050,>=,0.0,0.0,0.0,0.0,True
1,0.0,asset_upper:Asset_050,<=,0.0,0.2,0.2,0.0,True
1,0.0,asset_lower:Asset_051,>=,0.0,0.0,0.0,0.0,True
1,0.0,asset_upper:Asset_051,<=,0.0,0.2,0.2,0.0,True
1,0.0,asset_lower:Asset_052,>=,0.0,0.0,0.0,0.0,True
1,0.0,asset_upper:Asset_052,<=,0.0,0.2,0.2,0.0,True
1,0.0,asset_lower:Asset_053,>=,0.0,0.0,0.0,0.0,True
1,0.0,asset_upper:Asset_053,<=,0.0,0.2,0.2,0.0,True
1,0.0,asset_lower:Asset_054,>=,0.09999999856871299,0.0,0.09999999856871299,0.0,True
1,0.0,asset_upper:Asset_054,<=,0.09999999856871299,0.2,0.10000000143128703,0.0,True
1,0.0,asset_lower:Asset_055,>=,0.028367997260713575,0.0,0.028367997260713575,0.0,True
1,0.0,asset_upper:Asset_055,<=,0.028367997260713575,0.2,0.17163200273928644,0.0,True
1,0.0,asset_lower:Asset_056,>=,0.0,0.0,0.0,0.0,True
1,0.0,asset_upper:Asset_056,<=,0.0,0.2,0.2,0.0,True
1,0.0,asset_lower:Asset_057,>=,0.0,0.0,0.0,0.0,True
1,0.0,asset_upper:Asset_057,<=,0.0,0.2,0.2,0.0,True
1,0.0,asset_lower:Asset_058,>=,0.0,0.0,0.0,0.0,True
1,0.0,asset_upper:Asset_058,<=,0.0,0.2,0.2,0.0,True
1,0.0,asset_lower:Asset_059,>=,0.0,0.0,0.0,0.0,True
1,0.0,asset_upper:Asset_059,<=,0.0,0.2,0.2,0.0,True
1,0.0,asset_lower:Asset_060,>=,0.0,0.0,0.0,0.0,True
1,0.0,asset_upper:Asset_060,<=,0.0,0.2,0.2,0.0,True
1,0.0,asset_lower:Asset_061,>=,0.0,0.0,0.0,0.0,True
1,0.0,asset_upper:Asset_061,<=,0.0,0.2,0.2,0.0,True
1,0.0,asset_lower:Asset_062,>=,0.09605309926866173,0.0,0.09605309926866173,0.0,True
1,0.0,asset_upper:Asset_062,<=,0.09605309926866173,0.2,0.10394690073133828,0.0,True
1,0.0,asset_lower:Asset_063,>=,0.0,0.0,0.0,0.0,True
1,0.0,asset_upper:Asset_063,<=,0.0,0.2,0.2,0.0,True
1,0.0,asset_lower:Asset_064,>=,0.053946891634088744,0.0,0.053946891634088744,0.0,True
1,0.0,asset_upper:Asset_064,<=,0.053946891634088744,0.2,0.14605310836591126,0.0,True
1,0.0,asset_lower:Asset_065,>=,0.0,0.0,0.0,0.0,True
1,0.0,asset_upper:Asset_065,<=,0.0,0.2,0.2,0.0,True
1,0.0,asset_lower:Asset_066,>=,0.0,0.0,0.0,0.0,True
1,0.0,asset_upper:Asset_066,<=,0.0,0.2,0.2,0.0,True
1,0.0,asset_lower:Asset_067,>=,0.0,0.0,0.0,0.0,True
1,0.0,asset_upper:Asset_067,<=,0.0,0.2,0.2,0.0,True
1,0.0,asset_lower:Asset_068,>=,0.0,0.0,0.0,0.0,True
1,0.0,asset_upper:Asset_068,<=,0.0,0.2,0.2,0.0,True
1,0.0,asset_lower:Asset_069,>=,0.0,0.0,0.0,0.0,True
1,0.0,asset_upper:Asset_069,<=,0.0,0.2,0.2,0.0,True
1,0.0,asset_lower:Asset_070,>=,0.0,0.0,0.0,0.0,True
1,0.0,asset_upper:Asset_070,<=,0.0,0.2,0.2,0.0,True
1,0.0,asset_lower:Asset_071,>=,0.0,0.0,0.0,0.0,True
1,0.0,asset_upper:Asset_071,<=,0.0,0.2,0.2,0.0,True
1,0.0,asset_lower:Asset_072,>=,0.0,0.0,0.0,0.0,True
1,0.0,asset_upper:Asset_072,<=,0.0,0.2,0.2,0.0,True
1,0.0,asset_lower:Asset_073,>=,0.050000000305741775,0.0,0.050000000305741775,0.0,True
1,0.0,asset_upper:Asset_073,<=,0.050000000305741775,0.2,0.14999999969425823,0.0,True
1,0.0,asset_lower:Asset_074,>=,0.0,0.0,0.0,0.0,True
1,0.0,asset_upper:Asset_074,<=,0.0,0.2,0.2,0.0,True
1,0.0,asset_lower:Asset_075,>=,0.04999999959970256,0.0,0.04999999959970256,0.0,True
1,0.0,asset_upper:Asset_075,<=,0.04999999959970256,0.2,0.15000000040029746,0.0,True
1,0.0,asset_lower:Asset_076,>=,0.0,0.0,0.0,0.0,True
1,0.0,asset_upper:Asset_076,<=,0.0,0.2,0.2,0.0,True
1,0.0,asset_lower:Asset_077,>=,0.0,0.0,0.0,0.0,True
1,0.0,asset_upper:Asset_077,<=,0.0,0.2,0.2,0.0,True
1,0.0,asset_lower:Asset_078,>=,0.0,0.0,0.0,0.0,True
1,0.0,asset_upper:Asset_078,<=,0.0,0.2,0.2,0.0,True
1,0.0,asset_lower:Asset_079,>=,0.0,0.0,0.0,0.0,True
1,0.0,asset_upper:Asset_079,<=,0.0,0.2,0.2,0.0,True
1,0.0,asset_lower:Asset_080,>=,0.0,0.0,0.0,0.0,True
1,0.0,asset_upper:Asset_080,<=,0.0,0.2,0.2,0.0,True
1,0.0,asset_lower:Asset_081,>=,0.049999993792124955,0.0,0.049999993792124955,0.0,True
1,0.0,asset_upper:Asset_081,<=,0.049999993792124955,0.2,0.15000000620787507,0.0,True
1,0.0,asset_lower:Asset_082,>=,0.0,0.0,0.0,0.0,True
1,0.0,asset_upper:Asset_082,<=,0.0,0.2,0.2,0.0,True
1,0.0,asset_lower:Asset_083,>=,0.09999999941919376,0.0,0.09999999941919376,0.0,True
1,0.0,asset_upper:Asset_083,<=,0.09999999941919376,0.2,0.10000000058080626,0.0,True
1,0.0,asset_lower:Asset_084,>=,0.0,0.0,0.0,0.0,True
1,0.0,asset_upper:Asset_084,<=,0.0,0.2,0.2,0.0,True
1,0.0,asset_lower:Asset_085,>=,0.0,0.0,0.0,0.0,True
1,0.0,asset_upper:Asset_085,<=,0.0,0.2,0.2,0.0,True
1,0.0,asset_lower:Asset_086,>=,0.0,0.0,0.0,0.0,True
1,0.0,asset_upper:Asset_086,<=,0.0,0.2,0.2,0.0,True
1,0.0,asset_lower:Asset_087,>=,0.0,0.0,0.0,0.0,True
1,0.0,asset_upper:Asset_087,<=,0.0,0.2,0.2,0.0,True
1,0.0,asset_lower:Asset_088,>=,0.0,0.0,0.0,0.0,True
1,0.0,asset_upper:Asset_088,<=,0.0,0.2,0.2,0.0,True
1,0.0,asset_lower:Asset_089,>=,0.0,0.0,0.0,0.0,True
1,0.0,asset_upper:Asset_089,<=,0.0,0.2,0.2,0.0,True
1,0.0,asset_lower:Asset_090,>=,0.0,0.0,0.0,0.0,True
1,0.0,asset_upper:Asset_090,<=,0.0,0.2,0.2,0.0,True
1,0.0,asset_lower:Asset_091,>=,0.031632015249010895,0.0,0.031632015249010895,0.0,True
1,0.0,asset_upper:Asset_091,<=,0.031632015249010895,0.2,0.16836798475098913,0.0,True
1,0.0,asset_lower:Asset_092,>=,0.01000000022853054,0.0,0.01000000022853054,0.0,True
1,0.0,asset_upper:Asset_092,<=,0.01000000022853054,0.2,0.18999999977146947,0.0,True
1,0.0,asset_lower:Asset_093,>=,0.050000000663609205,0.0,0.050000000663609205,0.0,True
1,0.0,asset_upper:Asset_093,<=,0.050000000663609205,0.2,0.1499999993363908,0.0,True
1,0.0,asset_lower:Asset_094,>=,0.0,0.0,0.0,0.0,True
1,0.0,asset_upper:Asset_094,<=,0.0,0.2,0.2,0.0,True
1,0.0,asset_lower:Asset_095,>=,0.0,0.0,0.0,0.0,True
1,0.0,asset_upper:Asset_095,<=,0.0,0.2,0.2,0.0,True
1,0.0,asset_lower:Asset_096,>=,0.010000000468186462,0.0,0.010000000468186462,0.0,True
1,0.0,asset_upper:Asset_096,<=,0.010000000468186462,0.2,0.18999999953181354,0.0,True
1,0.0,asset_lower:Asset_097,>=,0.0500000033984619,0.0,0.0500000033984619,0.0,True
1,0.0,asset_upper:Asset_097,<=,0.0500000033984619,0.2,0.14999999660153812,0.0,True
1,0.0,asset_lower:Asset_098,>=,0.0,0.0,0.0,0.0,True
1,0.0,asset_upper:Asset_098,<=,0.0,0.2,0.2,0.0,True
1,0.0,asset_lower:Asset_099,>=,0.0,0.0,0.0,0.0,True
1,0.0,asset_upper:Asset_099,<=,0.0,0.2,0.2,0.0,True
1,0.0,group_lower:Group_0,>=,0.11000001315544311,0.10000000000000002,0.010000013155443091,0.0,True
1,0.0,group_upper:Group_0,<=,0.11000001315544311,0.25,0.1399999868445569,0.0,True
1,0.0,group_lower:Group_1,>=,0.11605309994293547,0.10000000000000002,0.016053099942935453,0.0,True
1,0.0,group_upper:Group_1,<=,0.11605309994293547,0.25,0.13394690005706453,0.0,True
1,0.0,group_lower:Group_2,>=,0.20000000196698897,0.10000000000000002,0.10000000196698895,0.0,True
1,0.0,group_upper:Group_2,<=,0.20000000196698897,0.25,0.04999999803301103,0.0,True
1,0.0,group_lower:Group_3,>=,0.15394688502591627,0.10000000000000002,0.053946885025916255,0.0,True
1,0.0,group_upper:Group_3,<=,0.15394688502591627,0.25,0.09605311497408373,0.0,True
1,0.0,group_lower:Group_4,>=,0.09999999918610013,0.05,0.049999999186100125,0.0,True
1,0.0,group_upper:Group_4,<=,0.09999999918610013,0.2,0.10000000081389988,0.0,True
1,0.0,group_lower:Group_5,>=,0.1500000003075484,0.05,0.1000000003075484,0.0,True
1,0.0,group_upper:Group_5,<=,0.1500000003075484,0.2,0.04999999969245161,0.0,True
1,0.0,group_lower:Group_6,>=,0.10999999952294995,0.05,0.059999999522949946,0.0,True
1,0.0,group_upper:Group_6,<=,0.10999999952294995,0.2,0.09000000047705006,0.0,True
1,0.0,group_lower:Group_7,>=,0.06000000089213975,0.05,0.010000000892139746,0.0,True
1,0.0,group_upper:Group_7,<=,0.06000000089213975,0.2,0.13999999910786026,0.0,True
1,0.0,max_turnover,<=,0.3999999876945917,0.4,1.2305408303436849e-08,0.0,True
1,0.0,exact_cardinality,=,20.0,20.0,-0.0,0.0,True
1,0.0,minimum_active_weight:Asset_006,>=,0.01000000017331487,0.01,1.7331486940053153e-10,0.0,True
1,0.0,minimum_active_weight:Asset_008,>=,0.05000000088835463,0.01,0.04000000088835463,0.0,True
1,0.0,minimum_active_weight:Asset_015,>=,0.05000000064571864,0.01,0.04000000064571864,0.0,True
1,0.0,minimum_active_weight:Asset_017,>=,0.09999999905476349,0.01,0.0899999990547635,0.0,True
1,0.0,minimum_active_weight:Asset_025,>=,0.01000000050095886,0.01,5.009588594645509e-10,0.0,True
1,0.0,minimum_active_weight:Asset_038,>=,0.0499999999998141,0.01,0.0399999999998141,0.0,True
1,0.0,minimum_active_weight:Asset_049,>=,0.04999999888035835,0.01,0.03999999888035835,0.0,True
1,0.0,minimum_active_weight:Asset_054,>=,0.09999999856871299,0.01,0.08999999856871299,0.0,True
1,0.0,minimum_active_weight:Asset_055,>=,0.028367997260713575,0.01,0.018367997260713573,0.0,True
1,0.0,minimum_active_weight:Asset_062,>=,0.09605309926866173,0.01,0.08605309926866174,0.0,True
1,0.0,minimum_active_weight:Asset_064,>=,0.053946891634088744,0.01,0.04394689163408874,0.0,True
1,0.0,minimum_active_weight:Asset_073,>=,0.050000000305741775,0.01,0.04000000030574177,0.0,True
1,0.0,minimum_active_weight:Asset_075,>=,0.04999999959970256,0.01,0.03999999959970256,0.0,True
1,0.0,minimum_active_weight:Asset_081,>=,0.049999993792124955,0.01,0.039999993792124953,0.0,True
1,0.0,minimum_active_weight:Asset_083,>=,0.09999999941919376,0.01,0.08999999941919376,0.0,True
1,0.0,minimum_active_weight:Asset_091,>=,0.031632015249010895,0.01,0.021632015249010893,0.0,True
1,0.0,minimum_active_weight:Asset_092,>=,0.01000000022853054,0.01,2.285305399779558e-10,0.0,True
1,0.0,minimum_active_weight:Asset_093,>=,0.050000000663609205,0.01,0.0400000006636092,0.0,True
1,0.0,minimum_active_weight:Asset_096,>=,0.010000000468186462,0.01,4.681864618216736e-10,0.0,True
1,0.0,minimum_active_weight:Asset_097,>=,0.0500000033984619,0.01,0.040000003398461895,0.0,True
1,0.0,implementation_upper:Asset_000,<=,0.0,0.1,0.1,0.0,True
1,0.0,implementation_upper:Asset_001,<=,0.0,0.1,0.1,0.0,True
1,0.0,implementation_upper:Asset_002,<=,0.0,0.1,0.1,0.0,True
1,0.0,implementation_upper:Asset_003,<=,0.0,0.1,0.1,0.0,True
1,0.0,implementation_upper:Asset_004,<=,0.0,0.1,0.1,0.0,True
1,0.0,implementation_upper:Asset_005,<=,0.0,0.1,0.1,0.0,True
1,0.0,implementation_upper:Asset_006,<=,0.01000000017331487,0.1,0.08999999982668513,0.0,True
1,0.0,implementation_upper:Asset_007,<=,0.0,0.1,0.1,0.0,True
1,0.0,implementation_upper:Asset_008,<=,0.05000000088835463,0.1,0.04999999911164538,0.0,True
1,0.0,implementation_upper:Asset_009,<=,0.0,0.1,0.1,0.0,True
1,0.0,implementation_upper:Asset_010,<=,0.0,0.1,0.1,0.0,True
1,0.0,implementation_upper:Asset_011,<=,0.0,0.1,0.1,0.0,True
1,0.0,implementation_upper:Asset_012,<=,0.0,0.1,0.1,0.0,True
1,0.0,implementation_upper:Asset_013,<=,0.0,0.1,0.1,0.0,True
1,0.0,implementation_upper:Asset_014,<=,0.0,0.1,0.1,0.0,True
1,0.0,implementation_upper:Asset_015,<=,0.05000000064571864,0.1,0.049999999354281364,0.0,True
1,0.0,implementation_upper:Asset_016,<=,0.0,0.1,0.1,0.0,True
1,0.0,implementation_upper:Asset_017,<=,0.09999999905476349,0.1,9.452365140605323e-10,0.0,True
1,0.0,implementation_upper:Asset_018,<=,0.0,0.1,0.1,0.0,True
1,0.0,implementation_upper:Asset_019,<=,0.0,0.1,0.1,0.0,True
1,0.0,implementation_upper:Asset_020,<=,0.0,0.1,0.1,0.0,True
1,0.0,implementation_upper:Asset_021,<=,0.0,0.1,0.1,0.0,True
1,0.0,implementation_upper:Asset_022,<=,0.0,0.1,0.1,0.0,True
1,0.0,implementation_upper:Asset_023,<=,0.0,0.1,0.1,0.0,True
1,0.0,implementation_upper:Asset_024,<=,0.0,0.1,0.1,0.0,True
1,0.0,implementation_upper:Asset_025,<=,0.01000000050095886,0.1,0.08999999949904114,0.0,True
1,0.0,implementation_upper:Asset_026,<=,0.0,0.1,0.1,0.0,True
1,0.0,implementation_upper:Asset_027,<=,0.0,0.1,0.1,0.0,True
1,0.0,implementation_upper:Asset_028,<=,0.0,0.1,0.1,0.0,True
1,0.0,implementation_upper:Asset_029,<=,0.0,0.1,0.1,0.0,True
1,0.0,implementation_upper:Asset_030,<=,0.0,0.1,0.1,0.0,True
1,0.0,implementation_upper:Asset_031,<=,0.0,0.1,0.1,0.0,True
1,0.0,implementation_upper:Asset_032,<=,0.0,0.1,0.1,0.0,True
1,0.0,implementation_upper:Asset_033,<=,0.0,0.1,0.1,0.0,True
1,0.0,implementation_upper:Asset_034,<=,0.0,0.1,0.1,0.0,True
1,0.0,implementation_upper:Asset_035,<=,0.0,0.1,0.1,0.0,True
1,0.0,implementation_upper:Asset_036,<=,0.0,0.1,0.1,0.0,True
1,0.0,implementation_upper:Asset_037,<=,0.0,0.1,0.1,0.0,True
1,0.0,implementation_upper:Asset_038,<=,0.0499999999998141,0.1,0.0500000000001859,0.0,True
1,0.0,implementation_upper:Asset_039,<=,0.0,0.1,0.1,0.0,True
1,0.0,implementation_upper:Asset_040,<=,0.0,0.1,0.1,0.0,True
1,0.0,implementation_upper:Asset_041,<=,0.0,0.1,0.1,0.0,True
1,0.0,implementation_upper:Asset_042,<=,0.0,0.1,0.1,0.0,True
1,0.0,implementation_upper:Asset_043,<=,0.0,0.1,0.1,0.0,True
1,0.0,implementation_upper:Asset_044,<=,0.0,0.1,0.1,0.0,True
1,0.0,implementation_upper:Asset_045,<=,0.0,0.1,0.1,0.0,True
1,0.0,implementation_upper:Asset_046,<=,0.0,0.1,0.1,0.0,True
1,0.0,implementation_upper:Asset_047,<=,0.0,0.1,0.1,0.0,True
1,0.0,implementation_upper:Asset_048,<=,0.0,0.1,0.1,0.0,True
1,0.0,implementation_upper:Asset_049,<=,0.04999999888035835,0.1,0.05000000111964165,0.0,True
1,0.0,implementation_upper:Asset_050,<=,0.0,0.1,0.1,0.0,True
1,0.0,implementation_upper:Asset_051,<=,0.0,0.1,0.1,0.0,True
1,0.0,implementation_upper:Asset_052,<=,0.0,0.1,0.1,0.0,True
1,0.0,implementation_upper:Asset_053,<=,0.0,0.1,0.1,0.0,True
1,0.0,implementation_upper:Asset_054,<=,0.09999999856871299,0.1,1.431287019459937e-09,0.0,True
1,0.0,implementation_upper:Asset_055,<=,0.028367997260713575,0.1,0.07163200273928644,0.0,True
1,0.0,implementation_upper:Asset_056,<=,0.0,0.1,0.1,0.0,True
1,0.0,implementation_upper:Asset_057,<=,0.0,0.1,0.1,0.0,True
1,0.0,implementation_upper:Asset_058,<=,0.0,0.1,0.1,0.0,True
1,0.0,implementation_upper:Asset_059,<=,0.0,0.1,0.1,0.0,True
1,0.0,implementation_upper:Asset_060,<=,0.0,0.1,0.1,0.0,True
1,0.0,implementation_upper:Asset_061,<=,0.0,0.1,0.1,0.0,True
1,0.0,implementation_upper:Asset_062,<=,0.09605309926866173,0.1,0.003946900731338271,0.0,True
1,0.0,implementation_upper:Asset_063,<=,0.0,0.1,0.1,0.0,True
1,0.0,implementation_upper:Asset_064,<=,0.053946891634088744,0.1,0.04605310836591126,0.0,True
1,0.0,implementation_upper:Asset_065,<=,0.0,0.1,0.1,0.0,True
1,0.0,implementation_upper:Asset_066,<=,0.0,0.1,0.1,0.0,True
1,0.0,implementation_upper:Asset_067,<=,0.0,0.1,0.1,0.0,True
1,0.0,implementation_upper:Asset_068,<=,0.0,0.1,0.1,0.0,True
1,0.0,implementation_upper:Asset_069,<=,0.0,0.1,0.1,0.0,True
1,0.0,implementation_upper:Asset_070,<=,0.0,0.1,0.1,0.0,True
1,0.0,implementation_upper:Asset_071,<=,0.0,0.1,0.1,0.0,True
1,0.0,implementation_upper:Asset_072,<=,0.0,0.1,0.1,0.0,True
1,0.0,implementation_upper:Asset_073,<=,0.050000000305741775,0.1,0.04999999969425823,0.0,True
1,0.0,implementation_upper:Asset_074,<=,0.0,0.1,0.1,0.0,True
1,0.0,implementation_upper:Asset_075,<=,0.04999999959970256,0.1,0.050000000400297444,0.0,True
1,0.0,implementation_upper:Asset_076,<=,0.0,0.1,0.1,0.0,True
1,0.0,implementation_upper:Asset_077,<=,0.0,0.1,0.1,0.0,True
1,0.0,implementation_upper:Asset_078,<=,0.0,0.1,0.1,0.0,True
1,0.0,implementation_upper:Asset_079,<=,0.0,0.1,0.1,0.0,True
1,0.0,implementation_upper:Asset_080,<=,0.0,0.1,0.1,0.0,True
1,0.0,implementation_upper:Asset_081,<=,0.049999993792124955,0.1,0.05000000620787505,0.0,True
1,0.0,implementation_upper:Asset_082,<=,0.0,0.1,0.1,0.0,True
1,0.0,implementation_upper:Asset_083,<=,0.09999999941919376,0.1,5.808062503165345e-10,0.0,True
1,0.0,implementation_upper:Asset_084,<=,0.0,0.1,0.1,0.0,True
1,0.0,implementation_upper:Asset_085,<=,0.0,0.1,0.1,0.0,True
1,0.0,implementation_upper:Asset_086,<=,0.0,0.1,0.1,0.0,True
1,0.0,implementation_upper:Asset_087,<=,0.0,0.1,0.1,0.0,True
1,0.0,implementation_upper:Asset_088,<=,0.0,0.1,0.1,0.0,True
1,0.0,implementation_upper:Asset_089,<=,0.0,0.1,0.1,0.0,True
1,0.0,implementation_upper:Asset_090,<=,0.0,0.1,0.1,0.0,True
1,0.0,implementation_upper:Asset_091,<=,0.031632015249010895,0.1,0.06836798475098911,0.0,True
1,0.0,implementation_upper:Asset_092,<=,0.01000000022853054,0.1,0.08999999977146947,0.0,True
1,0.0,implementation_upper:Asset_093,<=,0.050000000663609205,0.1,0.0499999993363908,0.0,True
1,0.0,implementation_upper:Asset_094,<=,0.0,0.1,0.1,0.0,True
1,0.0,implementation_upper:Asset_095,<=,0.0,0.1,0.1,0.0,True
1,0.0,implementation_upper:Asset_096,<=,0.010000000468186462,0.1,0.08999999953181355,0.0,True
1,0.0,implementation_upper:Asset_097,<=,0.0500000033984619,0.1,0.04999999660153811,0.0,True
1,0.0,implementation_upper:Asset_098,<=,0.0,0.1,0.1,0.0,True
1,0.0,implementation_upper:Asset_099,<=,0.0,0.1,0.1,0.0,True
1,0.05,budget,=,1.0000000000000007,1.0,-6.661338147750939e-16,6.661338147750939e-16,True
1,0.05,asset_lower:Asset_000,>=,0.0,0.0,0.0,0.0,True
1,0.05,asset_upper:Asset_000,<=,0.0,0.2,0.2,0.0,True
1,0.05,asset_lower:Asset_001,>=,0.0,0.0,0.0,0.0,True
1,0.05,asset_upper:Asset_001,<=,0.0,0.2,0.2,0.0,True
1,0.05,asset_lower:Asset_002,>=,0.0,0.0,0.0,0.0,True
1,0.05,asset_upper:Asset_002,<=,0.0,0.2,0.2,0.0,True
1,0.05,asset_lower:Asset_003,>=,0.0,0.0,0.0,0.0,True
1,0.05,asset_upper:Asset_003,<=,0.0,0.2,0.2,0.0,True
1,0.05,asset_lower:Asset_004,>=,0.0,0.0,0.0,0.0,True
1,0.05,asset_upper:Asset_004,<=,0.0,0.2,0.2,0.0,True
1,0.05,asset_lower:Asset_005,>=,0.0,0.0,0.0,0.0,True
1,0.05,asset_upper:Asset_005,<=,0.0,0.2,0.2,0.0,True
1,0.05,asset_lower:Asset_006,>=,0.009999999998137955,0.0,0.009999999998137955,0.0,True
1,0.05,asset_upper:Asset_006,<=,0.009999999998137955,0.2,0.19000000000186207,0.0,True
1,0.05,asset_lower:Asset_007,>=,0.0,0.0,0.0,0.0,True
1,0.05,asset_upper:Asset_007,<=,0.0,0.2,0.2,0.0,True
1,0.05,asset_lower:Asset_008,>=,0.0500000000028137,0.0,0.0500000000028137,0.0,True
1,0.05,asset_upper:Asset_008,<=,0.0500000000028137,0.2,0.1499999999971863,0.0,True
1,0.05,asset_lower:Asset_009,>=,0.0,0.0,0.0,0.0,True
1,0.05,asset_upper:Asset_009,<=,0.0,0.2,0.2,0.0,True
1,0.05,asset_lower:Asset_010,>=,0.0,0.0,0.0,0.0,True
1,0.05,asset_upper:Asset_010,<=,0.0,0.2,0.2,0.0,True
1,0.05,asset_lower:Asset_011,>=,0.0,0.0,0.0,0.0,True
1,0.05,asset_upper:Asset_011,<=,0.0,0.2,0.2,0.0,True
1,0.05,asset_lower:Asset_012,>=,0.0,0.0,0.0,0.0,True
1,0.05,asset_upper:Asset_012,<=,0.0,0.2,0.2,0.0,True
1,0.05,asset_lower:Asset_013,>=,0.0,0.0,0.0,0.0,True
1,0.05,asset_upper:Asset_013,<=,0.0,0.2,0.2,0.0,True
1,0.05,asset_lower:Asset_014,>=,0.0,0.0,0.0,0.0,True
1,0.05,asset_upper:Asset_014,<=,0.0,0.2,0.2,0.0,True
1,0.05,asset_lower:Asset_015,>=,0.05000000001106919,0.0,0.05000000001106919,0.0,True
1,0.05,asset_upper:Asset_015,<=,0.05000000001106919,0.2,0.14999999998893082,0.0,True
1,0.05,asset_lower:Asset_016,>=,0.0,0.0,0.0,0.0,True
1,0.05,asset_upper:Asset_016,<=,0.0,0.2,0.2,0.0,True
1,0.05,asset_lower:Asset_017,>=,0.0999999999982877,0.0,0.0999999999982877,0.0,True
1,0.05,asset_upper:Asset_017,<=,0.0999999999982877,0.2,0.10000000000171232,0.0,True
1,0.05,asset_lower:Asset_018,>=,0.0,0.0,0.0,0.0,True
1,0.05,asset_upper:Asset_018,<=,0.0,0.2,0.2,0.0,True
1,0.05,asset_lower:Asset_019,>=,0.0,0.0,0.0,0.0,True
1,0.05,asset_upper:Asset_019,<=,0.0,0.2,0.2,0.0,True
1,0.05,asset_lower:Asset_020,>=,0.0,0.0,0.0,0.0,True
1,0.05,asset_upper:Asset_020,<=,0.0,0.2,0.2,0.0,True
1,0.05,asset_lower:Asset_021,>=,0.0,0.0,0.0,0.0,True
1,0.05,asset_upper:Asset_021,<=,0.0,0.2,0.2,0.0,True
1,0.05,asset_lower:Asset_022,>=,0.0,0.0,0.0,0.0,True
1,0.05,asset_upper:Asset_022,<=,0.0,0.2,0.2,0.0,True
1,0.05,asset_lower:Asset_023,>=,0.0,0.0,0.0,0.0,True
1,0.05,asset_upper:Asset_023,<=,0.0,0.2,0.2,0.0,True
1,0.05,asset_lower:Asset_024,>=,0.0,0.0,0.0,0.0,True
1,0.05,asset_upper:Asset_024,<=,0.0,0.2,0.2,0.0,True
1,0.05,asset_lower:Asset_025,>=,0.00999999999915759,0.0,0.00999999999915759,0.0,True
1,0.05,asset_upper:Asset_025,<=,0.00999999999915759,0.2,0.1900000000008424,0.0,True
1,0.05,asset_lower:Asset_026,>=,0.0,0.0,0.0,0.0,True
1,0.05,asset_upper:Asset_026,<=,0.0,0.2,0.2,0.0,True
1,0.05,asset_lower:Asset_027,>=,0.0,0.0,0.0,0.0,True
1,0.05,asset_upper:Asset_027,<=,0.0,0.2,0.2,0.0,True
1,0.05,asset_lower:Asset_028,>=,0.0,0.0,0.0,0.0,True
1,0.05,asset_upper:Asset_028,<=,0.0,0.2,0.2,0.0,True
1,0.05,asset_lower:Asset_029,>=,0.0,0.0,0.0,0.0,True
1,0.05,asset_upper:Asset_029,<=,0.0,0.2,0.2,0.0,True
1,0.05,asset_lower:Asset_030,>=,0.0,0.0,0.0,0.0,True
1,0.05,asset_upper:Asset_030,<=,0.0,0.2,0.2,0.0,True
1,0.05,asset_lower:Asset_031,>=,0.0,0.0,0.0,0.0,True
1,0.05,asset_upper:Asset_031,<=,0.0,0.2,0.2,0.0,True
1,0.05,asset_lower:Asset_032,>=,0.0,0.0,0.0,0.0,True
1,0.05,asset_upper:Asset_032,<=,0.0,0.2,0.2,0.0,True
1,0.05,asset_lower:Asset_033,>=,0.0,0.0,0.0,0.0,True
1,0.05,asset_upper:Asset_033,<=,0.0,0.2,0.2,0.0,True
1,0.05,asset_lower:Asset_034,>=,0.0,0.0,0.0,0.0,True
1,0.05,asset_upper:Asset_034,<=,0.0,0.2,0.2,0.0,True
1,0.05,asset_lower:Asset_035,>=,0.0,0.0,0.0,0.0,True
1,0.05,asset_upper:Asset_035,<=,0.0,0.2,0.2,0.0,True
1,0.05,asset_lower:Asset_036,>=,0.0,0.0,0.0,0.0,True
1,0.05,asset_upper:Asset_036,<=,0.0,0.2,0.2,0.0,True
1,0.05,asset_lower:Asset_037,>=,0.0,0.0,0.0,0.0,True
1,0.05,asset_upper:Asset_037,<=,0.0,0.2,0.2,0.0,True
1,0.05,asset_lower:Asset_038,>=,0.050000000000035585,0.0,0.050000000000035585,0.0,True
1,0.05,asset_upper:Asset_038,<=,0.050000000000035585,0.2,0.14999999999996444,0.0,True
1,0.05,asset_lower:Asset_039,>=,0.0,0.0,0.0,0.0,True
1,0.05,asset_upper:Asset_039,<=,0.0,0.2,0.2,0.0,True
1,0.05,asset_lower:Asset_040,>=,0.0,0.0,0.0,0.0,True
1,0.05,asset_upper:Asset_040,<=,0.0,0.2,0.2,0.0,True
1,0.05,asset_lower:Asset_041,>=,0.0,0.0,0.0,0.0,True
1,0.05,asset_upper:Asset_041,<=,0.0,0.2,0.2,0.0,True
1,0.05,asset_lower:Asset_042,>=,0.0,0.0,0.0,0.0,True
1,0.05,asset_upper:Asset_042,<=,0.0,0.2,0.2,0.0,True
1,0.05,asset_lower:Asset_043,>=,0.0,0.0,0.0,0.0,True
1,0.05,asset_upper:Asset_043,<=,0.0,0.2,0.2,0.0,True
1,0.05,asset_lower:Asset_044,>=,0.0,0.0,0.0,0.0,True
1,0.05,asset_upper:Asset_044,<=,0.0,0.2,0.2,0.0,True
1,0.05,asset_lower:Asset_045,>=,0.0,0.0,0.0,0.0,True
1,0.05,asset_upper:Asset_045,<=,0.0,0.2,0.2,0.0,True
1,0.05,asset_lower:Asset_046,>=,0.0,0.0,0.0,0.0,True
1,0.05,asset_upper:Asset_046,<=,0.0,0.2,0.2,0.0,True
1,0.05,asset_lower:Asset_047,>=,0.0,0.0,0.0,0.0,True
1,0.05,asset_upper:Asset_047,<=,0.0,0.2,0.2,0.0,True
1,0.05,asset_lower:Asset_048,>=,0.0,0.0,0.0,0.0,True
1,0.05,asset_upper:Asset_048,<=,0.0,0.2,0.2,0.0,True
1,0.05,asset_lower:Asset_049,>=,0.04560287702691032,0.0,0.04560287702691032,0.0,True
1,0.05,asset_upper:Asset_049,<=,0.04560287702691032,0.2,0.1543971229730897,0.0,True
1,0.05,asset_lower:Asset_050,>=,0.0,0.0,0.0,0.0,True
1,0.05,asset_upper:Asset_050,<=,0.0,0.2,0.2,0.0,True
1,0.05,asset_lower:Asset_051,>=,0.0,0.0,0.0,0.0,True
1,0.05,asset_upper:Asset_051,<=,0.0,0.2,0.2,0.0,True
1,0.05,asset_lower:Asset_052,>=,0.0,0.0,0.0,0.0,True
1,0.05,asset_upper:Asset_052,<=,0.0,0.2,0.2,0.0,True
1,0.05,asset_lower:Asset_053,>=,0.0,0.0,0.0,0.0,True
1,0.05,asset_upper:Asset_053,<=,0.0,0.2,0.2,0.0,True
1,0.05,asset_lower:Asset_054,>=,0.09999999999832594,0.0,0.09999999999832594,0.0,True
1,0.05,asset_upper:Asset_054,<=,0.09999999999832594,0.2,0.10000000000167407,0.0,True
1,0.05,asset_lower:Asset_055,>=,0.03793374146602228,0.0,0.03793374146602228,0.0,True
1,0.05,asset_upper:Asset_055,<=,0.03793374146602228,0.2,0.16206625853397771,0.0,True
1,0.05,asset_lower:Asset_056,>=,0.0,0.0,0.0,0.0,True
1,0.05,asset_upper:Asset_056,<=,0.0,0.2,0.2,0.0,True
1,0.05,asset_lower:Asset_057,>=,0.0,0.0,0.0,0.0,True
1,0.05,asset_upper:Asset_057,<=,0.0,0.2,0.2,0.0,True
1,0.05,asset_lower:Asset_058,>=,0.0,0.0,0.0,0.0,True
1,0.05,asset_upper:Asset_058,<=,0.0,0.2,0.2,0.0,True
1,0.05,asset_lower:Asset_059,>=,0.0,0.0,0.0,0.0,True
1,0.05,asset_upper:Asset_059,<=,0.0,0.2,0.2,0.0,True
1,0.05,asset_lower:Asset_060,>=,0.0,0.0,0.0,0.0,True
1,0.05,asset_upper:Asset_060,<=,0.0,0.2,0.2,0.0,True
1,0.05,asset_lower:Asset_061,>=,0.0,0.0,0.0,0.0,True
1,0.05,asset_upper:Asset_061,<=,0.0,0.2,0.2,0.0,True
1,0.05,asset_lower:Asset_062,>=,0.09999999995274213,0.0,0.09999999995274213,0.0,True
1,0.05,asset_upper:Asset_062,<=,0.09999999995274213,0.2,0.10000000004725788,0.0,True
1,0.05,asset_lower:Asset_063,>=,0.0,0.0,0.0,0.0,True
1,0.05,asset_upper:Asset_063,<=,0.0,0.2,0.2,0.0,True
1,0.05,asset_lower:Asset_064,>=,0.04999999999979405,0.0,0.04999999999979405,0.0,True
1,0.05,asset_upper:Asset_064,<=,0.04999999999979405,0.2,0.15000000000020597,0.0,True
1,0.05,asset_lower:Asset_065,>=,0.0,0.0,0.0,0.0,True
1,0.05,asset_upper:Asset_065,<=,0.0,0.2,0.2,0.0,True
1,0.05,asset_lower:Asset_066,>=,0.0,0.0,0.0,0.0,True
1,0.05,asset_upper:Asset_066,<=,0.0,0.2,0.2,0.0,True
1,0.05,asset_lower:Asset_067,>=,0.0,0.0,0.0,0.0,True
1,0.05,asset_upper:Asset_067,<=,0.0,0.2,0.2,0.0,True
1,0.05,asset_lower:Asset_068,>=,0.0,0.0,0.0,0.0,True
1,0.05,asset_upper:Asset_068,<=,0.0,0.2,0.2,0.0,True
1,0.05,asset_lower:Asset_069,>=,0.0,0.0,0.0,0.0,True
1,0.05,asset_upper:Asset_069,<=,0.0,0.2,0.2,0.0,True
1,0.05,asset_lower:Asset_070,>=,0.0,0.0,0.0,0.0,True
1,0.05,asset_upper:Asset_070,<=,0.0,0.2,0.2,0.0,True
1,0.05,asset_lower:Asset_071,>=,0.0,0.0,0.0,0.0,True
1,0.05,asset_upper:Asset_071,<=,0.0,0.2,0.2,0.0,True
1,0.05,asset_lower:Asset_072,>=,0.0,0.0,0.0,0.0,True
1,0.05,asset_upper:Asset_072,<=,0.0,0.2,0.2,0.0,True
1,0.05,asset_lower:Asset_073,>=,0.04999999999941888,0.0,0.04999999999941888,0.0,True
1,0.05,asset_upper:Asset_073,<=,0.04999999999941888,0.2,0.15000000000058114,0.0,True
1,0.05,asset_lower:Asset_074,>=,0.0,0.0,0.0,0.0,True
1,0.05,asset_upper:Asset_074,<=,0.0,0.2,0.2,0.0,True
1,0.05,asset_lower:Asset_075,>=,0.04999999998158248,0.0,0.04999999998158248,0.0,True
1,0.05,asset_upper:Asset_075,<=,0.04999999998158248,0.2,0.15000000001841754,0.0,True
1,0.05,asset_lower:Asset_076,>=,0.0,0.0,0.0,0.0,True
1,0.05,asset_upper:Asset_076,<=,0.0,0.2,0.2,0.0,True
1,0.05,asset_lower:Asset_077,>=,0.0,0.0,0.0,0.0,True
1,0.05,asset_upper:Asset_077,<=,0.0,0.2,0.2,0.0,True
1,0.05,asset_lower:Asset_078,>=,0.0,0.0,0.0,0.0,True
1,0.05,asset_upper:Asset_078,<=,0.0,0.2,0.2,0.0,True
1,0.05,asset_lower:Asset_079,>=,0.0,0.0,0.0,0.0,True
1,0.05,asset_upper:Asset_079,<=,0.0,0.2,0.2,0.0,True
1,0.05,asset_lower:Asset_080,>=,0.0,0.0,0.0,0.0,True
1,0.05,asset_upper:Asset_080,<=,0.0,0.2,0.2,0.0,True
1,0.05,asset_lower:Asset_081,>=,0.04999999992403712,0.0,0.04999999992403712,0.0,True
1,0.05,asset_upper:Asset_081,<=,0.04999999992403712,0.2,0.1500000000759629,0.0,True
1,0.05,asset_lower:Asset_082,>=,0.0,0.0,0.0,0.0,True
1,0.05,asset_upper:Asset_082,<=,0.0,0.2,0.2,0.0,True
1,0.05,asset_lower:Asset_083,>=,0.09999999999779585,0.0,0.09999999999779585,0.0,True
1,0.05,asset_upper:Asset_083,<=,0.09999999999779585,0.2,0.10000000000220416,0.0,True
1,0.05,asset_lower:Asset_084,>=,0.0,0.0,0.0,0.0,True
1,0.05,asset_upper:Asset_084,<=,0.0,0.2,0.2,0.0,True
1,0.05,asset_lower:Asset_085,>=,0.0,0.0,0.0,0.0,True
1,0.05,asset_upper:Asset_085,<=,0.0,0.2,0.2,0.0,True
1,0.05,asset_lower:Asset_086,>=,0.0,0.0,0.0,0.0,True
1,0.05,asset_upper:Asset_086,<=,0.0,0.2,0.2,0.0,True
1,0.05,asset_lower:Asset_087,>=,0.0,0.0,0.0,0.0,True
1,0.05,asset_upper:Asset_087,<=,0.0,0.2,0.2,0.0,True
1,0.05,asset_lower:Asset_088,>=,0.0,0.0,0.0,0.0,True
1,0.05,asset_upper:Asset_088,<=,0.0,0.2,0.2,0.0,True
1,0.05,asset_lower:Asset_089,>=,0.0,0.0,0.0,0.0,True
1,0.05,asset_upper:Asset_089,<=,0.0,0.2,0.2,0.0,True
1,0.05,asset_lower:Asset_090,>=,0.0,0.0,0.0,0.0,True
1,0.05,asset_upper:Asset_090,<=,0.0,0.2,0.2,0.0,True
1,0.05,asset_lower:Asset_091,>=,0.026463381630388656,0.0,0.026463381630388656,0.0,True
1,0.05,asset_upper:Asset_091,<=,0.026463381630388656,0.2,0.17353661836961135,0.0,True
1,0.05,asset_lower:Asset_092,>=,0.00999999999876822,0.0,0.00999999999876822,0.0,True
1,0.05,asset_upper:Asset_092,<=,0.00999999999876822,0.2,0.1900000000012318,0.0,True
1,0.05,asset_lower:Asset_093,>=,0.04999999999853935,0.0,0.04999999999853935,0.0,True
1,0.05,asset_upper:Asset_093,<=,0.04999999999853935,0.2,0.15000000000146066,0.0,True
1,0.05,asset_lower:Asset_094,>=,0.0,0.0,0.0,0.0,True
1,0.05,asset_upper:Asset_094,<=,0.0,0.2,0.2,0.0,True
1,0.05,asset_lower:Asset_095,>=,0.0,0.0,0.0,0.0,True
1,0.05,asset_upper:Asset_095,<=,0.0,0.2,0.2,0.0,True
1,0.05,asset_lower:Asset_096,>=,0.009999999999454771,0.0,0.009999999999454771,0.0,True
1,0.05,asset_upper:Asset_096,<=,0.009999999999454771,0.2,0.19000000000054523,0.0,True
1,0.05,asset_lower:Asset_097,>=,0.05000000001671883,0.0,0.05000000001671883,0.0,True
1,0.05,asset_upper:Asset_097,<=,0.05000000001671883,0.2,0.14999999998328117,0.0,True
1,0.05,asset_lower:Asset_098,>=,0.0,0.0,0.0,0.0,True
1,0.05,asset_upper:Asset_098,<=,0.0,0.2,0.2,0.0,True
1,0.05,asset_lower:Asset_099,>=,0.0,0.0,0.0,0.0,True
1,0.05,asset_upper:Asset_099,<=,0.0,0.2,0.2,0.0,True
1,0.05,group_lower:Group_0,>=,0.11439712310748013,0.10000000000000002,0.014397123107480106,0.0,True
1,0.05,group_upper:Group_0,<=,0.11439712310748013,0.25,0.13560287689251987,0.0,True
1,0.05,group_lower:Group_1,>=,0.11999999995003767,0.10000000000000002,0.01999999995003765,0.0,True
1,0.05,group_upper:Group_1,<=,0.11999999995003767,0.25,0.13000000004996232,0.0,True
1,0.05,group_lower:Group_2,>=,0.20000000001508036,0.10000000000000002,0.10000000001508035,0.0,True
1,0.05,group_upper:Group_2,<=,0.20000000001508036,0.25,0.049999999984919635,0.0,True
1,0.05,group_lower:Group_3,>=,0.14999999990541366,0.10000000000000002,0.049999999905413636,0.0,True
1,0.05,group_upper:Group_3,<=,0.14999999990541366,0.25,0.10000000009458634,0.0,True
1,0.05,group_lower:Group_4,>=,0.09560287702632919,0.05,0.04560287702632919,0.0,True
1,0.05,group_upper:Group_4,<=,0.09560287702632919,0.2,0.10439712297367082,0.0,True
1,0.05,group_lower:Group_5,>=,0.15000000000060956,0.05,0.10000000000060956,0.0,True
1,0.05,group_upper:Group_5,<=,0.15000000000060956,0.2,0.04999999999939045,0.0,True
1,0.05,group_lower:Group_6,>=,0.10999999999774246,0.05,0.059999999997742456,0.0,True
1,0.05,group_upper:Group_6,<=,0.10999999999774246,0.2,0.09000000000225755,0.0,True
1,0.05,group_lower:Group_7,>=,0.05999999999730757,0.05,0.009999999997307565,0.0,True
1,0.05,group_upper:Group_7,<=,0.05999999999730757,0.2,0.14000000000269244,0.0,True
1,0.05,max_turnover,<=,0.3999999999555773,0.4,4.4422743261662845e-11,0.0,True
1,0.05,exact_cardinality,=,20.0,20.0,-0.0,0.0,True
1,0.05,minimum_active_weight:Asset_006,>=,0.009999999998137955,0.01,-1.862045240219601e-12,1.862045240219601e-12,True
1,0.05,minimum_active_weight:Asset_008,>=,0.0500000000028137,0.01,0.0400000000028137,0.0,True
1,0.05,minimum_active_weight:Asset_015,>=,0.05000000001106919,0.01,0.04000000001106919,0.0,True
1,0.05,minimum_active_weight:Asset_017,>=,0.0999999999982877,0.01,0.0899999999982877,0.0,True
1,0.05,minimum_active_weight:Asset_025,>=,0.00999999999915759,0.01,-8.424094755099532e-13,8.424094755099532e-13,True
1,0.05,minimum_active_weight:Asset_038,>=,0.050000000000035585,0.01,0.040000000000035583,0.0,True
1,0.05,minimum_active_weight:Asset_049,>=,0.04560287702691032,0.01,0.03560287702691032,0.0,True
1,0.05,minimum_active_weight:Asset_054,>=,0.09999999999832594,0.01,0.08999999999832595,0.0,True
1,0.05,minimum_active_weight:Asset_055,>=,0.03793374146602228,0.01,0.02793374146602228,0.0,True
1,0.05,minimum_active_weight:Asset_062,>=,0.09999999995274213,0.01,0.08999999995274213,0.0,True
1,0.05,minimum_active_weight:Asset_064,>=,0.04999999999979405,0.01,0.03999999999979405,0.0,True
1,0.05,minimum_active_weight:Asset_073,>=,0.04999999999941888,0.01,0.039999999999418875,0.0,True
1,0.05,minimum_active_weight:Asset_075,>=,0.04999999998158248,0.01,0.039999999981582476,0.0,True
1,0.05,minimum_active_weight:Asset_081,>=,0.04999999992403712,0.01,0.03999999992403712,0.0,True
1,0.05,minimum_active_weight:Asset_083,>=,0.09999999999779585,0.01,0.08999999999779586,0.0,True
1,0.05,minimum_active_weight:Asset_091,>=,0.026463381630388656,0.01,0.016463381630388657,0.0,True
1,0.05,minimum_active_weight:Asset_092,>=,0.00999999999876822,0.01,-1.2317803027572793e-12,1.2317803027572793e-12,True
1,0.05,minimum_active_weight:Asset_093,>=,0.04999999999853935,0.01,0.03999999999853935,0.0,True
1,0.05,minimum_active_weight:Asset_096,>=,0.009999999999454771,0.01,-5.452287926699384e-13,5.452287926699384e-13,True
1,0.05,minimum_active_weight:Asset_097,>=,0.05000000001671883,0.01,0.04000000001671883,0.0,True
1,0.05,implementation_upper:Asset_000,<=,0.0,0.1,0.1,0.0,True
1,0.05,implementation_upper:Asset_001,<=,0.0,0.1,0.1,0.0,True
1,0.05,implementation_upper:Asset_002,<=,0.0,0.1,0.1,0.0,True
1,0.05,implementation_upper:Asset_003,<=,0.0,0.1,0.1,0.0,True
1,0.05,implementation_upper:Asset_004,<=,0.0,0.1,0.1,0.0,True
1,0.05,implementation_upper:Asset_005,<=,0.0,0.1,0.1,0.0,True
1,0.05,implementation_upper:Asset_006,<=,0.009999999998137955,0.1,0.09000000000186205,0.0,True
1,0.05,implementation_upper:Asset_007,<=,0.0,0.1,0.1,0.0,True
1,0.05,implementation_upper:Asset_008,<=,0.0500000000028137,0.1,0.0499999999971863,0.0,True
1,0.05,implementation_upper:Asset_009,<=,0.0,0.1,0.1,0.0,True
1,0.05,implementation_upper:Asset_010,<=,0.0,0.1,0.1,0.0,True
1,0.05,implementation_upper:Asset_011,<=,0.0,0.1,0.1,0.0,True
1,0.05,implementation_upper:Asset_012,<=,0.0,0.1,0.1,0.0,True
1,0.05,implementation_upper:Asset_013,<=,0.0,0.1,0.1,0.0,True
1,0.05,implementation_upper:Asset_014,<=,0.0,0.1,0.1,0.0,True
1,0.05,implementation_upper:Asset_015,<=,0.05000000001106919,0.1,0.049999999988930816,0.0,True
1,0.05,implementation_upper:Asset_016,<=,0.0,0.1,0.1,0.0,True
1,0.05,implementation_upper:Asset_017,<=,0.0999999999982877,0.1,1.7123108486671867e-12,0.0,True
1,0.05,implementation_upper:Asset_018,<=,0.0,0.1,0.1,0.0,True
1,0.05,implementation_upper:Asset_019,<=,0.0,0.1,0.1,0.0,True
1,0.05,implementation_upper:Asset_020,<=,0.0,0.1,0.1,0.0,True
1,0.05,implementation_upper:Asset_021,<=,0.0,0.1,0.1,0.0,True
1,0.05,implementation_upper:Asset_022,<=,0.0,0.1,0.1,0.0,True
1,0.05,implementation_upper:Asset_023,<=,0.0,0.1,0.1,0.0,True
1,0.05,implementation_upper:Asset_024,<=,0.0,0.1,0.1,0.0,True
1,0.05,implementation_upper:Asset_025,<=,0.00999999999915759,0.1,0.09000000000084242,0.0,True
1,0.05,implementation_upper:Asset_026,<=,0.0,0.1,0.1,0.0,True
1,0.05,implementation_upper:Asset_027,<=,0.0,0.1,0.1,0.0,True
1,0.05,implementation_upper:Asset_028,<=,0.0,0.1,0.1,0.0,True
1,0.05,implementation_upper:Asset_029,<=,0.0,0.1,0.1,0.0,True
1,0.05,implementation_upper:Asset_030,<=,0.0,0.1,0.1,0.0,True
1,0.05,implementation_upper:Asset_031,<=,0.0,0.1,0.1,0.0,True
1,0.05,implementation_upper:Asset_032,<=,0.0,0.1,0.1,0.0,True
1,0.05,implementation_upper:Asset_033,<=,0.0,0.1,0.1,0.0,True
1,0.05,implementation_upper:Asset_034,<=,0.0,0.1,0.1,0.0,True
1,0.05,implementation_upper:Asset_035,<=,0.0,0.1,0.1,0.0,True
1,0.05,implementation_upper:Asset_036,<=,0.0,0.1,0.1,0.0,True
1,0.05,implementation_upper:Asset_037,<=,0.0,0.1,0.1,0.0,True
1,0.05,implementation_upper:Asset_038,<=,0.050000000000035585,0.1,0.04999999999996442,0.0,True
1,0.05,implementation_upper:Asset_039,<=,0.0,0.1,0.1,0.0,True
1,0.05,implementation_upper:Asset_040,<=,0.0,0.1,0.1,0.0,True
1,0.05,implementation_upper:Asset_041,<=,0.0,0.1,0.1,0.0,True
1,0.05,implementation_upper:Asset_042,<=,0.0,0.1,0.1,0.0,True
1,0.05,implementation_upper:Asset_043,<=,0.0,0.1,0.1,0.0,True
1,0.05,implementation_upper:Asset_044,<=,0.0,0.1,0.1,0.0,True
1,0.05,implementation_upper:Asset_045,<=,0.0,0.1,0.1,0.0,True
1,0.05,implementation_upper:Asset_046,<=,0.0,0.1,0.1,0.0,True
1,0.05,implementation_upper:Asset_047,<=,0.0,0.1,0.1,0.0,True
1,0.05,implementation_upper:Asset_048,<=,0.0,0.1,0.1,0.0,True
1,0.05,implementation_upper:Asset_049,<=,0.04560287702691032,0.1,0.054397122973089684,0.0,True
1,0.05,implementation_upper:Asset_050,<=,0.0,0.1,0.1,0.0,True
1,0.05,implementation_upper:Asset_051,<=,0.0,0.1,0.1,0.0,True
1,0.05,implementation_upper:Asset_052,<=,0.0,0.1,0.1,0.0,True
1,0.05,implementation_upper:Asset_053,<=,0.0,0.1,0.1,0.0,True
1,0.05,implementation_upper:Asset_054,<=,0.09999999999832594,0.1,1.6740636654688501e-12,0.0,True
1,0.05,implementation_upper:Asset_055,<=,0.03793374146602228,0.1,0.06206625853397772,0.0,True
1,0.05,implementation_upper:Asset_056,<=,0.0,0.1,0.1,0.0,True
1,0.05,implementation_upper:Asset_057,<=,0.0,0.1,0.1,0.0,True
1,0.05,implementation_upper:Asset_058,<=,0.0,0.1,0.1,0.0,True
1,0.05,implementation_upper:Asset_059,<=,0.0,0.1,0.1,0.0,True
1,0.05,implementation_upper:Asset_060,<=,0.0,0.1,0.1,0.0,True
1,0.05,implementation_upper:Asset_061,<=,0.0,0.1,0.1,0.0,True
1,0.05,implementation_upper:Asset_062,<=,0.09999999995274213,0.1,4.7257878166284684e-11,0.0,True
1,0.05,implementation_upper:Asset_063,<=,0.0,0.1,0.1,0.0,True
1,0.05,implementation_upper:Asset_064,<=,0.04999999999979405,0.1,0.050000000000205956,0.0,True
1,0.05,implementation_upper:Asset_065,<=,0.0,0.1,0.1,0.0,True
1,0.05,implementation_upper:Asset_066,<=,0.0,0.1,0.1,0.0,True
1,0.05,implementation_upper:Asset_067,<=,0.0,0.1,0.1,0.0,True
1,0.05,implementation_upper:Asset_068,<=,0.0,0.1,0.1,0.0,True
1,0.05,implementation_upper:Asset_069,<=,0.0,0.1,0.1,0.0,True
1,0.05,implementation_upper:Asset_070,<=,0.0,0.1,0.1,0.0,True
1,0.05,implementation_upper:Asset_071,<=,0.0,0.1,0.1,0.0,True
1,0.05,implementation_upper:Asset_072,<=,0.0,0.1,0.1,0.0,True
1,0.05,implementation_upper:Asset_073,<=,0.04999999999941888,0.1,0.05000000000058113,0.0,True
1,0.05,implementation_upper:Asset_074,<=,0.0,0.1,0.1,0.0,True
1,0.05,implementation_upper:Asset_075,<=,0.04999999998158248,0.1,0.05000000001841753,0.0,True
1,0.05,implementation_upper:Asset_076,<=,0.0,0.1,0.1,0.0,True
1,0.05,implementation_upper:Asset_077,<=,0.0,0.1,0.1,0.0,True
1,0.05,implementation_upper:Asset_078,<=,0.0,0.1,0.1,0.0,True
1,0.05,implementation_upper:Asset_079,<=,0.0,0.1,0.1,0.0,True
1,0.05,implementation_upper:Asset_080,<=,0.0,0.1,0.1,0.0,True
1,0.05,implementation_upper:Asset_081,<=,0.04999999992403712,0.1,0.050000000075962885,0.0,True
1,0.05,implementation_upper:Asset_082,<=,0.0,0.1,0.1,0.0,True
1,0.05,implementation_upper:Asset_083,<=,0.09999999999779585,0.1,2.204153526363939e-12,0.0,True
1,0.05,implementation_upper:Asset_084,<=,0.0,0.1,0.1,0.0,True
1,0.05,implementation_upper:Asset_085,<=,0.0,0.1,0.1,0.0,True
1,0.05,implementation_upper:Asset_086,<=,0.0,0.1,0.1,0.0,True
1,0.05,implementation_upper:Asset_087,<=,0.0,0.1,0.1,0.0,True
1,0.05,implementation_upper:Asset_088,<=,0.0,0.1,0.1,0.0,True
1,0.05,implementation_upper:Asset_089,<=,0.0,0.1,0.1,0.0,True
1,0.05,implementation_upper:Asset_090,<=,0.0,0.1,0.1,0.0,True
1,0.05,implementation_upper:Asset_091,<=,0.026463381630388656,0.1,0.07353661836961135,0.0,True
1,0.05,implementation_upper:Asset_092,<=,0.00999999999876822,0.1,0.09000000000123179,0.0,True
1,0.05,implementation_upper:Asset_093,<=,0.04999999999853935,0.1,0.050000000001460654,0.0,True
1,0.05,implementation_upper:Asset_094,<=,0.0,0.1,0.1,0.0,True
1,0.05,implementation_upper:Asset_095,<=,0.0,0.1,0.1,0.0,True
1,0.05,implementation_upper:Asset_096,<=,0.009999999999454771,0.1,0.09000000000054523,0.0,True
1,0.05,implementation_upper:Asset_097,<=,0.05000000001671883,0.1,0.049999999983281175,0.0,True
1,0.05,implementation_upper:Asset_098,<=,0.0,0.1,0.1,0.0,True
1,0.05,implementation_upper:Asset_099,<=,0.0,0.1,0.1,0.0,True
1,0.1,budget,=,0.9999999999999982,1.0,-1.7763568394002505e-15,1.7763568394002505e-15,True
1,0.1,asset_lower:Asset_000,>=,0.0,0.0,0.0,0.0,True
1,0.1,asset_upper:Asset_000,<=,0.0,0.2,0.2,0.0,True
1,0.1,asset_lower:Asset_001,>=,0.0,0.0,0.0,0.0,True
1,0.1,asset_upper:Asset_001,<=,0.0,0.2,0.2,0.0,True
1,0.1,asset_lower:Asset_002,>=,0.0,0.0,0.0,0.0,True
1,0.1,asset_upper:Asset_002,<=,0.0,0.2,0.2,0.0,True
1,0.1,asset_lower:Asset_003,>=,0.0,0.0,0.0,0.0,True
1,0.1,asset_upper:Asset_003,<=,0.0,0.2,0.2,0.0,True
1,0.1,asset_lower:Asset_004,>=,0.0,0.0,0.0,0.0,True
1,0.1,asset_upper:Asset_004,<=,0.0,0.2,0.2,0.0,True
1,0.1,asset_lower:Asset_005,>=,0.0,0.0,0.0,0.0,True
1,0.1,asset_upper:Asset_005,<=,0.0,0.2,0.2,0.0,True
1,0.1,asset_lower:Asset_006,>=,0.009999999992719668,0.0,0.009999999992719668,0.0,True
1,0.1,asset_upper:Asset_006,<=,0.009999999992719668,0.2,0.19000000000728035,0.0,True
1,0.1,asset_lower:Asset_007,>=,0.0,0.0,0.0,0.0,True
1,0.1,asset_upper:Asset_007,<=,0.0,0.2,0.2,0.0,True
1,0.1,asset_lower:Asset_008,>=,0.05000000000182731,0.0,0.05000000000182731,0.0,True
1,0.1,asset_upper:Asset_008,<=,0.05000000000182731,0.2,0.1499999999981727,0.0,True
1,0.1,asset_lower:Asset_009,>=,0.0,0.0,0.0,0.0,True
1,0.1,asset_upper:Asset_009,<=,0.0,0.2,0.2,0.0,True
1,0.1,asset_lower:Asset_010,>=,0.0,0.0,0.0,0.0,True
1,0.1,asset_upper:Asset_010,<=,0.0,0.2,0.2,0.0,True
1,0.1,asset_lower:Asset_011,>=,0.0,0.0,0.0,0.0,True
1,0.1,asset_upper:Asset_011,<=,0.0,0.2,0.2,0.0,True
1,0.1,asset_lower:Asset_012,>=,0.0,0.0,0.0,0.0,True
1,0.1,asset_upper:Asset_012,<=,0.0,0.2,0.2,0.0,True
1,0.1,asset_lower:Asset_013,>=,0.0,0.0,0.0,0.0,True
1,0.1,asset_upper:Asset_013,<=,0.0,0.2,0.2,0.0,True
1,0.1,asset_lower:Asset_014,>=,0.0,0.0,0.0,0.0,True
1,0.1,asset_upper:Asset_014,<=,0.0,0.2,0.2,0.0,True
1,0.1,asset_lower:Asset_015,>=,0.0500000000510816,0.0,0.0500000000510816,0.0,True
1,0.1,asset_upper:Asset_015,<=,0.0500000000510816,0.2,0.1499999999489184,0.0,True
1,0.1,asset_lower:Asset_016,>=,0.0,0.0,0.0,0.0,True
1,0.1,asset_upper:Asset_016,<=,0.0,0.2,0.2,0.0,True
1,0.1,asset_lower:Asset_017,>=,0.09999999998556351,0.0,0.09999999998556351,0.0,True
1,0.1,asset_upper:Asset_017,<=,0.09999999998556351,0.2,0.1000000000144365,0.0,True
1,0.1,asset_lower:Asset_018,>=,0.0,0.0,0.0,0.0,True
1,0.1,asset_upper:Asset_018,<=,0.0,0.2,0.2,0.0,True
1,0.1,asset_lower:Asset_019,>=,0.0,0.0,0.0,0.0,True
1,0.1,asset_upper:Asset_019,<=,0.0,0.2,0.2,0.0,True
1,0.1,asset_lower:Asset_020,>=,0.0,0.0,0.0,0.0,True
1,0.1,asset_upper:Asset_020,<=,0.0,0.2,0.2,0.0,True
1,0.1,asset_lower:Asset_021,>=,0.0,0.0,0.0,0.0,True
1,0.1,asset_upper:Asset_021,<=,0.0,0.2,0.2,0.0,True
1,0.1,asset_lower:Asset_022,>=,0.0,0.0,0.0,0.0,True
1,0.1,asset_upper:Asset_022,<=,0.0,0.2,0.2,0.0,True
1,0.1,asset_lower:Asset_023,>=,0.0,0.0,0.0,0.0,True
1,0.1,asset_upper:Asset_023,<=,0.0,0.2,0.2,0.0,True
1,0.1,asset_lower:Asset_024,>=,0.0,0.0,0.0,0.0,True
1,0.1,asset_upper:Asset_024,<=,0.0,0.2,0.2,0.0,True
1,0.1,asset_lower:Asset_025,>=,0.00999999999776001,0.0,0.00999999999776001,0.0,True
1,0.1,asset_upper:Asset_025,<=,0.00999999999776001,0.2,0.19000000000224,0.0,True
1,0.1,asset_lower:Asset_026,>=,0.0,0.0,0.0,0.0,True
1,0.1,asset_upper:Asset_026,<=,0.0,0.2,0.2,0.0,True
1,0.1,asset_lower:Asset_027,>=,0.0,0.0,0.0,0.0,True
1,0.1,asset_upper:Asset_027,<=,0.0,0.2,0.2,0.0,True
1,0.1,asset_lower:Asset_028,>=,0.0,0.0,0.0,0.0,True
1,0.1,asset_upper:Asset_028,<=,0.0,0.2,0.2,0.0,True
1,0.1,asset_lower:Asset_029,>=,0.0,0.0,0.0,0.0,True
1,0.1,asset_upper:Asset_029,<=,0.0,0.2,0.2,0.0,True
1,0.1,asset_lower:Asset_030,>=,0.0,0.0,0.0,0.0,True
1,0.1,asset_upper:Asset_030,<=,0.0,0.2,0.2,0.0,True
1,0.1,asset_lower:Asset_031,>=,0.0,0.0,0.0,0.0,True
1,0.1,asset_upper:Asset_031,<=,0.0,0.2,0.2,0.0,True
1,0.1,asset_lower:Asset_032,>=,0.0,0.0,0.0,0.0,True
1,0.1,asset_upper:Asset_032,<=,0.0,0.2,0.2,0.0,True
1,0.1,asset_lower:Asset_033,>=,0.0,0.0,0.0,0.0,True
1,0.1,asset_upper:Asset_033,<=,0.0,0.2,0.2,0.0,True
1,0.1,asset_lower:Asset_034,>=,0.0,0.0,0.0,0.0,True
1,0.1,asset_upper:Asset_034,<=,0.0,0.2,0.2,0.0,True
1,0.1,asset_lower:Asset_035,>=,0.0,0.0,0.0,0.0,True
1,0.1,asset_upper:Asset_035,<=,0.0,0.2,0.2,0.0,True
1,0.1,asset_lower:Asset_036,>=,0.0,0.0,0.0,0.0,True
1,0.1,asset_upper:Asset_036,<=,0.0,0.2,0.2,0.0,True
1,0.1,asset_lower:Asset_037,>=,0.0,0.0,0.0,0.0,True
1,0.1,asset_upper:Asset_037,<=,0.0,0.2,0.2,0.0,True
1,0.1,asset_lower:Asset_038,>=,0.0499999999985317,0.0,0.0499999999985317,0.0,True
1,0.1,asset_upper:Asset_038,<=,0.0499999999985317,0.2,0.15000000000146832,0.0,True
1,0.1,asset_lower:Asset_039,>=,0.0,0.0,0.0,0.0,True
1,0.1,asset_upper:Asset_039,<=,0.0,0.2,0.2,0.0,True
1,0.1,asset_lower:Asset_040,>=,0.0,0.0,0.0,0.0,True
1,0.1,asset_upper:Asset_040,<=,0.0,0.2,0.2,0.0,True
1,0.1,asset_lower:Asset_041,>=,0.0,0.0,0.0,0.0,True
1,0.1,asset_upper:Asset_041,<=,0.0,0.2,0.2,0.0,True
1,0.1,asset_lower:Asset_042,>=,0.0,0.0,0.0,0.0,True
1,0.1,asset_upper:Asset_042,<=,0.0,0.2,0.2,0.0,True
1,0.1,asset_lower:Asset_043,>=,0.0,0.0,0.0,0.0,True
1,0.1,asset_upper:Asset_043,<=,0.0,0.2,0.2,0.0,True
1,0.1,asset_lower:Asset_044,>=,0.0,0.0,0.0,0.0,True
1,0.1,asset_upper:Asset_044,<=,0.0,0.2,0.2,0.0,True
1,0.1,asset_lower:Asset_045,>=,0.0,0.0,0.0,0.0,True
1,0.1,asset_upper:Asset_045,<=,0.0,0.2,0.2,0.0,True
1,0.1,asset_lower:Asset_046,>=,0.0,0.0,0.0,0.0,True
1,0.1,asset_upper:Asset_046,<=,0.0,0.2,0.2,0.0,True
1,0.1,asset_lower:Asset_047,>=,0.0,0.0,0.0,0.0,True
1,0.1,asset_upper:Asset_047,<=,0.0,0.2,0.2,0.0,True
1,0.1,asset_lower:Asset_048,>=,0.0,0.0,0.0,0.0,True
1,0.1,asset_upper:Asset_048,<=,0.0,0.2,0.2,0.0,True
1,0.1,asset_lower:Asset_049,>=,0.03374635340082781,0.0,0.03374635340082781,0.0,True
1,0.1,asset_upper:Asset_049,<=,0.03374635340082781,0.2,0.1662536465991722,0.0,True
1,0.1,asset_lower:Asset_050,>=,0.0,0.0,0.0,0.0,True
1,0.1,asset_upper:Asset_050,<=,0.0,0.2,0.2,0.0,True
1,0.1,asset_lower:Asset_051,>=,0.0,0.0,0.0,0.0,True
1,0.1,asset_upper:Asset_051,<=,0.0,0.2,0.2,0.0,True
1,0.1,asset_lower:Asset_052,>=,0.0,0.0,0.0,0.0,True
1,0.1,asset_upper:Asset_052,<=,0.0,0.2,0.2,0.0,True
1,0.1,asset_lower:Asset_053,>=,0.0,0.0,0.0,0.0,True
1,0.1,asset_upper:Asset_053,<=,0.0,0.2,0.2,0.0,True
1,0.1,asset_lower:Asset_054,>=,0.09999999998961204,0.0,0.09999999998961204,0.0,True
1,0.1,asset_upper:Asset_054,<=,0.09999999998961204,0.2,0.10000000001038797,0.0,True
1,0.1,asset_lower:Asset_055,>=,0.049999969992563245,0.0,0.049999969992563245,0.0,True
1,0.1,asset_upper:Asset_055,<=,0.049999969992563245,0.2,0.15000003000743678,0.0,True
1,0.1,asset_lower:Asset_056,>=,0.0,0.0,0.0,0.0,True
1,0.1,asset_upper:Asset_056,<=,0.0,0.2,0.2,0.0,True
1,0.1,asset_lower:Asset_057,>=,0.0,0.0,0.0,0.0,True
1,0.1,asset_upper:Asset_057,<=,0.0,0.2,0.2,0.0,True
1,0.1,asset_lower:Asset_058,>=,0.0,0.0,0.0,0.0,True
1,0.1,asset_upper:Asset_058,<=,0.0,0.2,0.2,0.0,True
1,0.1,asset_lower:Asset_059,>=,0.0,0.0,0.0,0.0,True
1,0.1,asset_upper:Asset_059,<=,0.0,0.2,0.2,0.0,True
1,0.1,asset_lower:Asset_060,>=,0.0,0.0,0.0,0.0,True
1,0.1,asset_upper:Asset_060,<=,0.0,0.2,0.2,0.0,True
1,0.1,asset_lower:Asset_061,>=,0.0,0.0,0.0,0.0,True
1,0.1,asset_upper:Asset_061,<=,0.0,0.2,0.2,0.0,True
1,0.1,asset_lower:Asset_062,>=,0.09999999984033918,0.0,0.09999999984033918,0.0,True
1,0.1,asset_upper:Asset_062,<=,0.09999999984033918,0.2,0.10000000015966083,0.0,True
1,0.1,asset_lower:Asset_063,>=,0.0,0.0,0.0,0.0,True
1,0.1,asset_upper:Asset_063,<=,0.0,0.2,0.2,0.0,True
1,0.1,asset_lower:Asset_064,>=,0.049999999968323286,0.0,0.049999999968323286,0.0,True
1,0.1,asset_upper:Asset_064,<=,0.049999999968323286,0.2,0.15000000003167674,0.0,True
1,0.1,asset_lower:Asset_065,>=,0.0,0.0,0.0,0.0,True
1,0.1,asset_upper:Asset_065,<=,0.0,0.2,0.2,0.0,True
1,0.1,asset_lower:Asset_066,>=,0.0,0.0,0.0,0.0,True
1,0.1,asset_upper:Asset_066,<=,0.0,0.2,0.2,0.0,True
1,0.1,asset_lower:Asset_067,>=,0.0,0.0,0.0,0.0,True
1,0.1,asset_upper:Asset_067,<=,0.0,0.2,0.2,0.0,True
1,0.1,asset_lower:Asset_068,>=,0.0,0.0,0.0,0.0,True
1,0.1,asset_upper:Asset_068,<=,0.0,0.2,0.2,0.0,True
1,0.1,asset_lower:Asset_069,>=,0.0,0.0,0.0,0.0,True
1,0.1,asset_upper:Asset_069,<=,0.0,0.2,0.2,0.0,True
1,0.1,asset_lower:Asset_070,>=,0.0,0.0,0.0,0.0,True
1,0.1,asset_upper:Asset_070,<=,0.0,0.2,0.2,0.0,True
1,0.1,asset_lower:Asset_071,>=,0.0,0.0,0.0,0.0,True
1,0.1,asset_upper:Asset_071,<=,0.0,0.2,0.2,0.0,True
1,0.1,asset_lower:Asset_072,>=,0.0,0.0,0.0,0.0,True
1,0.1,asset_upper:Asset_072,<=,0.0,0.2,0.2,0.0,True
1,0.1,asset_lower:Asset_073,>=,0.04999999999318989,0.0,0.04999999999318989,0.0,True
1,0.1,asset_upper:Asset_073,<=,0.04999999999318989,0.2,0.15000000000681013,0.0,True
1,0.1,asset_lower:Asset_074,>=,0.0,0.0,0.0,0.0,True
1,0.1,asset_upper:Asset_074,<=,0.0,0.2,0.2,0.0,True
1,0.1,asset_lower:Asset_075,>=,0.04906824711553489,0.0,0.04906824711553489,0.0,True
1,0.1,asset_upper:Asset_075,<=,0.04906824711553489,0.2,0.15093175288446511,0.0,True
1,0.1,asset_lower:Asset_076,>=,0.0,0.0,0.0,0.0,True
1,0.1,asset_upper:Asset_076,<=,0.0,0.2,0.2,0.0,True
1,0.1,asset_lower:Asset_077,>=,0.0,0.0,0.0,0.0,True
1,0.1,asset_upper:Asset_077,<=,0.0,0.2,0.2,0.0,True
1,0.1,asset_lower:Asset_078,>=,0.0,0.0,0.0,0.0,True
1,0.1,asset_upper:Asset_078,<=,0.0,0.2,0.2,0.0,True
1,0.1,asset_lower:Asset_079,>=,0.0,0.0,0.0,0.0,True
1,0.1,asset_upper:Asset_079,<=,0.0,0.2,0.2,0.0,True
1,0.1,asset_lower:Asset_080,>=,0.0,0.0,0.0,0.0,True
1,0.1,asset_upper:Asset_080,<=,0.0,0.2,0.2,0.0,True
1,0.1,asset_lower:Asset_081,>=,0.0499999992104505,0.0,0.0499999992104505,0.0,True
1,0.1,asset_upper:Asset_081,<=,0.0499999992104505,0.2,0.1500000007895495,0.0,True
1,0.1,asset_lower:Asset_082,>=,0.0,0.0,0.0,0.0,True
1,0.1,asset_upper:Asset_082,<=,0.0,0.2,0.2,0.0,True
1,0.1,asset_lower:Asset_083,>=,0.09999999998282946,0.0,0.09999999998282946,0.0,True
1,0.1,asset_upper:Asset_083,<=,0.09999999998282946,0.2,0.10000000001717055,0.0,True
1,0.1,asset_lower:Asset_084,>=,0.0,0.0,0.0,0.0,True
1,0.1,asset_upper:Asset_084,<=,0.0,0.2,0.2,0.0,True
1,0.1,asset_lower:Asset_085,>=,0.0,0.0,0.0,0.0,True
1,0.1,asset_upper:Asset_085,<=,0.0,0.2,0.2,0.0,True
1,0.1,asset_lower:Asset_086,>=,0.0,0.0,0.0,0.0,True
1,0.1,asset_upper:Asset_086,<=,0.0,0.2,0.2,0.0,True
1,0.1,asset_lower:Asset_087,>=,0.0,0.0,0.0,0.0,True
1,0.1,asset_upper:Asset_087,<=,0.0,0.2,0.2,0.0,True
1,0.1,asset_lower:Asset_088,>=,0.0,0.0,0.0,0.0,True
1,0.1,asset_upper:Asset_088,<=,0.0,0.2,0.2,0.0,True
1,0.1,asset_lower:Asset_089,>=,0.0,0.0,0.0,0.0,True
1,0.1,asset_upper:Asset_089,<=,0.0,0.2,0.2,0.0,True
1,0.1,asset_lower:Asset_090,>=,0.0,0.0,0.0,0.0,True
1,0.1,asset_upper:Asset_090,<=,0.0,0.2,0.2,0.0,True
1,0.1,asset_lower:Asset_091,>=,0.02718543044205325,0.0,0.02718543044205325,0.0,True
1,0.1,asset_upper:Asset_091,<=,0.02718543044205325,0.2,0.17281456955794677,0.0,True
1,0.1,asset_lower:Asset_092,>=,0.00999999999475693,0.0,0.00999999999475693,0.0,True
1,0.1,asset_upper:Asset_092,<=,0.00999999999475693,0.2,0.19000000000524309,0.0,True
1,0.1,asset_lower:Asset_093,>=,0.04999999997668987,0.0,0.04999999997668987,0.0,True
1,0.1,asset_upper:Asset_093,<=,0.04999999997668987,0.2,0.15000000002331015,0.0,True
1,0.1,asset_lower:Asset_094,>=,0.0,0.0,0.0,0.0,True
1,0.1,asset_upper:Asset_094,<=,0.0,0.2,0.2,0.0,True
1,0.1,asset_lower:Asset_095,>=,0.0,0.0,0.0,0.0,True
1,0.1,asset_upper:Asset_095,<=,0.0,0.2,0.2,0.0,True
1,0.1,asset_lower:Asset_096,>=,0.009999999995704969,0.0,0.009999999995704969,0.0,True
1,0.1,asset_upper:Asset_096,<=,0.009999999995704969,0.2,0.19000000000429504,0.0,True
1,0.1,asset_lower:Asset_097,>=,0.05000000006963918,0.0,0.05000000006963918,0.0,True
1,0.1,asset_upper:Asset_097,<=,0.05000000006963918,0.2,0.14999999993036084,0.0,True
1,0.1,asset_lower:Asset_098,>=,0.0,0.0,0.0,0.0,True
1,0.1,asset_upper:Asset_098,<=,0.0,0.2,0.2,0.0,True
1,0.1,asset_lower:Asset_099,>=,0.0,0.0,0.0,0.0,True
1,0.1,asset_upper:Asset_099,<=,0.0,0.2,0.2,0.0,True
1,0.1,group_lower:Group_0,>=,0.1271854004856981,0.10000000000000002,0.027185400485698077,0.0,True
1,0.1,group_upper:Group_0,<=,0.1271854004856981,0.25,0.1228145995143019,0.0,True
1,0.1,group_lower:Group_1,>=,0.11999999983081885,0.10000000000000002,0.019999999830818835,0.0,True
1,0.1,group_upper:Group_1,<=,0.11999999983081885,0.25,0.13000000016918115,0.0,True
1,0.1,group_lower:Group_2,>=,0.2000000000577829,0.10000000000000002,0.10000000005778288,0.0,True
1,0.1,group_upper:Group_2,<=,0.2000000000577829,0.25,0.0499999999422171,0.0,True
1,0.1,group_lower:Group_3,>=,0.14906824629430868,0.10000000000000002,0.04906824629430866,0.0,True
1,0.1,group_upper:Group_3,<=,0.14906824629430868,0.25,0.10093175370569132,0.0,True
1,0.1,group_lower:Group_4,>=,0.0837463533940177,0.05,0.0337463533940177,0.0,True
1,0.1,group_upper:Group_4,<=,0.0837463533940177,0.2,0.11625364660598231,0.0,True
1,0.1,group_lower:Group_5,>=,0.14999999998465677,0.05,0.09999999998465676,0.0,True
1,0.1,group_upper:Group_5,<=,0.14999999998465677,0.2,0.05000000001534324,0.0,True
1,0.1,group_lower:Group_6,>=,0.10999999998126848,0.05,0.05999999998126848,0.0,True
1,0.1,group_upper:Group_6,<=,0.10999999998126848,0.2,0.09000000001873153,0.0,True
1,0.1,group_lower:Group_7,>=,0.0599999999714468,0.05,0.0099999999714468,0.0,True
1,0.1,group_upper:Group_7,<=,0.0599999999714468,0.2,0.1400000000285532,0.0,True
1,0.1,max_turnover,<=,0.3999999998417863,0.4,1.5821371990298871e-10,0.0,True
1,0.1,exact_cardinality,=,20.0,20.0,-0.0,0.0,True
1,0.1,minimum_active_weight:Asset_006,>=,0.009999999992719668,0.01,-7.28033258678984e-12,7.28033258678984e-12,True
1,0.1,minimum_active_weight:Asset_008,>=,0.05000000000182731,0.01,0.04000000000182731,0.0,True
1,0.1,minimum_active_weight:Asset_015,>=,0.0500000000510816,0.01,0.0400000000510816,0.0,True
1,0.1,minimum_active_weight:Asset_017,>=,0.09999999998556351,0.01,0.08999999998556352,0.0,True
1,0.1,minimum_active_weight:Asset_025,>=,0.00999999999776001,0.01,-2.2399894439306678e-12,2.2399894439306678e-12,True
1,0.1,minimum_active_weight:Asset_038,>=,0.0499999999985317,0.01,0.039999999998531696,0.0,True
1,0.1,minimum_active_weight:Asset_049,>=,0.03374635340082781,0.01,0.023746353400827806,0.0,True
1,0.1,minimum_active_weight:Asset_054,>=,0.09999999998961204,0.01,0.08999999998961204,0.0,True
1,0.1,minimum_active_weight:Asset_055,>=,0.049999969992563245,0.01,0.03999996999256324,0.0,True
1,0.1,minimum_active_weight:Asset_062,>=,0.09999999984033918,0.01,0.08999999984033918,0.0,True
1,0.1,minimum_active_weight:Asset_064,>=,0.049999999968323286,0.01,0.039999999968323284,0.0,True
1,0.1,minimum_active_weight:Asset_073,>=,0.04999999999318989,0.01,0.039999999993189886,0.0,True
1,0.1,minimum_active_weight:Asset_075,>=,0.04906824711553489,0.01,0.03906824711553489,0.0,True
1,0.1,minimum_active_weight:Asset_081,>=,0.0499999992104505,0.01,0.0399999992104505,0.0,True
1,0.1,minimum_active_weight:Asset_083,>=,0.09999999998282946,0.01,0.08999999998282947,0.0,True
1,0.1,minimum_active_weight:Asset_091,>=,0.02718543044205325,0.01,0.01718543044205325,0.0,True
1,0.1,minimum_active_weight:Asset_092,>=,0.00999999999475693,0.01,-5.243069867155725e-12,5.243069867155725e-12,True
1,0.1,minimum_active_weight:Asset_093,>=,0.04999999997668987,0.01,0.03999999997668987,0.0,True
1,0.1,minimum_active_weight:Asset_096,>=,0.009999999995704969,0.01,-4.295031344470068e-12,4.295031344470068e-12,True
1,0.1,minimum_active_weight:Asset_097,>=,0.05000000006963918,0.01,0.04000000006963918,0.0,True
1,0.1,implementation_upper:Asset_000,<=,0.0,0.1,0.1,0.0,True
1,0.1,implementation_upper:Asset_001,<=,0.0,0.1,0.1,0.0,True
1,0.1,implementation_upper:Asset_002,<=,0.0,0.1,0.1,0.0,True
1,0.1,implementation_upper:Asset_003,<=,0.0,0.1,0.1,0.0,True
1,0.1,implementation_upper:Asset_004,<=,0.0,0.1,0.1,0.0,True
1,0.1,implementation_upper:Asset_005,<=,0.0,0.1,0.1,0.0,True
1,0.1,implementation_upper:Asset_006,<=,0.009999999992719668,0.1,0.09000000000728034,0.0,True
1,0.1,implementation_upper:Asset_007,<=,0.0,0.1,0.1,0.0,True
1,0.1,implementation_upper:Asset_008,<=,0.05000000000182731,0.1,0.049999999998172694,0.0,True
1,0.1,implementation_upper:Asset_009,<=,0.0,0.1,0.1,0.0,True
1,0.1,implementation_upper:Asset_010,<=,0.0,0.1,0.1,0.0,True
1,0.1,implementation_upper:Asset_011,<=,0.0,0.1,0.1,0.0,True
1,0.1,implementation_upper:Asset_012,<=,0.0,0.1,0.1,0.0,True
1,0.1,implementation_upper:Asset_013,<=,0.0,0.1,0.1,0.0,True
1,0.1,implementation_upper:Asset_014,<=,0.0,0.1,0.1,0.0,True
1,0.1,implementation_upper:Asset_015,<=,0.0500000000510816,0.1,0.049999999948918405,0.0,True
1,0.1,implementation_upper:Asset_016,<=,0.0,0.1,0.1,0.0,True
1,0.1,implementation_upper:Asset_017,<=,0.09999999998556351,0.1,1.4436493667169259e-11,0.0,True
1,0.1,implementation_upper:Asset_018,<=,0.0,0.1,0.1,0.0,True
1,0.1,implementation_upper:Asset_019,<=,0.0,0.1,0.1,0.0,True
1,0.1,implementation_upper:Asset_020,<=,0.0,0.1,0.1,0.0,True
1,0.1,implementation_upper:Asset_021,<=,0.0,0.1,0.1,0.0,True
1,0.1,implementation_upper:Asset_022,<=,0.0,0.1,0.1,0.0,True
1,0.1,implementation_upper:Asset_023,<=,0.0,0.1,0.1,0.0,True
1,0.1,implementation_upper:Asset_024,<=,0.0,0.1,0.1,0.0,True
1,0.1,implementation_upper:Asset_025,<=,0.00999999999776001,0.1,0.09000000000224,0.0,True
1,0.1,implementation_upper:Asset_026,<=,0.0,0.1,0.1,0.0,True
1,0.1,implementation_upper:Asset_027,<=,0.0,0.1,0.1,0.0,True
1,0.1,implementation_upper:Asset_028,<=,0.0,0.1,0.1,0.0,True
1,0.1,implementation_upper:Asset_029,<=,0.0,0.1,0.1,0.0,True
1,0.1,implementation_upper:Asset_030,<=,0.0,0.1,0.1,0.0,True
1,0.1,implementation_upper:Asset_031,<=,0.0,0.1,0.1,0.0,True
1,0.1,implementation_upper:Asset_032,<=,0.0,0.1,0.1,0.0,True
1,0.1,implementation_upper:Asset_033,<=,0.0,0.1,0.1,0.0,True
1,0.1,implementation_upper:Asset_034,<=,0.0,0.1,0.1,0.0,True
1,0.1,implementation_upper:Asset_035,<=,0.0,0.1,0.1,0.0,True
1,0.1,implementation_upper:Asset_036,<=,0.0,0.1,0.1,0.0,True
1,0.1,implementation_upper:Asset_037,<=,0.0,0.1,0.1,0.0,True
1,0.1,implementation_upper:Asset_038,<=,0.0499999999985317,0.1,0.05000000000146831,0.0,True
1,0.1,implementation_upper:Asset_039,<=,0.0,0.1,0.1,0.0,True
1,0.1,implementation_upper:Asset_040,<=,0.0,0.1,0.1,0.0,True
1,0.1,implementation_upper:Asset_041,<=,0.0,0.1,0.1,0.0,True
1,0.1,implementation_upper:Asset_042,<=,0.0,0.1,0.1,0.0,True
1,0.1,implementation_upper:Asset_043,<=,0.0,0.1,0.1,0.0,True
1,0.1,implementation_upper:Asset_044,<=,0.0,0.1,0.1,0.0,True
1,0.1,implementation_upper:Asset_045,<=,0.0,0.1,0.1,0.0,True
1,0.1,implementation_upper:Asset_046,<=,0.0,0.1,0.1,0.0,True
1,0.1,implementation_upper:Asset_047,<=,0.0,0.1,0.1,0.0,True
1,0.1,implementation_upper:Asset_048,<=,0.0,0.1,0.1,0.0,True
1,0.1,implementation_upper:Asset_049,<=,0.03374635340082781,0.1,0.0662536465991722,0.0,True
1,0.1,implementation_upper:Asset_050,<=,0.0,0.1,0.1,0.0,True
1,0.1,implementation_upper:Asset_051,<=,0.0,0.1,0.1,0.0,True
1,0.1,implementation_upper:Asset_052,<=,0.0,0.1,0.1,0.0,True
1,0.1,implementation_upper:Asset_053,<=,0.0,0.1,0.1,0.0,True
1,0.1,implementation_upper:Asset_054,<=,0.09999999998961204,0.1,1.0387968263358971e-11,0.0,True
1,0.1,implementation_upper:Asset_055,<=,0.049999969992563245,0.1,0.05000003000743676,0.0,True
1,0.1,implementation_upper:Asset_056,<=,0.0,0.1,0.1,0.0,True
1,0.1,implementation_upper:Asset_057,<=,0.0,0.1,0.1,0.0,True
1,0.1,implementation_upper:Asset_058,<=,0.0,0.1,0.1,0.0,True
1,0.1,implementation_upper:Asset_059,<=,0.0,0.1,0.1,0.0,True
1,0.1,implementation_upper:Asset_060,<=,0.0,0.1,0.1,0.0,True
1,0.1,implementation_upper:Asset_061,<=,0.0,0.1,0.1,0.0,True
1,0.1,implementation_upper:Asset_062,<=,0.09999999984033918,0.1,1.5966082622664857e-10,0.0,True
1,0.1,implementation_upper:Asset_063,<=,0.0,0.1,0.1,0.0,True
1,0.1,implementation_upper:Asset_064,<=,0.049999999968323286,0.1,0.05000000003167672,0.0,True
1,0.1,implementation_upper:Asset_065,<=,0.0,0.1,0.1,0.0,True
1,0.1,implementation_upper:Asset_066,<=,0.0,0.1,0.1,0.0,True
1,0.1,implementation_upper:Asset_067,<=,0.0,0.1,0.1,0.0,True
1,0.1,implementation_upper:Asset_068,<=,0.0,0.1,0.1,0.0,True
1,0.1,implementation_upper:Asset_069,<=,0.0,0.1,0.1,0.0,True
1,0.1,implementation_upper:Asset_070,<=,0.0,0.1,0.1,0.0,True
1,0.1,implementation_upper:Asset_071,<=,0.0,0.1,0.1,0.0,True
1,0.1,implementation_upper:Asset_072,<=,0.0,0.1,0.1,0.0,True
1,0.1,implementation_upper:Asset_073,<=,0.04999999999318989,0.1,0.05000000000681012,0.0,True
1,0.1,implementation_upper:Asset_074,<=,0.0,0.1,0.1,0.0,True
1,0.1,implementation_upper:Asset_075,<=,0.04906824711553489,0.1,0.050931752884465116,0.0,True
1,0.1,implementation_upper:Asset_076,<=,0.0,0.1,0.1,0.0,True
1,0.1,implementation_upper:Asset_077,<=,0.0,0.1,0.1,0.0,True
1,0.1,implementation_upper:Asset_078,<=,0.0,0.1,0.1,0.0,True
1,0.1,implementation_upper:Asset_079,<=,0.0,0.1,0.1,0.0,True
1,0.1,implementation_upper:Asset_080,<=,0.0,0.1,0.1,0.0,True
1,0.1,implementation_upper:Asset_081,<=,0.0499999992104505,0.1,0.050000000789549505,0.0,True
1,0.1,implementation_upper:Asset_082,<=,0.0,0.1,0.1,0.0,True
1,0.1,implementation_upper:Asset_083,<=,0.09999999998282946,0.1,1.7170542765398977e-11,0.0,True
1,0.1,implementation_upper:Asset_084,<=,0.0,0.1,0.1,0.0,True
1,0.1,implementation_upper:Asset_085,<=,0.0,0.1,0.1,0.0,True
1,0.1,implementation_upper:Asset_086,<=,0.0,0.1,0.1,0.0,True
1,0.1,implementation_upper:Asset_087,<=,0.0,0.1,0.1,0.0,True
1,0.1,implementation_upper:Asset_088,<=,0.0,0.1,0.1,0.0,True
1,0.1,implementation_upper:Asset_089,<=,0.0,0.1,0.1,0.0,True
1,0.1,implementation_upper:Asset_090,<=,0.0,0.1,0.1,0.0,True
1,0.1,implementation_upper:Asset_091,<=,0.02718543044205325,0.1,0.07281456955794675,0.0,True
1,0.1,implementation_upper:Asset_092,<=,0.00999999999475693,0.1,0.09000000000524308,0.0,True
1,0.1,implementation_upper:Asset_093,<=,0.04999999997668987,0.1,0.050000000023310134,0.0,True
1,0.1,implementation_upper:Asset_094,<=,0.0,0.1,0.1,0.0,True
1,0.1,implementation_upper:Asset_095,<=,0.0,0.1,0.1,0.0,True
1,0.1,implementation_upper:Asset_096,<=,0.009999999995704969,0.1,0.09000000000429503,0.0,True
1,0.1,implementation_upper:Asset_097,<=,0.05000000006963918,0.1,0.049999999930360826,0.0,True
1,0.1,implementation_upper:Asset_098,<=,0.0,0.1,0.1,0.0,True
1,0.1,implementation_upper:Asset_099,<=,0.0,0.1,0.1,0.0,True
1,0.25,budget,=,1.0000000000000009,1.0,-8.881784197001252e-16,8.881784197001252e-16,True
1,0.25,asset_lower:Asset_000,>=,0.0,0.0,0.0,0.0,True
1,0.25,asset_upper:Asset_000,<=,0.0,0.2,0.2,0.0,True
1,0.25,asset_lower:Asset_001,>=,0.0,0.0,0.0,0.0,True
1,0.25,asset_upper:Asset_001,<=,0.0,0.2,0.2,0.0,True
1,0.25,asset_lower:Asset_002,>=,0.0,0.0,0.0,0.0,True
1,0.25,asset_upper:Asset_002,<=,0.0,0.2,0.2,0.0,True
1,0.25,asset_lower:Asset_003,>=,0.0,0.0,0.0,0.0,True
1,0.25,asset_upper:Asset_003,<=,0.0,0.2,0.2,0.0,True
1,0.25,asset_lower:Asset_004,>=,0.0,0.0,0.0,0.0,True
1,0.25,asset_upper:Asset_004,<=,0.0,0.2,0.2,0.0,True
1,0.25,asset_lower:Asset_005,>=,0.0,0.0,0.0,0.0,True
1,0.25,asset_upper:Asset_005,<=,0.0,0.2,0.2,0.0,True
1,0.25,asset_lower:Asset_006,>=,0.009999999999342087,0.0,0.009999999999342087,0.0,True
1,0.25,asset_upper:Asset_006,<=,0.009999999999342087,0.2,0.19000000000065792,0.0,True
1,0.25,asset_lower:Asset_007,>=,0.0,0.0,0.0,0.0,True
1,0.25,asset_upper:Asset_007,<=,0.0,0.2,0.2,0.0,True
1,0.25,asset_lower:Asset_008,>=,0.04999999999994527,0.0,0.04999999999994527,0.0,True
1,0.25,asset_upper:Asset_008,<=,0.04999999999994527,0.2,0.15000000000005476,0.0,True
1,0.25,asset_lower:Asset_009,>=,0.0,0.0,0.0,0.0,True
1,0.25,asset_upper:Asset_009,<=,0.0,0.2,0.2,0.0,True
1,0.25,asset_lower:Asset_010,>=,0.0,0.0,0.0,0.0,True
1,0.25,asset_upper:Asset_010,<=,0.0,0.2,0.2,0.0,True
1,0.25,asset_lower:Asset_011,>=,0.0,0.0,0.0,0.0,True
1,0.25,asset_upper:Asset_011,<=,0.0,0.2,0.2,0.0,True
1,0.25,asset_lower:Asset_012,>=,0.0,0.0,0.0,0.0,True
1,0.25,asset_upper:Asset_012,<=,0.0,0.2,0.2,0.0,True
1,0.25,asset_lower:Asset_013,>=,0.0,0.0,0.0,0.0,True
1,0.25,asset_upper:Asset_013,<=,0.0,0.2,0.2,0.0,True
1,0.25,asset_lower:Asset_014,>=,0.0,0.0,0.0,0.0,True
1,0.25,asset_upper:Asset_014,<=,0.0,0.2,0.2,0.0,True
1,0.25,asset_lower:Asset_015,>=,0.05000000000769253,0.0,0.05000000000769253,0.0,True
1,0.25,asset_upper:Asset_015,<=,0.05000000000769253,0.2,0.14999999999230748,0.0,True
1,0.25,asset_lower:Asset_016,>=,0.0,0.0,0.0,0.0,True
1,0.25,asset_upper:Asset_016,<=,0.0,0.2,0.2,0.0,True
1,0.25,asset_lower:Asset_017,>=,0.09999999999602986,0.0,0.09999999999602986,0.0,True
1,0.25,asset_upper:Asset_017,<=,0.09999999999602986,0.2,0.10000000000397015,0.0,True
1,0.25,asset_lower:Asset_018,>=,0.0,0.0,0.0,0.0,True
1,0.25,asset_upper:Asset_018,<=,0.0,0.2,0.2,0.0,True
1,0.25,asset_lower:Asset_019,>=,0.0,0.0,0.0,0.0,True
1,0.25,asset_upper:Asset_019,<=,0.0,0.2,0.2,0.0,True
1,0.25,asset_lower:Asset_020,>=,0.0,0.0,0.0,0.0,True
1,0.25,asset_upper:Asset_020,<=,0.0,0.2,0.2,0.0,True
1,0.25,asset_lower:Asset_021,>=,0.0,0.0,0.0,0.0,True
1,0.25,asset_upper:Asset_021,<=,0.0,0.2,0.2,0.0,True
1,0.25,asset_lower:Asset_022,>=,0.0,0.0,0.0,0.0,True
1,0.25,asset_upper:Asset_022,<=,0.0,0.2,0.2,0.0,True
1,0.25,asset_lower:Asset_023,>=,0.0,0.0,0.0,0.0,True
1,0.25,asset_upper:Asset_023,<=,0.0,0.2,0.2,0.0,True
1,0.25,asset_lower:Asset_024,>=,0.0,0.0,0.0,0.0,True
1,0.25,asset_upper:Asset_024,<=,0.0,0.2,0.2,0.0,True
1,0.25,asset_lower:Asset_025,>=,0.009999999999846933,0.0,0.009999999999846933,0.0,True
1,0.25,asset_upper:Asset_025,<=,0.009999999999846933,0.2,0.19000000000015307,0.0,True
1,0.25,asset_lower:Asset_026,>=,0.0,0.0,0.0,0.0,True
1,0.25,asset_upper:Asset_026,<=,0.0,0.2,0.2,0.0,True
1,0.25,asset_lower:Asset_027,>=,0.0,0.0,0.0,0.0,True
1,0.25,asset_upper:Asset_027,<=,0.0,0.2,0.2,0.0,True
1,0.25,asset_lower:Asset_028,>=,0.0,0.0,0.0,0.0,True
1,0.25,asset_upper:Asset_028,<=,0.0,0.2,0.2,0.0,True
1,0.25,asset_lower:Asset_029,>=,0.0,0.0,0.0,0.0,True
1,0.25,asset_upper:Asset_029,<=,0.0,0.2,0.2,0.0,True
1,0.25,asset_lower:Asset_030,>=,0.0,0.0,0.0,0.0,True
1,0.25,asset_upper:Asset_030,<=,0.0,0.2,0.2,0.0,True
1,0.25,asset_lower:Asset_031,>=,0.0,0.0,0.0,0.0,True
1,0.25,asset_upper:Asset_031,<=,0.0,0.2,0.2,0.0,True
1,0.25,asset_lower:Asset_032,>=,0.0,0.0,0.0,0.0,True
1,0.25,asset_upper:Asset_032,<=,0.0,0.2,0.2,0.0,True
1,0.25,asset_lower:Asset_033,>=,0.0,0.0,0.0,0.0,True
1,0.25,asset_upper:Asset_033,<=,0.0,0.2,0.2,0.0,True
1,0.25,asset_lower:Asset_034,>=,0.0,0.0,0.0,0.0,True
1,0.25,asset_upper:Asset_034,<=,0.0,0.2,0.2,0.0,True
1,0.25,asset_lower:Asset_035,>=,0.0,0.0,0.0,0.0,True
1,0.25,asset_upper:Asset_035,<=,0.0,0.2,0.2,0.0,True
1,0.25,asset_lower:Asset_036,>=,0.0,0.0,0.0,0.0,True
1,0.25,asset_upper:Asset_036,<=,0.0,0.2,0.2,0.0,True
1,0.25,asset_lower:Asset_037,>=,0.0,0.0,0.0,0.0,True
1,0.25,asset_upper:Asset_037,<=,0.0,0.2,0.2,0.0,True
1,0.25,asset_lower:Asset_038,>=,0.0500000000008791,0.0,0.0500000000008791,0.0,True
1,0.25,asset_upper:Asset_038,<=,0.0500000000008791,0.2,0.14999999999912092,0.0,True
1,0.25,asset_lower:Asset_039,>=,0.0,0.0,0.0,0.0,True
1,0.25,asset_upper:Asset_039,<=,0.0,0.2,0.2,0.0,True
1,0.25,asset_lower:Asset_040,>=,0.0,0.0,0.0,0.0,True
1,0.25,asset_upper:Asset_040,<=,0.0,0.2,0.2,0.0,True
1,0.25,asset_lower:Asset_041,>=,0.0,0.0,0.0,0.0,True
1,0.25,asset_upper:Asset_041,<=,0.0,0.2,0.2,0.0,True
1,0.25,asset_lower:Asset_042,>=,0.0,0.0,0.0,0.0,True
1,0.25,asset_upper:Asset_042,<=,0.0,0.2,0.2,0.0,True
1,0.25,asset_lower:Asset_043,>=,0.0,0.0,0.0,0.0,True
1,0.25,asset_upper:Asset_043,<=,0.0,0.2,0.2,0.0,True
1,0.25,asset_lower:Asset_044,>=,0.0,0.0,0.0,0.0,True
1,0.25,asset_upper:Asset_044,<=,0.0,0.2,0.2,0.0,True
1,0.25,asset_lower:Asset_045,>=,0.0,0.0,0.0,0.0,True
1,0.25,asset_upper:Asset_045,<=,0.0,0.2,0.2,0.0,True
1,0.25,asset_lower:Asset_046,>=,0.0,0.0,0.0,0.0,True
1,0.25,asset_upper:Asset_046,<=,0.0,0.2,0.2,0.0,True
1,0.25,asset_lower:Asset_047,>=,0.0,0.0,0.0,0.0,True
1,0.25,asset_upper:Asset_047,<=,0.0,0.2,0.2,0.0,True
1,0.25,asset_lower:Asset_048,>=,0.0,0.0,0.0,0.0,True
1,0.25,asset_upper:Asset_048,<=,0.0,0.2,0.2,0.0,True
1,0.25,asset_lower:Asset_049,>=,0.021522433360837777,0.0,0.021522433360837777,0.0,True
1,0.25,asset_upper:Asset_049,<=,0.021522433360837777,0.2,0.17847756663916223,0.0,True
1,0.25,asset_lower:Asset_050,>=,0.0,0.0,0.0,0.0,True
1,0.25,asset_upper:Asset_050,<=,0.0,0.2,0.2,0.0,True
1,0.25,asset_lower:Asset_051,>=,0.0,0.0,0.0,0.0,True
1,0.25,asset_upper:Asset_051,<=,0.0,0.2,0.2,0.0,True
1,0.25,asset_lower:Asset_052,>=,0.0,0.0,0.0,0.0,True
1,0.25,asset_upper:Asset_052,<=,0.0,0.2,0.2,0.0,True
1,0.25,asset_lower:Asset_053,>=,0.0,0.0,0.0,0.0,True
1,0.25,asset_upper:Asset_053,<=,0.0,0.2,0.2,0.0,True
1,0.25,asset_lower:Asset_054,>=,0.09999999999937655,0.0,0.09999999999937655,0.0,True
1,0.25,asset_upper:Asset_054,<=,0.09999999999937655,0.2,0.10000000000062347,0.0,True
1,0.25,asset_lower:Asset_055,>=,0.049999999997289594,0.0,0.049999999997289594,0.0,True
1,0.25,asset_upper:Asset_055,<=,0.049999999997289594,0.2,0.1500000000027104,0.0,True
1,0.25,asset_lower:Asset_056,>=,0.0,0.0,0.0,0.0,True
1,0.25,asset_upper:Asset_056,<=,0.0,0.2,0.2,0.0,True
1,0.25,asset_lower:Asset_057,>=,0.0,0.0,0.0,0.0,True
1,0.25,asset_upper:Asset_057,<=,0.0,0.2,0.2,0.0,True
1,0.25,asset_lower:Asset_058,>=,0.0,0.0,0.0,0.0,True
1,0.25,asset_upper:Asset_058,<=,0.0,0.2,0.2,0.0,True
1,0.25,asset_lower:Asset_059,>=,0.0,0.0,0.0,0.0,True
1,0.25,asset_upper:Asset_059,<=,0.0,0.2,0.2,0.0,True
1,0.25,asset_lower:Asset_060,>=,0.0,0.0,0.0,0.0,True
1,0.25,asset_upper:Asset_060,<=,0.0,0.2,0.2,0.0,True
1,0.25,asset_lower:Asset_061,>=,0.0,0.0,0.0,0.0,True
1,0.25,asset_upper:Asset_061,<=,0.0,0.2,0.2,0.0,True
1,0.25,asset_lower:Asset_062,>=,0.09999999999637443,0.0,0.09999999999637443,0.0,True
1,0.25,asset_upper:Asset_062,<=,0.09999999999637443,0.2,0.10000000000362558,0.0,True
1,0.25,asset_lower:Asset_063,>=,0.0,0.0,0.0,0.0,True
1,0.25,asset_upper:Asset_063,<=,0.0,0.2,0.2,0.0,True
1,0.25,asset_lower:Asset_064,>=,0.04438613478651991,0.0,0.04438613478651991,0.0,True
1,0.25,asset_upper:Asset_064,<=,0.04438613478651991,0.2,0.15561386521348008,0.0,True
1,0.25,asset_lower:Asset_065,>=,0.0,0.0,0.0,0.0,True
1,0.25,asset_upper:Asset_065,<=,0.0,0.2,0.2,0.0,True
1,0.25,asset_lower:Asset_066,>=,0.0,0.0,0.0,0.0,True
1,0.25,asset_upper:Asset_066,<=,0.0,0.2,0.2,0.0,True
1,0.25,asset_lower:Asset_067,>=,0.0,0.0,0.0,0.0,True
1,0.25,asset_upper:Asset_067,<=,0.0,0.2,0.2,0.0,True
1,0.25,asset_lower:Asset_068,>=,0.0,0.0,0.0,0.0,True
1,0.25,asset_upper:Asset_068,<=,0.0,0.2,0.2,0.0,True
1,0.25,asset_lower:Asset_069,>=,0.0,0.0,0.0,0.0,True
1,0.25,asset_upper:Asset_069,<=,0.0,0.2,0.2,0.0,True
1,0.25,asset_lower:Asset_070,>=,0.0,0.0,0.0,0.0,True
1,0.25,asset_upper:Asset_070,<=,0.0,0.2,0.2,0.0,True
1,0.25,asset_lower:Asset_071,>=,0.0,0.0,0.0,0.0,True
1,0.25,asset_upper:Asset_071,<=,0.0,0.2,0.2,0.0,True
1,0.25,asset_lower:Asset_072,>=,0.0,0.0,0.0,0.0,True
1,0.25,asset_upper:Asset_072,<=,0.0,0.2,0.2,0.0,True
1,0.25,asset_lower:Asset_073,>=,0.049999999999820424,0.0,0.049999999999820424,0.0,True
1,0.25,asset_upper:Asset_073,<=,0.049999999999820424,0.2,0.1500000000001796,0.0,True
1,0.25,asset_lower:Asset_074,>=,0.0,0.0,0.0,0.0,True
1,0.25,asset_upper:Asset_074,<=,0.0,0.2,0.2,0.0,True
1,0.25,asset_lower:Asset_075,>=,0.04818113173925329,0.0,0.04818113173925329,0.0,True
1,0.25,asset_upper:Asset_075,<=,0.04818113173925329,0.2,0.15181886826074673,0.0,True
1,0.25,asset_lower:Asset_076,>=,0.0,0.0,0.0,0.0,True
1,0.25,asset_upper:Asset_076,<=,0.0,0.2,0.2,0.0,True
1,0.25,asset_lower:Asset_077,>=,0.0,0.0,0.0,0.0,True
1,0.25,asset_upper:Asset_077,<=,0.0,0.2,0.2,0.0,True
1,0.25,asset_lower:Asset_078,>=,0.0,0.0,0.0,0.0,True
1,0.25,asset_upper:Asset_078,<=,0.0,0.2,0.2,0.0,True
1,0.25,asset_lower:Asset_079,>=,0.0,0.0,0.0,0.0,True
1,0.25,asset_upper:Asset_079,<=,0.0,0.2,0.2,0.0,True
1,0.25,asset_lower:Asset_080,>=,0.0,0.0,0.0,0.0,True
1,0.25,asset_upper:Asset_080,<=,0.0,0.2,0.2,0.0,True
1,0.25,asset_lower:Asset_081,>=,0.04999999999569721,0.0,0.04999999999569721,0.0,True
1,0.25,asset_upper:Asset_081,<=,0.04999999999569721,0.2,0.1500000000043028,0.0,True
1,0.25,asset_lower:Asset_082,>=,0.0,0.0,0.0,0.0,True
1,0.25,asset_upper:Asset_082,<=,0.0,0.2,0.2,0.0,True
1,0.25,asset_lower:Asset_083,>=,0.09999999999197907,0.0,0.09999999999197907,0.0,True
1,0.25,asset_upper:Asset_083,<=,0.09999999999197907,0.2,0.10000000000802094,0.0,True
1,0.25,asset_lower:Asset_084,>=,0.0,0.0,0.0,0.0,True
1,0.25,asset_upper:Asset_084,<=,0.0,0.2,0.2,0.0,True
1,0.25,asset_lower:Asset_085,>=,0.0,0.0,0.0,0.0,True
1,0.25,asset_upper:Asset_085,<=,0.0,0.2,0.2,0.0,True
1,0.25,asset_lower:Asset_086,>=,0.0,0.0,0.0,0.0,True
1,0.25,asset_upper:Asset_086,<=,0.0,0.2,0.2,0.0,True
1,0.25,asset_lower:Asset_087,>=,0.0,0.0,0.0,0.0,True
1,0.25,asset_upper:Asset_087,<=,0.0,0.2,0.2,0.0,True
1,0.25,asset_lower:Asset_088,>=,0.0,0.0,0.0,0.0,True
1,0.25,asset_upper:Asset_088,<=,0.0,0.2,0.2,0.0,True
1,0.25,asset_lower:Asset_089,>=,0.0,0.0,0.0,0.0,True
1,0.25,asset_upper:Asset_089,<=,0.0,0.2,0.2,0.0,True
1,0.25,asset_lower:Asset_090,>=,0.0,0.0,0.0,0.0,True
1,0.25,asset_upper:Asset_090,<=,0.0,0.2,0.2,0.0,True
1,0.25,asset_lower:Asset_091,>=,0.045910300123878124,0.0,0.045910300123878124,0.0,True
1,0.25,asset_upper:Asset_091,<=,0.045910300123878124,0.2,0.1540896998761219,0.0,True
1,0.25,asset_lower:Asset_092,>=,0.00999999999943288,0.0,0.00999999999943288,0.0,True
1,0.25,asset_upper:Asset_092,<=,0.00999999999943288,0.2,0.19000000000056713,0.0,True
1,0.25,asset_lower:Asset_093,>=,0.04999999999824838,0.0,0.04999999999824838,0.0,True
1,0.25,asset_upper:Asset_093,<=,0.04999999999824838,0.2,0.15000000000175162,0.0,True
1,0.25,asset_lower:Asset_094,>=,0.0,0.0,0.0,0.0,True
1,0.25,asset_upper:Asset_094,<=,0.0,0.2,0.2,0.0,True
1,0.25,asset_lower:Asset_095,>=,0.0,0.0,0.0,0.0,True
1,0.25,asset_upper:Asset_095,<=,0.0,0.2,0.2,0.0,True
1,0.25,asset_lower:Asset_096,>=,0.00999999999957494,0.0,0.00999999999957494,0.0,True
1,0.25,asset_upper:Asset_096,<=,0.00999999999957494,0.2,0.19000000000042508,0.0,True
1,0.25,asset_lower:Asset_097,>=,0.05000000000798248,0.0,0.05000000000798248,0.0,True
1,0.25,asset_upper:Asset_097,<=,0.05000000000798248,0.2,0.14999999999201752,0.0,True
1,0.25,asset_lower:Asset_098,>=,0.0,0.0,0.0,0.0,True
1,0.25,asset_upper:Asset_098,<=,0.0,0.2,0.2,0.0,True
1,0.25,asset_lower:Asset_099,>=,0.0,0.0,0.0,0.0,True
1,0.25,asset_upper:Asset_099,<=,0.0,0.2,0.2,0.0,True
1,0.25,group_lower:Group_0,>=,0.14591030012886025,0.10000000000000002,0.04591030012886023,0.0,True
1,0.25,group_upper:Group_0,<=,0.14591030012886025,0.25,0.10408969987113975,0.0,True
1,0.25,group_lower:Group_1,>=,0.11999999999556346,0.10000000000000002,0.01999999999556344,0.0,True
1,0.25,group_upper:Group_1,<=,0.11999999999556346,0.25,0.13000000000443654,0.0,True
1,0.25,group_lower:Group_2,>=,0.20000000000823814,0.10000000000000002,0.10000000000823812,0.0,True
1,0.25,group_upper:Group_2,<=,0.20000000000823814,0.25,0.049999999991761856,0.0,True
1,0.25,group_lower:Group_3,>=,0.1425672665214704,0.10000000000000002,0.04256726652147037,0.0,True
1,0.25,group_upper:Group_3,<=,0.1425672665214704,0.25,0.10743273347852961,0.0,True
1,0.25,group_lower:Group_4,>=,0.0715224333606582,0.05,0.02152243336065819,0.0,True
1,0.25,group_upper:Group_4,<=,0.0715224333606582,0.2,0.12847756663934182,0.0,True
1,0.25,group_lower:Group_5,>=,0.14999999999192434,0.05,0.09999999999192434,0.0,True
1,0.25,group_upper:Group_5,<=,0.14999999999192434,0.2,0.05000000000807567,0.0,True
1,0.25,group_lower:Group_6,>=,0.10999999999560481,0.05,0.059999999995604805,0.0,True
1,0.25,group_upper:Group_6,<=,0.10999999999560481,0.2,0.0900000000043952,0.0,True
1,0.25,group_lower:Group_7,>=,0.05999999999768126,0.05,0.00999999999768126,0.0,True
1,0.25,group_upper:Group_7,<=,0.05999999999768126,0.2,0.14000000000231874,0.0,True
1,0.25,max_turnover,<=,0.4000000000006272,0.4,-6.271649866107509e-13,6.271649866107509e-13,True
1,0.25,exact_cardinality,=,20.0,20.0,-0.0,0.0,True
1,0.25,minimum_active_weight:Asset_006,>=,0.009999999999342087,0.01,-6.579129602224398e-13,6.579129602224398e-13,True
1,0.25,minimum_active_weight:Asset_008,>=,0.04999999999994527,0.01,0.03999999999994527,0.0,True
1,0.25,minimum_active_weight:Asset_015,>=,0.05000000000769253,0.01,0.04000000000769253,0.0,True
1,0.25,minimum_active_weight:Asset_017,>=,0.09999999999602986,0.01,0.08999999999602987,0.0,True
1,0.25,minimum_active_weight:Asset_025,>=,0.009999999999846933,0.01,-1.5306679534976553e-13,1.5306679534976553e-13,True
1,0.25,minimum_active_weight:Asset_038,>=,0.0500000000008791,0.01,0.040000000000879096,0.0,True
1,0.25,minimum_active_weight:Asset_049,>=,0.021522433360837777,0.01,0.011522433360837777,0.0,True
1,0.25,minimum_active_weight:Asset_054,>=,0.09999999999937655,0.01,0.08999999999937655,0.0,True
1,0.25,minimum_active_weight:Asset_055,>=,0.049999999997289594,0.01,0.03999999999728959,0.0,True
1,0.25,minimum_active_weight:Asset_062,>=,0.09999999999637443,0.01,0.08999999999637444,0.0,True
1,0.25,minimum_active_weight:Asset_064,>=,0.04438613478651991,0.01,0.03438613478651991,0.0,True
1,0.25,minimum_active_weight:Asset_073,>=,0.049999999999820424,0.01,0.03999999999982042,0.0,True
1,0.25,minimum_active_weight:Asset_075,>=,0.04818113173925329,0.01,0.03818113173925329,0.0,True
1,0.25,minimum_active_weight:Asset_081,>=,0.04999999999569721,0.01,0.03999999999569721,0.0,True
1,0.25,minimum_active_weight:Asset_083,>=,0.09999999999197907,0.01,0.08999999999197908,0.0,True
1,0.25,minimum_active_weight:Asset_091,>=,0.045910300123878124,0.01,0.03591030012387812,0.0,True
1,0.25,minimum_active_weight:Asset_092,>=,0.00999999999943288,0.01,-5.671210029367657e-13,5.671210029367657e-13,True
1,0.25,minimum_active_weight:Asset_093,>=,0.04999999999824838,0.01,0.03999999999824838,0.0,True
1,0.25,minimum_active_weight:Asset_096,>=,0.00999999999957494,0.01,-4.25061028042073e-13,4.25061028042073e-13,True
1,0.25,minimum_active_weight:Asset_097,>=,0.05000000000798248,0.01,0.04000000000798248,0.0,True
1,0.25,implementation_upper:Asset_000,<=,0.0,0.1,0.1,0.0,True
1,0.25,implementation_upper:Asset_001,<=,0.0,0.1,0.1,0.0,True
1,0.25,implementation_upper:Asset_002,<=,0.0,0.1,0.1,0.0,True
1,0.25,implementation_upper:Asset_003,<=,0.0,0.1,0.1,0.0,True
1,0.25,implementation_upper:Asset_004,<=,0.0,0.1,0.1,0.0,True
1,0.25,implementation_upper:Asset_005,<=,0.0,0.1,0.1,0.0,True
1,0.25,implementation_upper:Asset_006,<=,0.009999999999342087,0.1,0.09000000000065791,0.0,True
1,0.25,implementation_upper:Asset_007,<=,0.0,0.1,0.1,0.0,True
1,0.25,implementation_upper:Asset_008,<=,0.04999999999994527,0.1,0.05000000000005474,0.0,True
1,0.25,implementation_upper:Asset_009,<=,0.0,0.1,0.1,0.0,True
1,0.25,implementation_upper:Asset_010,<=,0.0,0.1,0.1,0.0,True
1,0.25,implementation_upper:Asset_011,<=,0.0,0.1,0.1,0.0,True
1,0.25,implementation_upper:Asset_012,<=,0.0,0.1,0.1,0.0,True
1,0.25,implementation_upper:Asset_013,<=,0.0,0.1,0.1,0.0,True
1,0.25,implementation_upper:Asset_014,<=,0.0,0.1,0.1,0.0,True
1,0.25,implementation_upper:Asset_015,<=,0.05000000000769253,0.1,0.049999999992307476,0.0,True
1,0.25,implementation_upper:Asset_016,<=,0.0,0.1,0.1,0.0,True
1,0.25,implementation_upper:Asset_017,<=,0.09999999999602986,0.1,3.970143658271752e-12,0.0,True
1,0.25,implementation_upper:Asset_018,<=,0.0,0.1,0.1,0.0,True
1,0.25,implementation_upper:Asset_019,<=,0.0,0.1,0.1,0.0,True
1,0.25,implementation_upper:Asset_020,<=,0.0,0.1,0.1,0.0,True
1,0.25,implementation_upper:Asset_021,<=,0.0,0.1,0.1,0.0,True
1,0.25,implementation_upper:Asset_022,<=,0.0,0.1,0.1,0.0,True
1,0.25,implementation_upper:Asset_023,<=,0.0,0.1,0.1,0.0,True
1,0.25,implementation_upper:Asset_024,<=,0.0,0.1,0.1,0.0,True
1,0.25,implementation_upper:Asset_025,<=,0.009999999999846933,0.1,0.09000000000015307,0.0,True
1,0.25,implementation_upper:Asset_026,<=,0.0,0.1,0.1,0.0,True
1,0.25,implementation_upper:Asset_027,<=,0.0,0.1,0.1,0.0,True
1,0.25,implementation_upper:Asset_028,<=,0.0,0.1,0.1,0.0,True
1,0.25,implementation_upper:Asset_029,<=,0.0,0.1,0.1,0.0,True
1,0.25,implementation_upper:Asset_030,<=,0.0,0.1,0.1,0.0,True
1,0.25,implementation_upper:Asset_031,<=,0.0,0.1,0.1,0.0,True
1,0.25,implementation_upper:Asset_032,<=,0.0,0.1,0.1,0.0,True
1,0.25,implementation_upper:Asset_033,<=,0.0,0.1,0.1,0.0,True
1,0.25,implementation_upper:Asset_034,<=,0.0,0.1,0.1,0.0,True
1,0.25,implementation_upper:Asset_035,<=,0.0,0.1,0.1,0.0,True
1,0.25,implementation_upper:Asset_036,<=,0.0,0.1,0.1,0.0,True
1,0.25,implementation_upper:Asset_037,<=,0.0,0.1,0.1,0.0,True
1,0.25,implementation_upper:Asset_038,<=,0.0500000000008791,0.1,0.04999999999912091,0.0,True
1,0.25,implementation_upper:Asset_039,<=,0.0,0.1,0.1,0.0,True
1,0.25,implementation_upper:Asset_040,<=,0.0,0.1,0.1,0.0,True
1,0.25,implementation_upper:Asset_041,<=,0.0,0.1,0.1,0.0,True
1,0.25,implementation_upper:Asset_042,<=,0.0,0.1,0.1,0.0,True
1,0.25,implementation_upper:Asset_043,<=,0.0,0.1,0.1,0.0,True
1,0.25,implementation_upper:Asset_044,<=,0.0,0.1,0.1,0.0,True
1,0.25,implementation_upper:Asset_045,<=,0.0,0.1,0.1,0.0,True
1,0.25,implementation_upper:Asset_046,<=,0.0,0.1,0.1,0.0,True
1,0.25,implementation_upper:Asset_047,<=,0.0,0.1,0.1,0.0,True
1,0.25,implementation_upper:Asset_048,<=,0.0,0.1,0.1,0.0,True
1,0.25,implementation_upper:Asset_049,<=,0.021522433360837777,0.1,0.07847756663916222,0.0,True
1,0.25,implementation_upper:Asset_050,<=,0.0,0.1,0.1,0.0,True
1,0.25,implementation_upper:Asset_051,<=,0.0,0.1,0.1,0.0,True
1,0.25,implementation_upper:Asset_052,<=,0.0,0.1,0.1,0.0,True
1,0.25,implementation_upper:Asset_053,<=,0.0,0.1,0.1,0.0,True
1,0.25,implementation_upper:Asset_054,<=,0.09999999999937655,0.1,6.234596172660645e-13,0.0,True
1,0.25,implementation_upper:Asset_055,<=,0.049999999997289594,0.1,0.05000000000271041,0.0,True
1,0.25,implementation_upper:Asset_056,<=,0.0,0.1,0.1,0.0,True
1,0.25,implementation_upper:Asset_057,<=,0.0,0.1,0.1,0.0,True
1,0.25,implementation_upper:Asset_058,<=,0.0,0.1,0.1,0.0,True
1,0.25,implementation_upper:Asset_059,<=,0.0,0.1,0.1,0.0,True
1,0.25,implementation_upper:Asset_060,<=,0.0,0.1,0.1,0.0,True
1,0.25,implementation_upper:Asset_061,<=,0.0,0.1,0.1,0.0,True
1,0.25,implementation_upper:Asset_062,<=,0.09999999999637443,0.1,3.625572064791527e-12,0.0,True
1,0.25,implementation_upper:Asset_063,<=,0.0,0.1,0.1,0.0,True
1,0.25,implementation_upper:Asset_064,<=,0.04438613478651991,0.1,0.05561386521348009,0.0,True
1,0.25,implementation_upper:Asset_065,<=,0.0,0.1,0.1,0.0,True
1,0.25,implementation_upper:Asset_066,<=,0.0,0.1,0.1,0.0,True
1,0.25,implementation_upper:Asset_067,<=,0.0,0.1,0.1,0.0,True
1,0.25,implementation_upper:Asset_068,<=,0.0,0.1,0.1,0.0,True
1,0.25,implementation_upper:Asset_069,<=,0.0,0.1,0.1,0.0,True
1,0.25,implementation_upper:Asset_070,<=,0.0,0.1,0.1,0.0,True
1,0.25,implementation_upper:Asset_071,<=,0.0,0.1,0.1,0.0,True
1,0.25,implementation_upper:Asset_072,<=,0.0,0.1,0.1,0.0,True
1,0.25,implementation_upper:Asset_073,<=,0.049999999999820424,0.1,0.05000000000017958,0.0,True
1,0.25,implementation_upper:Asset_074,<=,0.0,0.1,0.1,0.0,True
1,0.25,implementation_upper:Asset_075,<=,0.04818113173925329,0.1,0.05181886826074671,0.0,True
1,0.25,implementation_upper:Asset_076,<=,0.0,0.1,0.1,0.0,True
1,0.25,implementation_upper:Asset_077,<=,0.0,0.1,0.1,0.0,True
1,0.25,implementation_upper:Asset_078,<=,0.0,0.1,0.1,0.0,True
1,0.25,implementation_upper:Asset_079,<=,0.0,0.1,0.1,0.0,True
1,0.25,implementation_upper:Asset_080,<=,0.0,0.1,0.1,0.0,True
1,0.25,implementation_upper:Asset_081,<=,0.04999999999569721,0.1,0.0500000000043028,0.0,True
1,0.25,implementation_upper:Asset_082,<=,0.0,0.1,0.1,0.0,True
1,0.25,implementation_upper:Asset_083,<=,0.09999999999197907,0.1,8.020931141494714e-12,0.0,True
1,0.25,implementation_upper:Asset_084,<=,0.0,0.1,0.1,0.0,True
1,0.25,implementation_upper:Asset_085,<=,0.0,0.1,0.1,0.0,True
1,0.25,implementation_upper:Asset_086,<=,0.0,0.1,0.1,0.0,True
1,0.25,implementation_upper:Asset_087,<=,0.0,0.1,0.1,0.0,True
1,0.25,implementation_upper:Asset_088,<=,0.0,0.1,0.1,0.0,True
1,0.25,implementation_upper:Asset_089,<=,0.0,0.1,0.1,0.0,True
1,0.25,implementation_upper:Asset_090,<=,0.0,0.1,0.1,0.0,True
1,0.25,implementation_upper:Asset_091,<=,0.045910300123878124,0.1,0.05408969987612188,0.0,True
1,0.25,implementation_upper:Asset_092,<=,0.00999999999943288,0.1,0.09000000000056713,0.0,True
1,0.25,implementation_upper:Asset_093,<=,0.04999999999824838,0.1,0.05000000000175162,0.0,True
1,0.25,implementation_upper:Asset_094,<=,0.0,0.1,0.1,0.0,True
1,0.25,implementation_upper:Asset_095,<=,0.0,0.1,0.1,0.0,True
1,0.25,implementation_upper:Asset_096,<=,0.00999999999957494,0.1,0.09000000000042507,0.0,True
1,0.25,implementation_upper:Asset_097,<=,0.05000000000798248,0.1,0.04999999999201753,0.0,True
1,0.25,implementation_upper:Asset_098,<=,0.0,0.1,0.1,0.0,True
1,0.25,implementation_upper:Asset_099,<=,0.0,0.1,0.1,0.0,True
1,0.5,budget,=,1.0,1.0,-0.0,0.0,True
1,0.5,asset_lower:Asset_000,>=,0.0,0.0,0.0,0.0,True
1,0.5,asset_upper:Asset_000,<=,0.0,0.2,0.2,0.0,True
1,0.5,asset_lower:Asset_001,>=,0.0,0.0,0.0,0.0,True
1,0.5,asset_upper:Asset_001,<=,0.0,0.2,0.2,0.0,True
1,0.5,asset_lower:Asset_002,>=,0.0,0.0,0.0,0.0,True
1,0.5,asset_upper:Asset_002,<=,0.0,0.2,0.2,0.0,True
1,0.5,asset_lower:Asset_003,>=,0.0,0.0,0.0,0.0,True
1,0.5,asset_upper:Asset_003,<=,0.0,0.2,0.2,0.0,True
1,0.5,asset_lower:Asset_004,>=,0.0,0.0,0.0,0.0,True
1,0.5,asset_upper:Asset_004,<=,0.0,0.2,0.2,0.0,True
1,0.5,asset_lower:Asset_005,>=,0.0,0.0,0.0,0.0,True
1,0.5,asset_upper:Asset_005,<=,0.0,0.2,0.2,0.0,True
1,0.5,asset_lower:Asset_006,>=,0.009999999988274718,0.0,0.009999999988274718,0.0,True
1,0.5,asset_upper:Asset_006,<=,0.009999999988274718,0.2,0.1900000000117253,0.0,True
1,0.5,asset_lower:Asset_007,>=,0.0,0.0,0.0,0.0,True
1,0.5,asset_upper:Asset_007,<=,0.0,0.2,0.2,0.0,True
1,0.5,asset_lower:Asset_008,>=,0.05000000000568012,0.0,0.05000000000568012,0.0,True
1,0.5,asset_upper:Asset_008,<=,0.05000000000568012,0.2,0.1499999999943199,0.0,True
1,0.5,asset_lower:Asset_009,>=,0.0,0.0,0.0,0.0,True
1,0.5,asset_upper:Asset_009,<=,0.0,0.2,0.2,0.0,True
1,0.5,asset_lower:Asset_010,>=,0.0,0.0,0.0,0.0,True
1,0.5,asset_upper:Asset_010,<=,0.0,0.2,0.2,0.0,True
1,0.5,asset_lower:Asset_011,>=,0.0,0.0,0.0,0.0,True
1,0.5,asset_upper:Asset_011,<=,0.0,0.2,0.2,0.0,True
1,0.5,asset_lower:Asset_012,>=,0.0,0.0,0.0,0.0,True
1,0.5,asset_upper:Asset_012,<=,0.0,0.2,0.2,0.0,True
1,0.5,asset_lower:Asset_013,>=,0.0,0.0,0.0,0.0,True
1,0.5,asset_upper:Asset_013,<=,0.0,0.2,0.2,0.0,True
1,0.5,asset_lower:Asset_014,>=,0.0,0.0,0.0,0.0,True
1,0.5,asset_upper:Asset_014,<=,0.0,0.2,0.2,0.0,True
1,0.5,asset_lower:Asset_015,>=,0.08511459395937637,0.0,0.08511459395937637,0.0,True
1,0.5,asset_upper:Asset_015,<=,0.08511459395937637,0.2,0.11488540604062364,0.0,True
1,0.5,asset_lower:Asset_016,>=,0.0,0.0,0.0,0.0,True
1,0.5,asset_upper:Asset_016,<=,0.0,0.2,0.2,0.0,True
1,0.5,asset_lower:Asset_017,>=,0.09999999986448582,0.0,0.09999999986448582,0.0,True
1,0.5,asset_upper:Asset_017,<=,0.09999999986448582,0.2,0.10000000013551419,0.0,True
1,0.5,asset_lower:Asset_018,>=,0.0,0.0,0.0,0.0,True
1,0.5,asset_upper:Asset_018,<=,0.0,0.2,0.2,0.0,True
1,0.5,asset_lower:Asset_019,>=,0.0,0.0,0.0,0.0,True
1,0.5,asset_upper:Asset_019,<=,0.0,0.2,0.2,0.0,True
1,0.5,asset_lower:Asset_020,>=,0.0,0.0,0.0,0.0,True
1,0.5,asset_upper:Asset_020,<=,0.0,0.2,0.2,0.0,True
1,0.5,asset_lower:Asset_021,>=,0.0,0.0,0.0,0.0,True
1,0.5,asset_upper:Asset_021,<=,0.0,0.2,0.2,0.0,True
1,0.5,asset_lower:Asset_022,>=,0.0,0.0,0.0,0.0,True
1,0.5,asset_upper:Asset_022,<=,0.0,0.2,0.2,0.0,True
1,0.5,asset_lower:Asset_023,>=,0.0,0.0,0.0,0.0,True
1,0.5,asset_upper:Asset_023,<=,0.0,0.2,0.2,0.0,True
1,0.5,asset_lower:Asset_024,>=,0.0,0.0,0.0,0.0,True
1,0.5,asset_upper:Asset_024,<=,0.0,0.2,0.2,0.0,True
1,0.5,asset_lower:Asset_025,>=,0.010000000010540206,0.0,0.010000000010540206,0.0,True
1,0.5,asset_upper:Asset_025,<=,0.010000000010540206,0.2,0.1899999999894598,0.0,True
1,0.5,asset_lower:Asset_026,>=,0.0,0.0,0.0,0.0,True
1,0.5,asset_upper:Asset_026,<=,0.0,0.2,0.2,0.0,True
1,0.5,asset_lower:Asset_027,>=,0.0,0.0,0.0,0.0,True
1,0.5,asset_upper:Asset_027,<=,0.0,0.2,0.2,0.0,True
1,0.5,asset_lower:Asset_028,>=,0.0,0.0,0.0,0.0,True
1,0.5,asset_upper:Asset_028,<=,0.0,0.2,0.2,0.0,True
1,0.5,asset_lower:Asset_029,>=,0.0,0.0,0.0,0.0,True
1,0.5,asset_upper:Asset_029,<=,0.0,0.2,0.2,0.0,True
1,0.5,asset_lower:Asset_030,>=,0.0,0.0,0.0,0.0,True
1,0.5,asset_upper:Asset_030,<=,0.0,0.2,0.2,0.0,True
1,0.5,asset_lower:Asset_031,>=,0.0,0.0,0.0,0.0,True
1,0.5,asset_upper:Asset_031,<=,0.0,0.2,0.2,0.0,True
1,0.5,asset_lower:Asset_032,>=,0.0,0.0,0.0,0.0,True
1,0.5,asset_upper:Asset_032,<=,0.0,0.2,0.2,0.0,True
1,0.5,asset_lower:Asset_033,>=,0.0,0.0,0.0,0.0,True
1,0.5,asset_upper:Asset_033,<=,0.0,0.2,0.2,0.0,True
1,0.5,asset_lower:Asset_034,>=,0.0,0.0,0.0,0.0,True
1,0.5,asset_upper:Asset_034,<=,0.0,0.2,0.2,0.0,True
1,0.5,asset_lower:Asset_035,>=,0.0,0.0,0.0,0.0,True
1,0.5,asset_upper:Asset_035,<=,0.0,0.2,0.2,0.0,True
1,0.5,asset_lower:Asset_036,>=,0.0,0.0,0.0,0.0,True
1,0.5,asset_upper:Asset_036,<=,0.0,0.2,0.2,0.0,True
1,0.5,asset_lower:Asset_037,>=,0.0,0.0,0.0,0.0,True
1,0.5,asset_upper:Asset_037,<=,0.0,0.2,0.2,0.0,True
1,0.5,asset_lower:Asset_038,>=,0.05000000001550714,0.0,0.05000000001550714,0.0,True
1,0.5,asset_upper:Asset_038,<=,0.05000000001550714,0.2,0.14999999998449287,0.0,True
1,0.5,asset_lower:Asset_039,>=,0.0,0.0,0.0,0.0,True
1,0.5,asset_upper:Asset_039,<=,0.0,0.2,0.2,0.0,True
1,0.5,asset_lower:Asset_040,>=,0.0,0.0,0.0,0.0,True
1,0.5,asset_upper:Asset_040,<=,0.0,0.2,0.2,0.0,True
1,0.5,asset_lower:Asset_041,>=,0.0,0.0,0.0,0.0,True
1,0.5,asset_upper:Asset_041,<=,0.0,0.2,0.2,0.0,True
1,0.5,asset_lower:Asset_042,>=,0.0,0.0,0.0,0.0,True
1,0.5,asset_upper:Asset_042,<=,0.0,0.2,0.2,0.0,True
1,0.5,asset_lower:Asset_043,>=,0.0,0.0,0.0,0.0,True
1,0.5,asset_upper:Asset_043,<=,0.0,0.2,0.2,0.0,True
1,0.5,asset_lower:Asset_044,>=,0.0,0.0,0.0,0.0,True
1,0.5,asset_upper:Asset_044,<=,0.0,0.2,0.2,0.0,True
1,0.5,asset_lower:Asset_045,>=,0.0,0.0,0.0,0.0,True
1,0.5,asset_upper:Asset_045,<=,0.0,0.2,0.2,0.0,True
1,0.5,asset_lower:Asset_046,>=,0.0,0.0,0.0,0.0,True
1,0.5,asset_upper:Asset_046,<=,0.0,0.2,0.2,0.0,True
1,0.5,asset_lower:Asset_047,>=,0.0,0.0,0.0,0.0,True
1,0.5,asset_upper:Asset_047,<=,0.0,0.2,0.2,0.0,True
1,0.5,asset_lower:Asset_048,>=,0.0,0.0,0.0,0.0,True
1,0.5,asset_upper:Asset_048,<=,0.0,0.2,0.2,0.0,True
1,0.5,asset_lower:Asset_049,>=,0.022422126388299782,0.0,0.022422126388299782,0.0,True
1,0.5,asset_upper:Asset_049,<=,0.022422126388299782,0.2,0.17757787361170024,0.0,True
1,0.5,asset_lower:Asset_050,>=,0.0,0.0,0.0,0.0,True
1,0.5,asset_upper:Asset_050,<=,0.0,0.2,0.2,0.0,True
1,0.5,asset_lower:Asset_051,>=,0.0,0.0,0.0,0.0,True
1,0.5,asset_upper:Asset_051,<=,0.0,0.2,0.2,0.0,True
1,0.5,asset_lower:Asset_052,>=,0.0,0.0,0.0,0.0,True
1,0.5,asset_upper:Asset_052,<=,0.0,0.2,0.2,0.0,True
1,0.5,asset_lower:Asset_053,>=,0.0,0.0,0.0,0.0,True
1,0.5,asset_upper:Asset_053,<=,0.0,0.2,0.2,0.0,True
1,0.5,asset_lower:Asset_054,>=,0.09999999999653052,0.0,0.09999999999653052,0.0,True
1,0.5,asset_upper:Asset_054,<=,0.09999999999653052,0.2,0.1000000000034695,0.0,True
1,0.5,asset_lower:Asset_055,>=,0.049999999996939805,0.0,0.049999999996939805,0.0,True
1,0.5,asset_upper:Asset_055,<=,0.049999999996939805,0.2,0.1500000000030602,0.0,True
1,0.5,asset_lower:Asset_056,>=,0.0,0.0,0.0,0.0,True
1,0.5,asset_upper:Asset_056,<=,0.0,0.2,0.2,0.0,True
1,0.5,asset_lower:Asset_057,>=,0.0,0.0,0.0,0.0,True
1,0.5,asset_upper:Asset_057,<=,0.0,0.2,0.2,0.0,True
1,0.5,asset_lower:Asset_058,>=,0.0,0.0,0.0,0.0,True
1,0.5,asset_upper:Asset_058,<=,0.0,0.2,0.2,0.0,True
1,0.5,asset_lower:Asset_059,>=,0.0,0.0,0.0,0.0,True
1,0.5,asset_upper:Asset_059,<=,0.0,0.2,0.2,0.0,True
1,0.5,asset_lower:Asset_060,>=,0.0,0.0,0.0,0.0,True
1,0.5,asset_upper:Asset_060,<=,0.0,0.2,0.2,0.0,True
1,0.5,asset_lower:Asset_061,>=,0.0,0.0,0.0,0.0,True
1,0.5,asset_upper:Asset_061,<=,0.0,0.2,0.2,0.0,True
1,0.5,asset_lower:Asset_062,>=,0.1000000000001711,0.0,0.1000000000001711,0.0,True
1,0.5,asset_upper:Asset_062,<=,0.1000000000001711,0.2,0.0999999999998289,0.0,True
1,0.5,asset_lower:Asset_063,>=,0.0,0.0,0.0,0.0,True
1,0.5,asset_upper:Asset_063,<=,0.0,0.2,0.2,0.0,True
1,0.5,asset_lower:Asset_064,>=,0.03757787363966625,0.0,0.03757787363966625,0.0,True
1,0.5,asset_upper:Asset_064,<=,0.03757787363966625,0.2,0.16242212636033376,0.0,True
1,0.5,asset_lower:Asset_065,>=,0.0,0.0,0.0,0.0,True
1,0.5,asset_upper:Asset_065,<=,0.0,0.2,0.2,0.0,True
1,0.5,asset_lower:Asset_066,>=,0.0,0.0,0.0,0.0,True
1,0.5,asset_upper:Asset_066,<=,0.0,0.2,0.2,0.0,True
1,0.5,asset_lower:Asset_067,>=,0.0,0.0,0.0,0.0,True
1,0.5,asset_upper:Asset_067,<=,0.0,0.2,0.2,0.0,True
1,0.5,asset_lower:Asset_068,>=,0.0,0.0,0.0,0.0,True
1,0.5,asset_upper:Asset_068,<=,0.0,0.2,0.2,0.0,True
1,0.5,asset_lower:Asset_069,>=,0.0,0.0,0.0,0.0,True
1,0.5,asset_upper:Asset_069,<=,0.0,0.2,0.2,0.0,True
1,0.5,asset_lower:Asset_070,>=,0.0,0.0,0.0,0.0,True
1,0.5,asset_upper:Asset_070,<=,0.0,0.2,0.2,0.0,True
1,0.5,asset_lower:Asset_071,>=,0.0,0.0,0.0,0.0,True
1,0.5,asset_upper:Asset_071,<=,0.0,0.2,0.2,0.0,True
1,0.5,asset_lower:Asset_072,>=,0.0,0.0,0.0,0.0,True
1,0.5,asset_upper:Asset_072,<=,0.0,0.2,0.2,0.0,True
1,0.5,asset_lower:Asset_073,>=,0.050000000000912315,0.0,0.050000000000912315,0.0,True
1,0.5,asset_upper:Asset_073,<=,0.050000000000912315,0.2,0.1499999999990877,0.0,True
1,0.5,asset_lower:Asset_074,>=,0.0,0.0,0.0,0.0,True
1,0.5,asset_upper:Asset_074,<=,0.0,0.2,0.2,0.0,True
1,0.5,asset_lower:Asset_075,>=,0.04999999995295768,0.0,0.04999999995295768,0.0,True
1,0.5,asset_upper:Asset_075,<=,0.04999999995295768,0.2,0.15000000004704234,0.0,True
1,0.5,asset_lower:Asset_076,>=,0.0,0.0,0.0,0.0,True
1,0.5,asset_upper:Asset_076,<=,0.0,0.2,0.2,0.0,True
1,0.5,asset_lower:Asset_077,>=,0.0,0.0,0.0,0.0,True
1,0.5,asset_upper:Asset_077,<=,0.0,0.2,0.2,0.0,True
1,0.5,asset_lower:Asset_078,>=,0.0,0.0,0.0,0.0,True
1,0.5,asset_upper:Asset_078,<=,0.0,0.2,0.2,0.0,True
1,0.5,asset_lower:Asset_079,>=,0.0,0.0,0.0,0.0,True
1,0.5,asset_upper:Asset_079,<=,0.0,0.2,0.2,0.0,True
1,0.5,asset_lower:Asset_080,>=,0.0,0.0,0.0,0.0,True
1,0.5,asset_upper:Asset_080,<=,0.0,0.2,0.2,0.0,True
1,0.5,asset_lower:Asset_081,>=,0.04999999998289118,0.0,0.04999999998289118,0.0,True
1,0.5,asset_upper:Asset_081,<=,0.04999999998289118,0.2,0.15000000001710884,0.0,True
1,0.5,asset_lower:Asset_082,>=,0.0,0.0,0.0,0.0,True
1,0.5,asset_upper:Asset_082,<=,0.0,0.2,0.2,0.0,True
1,0.5,asset_lower:Asset_083,>=,0.06488540065765115,0.0,0.06488540065765115,0.0,True
1,0.5,asset_upper:Asset_083,<=,0.06488540065765115,0.2,0.13511459934234887,0.0,True
1,0.5,asset_lower:Asset_084,>=,0.0,0.0,0.0,0.0,True
1,0.5,asset_upper:Asset_084,<=,0.0,0.2,0.2,0.0,True
1,0.5,asset_lower:Asset_085,>=,0.0,0.0,0.0,0.0,True
1,0.5,asset_upper:Asset_085,<=,0.0,0.2,0.2,0.0,True
1,0.5,asset_lower:Asset_086,>=,0.0,0.0,0.0,0.0,True
1,0.5,asset_upper:Asset_086,<=,0.0,0.2,0.2,0.0,True
1,0.5,asset_lower:Asset_087,>=,0.0,0.0,0.0,0.0,True
1,0.5,asset_upper:Asset_087,<=,0.0,0.2,0.2,0.0,True
1,0.5,asset_lower:Asset_088,>=,0.0,0.0,0.0,0.0,True
1,0.5,asset_upper:Asset_088,<=,0.0,0.2,0.2,0.0,True
1,0.5,asset_lower:Asset_089,>=,0.0,0.0,0.0,0.0,True
1,0.5,asset_upper:Asset_089,<=,0.0,0.2,0.2,0.0,True
1,0.5,asset_lower:Asset_090,>=,0.0,0.0,0.0,0.0,True
1,0.5,asset_upper:Asset_090,<=,0.0,0.2,0.2,0.0,True
1,0.5,asset_lower:Asset_091,>=,0.04999999998521884,0.0,0.04999999998521884,0.0,True
1,0.5,asset_upper:Asset_091,<=,0.04999999998521884,0.2,0.15000000001478117,0.0,True
1,0.5,asset_lower:Asset_092,>=,0.009999999989066984,0.0,0.009999999989066984,0.0,True
1,0.5,asset_upper:Asset_092,<=,0.009999999989066984,0.2,0.19000000001093303,0.0,True
1,0.5,asset_lower:Asset_093,>=,0.04999999999050223,0.0,0.04999999999050223,0.0,True
1,0.5,asset_upper:Asset_093,<=,0.04999999999050223,0.2,0.15000000000949779,0.0,True
1,0.5,asset_lower:Asset_094,>=,0.0,0.0,0.0,0.0,True
1,0.5,asset_upper:Asset_094,<=,0.0,0.2,0.2,0.0,True
1,0.5,asset_lower:Asset_095,>=,0.0,0.0,0.0,0.0,True
1,0.5,asset_upper:Asset_095,<=,0.0,0.2,0.2,0.0,True
1,0.5,asset_lower:Asset_096,>=,0.009999999989559286,0.0,0.009999999989559286,0.0,True
1,0.5,asset_upper:Asset_096,<=,0.009999999989559286,0.2,0.19000000001044073,0.0,True
1,0.5,asset_lower:Asset_097,>=,0.05000000558576865,0.0,0.05000000558576865,0.0,True
1,0.5,asset_upper:Asset_097,<=,0.05000000558576865,0.2,0.14999999441423137,0.0,True
1,0.5,asset_lower:Asset_098,>=,0.0,0.0,0.0,0.0,True
1,0.5,asset_upper:Asset_098,<=,0.0,0.2,0.2,0.0,True
1,0.5,asset_lower:Asset_099,>=,0.0,0.0,0.0,0.0,True
1,0.5,asset_upper:Asset_099,<=,0.0,0.2,0.2,0.0,True
1,0.5,group_lower:Group_0,>=,0.185114593941535,0.10000000000000002,0.08511459394153499,0.0,True
1,0.5,group_upper:Group_0,<=,0.185114593941535,0.25,0.06488540605846499,0.0,True
1,0.5,group_lower:Group_1,>=,0.11999999999898603,0.10000000000000002,0.01999999999898601,0.0,True
1,0.5,group_upper:Group_1,<=,0.11999999999898603,0.25,0.13000000000101397,0.0,True
1,0.5,group_lower:Group_2,>=,0.2000000055978063,0.10000000000000002,0.1000000055978063,0.0,True
1,0.5,group_upper:Group_2,<=,0.2000000055978063,0.25,0.04999999440219369,0.0,True
1,0.5,group_lower:Group_3,>=,0.1375778735755151,0.10000000000000002,0.03757787357551508,0.0,True
1,0.5,group_upper:Group_3,<=,0.1375778735755151,0.25,0.1124221264244849,0.0,True
1,0.5,group_lower:Group_4,>=,0.0724221263892121,0.05,0.022422126389212094,0.0,True
1,0.5,group_upper:Group_4,<=,0.0724221263892121,0.2,0.12757787361078793,0.0,True
1,0.5,group_lower:Group_5,>=,0.11488540066333128,0.05,0.06488540066333127,0.0,True
1,0.5,group_upper:Group_5,<=,0.11488540066333128,0.2,0.08511459933666873,0.0,True
1,0.5,group_lower:Group_6,>=,0.10999999985404511,0.05,0.05999999985404511,0.0,True
1,0.5,group_upper:Group_6,<=,0.10999999985404511,0.2,0.0900000001459549,0.0,True
1,0.5,group_lower:Group_7,>=,0.059999999979569216,0.05,0.009999999979569213,0.0,True
1,0.5,group_upper:Group_7,<=,0.059999999979569216,0.2,0.14000000002043078,0.0,True
1,0.5,max_turnover,<=,0.40000000017216625,0.4,-1.7216622572036044e-10,1.7216622572036044e-10,True
1,0.5,exact_cardinality,=,20.0,20.0,-0.0,0.0,True
1,0.5,minimum_active_weight:Asset_006,>=,0.009999999988274718,0.01,-1.1725282203500775e-11,1.1725282203500775e-11,True
1,0.5,minimum_active_weight:Asset_008,>=,0.05000000000568012,0.01,0.04000000000568012,0.0,True
1,0.5,minimum_active_weight:Asset_015,>=,0.08511459395937637,0.01,0.07511459395937638,0.0,True
1,0.5,minimum_active_weight:Asset_017,>=,0.09999999986448582,0.01,0.08999999986448583,0.0,True
1,0.5,minimum_active_weight:Asset_025,>=,0.010000000010540206,0.01,1.054020586088722e-11,0.0,True
1,0.5,minimum_active_weight:Asset_038,>=,0.05000000001550714,0.01,0.04000000001550714,0.0,True
1,0.5,minimum_active_weight:Asset_049,>=,0.022422126388299782,0.01,0.012422126388299782,0.0,True
1,0.5,minimum_active_weight:Asset_054,>=,0.09999999999653052,0.01,0.08999999999653052,0.0,True
1,0.5,minimum_active_weight:Asset_055,>=,0.049999999996939805,0.01,0.0399999999969398,0.0,True
1,0.5,minimum_active_weight:Asset_062,>=,0.1000000000001711,0.01,0.09000000000017111,0.0,True
1,0.5,minimum_active_weight:Asset_064,>=,0.03757787363966625,0.01,0.027577873639666246,0.0,True
1,0.5,minimum_active_weight:Asset_073,>=,0.050000000000912315,0.01,0.04000000000091231,0.0,True
1,0.5,minimum_active_weight:Asset_075,>=,0.04999999995295768,0.01,0.03999999995295768,0.0,True
1,0.5,minimum_active_weight:Asset_081,>=,0.04999999998289118,0.01,0.03999999998289118,0.0,True
1,0.5,minimum_active_weight:Asset_083,>=,0.06488540065765115,0.01,0.05488540065765115,0.0,True
1,0.5,minimum_active_weight:Asset_091,>=,0.04999999998521884,0.01,0.03999999998521884,0.0,True
1,0.5,minimum_active_weight:Asset_092,>=,0.009999999989066984,0.01,-1.0933016644787408e-11,1.0933016644787408e-11,True
1,0.5,minimum_active_weight:Asset_093,>=,0.04999999999050223,0.01,0.03999999999050223,0.0,True
1,0.5,minimum_active_weight:Asset_096,>=,0.009999999989559286,0.01,-1.0440714265369522e-11,1.0440714265369522e-11,True
1,0.5,minimum_active_weight:Asset_097,>=,0.05000000558576865,0.01,0.04000000558576865,0.0,True
1,0.5,implementation_upper:Asset_000,<=,0.0,0.1,0.1,0.0,True
1,0.5,implementation_upper:Asset_001,<=,0.0,0.1,0.1,0.0,True
1,0.5,implementation_upper:Asset_002,<=,0.0,0.1,0.1,0.0,True
1,0.5,implementation_upper:Asset_003,<=,0.0,0.1,0.1,0.0,True
1,0.5,implementation_upper:Asset_004,<=,0.0,0.1,0.1,0.0,True
1,0.5,implementation_upper:Asset_005,<=,0.0,0.1,0.1,0.0,True
1,0.5,implementation_upper:Asset_006,<=,0.009999999988274718,0.1,0.09000000001172528,0.0,True
1,0.5,implementation_upper:Asset_007,<=,0.0,0.1,0.1,0.0,True
1,0.5,implementation_upper:Asset_008,<=,0.05000000000568012,0.1,0.04999999999431989,0.0,True
1,0.5,implementation_upper:Asset_009,<=,0.0,0.1,0.1,0.0,True
1,0.5,implementation_upper:Asset_010,<=,0.0,0.1,0.1,0.0,True
1,0.5,implementation_upper:Asset_011,<=,0.0,0.1,0.1,0.0,True
1,0.5,implementation_upper:Asset_012,<=,0.0,0.1,0.1,0.0,True
1,0.5,implementation_upper:Asset_013,<=,0.0,0.1,0.1,0.0,True
1,0.5,implementation_upper:Asset_014,<=,0.0,0.1,0.1,0.0,True
1,0.5,implementation_upper:Asset_015,<=,0.08511459395937637,0.1,0.014885406040623633,0.0,True
1,0.5,implementation_upper:Asset_016,<=,0.0,0.1,0.1,0.0,True
1,0.5,implementation_upper:Asset_017,<=,0.09999999986448582,0.1,1.355141832082296e-10,0.0,True
1,0.5,implementation_upper:Asset_018,<=,0.0,0.1,0.1,0.0,True
1,0.5,implementation_upper:Asset_019,<=,0.0,0.1,0.1,0.0,True
1,0.5,implementation_upper:Asset_020,<=,0.0,0.1,0.1,0.0,True
1,0.5,implementation_upper:Asset_021,<=,0.0,0.1,0.1,0.0,True
1,0.5,implementation_upper:Asset_022,<=,0.0,0.1,0.1,0.0,True
1,0.5,implementation_upper:Asset_023,<=,0.0,0.1,0.1,0.0,True
1,0.5,implementation_upper:Asset_024,<=,0.0,0.1,0.1,0.0,True
1,0.5,implementation_upper:Asset_025,<=,0.010000000010540206,0.1,0.0899999999894598,0.0,True
1,0.5,implementation_upper:Asset_026,<=,0.0,0.1,0.1,0.0,True
1,0.5,implementation_upper:Asset_027,<=,0.0,0.1,0.1,0.0,True
1,0.5,implementation_upper:Asset_028,<=,0.0,0.1,0.1,0.0,True
1,0.5,implementation_upper:Asset_029,<=,0.0,0.1,0.1,0.0,True
1,0.5,implementation_upper:Asset_030,<=,0.0,0.1,0.1,0.0,True
1,0.5,implementation_upper:Asset_031,<=,0.0,0.1,0.1,0.0,True
1,0.5,implementation_upper:Asset_032,<=,0.0,0.1,0.1,0.0,True
1,0.5,implementation_upper:Asset_033,<=,0.0,0.1,0.1,0.0,True
1,0.5,implementation_upper:Asset_034,<=,0.0,0.1,0.1,0.0,True
1,0.5,implementation_upper:Asset_035,<=,0.0,0.1,0.1,0.0,True
1,0.5,implementation_upper:Asset_036,<=,0.0,0.1,0.1,0.0,True
1,0.5,implementation_upper:Asset_037,<=,0.0,0.1,0.1,0.0,True
1,0.5,implementation_upper:Asset_038,<=,0.05000000001550714,0.1,0.049999999984492866,0.0,True
1,0.5,implementation_upper:Asset_039,<=,0.0,0.1,0.1,0.0,True
1,0.5,implementation_upper:Asset_040,<=,0.0,0.1,0.1,0.0,True
1,0.5,implementation_upper:Asset_041,<=,0.0,0.1,0.1,0.0,True
1,0.5,implementation_upper:Asset_042,<=,0.0,0.1,0.1,0.0,True
1,0.5,implementation_upper:Asset_043,<=,0.0,0.1,0.1,0.0,True
1,0.5,implementation_upper:Asset_044,<=,0.0,0.1,0.1,0.0,True
1,0.5,implementation_upper:Asset_045,<=,0.0,0.1,0.1,0.0,True
1,0.5,implementation_upper:Asset_046,<=,0.0,0.1,0.1,0.0,True
1,0.5,implementation_upper:Asset_047,<=,0.0,0.1,0.1,0.0,True
1,0.5,implementation_upper:Asset_048,<=,0.0,0.1,0.1,0.0,True
1,0.5,implementation_upper:Asset_049,<=,0.022422126388299782,0.1,0.07757787361170022,0.0,True
1,0.5,implementation_upper:Asset_050,<=,0.0,0.1,0.1,0.0,True
1,0.5,implementation_upper:Asset_051,<=,0.0,0.1,0.1,0.0,True
1,0.5,implementation_upper:Asset_052,<=,0.0,0.1,0.1,0.0,True
1,0.5,implementation_upper:Asset_053,<=,0.0,0.1,0.1,0.0,True
1,0.5,implementation_upper:Asset_054,<=,0.09999999999653052,0.1,3.4694885853170376e-12,0.0,True
1,0.5,implementation_upper:Asset_055,<=,0.049999999996939805,0.1,0.0500000000030602,0.0,True
1,0.5,implementation_upper:Asset_056,<=,0.0,0.1,0.1,0.0,True
1,0.5,implementation_upper:Asset_057,<=,0.0,0.1,0.1,0.0,True
1,0.5,implementation_upper:Asset_058,<=,0.0,0.1,0.1,0.0,True
1,0.5,implementation_upper:Asset_059,<=,0.0,0.1,0.1,0.0,True
1,0.5,implementation_upper:Asset_060,<=,0.0,0.1,0.1,0.0,True
1,0.5,implementation_upper:Asset_061,<=,0.0,0.1,0.1,0.0,True
1,0.5,implementation_upper:Asset_062,<=,0.1000000000001711,0.1,-1.7109924588254444e-13,1.7109924588254444e-13,True
1,0.5,implementation_upper:Asset_063,<=,0.0,0.1,0.1,0.0,True
1,0.5,implementation_upper:Asset_064,<=,0.03757787363966625,0.1,0.06242212636033376,0.0,True
1,0.5,implementation_upper:Asset_065,<=,0.0,0.1,0.1,0.0,True
1,0.5,implementation_upper:Asset_066,<=,0.0,0.1,0.1,0.0,True
1,0.5,implementation_upper:Asset_067,<=,0.0,0.1,0.1,0.0,True
1,0.5,implementation_upper:Asset_068,<=,0.0,0.1,0.1,0.0,True
1,0.5,implementation_upper:Asset_069,<=,0.0,0.1,0.1,0.0,True
1,0.5,implementation_upper:Asset_070,<=,0.0,0.1,0.1,0.0,True
1,0.5,implementation_upper:Asset_071,<=,0.0,0.1,0.1,0.0,True
1,0.5,implementation_upper:Asset_072,<=,0.0,0.1,0.1,0.0,True
1,0.5,implementation_upper:Asset_073,<=,0.050000000000912315,0.1,0.04999999999908769,0.0,True
1,0.5,implementation_upper:Asset_074,<=,0.0,0.1,0.1,0.0,True
1,0.5,implementation_upper:Asset_075,<=,0.04999999995295768,0.1,0.050000000047042324,0.0,True
1,0.5,implementation_upper:Asset_076,<=,0.0,0.1,0.1,0.0,True
1,0.5,implementation_upper:Asset_077,<=,0.0,0.1,0.1,0.0,True
1,0.5,implementation_upper:Asset_078,<=,0.0,0.1,0.1,0.0,True
1,0.5,implementation_upper:Asset_079,<=,0.0,0.1,0.1,0.0,True
1,0.5,implementation_upper:Asset_080,<=,0.0,0.1,0.1,0.0,True
1,0.5,implementation_upper:Asset_081,<=,0.04999999998289118,0.1,0.050000000017108824,0.0,True
1,0.5,implementation_upper:Asset_082,<=,0.0,0.1,0.1,0.0,True
1,0.5,implementation_upper:Asset_083,<=,0.06488540065765115,0.1,0.035114599342348854,0.0,True
1,0.5,implementation_upper:Asset_084,<=,0.0,0.1,0.1,0.0,True
1,0.5,implementation_upper:Asset_085,<=,0.0,0.1,0.1,0.0,True
1,0.5,implementation_upper:Asset_086,<=,0.0,0.1,0.1,0.0,True
1,0.5,implementation_upper:Asset_087,<=,0.0,0.1,0.1,0.0,True
1,0.5,implementation_upper:Asset_088,<=,0.0,0.1,0.1,0.0,True
1,0.5,implementation_upper:Asset_089,<=,0.0,0.1,0.1,0.0,True
1,0.5,implementation_upper:Asset_090,<=,0.0,0.1,0.1,0.0,True
1,0.5,implementation_upper:Asset_091,<=,0.04999999998521884,0.1,0.050000000014781165,0.0,True
1,0.5,implementation_upper:Asset_092,<=,0.009999999989066984,0.1,0.09000000001093303,0.0,True
1,0.5,implementation_upper:Asset_093,<=,0.04999999999050223,0.1,0.05000000000949777,0.0,True
1,0.5,implementation_upper:Asset_094,<=,0.0,0.1,0.1,0.0,True
1,0.5,implementation_upper:Asset_095,<=,0.0,0.1,0.1,0.0,True
1,0.5,implementation_upper:Asset_096,<=,0.009999999989559286,0.1,0.09000000001044071,0.0,True
1,0.5,implementation_upper:Asset_097,<=,0.05000000558576865,0.1,0.04999999441423136,0.0,True
1,0.5,implementation_upper:Asset_098,<=,0.0,0.1,0.1,0.0,True
1,0.5,implementation_upper:Asset_099,<=,0.0,0.1,0.1,0.0,True
1,1.0,budget,=,1.0000000000000004,1.0,-4.440892098500626e-16,4.440892098500626e-16,True
1,1.0,asset_lower:Asset_000,>=,0.0,0.0,0.0,0.0,True
1,1.0,asset_upper:Asset_000,<=,0.0,0.2,0.2,0.0,True
1,1.0,asset_lower:Asset_001,>=,0.0,0.0,0.0,0.0,True
1,1.0,asset_upper:Asset_001,<=,0.0,0.2,0.2,0.0,True
1,1.0,asset_lower:Asset_002,>=,0.0,0.0,0.0,0.0,True
1,1.0,asset_upper:Asset_002,<=,0.0,0.2,0.2,0.0,True
1,1.0,asset_lower:Asset_003,>=,0.0,0.0,0.0,0.0,True
1,1.0,asset_upper:Asset_003,<=,0.0,0.2,0.2,0.0,True
1,1.0,asset_lower:Asset_004,>=,0.0,0.0,0.0,0.0,True
1,1.0,asset_upper:Asset_004,<=,0.0,0.2,0.2,0.0,True
1,1.0,asset_lower:Asset_005,>=,0.0,0.0,0.0,0.0,True
1,1.0,asset_upper:Asset_005,<=,0.0,0.2,0.2,0.0,True
1,1.0,asset_lower:Asset_006,>=,0.009999999995662662,0.0,0.009999999995662662,0.0,True
1,1.0,asset_upper:Asset_006,<=,0.009999999995662662,0.2,0.19000000000433734,0.0,True
1,1.0,asset_lower:Asset_007,>=,0.0,0.0,0.0,0.0,True
1,1.0,asset_upper:Asset_007,<=,0.0,0.2,0.2,0.0,True
1,1.0,asset_lower:Asset_008,>=,0.050000000002111966,0.0,0.050000000002111966,0.0,True
1,1.0,asset_upper:Asset_008,<=,0.050000000002111966,0.2,0.14999999999788804,0.0,True
1,1.0,asset_lower:Asset_009,>=,0.0,0.0,0.0,0.0,True
1,1.0,asset_upper:Asset_009,<=,0.0,0.2,0.2,0.0,True
1,1.0,asset_lower:Asset_010,>=,0.0,0.0,0.0,0.0,True
1,1.0,asset_upper:Asset_010,<=,0.0,0.2,0.2,0.0,True
1,1.0,asset_lower:Asset_011,>=,0.0,0.0,0.0,0.0,True
1,1.0,asset_upper:Asset_011,<=,0.0,0.2,0.2,0.0,True
1,1.0,asset_lower:Asset_012,>=,0.0,0.0,0.0,0.0,True
1,1.0,asset_upper:Asset_012,<=,0.0,0.2,0.2,0.0,True
1,1.0,asset_lower:Asset_013,>=,0.0,0.0,0.0,0.0,True
1,1.0,asset_upper:Asset_013,<=,0.0,0.2,0.2,0.0,True
1,1.0,asset_lower:Asset_014,>=,0.0,0.0,0.0,0.0,True
1,1.0,asset_upper:Asset_014,<=,0.0,0.2,0.2,0.0,True
1,1.0,asset_lower:Asset_015,>=,0.09999999976849126,0.0,0.09999999976849126,0.0,True
1,1.0,asset_upper:Asset_015,<=,0.09999999976849126,0.2,0.10000000023150875,0.0,True
1,1.0,asset_lower:Asset_016,>=,0.0,0.0,0.0,0.0,True
1,1.0,asset_upper:Asset_016,<=,0.0,0.2,0.2,0.0,True
1,1.0,asset_lower:Asset_017,>=,0.08471520312987586,0.0,0.08471520312987586,0.0,True
1,1.0,asset_upper:Asset_017,<=,0.08471520312987586,0.2,0.11528479687012415,0.0,True
1,1.0,asset_lower:Asset_018,>=,0.0,0.0,0.0,0.0,True
1,1.0,asset_upper:Asset_018,<=,0.0,0.2,0.2,0.0,True
1,1.0,asset_lower:Asset_019,>=,0.0,0.0,0.0,0.0,True
1,1.0,asset_upper:Asset_019,<=,0.0,0.2,0.2,0.0,True
1,1.0,asset_lower:Asset_020,>=,0.0,0.0,0.0,0.0,True
1,1.0,asset_upper:Asset_020,<=,0.0,0.2,0.2,0.0,True
1,1.0,asset_lower:Asset_021,>=,0.0,0.0,0.0,0.0,True
1,1.0,asset_upper:Asset_021,<=,0.0,0.2,0.2,0.0,True
1,1.0,asset_lower:Asset_022,>=,0.0,0.0,0.0,0.0,True
1,1.0,asset_upper:Asset_022,<=,0.0,0.2,0.2,0.0,True
1,1.0,asset_lower:Asset_023,>=,0.0,0.0,0.0,0.0,True
1,1.0,asset_upper:Asset_023,<=,0.0,0.2,0.2,0.0,True
1,1.0,asset_lower:Asset_024,>=,0.0,0.0,0.0,0.0,True
1,1.0,asset_upper:Asset_024,<=,0.0,0.2,0.2,0.0,True
1,1.0,asset_lower:Asset_025,>=,0.018581262662688974,0.0,0.018581262662688974,0.0,True
1,1.0,asset_upper:Asset_025,<=,0.018581262662688974,0.2,0.18141873733731104,0.0,True
1,1.0,asset_lower:Asset_026,>=,0.0,0.0,0.0,0.0,True
1,1.0,asset_upper:Asset_026,<=,0.0,0.2,0.2,0.0,True
1,1.0,asset_lower:Asset_027,>=,0.0,0.0,0.0,0.0,True
1,1.0,asset_upper:Asset_027,<=,0.0,0.2,0.2,0.0,True
1,1.0,asset_lower:Asset_028,>=,0.0,0.0,0.0,0.0,True
1,1.0,asset_upper:Asset_028,<=,0.0,0.2,0.2,0.0,True
1,1.0,asset_lower:Asset_029,>=,0.0,0.0,0.0,0.0,True
1,1.0,asset_upper:Asset_029,<=,0.0,0.2,0.2,0.0,True
1,1.0,asset_lower:Asset_030,>=,0.0,0.0,0.0,0.0,True
1,1.0,asset_upper:Asset_030,<=,0.0,0.2,0.2,0.0,True
1,1.0,asset_lower:Asset_031,>=,0.0,0.0,0.0,0.0,True
1,1.0,asset_upper:Asset_031,<=,0.0,0.2,0.2,0.0,True
1,1.0,asset_lower:Asset_032,>=,0.0,0.0,0.0,0.0,True
1,1.0,asset_upper:Asset_032,<=,0.0,0.2,0.2,0.0,True
1,1.0,asset_lower:Asset_033,>=,0.0,0.0,0.0,0.0,True
1,1.0,asset_upper:Asset_033,<=,0.0,0.2,0.2,0.0,True
1,1.0,asset_lower:Asset_034,>=,0.0,0.0,0.0,0.0,True
1,1.0,asset_upper:Asset_034,<=,0.0,0.2,0.2,0.0,True
1,1.0,asset_lower:Asset_035,>=,0.0,0.0,0.0,0.0,True
1,1.0,asset_upper:Asset_035,<=,0.0,0.2,0.2,0.0,True
1,1.0,asset_lower:Asset_036,>=,0.0,0.0,0.0,0.0,True
1,1.0,asset_upper:Asset_036,<=,0.0,0.2,0.2,0.0,True
1,1.0,asset_lower:Asset_037,>=,0.0,0.0,0.0,0.0,True
1,1.0,asset_upper:Asset_037,<=,0.0,0.2,0.2,0.0,True
1,1.0,asset_lower:Asset_038,>=,0.05000000000615693,0.0,0.05000000000615693,0.0,True
1,1.0,asset_upper:Asset_038,<=,0.05000000000615693,0.2,0.1499999999938431,0.0,True
1,1.0,asset_lower:Asset_039,>=,0.0,0.0,0.0,0.0,True
1,1.0,asset_upper:Asset_039,<=,0.0,0.2,0.2,0.0,True
1,1.0,asset_lower:Asset_040,>=,0.0,0.0,0.0,0.0,True
1,1.0,asset_upper:Asset_040,<=,0.0,0.2,0.2,0.0,True
1,1.0,asset_lower:Asset_041,>=,0.0,0.0,0.0,0.0,True
1,1.0,asset_upper:Asset_041,<=,0.0,0.2,0.2,0.0,True
1,1.0,asset_lower:Asset_042,>=,0.0,0.0,0.0,0.0,True
1,1.0,asset_upper:Asset_042,<=,0.0,0.2,0.2,0.0,True
1,1.0,asset_lower:Asset_043,>=,0.0,0.0,0.0,0.0,True
1,1.0,asset_upper:Asset_043,<=,0.0,0.2,0.2,0.0,True
1,1.0,asset_lower:Asset_044,>=,0.0,0.0,0.0,0.0,True
1,1.0,asset_upper:Asset_044,<=,0.0,0.2,0.2,0.0,True
1,1.0,asset_lower:Asset_045,>=,0.0,0.0,0.0,0.0,True
1,1.0,asset_upper:Asset_045,<=,0.0,0.2,0.2,0.0,True
1,1.0,asset_lower:Asset_046,>=,0.0,0.0,0.0,0.0,True
1,1.0,asset_upper:Asset_046,<=,0.0,0.2,0.2,0.0,True
1,1.0,asset_lower:Asset_047,>=,0.0,0.0,0.0,0.0,True
1,1.0,asset_upper:Asset_047,<=,0.0,0.2,0.2,0.0,True
1,1.0,asset_lower:Asset_048,>=,0.0,0.0,0.0,0.0,True
1,1.0,asset_upper:Asset_048,<=,0.0,0.2,0.2,0.0,True
1,1.0,asset_lower:Asset_049,>=,0.02099526059169356,0.0,0.02099526059169356,0.0,True
1,1.0,asset_upper:Asset_049,<=,0.02099526059169356,0.2,0.17900473940830644,0.0,True
1,1.0,asset_lower:Asset_050,>=,0.0,0.0,0.0,0.0,True
1,1.0,asset_upper:Asset_050,<=,0.0,0.2,0.2,0.0,True
1,1.0,asset_lower:Asset_051,>=,0.0,0.0,0.0,0.0,True
1,1.0,asset_upper:Asset_051,<=,0.0,0.2,0.2,0.0,True
1,1.0,asset_lower:Asset_052,>=,0.0,0.0,0.0,0.0,True
1,1.0,asset_upper:Asset_052,<=,0.0,0.2,0.2,0.0,True
1,1.0,asset_lower:Asset_053,>=,0.0,0.0,0.0,0.0,True
1,1.0,asset_upper:Asset_053,<=,0.0,0.2,0.2,0.0,True
1,1.0,asset_lower:Asset_054,>=,0.09999999999887071,0.0,0.09999999999887071,0.0,True
1,1.0,asset_upper:Asset_054,<=,0.09999999999887071,0.2,0.1000000000011293,0.0,True
1,1.0,asset_lower:Asset_055,>=,0.05000000000017331,0.0,0.05000000000017331,0.0,True
1,1.0,asset_upper:Asset_055,<=,0.05000000000017331,0.2,0.14999999999982672,0.0,True
1,1.0,asset_lower:Asset_056,>=,0.0,0.0,0.0,0.0,True
1,1.0,asset_upper:Asset_056,<=,0.0,0.2,0.2,0.0,True
1,1.0,asset_lower:Asset_057,>=,0.0,0.0,0.0,0.0,True
1,1.0,asset_upper:Asset_057,<=,0.0,0.2,0.2,0.0,True
1,1.0,asset_lower:Asset_058,>=,0.0,0.0,0.0,0.0,True
1,1.0,asset_upper:Asset_058,<=,0.0,0.2,0.2,0.0,True
1,1.0,asset_lower:Asset_059,>=,0.0,0.0,0.0,0.0,True
1,1.0,asset_upper:Asset_059,<=,0.0,0.2,0.2,0.0,True
1,1.0,asset_lower:Asset_060,>=,0.0,0.0,0.0,0.0,True
1,1.0,asset_upper:Asset_060,<=,0.0,0.2,0.2,0.0,True
1,1.0,asset_lower:Asset_061,>=,0.0,0.0,0.0,0.0,True
1,1.0,asset_upper:Asset_061,<=,0.0,0.2,0.2,0.0,True
1,1.0,asset_lower:Asset_062,>=,0.09999999999085275,0.0,0.09999999999085275,0.0,True
1,1.0,asset_upper:Asset_062,<=,0.09999999999085275,0.2,0.10000000000914726,0.0,True
1,1.0,asset_lower:Asset_063,>=,0.0,0.0,0.0,0.0,True
1,1.0,asset_upper:Asset_063,<=,0.0,0.2,0.2,0.0,True
1,1.0,asset_lower:Asset_064,>=,0.030423476721792703,0.0,0.030423476721792703,0.0,True
1,1.0,asset_upper:Asset_064,<=,0.030423476721792703,0.2,0.1695765232782073,0.0,True
1,1.0,asset_lower:Asset_065,>=,0.0,0.0,0.0,0.0,True
1,1.0,asset_upper:Asset_065,<=,0.0,0.2,0.2,0.0,True
1,1.0,asset_lower:Asset_066,>=,0.0,0.0,0.0,0.0,True
1,1.0,asset_upper:Asset_066,<=,0.0,0.2,0.2,0.0,True
1,1.0,asset_lower:Asset_067,>=,0.0,0.0,0.0,0.0,True
1,1.0,asset_upper:Asset_067,<=,0.0,0.2,0.2,0.0,True
1,1.0,asset_lower:Asset_068,>=,0.0,0.0,0.0,0.0,True
1,1.0,asset_upper:Asset_068,<=,0.0,0.2,0.2,0.0,True
1,1.0,asset_lower:Asset_069,>=,0.0,0.0,0.0,0.0,True
1,1.0,asset_upper:Asset_069,<=,0.0,0.2,0.2,0.0,True
1,1.0,asset_lower:Asset_070,>=,0.0,0.0,0.0,0.0,True
1,1.0,asset_upper:Asset_070,<=,0.0,0.2,0.2,0.0,True
1,1.0,asset_lower:Asset_071,>=,0.0,0.0,0.0,0.0,True
1,1.0,asset_upper:Asset_071,<=,0.0,0.2,0.2,0.0,True
1,1.0,asset_lower:Asset_072,>=,0.0,0.0,0.0,0.0,True
1,1.0,asset_upper:Asset_072,<=,0.0,0.2,0.2,0.0,True
1,1.0,asset_lower:Asset_073,>=,0.05000000000076278,0.0,0.05000000000076278,0.0,True
1,1.0,asset_upper:Asset_073,<=,0.05000000000076278,0.2,0.14999999999923724,0.0,True
1,1.0,asset_lower:Asset_074,>=,0.0,0.0,0.0,0.0,True
1,1.0,asset_upper:Asset_074,<=,0.0,0.2,0.2,0.0,True
1,1.0,asset_lower:Asset_075,>=,0.049999999993143876,0.0,0.049999999993143876,0.0,True
1,1.0,asset_upper:Asset_075,<=,0.049999999993143876,0.2,0.15000000000685615,0.0,True
1,1.0,asset_lower:Asset_076,>=,0.0,0.0,0.0,0.0,True
1,1.0,asset_upper:Asset_076,<=,0.0,0.2,0.2,0.0,True
1,1.0,asset_lower:Asset_077,>=,0.0,0.0,0.0,0.0,True
1,1.0,asset_upper:Asset_077,<=,0.0,0.2,0.2,0.0,True
1,1.0,asset_lower:Asset_078,>=,0.0,0.0,0.0,0.0,True
1,1.0,asset_upper:Asset_078,<=,0.0,0.2,0.2,0.0,True
1,1.0,asset_lower:Asset_079,>=,0.0,0.0,0.0,0.0,True
1,1.0,asset_upper:Asset_079,<=,0.0,0.2,0.2,0.0,True
1,1.0,asset_lower:Asset_080,>=,0.0,0.0,0.0,0.0,True
1,1.0,asset_upper:Asset_080,<=,0.0,0.2,0.2,0.0,True
1,1.0,asset_lower:Asset_081,>=,0.04999999999779964,0.0,0.04999999999779964,0.0,True
1,1.0,asset_upper:Asset_081,<=,0.04999999999779964,0.2,0.15000000000220037,0.0,True
1,1.0,asset_lower:Asset_082,>=,0.0,0.0,0.0,0.0,True
1,1.0,asset_upper:Asset_082,<=,0.0,0.2,0.2,0.0,True
1,1.0,asset_lower:Asset_083,>=,0.05000000002505798,0.0,0.05000000002505798,0.0,True
1,1.0,asset_upper:Asset_083,<=,0.05000000002505798,0.2,0.14999999997494204,0.0,True
1,1.0,asset_lower:Asset_084,>=,0.0,0.0,0.0,0.0,True
1,1.0,asset_upper:Asset_084,<=,0.0,0.2,0.2,0.0,True
1,1.0,asset_lower:Asset_085,>=,0.0,0.0,0.0,0.0,True
1,1.0,asset_upper:Asset_085,<=,0.0,0.2,0.2,0.0,True
1,1.0,asset_lower:Asset_086,>=,0.0,0.0,0.0,0.0,True
1,1.0,asset_upper:Asset_086,<=,0.0,0.2,0.2,0.0,True
1,1.0,asset_lower:Asset_087,>=,0.0,0.0,0.0,0.0,True
1,1.0,asset_upper:Asset_087,<=,0.0,0.2,0.2,0.0,True
1,1.0,asset_lower:Asset_088,>=,0.0,0.0,0.0,0.0,True
1,1.0,asset_upper:Asset_088,<=,0.0,0.2,0.2,0.0,True
1,1.0,asset_lower:Asset_089,>=,0.0,0.0,0.0,0.0,True
1,1.0,asset_upper:Asset_089,<=,0.0,0.2,0.2,0.0,True
1,1.0,asset_lower:Asset_090,>=,0.0,0.0,0.0,0.0,True
1,1.0,asset_upper:Asset_090,<=,0.0,0.2,0.2,0.0,True
1,1.0,asset_lower:Asset_091,>=,0.049999999996129835,0.0,0.049999999996129835,0.0,True
1,1.0,asset_upper:Asset_091,<=,0.049999999996129835,0.2,0.15000000000387018,0.0,True
1,1.0,asset_lower:Asset_092,>=,0.009999999994971571,0.0,0.009999999994971571,0.0,True
1,1.0,asset_upper:Asset_092,<=,0.009999999994971571,0.2,0.19000000000502845,0.0,True
1,1.0,asset_lower:Asset_093,>=,0.04999999999789399,0.0,0.04999999999789399,0.0,True
1,1.0,asset_upper:Asset_093,<=,0.04999999999789399,0.2,0.150000000002106,0.0,True
1,1.0,asset_lower:Asset_094,>=,0.0,0.0,0.0,0.0,True
1,1.0,asset_upper:Asset_094,<=,0.0,0.2,0.2,0.0,True
1,1.0,asset_lower:Asset_095,>=,0.0,0.0,0.0,0.0,True
1,1.0,asset_upper:Asset_095,<=,0.0,0.2,0.2,0.0,True
1,1.0,asset_lower:Asset_096,>=,0.009999999996353278,0.0,0.009999999996353278,0.0,True
1,1.0,asset_upper:Asset_096,<=,0.009999999996353278,0.2,0.19000000000364672,0.0,True
1,1.0,asset_lower:Asset_097,>=,0.06528479712951694,0.0,0.06528479712951694,0.0,True
1,1.0,asset_upper:Asset_097,<=,0.06528479712951694,0.2,0.13471520287048305,0.0,True
1,1.0,asset_lower:Asset_098,>=,0.0,0.0,0.0,0.0,True
1,1.0,asset_upper:Asset_098,<=,0.0,0.2,0.2,0.0,True
1,1.0,asset_lower:Asset_099,>=,0.0,0.0,0.0,0.0,True
1,1.0,asset_upper:Asset_099,<=,0.0,0.2,0.2,0.0,True
1,1.0,group_lower:Group_0,>=,0.1999999997647944,0.10000000000000002,0.09999999976479439,0.0,True
1,1.0,group_upper:Group_0,<=,0.1999999997647944,0.25,0.050000000235205594,0.0,True
1,1.0,group_lower:Group_1,>=,0.1285812626492044,0.10000000000000002,0.028581262649204367,0.0,True
1,1.0,group_upper:Group_1,<=,0.1285812626492044,0.25,0.12141873735079561,0.0,True
1,1.0,group_lower:Group_2,>=,0.21528479713454457,0.10000000000000002,0.11528479713454455,0.0,True
1,1.0,group_upper:Group_2,<=,0.21528479713454457,0.25,0.03471520286545543,0.0,True
1,1.0,group_lower:Group_3,>=,0.1304234767127362,0.10000000000000002,0.030423476712736194,0.0,True
1,1.0,group_upper:Group_3,<=,0.1304234767127362,0.25,0.11957652328726379,0.0,True
1,1.0,group_lower:Group_4,>=,0.07099526059245634,0.05,0.020995260592456336,0.0,True
1,1.0,group_upper:Group_4,<=,0.07099526059245634,0.2,0.12900473940754367,0.0,True
1,1.0,group_lower:Group_5,>=,0.10000000002716994,0.05,0.050000000027169936,0.0,True
1,1.0,group_upper:Group_5,<=,0.10000000002716994,0.2,0.09999999997283007,0.0,True
1,1.0,group_lower:Group_6,>=,0.09471520312622914,0.05,0.04471520312622913,0.0,True
1,1.0,group_upper:Group_6,<=,0.09471520312622914,0.2,0.10528479687377088,0.0,True
1,1.0,group_lower:Group_7,>=,0.059999999992865566,0.05,0.009999999992865563,0.0,True
1,1.0,group_upper:Group_7,<=,0.059999999992865566,0.2,0.14000000000713445,0.0,True
1,1.0,max_turnover,<=,0.4000000001037405,0.4,-1.0374046066630171e-10,1.0374046066630171e-10,True
1,1.0,exact_cardinality,=,20.0,20.0,-0.0,0.0,True
1,1.0,minimum_active_weight:Asset_006,>=,0.009999999995662662,0.01,-4.337337780602191e-12,4.337337780602191e-12,True
1,1.0,minimum_active_weight:Asset_008,>=,0.050000000002111966,0.01,0.040000000002111964,0.0,True
1,1.0,minimum_active_weight:Asset_015,>=,0.09999999976849126,0.01,0.08999999976849127,0.0,True
1,1.0,minimum_active_weight:Asset_017,>=,0.08471520312987586,0.01,0.07471520312987587,0.0,True
1,1.0,minimum_active_weight:Asset_025,>=,0.018581262662688974,0.01,0.008581262662688974,0.0,True
1,1.0,minimum_active_weight:Asset_038,>=,0.05000000000615693,0.01,0.04000000000615693,0.0,True
1,1.0,minimum_active_weight:Asset_049,>=,0.02099526059169356,0.01,0.01099526059169356,0.0,True
1,1.0,minimum_active_weight:Asset_054,>=,0.09999999999887071,0.01,0.08999999999887072,0.0,True
1,1.0,minimum_active_weight:Asset_055,>=,0.05000000000017331,0.01,0.04000000000017331,0.0,True
1,1.0,minimum_active_weight:Asset_062,>=,0.09999999999085275,0.01,0.08999999999085276,0.0,True
1,1.0,minimum_active_weight:Asset_064,>=,0.030423476721792703,0.01,0.020423476721792705,0.0,True
1,1.0,minimum_active_weight:Asset_073,>=,0.05000000000076278,0.01,0.04000000000076278,0.0,True
1,1.0,minimum_active_weight:Asset_075,>=,0.049999999993143876,0.01,0.039999999993143874,0.0,True
1,1.0,minimum_active_weight:Asset_081,>=,0.04999999999779964,0.01,0.039999999997799636,0.0,True
1,1.0,minimum_active_weight:Asset_083,>=,0.05000000002505798,0.01,0.04000000002505798,0.0,True
1,1.0,minimum_active_weight:Asset_091,>=,0.049999999996129835,0.01,0.03999999999612983,0.0,True
1,1.0,minimum_active_weight:Asset_092,>=,0.009999999994971571,0.01,-5.028429062026163e-12,5.028429062026163e-12,True
1,1.0,minimum_active_weight:Asset_093,>=,0.04999999999789399,0.01,0.03999999999789399,0.0,True
1,1.0,minimum_active_weight:Asset_096,>=,0.009999999996353278,0.01,-3.646721813410636e-12,3.646721813410636e-12,True
1,1.0,minimum_active_weight:Asset_097,>=,0.06528479712951694,0.01,0.05528479712951694,0.0,True
1,1.0,implementation_upper:Asset_000,<=,0.0,0.1,0.1,0.0,True
1,1.0,implementation_upper:Asset_001,<=,0.0,0.1,0.1,0.0,True
1,1.0,implementation_upper:Asset_002,<=,0.0,0.1,0.1,0.0,True
1,1.0,implementation_upper:Asset_003,<=,0.0,0.1,0.1,0.0,True
1,1.0,implementation_upper:Asset_004,<=,0.0,0.1,0.1,0.0,True
1,1.0,implementation_upper:Asset_005,<=,0.0,0.1,0.1,0.0,True
1,1.0,implementation_upper:Asset_006,<=,0.009999999995662662,0.1,0.09000000000433735,0.0,True
1,1.0,implementation_upper:Asset_007,<=,0.0,0.1,0.1,0.0,True
1,1.0,implementation_upper:Asset_008,<=,0.050000000002111966,0.1,0.04999999999788804,0.0,True
1,1.0,implementation_upper:Asset_009,<=,0.0,0.1,0.1,0.0,True
1,1.0,implementation_upper:Asset_010,<=,0.0,0.1,0.1,0.0,True
1,1.0,implementation_upper:Asset_011,<=,0.0,0.1,0.1,0.0,True
1,1.0,implementation_upper:Asset_012,<=,0.0,0.1,0.1,0.0,True
1,1.0,implementation_upper:Asset_013,<=,0.0,0.1,0.1,0.0,True
1,1.0,implementation_upper:Asset_014,<=,0.0,0.1,0.1,0.0,True
1,1.0,implementation_upper:Asset_015,<=,0.09999999976849126,0.1,2.3150874273181188e-10,0.0,True
1,1.0,implementation_upper:Asset_016,<=,0.0,0.1,0.1,0.0,True
1,1.0,implementation_upper:Asset_017,<=,0.08471520312987586,0.1,0.015284796870124143,0.0,True
1,1.0,implementation_upper:Asset_018,<=,0.0,0.1,0.1,0.0,True
1,1.0,implementation_upper:Asset_019,<=,0.0,0.1,0.1,0.0,True
1,1.0,implementation_upper:Asset_020,<=,0.0,0.1,0.1,0.0,True
1,1.0,implementation_upper:Asset_021,<=,0.0,0.1,0.1,0.0,True
1,1.0,implementation_upper:Asset_022,<=,0.0,0.1,0.1,0.0,True
1,1.0,implementation_upper:Asset_023,<=,0.0,0.1,0.1,0.0,True
1,1.0,implementation_upper:Asset_024,<=,0.0,0.1,0.1,0.0,True
1,1.0,implementation_upper:Asset_025,<=,0.018581262662688974,0.1,0.08141873733731103,0.0,True
1,1.0,implementation_upper:Asset_026,<=,0.0,0.1,0.1,0.0,True
1,1.0,implementation_upper:Asset_027,<=,0.0,0.1,0.1,0.0,True
1,1.0,implementation_upper:Asset_028,<=,0.0,0.1,0.1,0.0,True
1,1.0,implementation_upper:Asset_029,<=,0.0,0.1,0.1,0.0,True
1,1.0,implementation_upper:Asset_030,<=,0.0,0.1,0.1,0.0,True
1,1.0,implementation_upper:Asset_031,<=,0.0,0.1,0.1,0.0,True
1,1.0,implementation_upper:Asset_032,<=,0.0,0.1,0.1,0.0,True
1,1.0,implementation_upper:Asset_033,<=,0.0,0.1,0.1,0.0,True
1,1.0,implementation_upper:Asset_034,<=,0.0,0.1,0.1,0.0,True
1,1.0,implementation_upper:Asset_035,<=,0.0,0.1,0.1,0.0,True
1,1.0,implementation_upper:Asset_036,<=,0.0,0.1,0.1,0.0,True
1,1.0,implementation_upper:Asset_037,<=,0.0,0.1,0.1,0.0,True
1,1.0,implementation_upper:Asset_038,<=,0.05000000000615693,0.1,0.049999999993843074,0.0,True
1,1.0,implementation_upper:Asset_039,<=,0.0,0.1,0.1,0.0,True
1,1.0,implementation_upper:Asset_040,<=,0.0,0.1,0.1,0.0,True
1,1.0,implementation_upper:Asset_041,<=,0.0,0.1,0.1,0.0,True
1,1.0,implementation_upper:Asset_042,<=,0.0,0.1,0.1,0.0,True
1,1.0,implementation_upper:Asset_043,<=,0.0,0.1,0.1,0.0,True
1,1.0,implementation_upper:Asset_044,<=,0.0,0.1,0.1,0.0,True
1,1.0,implementation_upper:Asset_045,<=,0.0,0.1,0.1,0.0,True
1,1.0,implementation_upper:Asset_046,<=,0.0,0.1,0.1,0.0,True
1,1.0,implementation_upper:Asset_047,<=,0.0,0.1,0.1,0.0,True
1,1.0,implementation_upper:Asset_048,<=,0.0,0.1,0.1,0.0,True
1,1.0,implementation_upper:Asset_049,<=,0.02099526059169356,0.1,0.07900473940830645,0.0,True
1,1.0,implementation_upper:Asset_050,<=,0.0,0.1,0.1,0.0,True
1,1.0,implementation_upper:Asset_051,<=,0.0,0.1,0.1,0.0,True
1,1.0,implementation_upper:Asset_052,<=,0.0,0.1,0.1,0.0,True
1,1.0,implementation_upper:Asset_053,<=,0.0,0.1,0.1,0.0,True
1,1.0,implementation_upper:Asset_054,<=,0.09999999999887071,0.1,1.1292911050730936e-12,0.0,True
1,1.0,implementation_upper:Asset_055,<=,0.05000000000017331,0.1,0.0499999999998267,0.0,True
1,1.0,implementation_upper:Asset_056,<=,0.0,0.1,0.1,0.0,True
1,1.0,implementation_upper:Asset_057,<=,0.0,0.1,0.1,0.0,True
1,1.0,implementation_upper:Asset_058,<=,0.0,0.1,0.1,0.0,True
1,1.0,implementation_upper:Asset_059,<=,0.0,0.1,0.1,0.0,True
1,1.0,implementation_upper:Asset_060,<=,0.0,0.1,0.1,0.0,True
1,1.0,implementation_upper:Asset_061,<=,0.0,0.1,0.1,0.0,True
1,1.0,implementation_upper:Asset_062,<=,0.09999999999085275,0.1,9.147252399976935e-12,0.0,True
1,1.0,implementation_upper:Asset_063,<=,0.0,0.1,0.1,0.0,True
1,1.0,implementation_upper:Asset_064,<=,0.030423476721792703,0.1,0.0695765232782073,0.0,True
1,1.0,implementation_upper:Asset_065,<=,0.0,0.1,0.1,0.0,True
1,1.0,implementation_upper:Asset_066,<=,0.0,0.1,0.1,0.0,True
1,1.0,implementation_upper:Asset_067,<=,0.0,0.1,0.1,0.0,True
1,1.0,implementation_upper:Asset_068,<=,0.0,0.1,0.1,0.0,True
1,1.0,implementation_upper:Asset_069,<=,0.0,0.1,0.1,0.0,True
1,1.0,implementation_upper:Asset_070,<=,0.0,0.1,0.1,0.0,True
1,1.0,implementation_upper:Asset_071,<=,0.0,0.1,0.1,0.0,True
1,1.0,implementation_upper:Asset_072,<=,0.0,0.1,0.1,0.0,True
1,1.0,implementation_upper:Asset_073,<=,0.05000000000076278,0.1,0.049999999999237224,0.0,True
1,1.0,implementation_upper:Asset_074,<=,0.0,0.1,0.1,0.0,True
1,1.0,implementation_upper:Asset_075,<=,0.049999999993143876,0.1,0.05000000000685613,0.0,True
1,1.0,implementation_upper:Asset_076,<=,0.0,0.1,0.1,0.0,True
1,1.0,implementation_upper:Asset_077,<=,0.0,0.1,0.1,0.0,True
1,1.0,implementation_upper:Asset_078,<=,0.0,0.1,0.1,0.0,True
1,1.0,implementation_upper:Asset_079,<=,0.0,0.1,0.1,0.0,True
1,1.0,implementation_upper:Asset_080,<=,0.0,0.1,0.1,0.0,True
1,1.0,implementation_upper:Asset_081,<=,0.04999999999779964,0.1,0.05000000000220037,0.0,True
1,1.0,implementation_upper:Asset_082,<=,0.0,0.1,0.1,0.0,True
1,1.0,implementation_upper:Asset_083,<=,0.05000000002505798,0.1,0.049999999974942026,0.0,True
1,1.0,implementation_upper:Asset_084,<=,0.0,0.1,0.1,0.0,True
1,1.0,implementation_upper:Asset_085,<=,0.0,0.1,0.1,0.0,True
1,1.0,implementation_upper:Asset_086,<=,0.0,0.1,0.1,0.0,True
1,1.0,implementation_upper:Asset_087,<=,0.0,0.1,0.1,0.0,True
1,1.0,implementation_upper:Asset_088,<=,0.0,0.1,0.1,0.0,True
1,1.0,implementation_upper:Asset_089,<=,0.0,0.1,0.1,0.0,True
1,1.0,implementation_upper:Asset_090,<=,0.0,0.1,0.1,0.0,True
1,1.0,implementation_upper:Asset_091,<=,0.049999999996129835,0.1,0.05000000000387017,0.0,True
1,1.0,implementation_upper:Asset_092,<=,0.009999999994971571,0.1,0.09000000000502843,0.0,True
1,1.0,implementation_upper:Asset_093,<=,0.04999999999789399,0.1,0.05000000000210601,0.0,True
1,1.0,implementation_upper:Asset_094,<=,0.0,0.1,0.1,0.0,True
1,1.0,implementation_upper:Asset_095,<=,0.0,0.1,0.1,0.0,True
1,1.0,implementation_upper:Asset_096,<=,0.009999999996353278,0.1,0.09000000000364673,0.0,True
1,1.0,implementation_upper:Asset_097,<=,0.06528479712951694,0.1,0.03471520287048306,0.0,True
1,1.0,implementation_upper:Asset_098,<=,0.0,0.1,0.1,0.0,True
1,1.0,implementation_upper:Asset_099,<=,0.0,0.1,0.1,0.0,True
2,0.0,budget,=,1.0,1.0,-0.0,0.0,True
2,0.0,asset_lower:Asset_000,>=,0.0,0.0,0.0,0.0,True
2,0.0,asset_upper:Asset_000,<=,0.0,0.2,0.2,0.0,True
2,0.0,asset_lower:Asset_001,>=,0.0,0.0,0.0,0.0,True
2,0.0,asset_upper:Asset_001,<=,0.0,0.2,0.2,0.0,True
2,0.0,asset_lower:Asset_002,>=,0.0,0.0,0.0,0.0,True
2,0.0,asset_upper:Asset_002,<=,0.0,0.2,0.2,0.0,True
2,0.0,asset_lower:Asset_003,>=,0.0,0.0,0.0,0.0,True
2,0.0,asset_upper:Asset_003,<=,0.0,0.2,0.2,0.0,True
2,0.0,asset_lower:Asset_004,>=,0.0,0.0,0.0,0.0,True
2,0.0,asset_upper:Asset_004,<=,0.0,0.2,0.2,0.0,True
2,0.0,asset_lower:Asset_005,>=,0.0,0.0,0.0,0.0,True
2,0.0,asset_upper:Asset_005,<=,0.0,0.2,0.2,0.0,True
2,0.0,asset_lower:Asset_006,>=,0.010000000365175093,0.0,0.010000000365175093,0.0,True
2,0.0,asset_upper:Asset_006,<=,0.010000000365175093,0.2,0.18999999963482492,0.0,True
2,0.0,asset_lower:Asset_007,>=,0.0,0.0,0.0,0.0,True
2,0.0,asset_upper:Asset_007,<=,0.0,0.2,0.2,0.0,True
2,0.0,asset_lower:Asset_008,>=,0.05000000220482542,0.0,0.05000000220482542,0.0,True
2,0.0,asset_upper:Asset_008,<=,0.05000000220482542,0.2,0.1499999977951746,0.0,True
2,0.0,asset_lower:Asset_009,>=,0.0,0.0,0.0,0.0,True
2,0.0,asset_upper:Asset_009,<=,0.0,0.2,0.2,0.0,True
2,0.0,asset_lower:Asset_010,>=,0.0,0.0,0.0,0.0,True
2,0.0,asset_upper:Asset_010,<=,0.0,0.2,0.2,0.0,True
2,0.0,asset_lower:Asset_011,>=,0.0,0.0,0.0,0.0,True
2,0.0,asset_upper:Asset_011,<=,0.0,0.2,0.2,0.0,True
2,0.0,asset_lower:Asset_012,>=,0.0,0.0,0.0,0.0,True
2,0.0,asset_upper:Asset_012,<=,0.0,0.2,0.2,0.0,True
2,0.0,asset_lower:Asset_013,>=,0.0,0.0,0.0,0.0,True
2,0.0,asset_upper:Asset_013,<=,0.0,0.2,0.2,0.0,True
2,0.0,asset_lower:Asset_014,>=,0.0,0.0,0.0,0.0,True
2,0.0,asset_upper:Asset_014,<=,0.0,0.2,0.2,0.0,True
2,0.0,asset_lower:Asset_015,>=,0.05000000214233769,0.0,0.05000000214233769,0.0,True
2,0.0,asset_upper:Asset_015,<=,0.05000000214233769,0.2,0.14999999785766233,0.0,True
2,0.0,asset_lower:Asset_016,>=,0.0,0.0,0.0,0.0,True
2,0.0,asset_upper:Asset_016,<=,0.0,0.2,0.2,0.0,True
2,0.0,asset_lower:Asset_017,>=,0.09999999801686127,0.0,0.09999999801686127,0.0,True
2,0.0,asset_upper:Asset_017,<=,0.09999999801686127,0.2,0.10000000198313874,0.0,True
2,0.0,asset_lower:Asset_018,>=,0.0,0.0,0.0,0.0,True
2,0.0,asset_upper:Asset_018,<=,0.0,0.2,0.2,0.0,True
2,0.0,asset_lower:Asset_019,>=,0.0,0.0,0.0,0.0,True
2,0.0,asset_upper:Asset_019,<=,0.0,0.2,0.2,0.0,True
2,0.0,asset_lower:Asset_020,>=,0.0,0.0,0.0,0.0,True
2,0.0,asset_upper:Asset_020,<=,0.0,0.2,0.2,0.0,True
2,0.0,asset_lower:Asset_021,>=,0.0,0.0,0.0,0.0,True
2,0.0,asset_upper:Asset_021,<=,0.0,0.2,0.2,0.0,True
2,0.0,asset_lower:Asset_022,>=,0.0,0.0,0.0,0.0,True
2,0.0,asset_upper:Asset_022,<=,0.0,0.2,0.2,0.0,True
2,0.0,asset_lower:Asset_023,>=,0.0,0.0,0.0,0.0,True
2,0.0,asset_upper:Asset_023,<=,0.0,0.2,0.2,0.0,True
2,0.0,asset_lower:Asset_024,>=,0.0,0.0,0.0,0.0,True
2,0.0,asset_upper:Asset_024,<=,0.0,0.2,0.2,0.0,True
2,0.0,asset_lower:Asset_025,>=,0.010000001789695212,0.0,0.010000001789695212,0.0,True
2,0.0,asset_upper:Asset_025,<=,0.010000001789695212,0.2,0.1899999982103048,0.0,True
2,0.0,asset_lower:Asset_026,>=,0.0,0.0,0.0,0.0,True
2,0.0,asset_upper:Asset_026,<=,0.0,0.2,0.2,0.0,True
2,0.0,asset_lower:Asset_027,>=,0.0,0.0,0.0,0.0,True
2,0.0,asset_upper:Asset_027,<=,0.0,0.2,0.2,0.0,True
2,0.0,asset_lower:Asset_028,>=,0.0,0.0,0.0,0.0,True
2,0.0,asset_upper:Asset_028,<=,0.0,0.2,0.2,0.0,True
2,0.0,asset_lower:Asset_029,>=,0.0,0.0,0.0,0.0,True
2,0.0,asset_upper:Asset_029,<=,0.0,0.2,0.2,0.0,True
2,0.0,asset_lower:Asset_030,>=,0.0,0.0,0.0,0.0,True
2,0.0,asset_upper:Asset_030,<=,0.0,0.2,0.2,0.0,True
2,0.0,asset_lower:Asset_031,>=,0.0,0.0,0.0,0.0,True
2,0.0,asset_upper:Asset_031,<=,0.0,0.2,0.2,0.0,True
2,0.0,asset_lower:Asset_032,>=,0.0,0.0,0.0,0.0,True
2,0.0,asset_upper:Asset_032,<=,0.0,0.2,0.2,0.0,True
2,0.0,asset_lower:Asset_033,>=,0.0,0.0,0.0,0.0,True
2,0.0,asset_upper:Asset_033,<=,0.0,0.2,0.2,0.0,True
2,0.0,asset_lower:Asset_034,>=,0.0,0.0,0.0,0.0,True
2,0.0,asset_upper:Asset_034,<=,0.0,0.2,0.2,0.0,True
2,0.0,asset_lower:Asset_035,>=,0.0,0.0,0.0,0.0,True
2,0.0,asset_upper:Asset_035,<=,0.0,0.2,0.2,0.0,True
2,0.0,asset_lower:Asset_036,>=,0.0,0.0,0.0,0.0,True
2,0.0,asset_upper:Asset_036,<=,0.0,0.2,0.2,0.0,True
2,0.0,asset_lower:Asset_037,>=,0.0,0.0,0.0,0.0,True
2,0.0,asset_upper:Asset_037,<=,0.0,0.2,0.2,0.0,True
2,0.0,asset_lower:Asset_038,>=,0.0500000001133194,0.0,0.0500000001133194,0.0,True
2,0.0,asset_upper:Asset_038,<=,0.0500000001133194,0.2,0.1499999998866806,0.0,True
2,0.0,asset_lower:Asset_039,>=,0.0,0.0,0.0,0.0,True
2,0.0,asset_upper:Asset_039,<=,0.0,0.2,0.2,0.0,True
2,0.0,asset_lower:Asset_040,>=,0.0,0.0,0.0,0.0,True
2,0.0,asset_upper:Asset_040,<=,0.0,0.2,0.2,0.0,True
2,0.0,asset_lower:Asset_041,>=,0.0,0.0,0.0,0.0,True
2,0.0,asset_upper:Asset_041,<=,0.0,0.2,0.2,0.0,True
2,0.0,asset_lower:Asset_042,>=,0.0,0.0,0.0,0.0,True
2,0.0,asset_upper:Asset_042,<=,0.0,0.2,0.2,0.0,True
2,0.0,asset_lower:Asset_043,>=,0.0,0.0,0.0,0.0,True
2,0.0,asset_upper:Asset_043,<=,0.0,0.2,0.2,0.0,True
2,0.0,asset_lower:Asset_044,>=,0.0,0.0,0.0,0.0,True
2,0.0,asset_upper:Asset_044,<=,0.0,0.2,0.2,0.0,True
2,0.0,asset_lower:Asset_045,>=,0.0,0.0,0.0,0.0,True
2,0.0,asset_upper:Asset_045,<=,0.0,0.2,0.2,0.0,True
2,0.0,asset_lower:Asset_046,>=,0.0,0.0,0.0,0.0,True
2,0.0,asset_upper:Asset_046,<=,0.0,0.2,0.2,0.0,True
2,0.0,asset_lower:Asset_047,>=,0.0,0.0,0.0,0.0,True
2,0.0,asset_upper:Asset_047,<=,0.0,0.2,0.2,0.0,True
2,0.0,asset_lower:Asset_048,>=,0.0,0.0,0.0,0.0,True
2,0.0,asset_upper:Asset_048,<=,0.0,0.2,0.2,0.0,True
2,0.0,asset_lower:Asset_049,>=,0.049999997266737504,0.0,0.049999997266737504,0.0,True
2,0.0,asset_upper:Asset_049,<=,0.049999997266737504,0.2,0.1500000027332625,0.0,True
2,0.0,asset_lower:Asset_050,>=,0.0,0.0,0.0,0.0,True
2,0.0,asset_upper:Asset_050,<=,0.0,0.2,0.2,0.0,True
2,0.0,asset_lower:Asset_051,>=,0.0,0.0,0.0,0.0,True
2,0.0,asset_upper:Asset_051,<=,0.0,0.2,0.2,0.0,True
2,0.0,asset_lower:Asset_052,>=,0.0,0.0,0.0,0.0,True
2,0.0,asset_upper:Asset_052,<=,0.0,0.2,0.2,0.0,True
2,0.0,asset_lower:Asset_053,>=,0.0,0.0,0.0,0.0,True
2,0.0,asset_upper:Asset_053,<=,0.0,0.2,0.2,0.0,True
2,0.0,asset_lower:Asset_054,>=,0.09999999724742005,0.0,0.09999999724742005,0.0,True
2,0.0,asset_upper:Asset_054,<=,0.09999999724742005,0.2,0.10000000275257996,0.0,True
2,0.0,asset_lower:Asset_055,>=,0.028368015166530255,0.0,0.028368015166530255,0.0,True
2,0.0,asset_upper:Asset_055,<=,0.028368015166530255,0.2,0.17163198483346975,0.0,True
2,0.0,asset_lower:Asset_056,>=,0.0,0.0,0.0,0.0,True
2,0.0,asset_upper:Asset_056,<=,0.0,0.2,0.2,0.0,True
2,0.0,asset_lower:Asset_057,>=,0.0,0.0,0.0,0.0,True
2,0.0,asset_upper:Asset_057,<=,0.0,0.2,0.2,0.0,True
2,0.0,asset_lower:Asset_058,>=,0.0,0.0,0.0,0.0,True
2,0.0,asset_upper:Asset_058,<=,0.0,0.2,0.2,0.0,True
2,0.0,asset_lower:Asset_059,>=,0.0,0.0,0.0,0.0,True
2,0.0,asset_upper:Asset_059,<=,0.0,0.2,0.2,0.0,True
2,0.0,asset_lower:Asset_060,>=,0.0,0.0,0.0,0.0,True
2,0.0,asset_upper:Asset_060,<=,0.0,0.2,0.2,0.0,True
2,0.0,asset_lower:Asset_061,>=,0.0,0.0,0.0,0.0,True
2,0.0,asset_upper:Asset_061,<=,0.0,0.2,0.2,0.0,True
2,0.0,asset_lower:Asset_062,>=,0.09605306175837099,0.0,0.09605306175837099,0.0,True
2,0.0,asset_upper:Asset_062,<=,0.09605306175837099,0.2,0.10394693824162902,0.0,True
2,0.0,asset_lower:Asset_063,>=,0.0,0.0,0.0,0.0,True
2,0.0,asset_upper:Asset_063,<=,0.0,0.2,0.2,0.0,True
2,0.0,asset_lower:Asset_064,>=,0.05394691601648978,0.0,0.05394691601648978,0.0,True
2,0.0,asset_upper:Asset_064,<=,0.05394691601648978,0.2,0.14605308398351025,0.0,True
2,0.0,asset_lower:Asset_065,>=,0.0,0.0,0.0,0.0,True
2,0.0,asset_upper:Asset_065,<=,0.0,0.2,0.2,0.0,True
2,0.0,asset_lower:Asset_066,>=,0.0,0.0,0.0,0.0,True
2,0.0,asset_upper:Asset_066,<=,0.0,0.2,0.2,0.0,True
2,0.0,asset_lower:Asset_067,>=,0.0,0.0,0.0,0.0,True
2,0.0,asset_upper:Asset_067,<=,0.0,0.2,0.2,0.0,True
2,0.0,asset_lower:Asset_068,>=,0.0,0.0,0.0,0.0,True
2,0.0,asset_upper:Asset_068,<=,0.0,0.2,0.2,0.0,True
2,0.0,asset_lower:Asset_069,>=,0.0,0.0,0.0,0.0,True
2,0.0,asset_upper:Asset_069,<=,0.0,0.2,0.2,0.0,True
2,0.0,asset_lower:Asset_070,>=,0.0,0.0,0.0,0.0,True
2,0.0,asset_upper:Asset_070,<=,0.0,0.2,0.2,0.0,True
2,0.0,asset_lower:Asset_071,>=,0.0,0.0,0.0,0.0,True
2,0.0,asset_upper:Asset_071,<=,0.0,0.2,0.2,0.0,True
2,0.0,asset_lower:Asset_072,>=,0.0,0.0,0.0,0.0,True
2,0.0,asset_upper:Asset_072,<=,0.0,0.2,0.2,0.0,True
2,0.0,asset_lower:Asset_073,>=,0.05000000085200916,0.0,0.05000000085200916,0.0,True
2,0.0,asset_upper:Asset_073,<=,0.05000000085200916,0.2,0.14999999914799084,0.0,True
2,0.0,asset_lower:Asset_074,>=,0.0,0.0,0.0,0.0,True
2,0.0,asset_upper:Asset_074,<=,0.0,0.2,0.2,0.0,True
2,0.0,asset_lower:Asset_075,>=,0.04999999897034224,0.0,0.04999999897034224,0.0,True
2,0.0,asset_upper:Asset_075,<=,0.04999999897034224,0.2,0.15000000102965777,0.0,True
2,0.0,asset_lower:Asset_076,>=,0.0,0.0,0.0,0.0,True
2,0.0,asset_upper:Asset_076,<=,0.0,0.2,0.2,0.0,True
2,0.0,asset_lower:Asset_077,>=,0.0,0.0,0.0,0.0,True
2,0.0,asset_upper:Asset_077,<=,0.0,0.2,0.2,0.0,True
2,0.0,asset_lower:Asset_078,>=,0.0,0.0,0.0,0.0,True
2,0.0,asset_upper:Asset_078,<=,0.0,0.2,0.2,0.0,True
2,0.0,asset_lower:Asset_079,>=,0.0,0.0,0.0,0.0,True
2,0.0,asset_upper:Asset_079,<=,0.0,0.2,0.2,0.0,True
2,0.0,asset_lower:Asset_080,>=,0.0,0.0,0.0,0.0,True
2,0.0,asset_upper:Asset_080,<=,0.0,0.2,0.2,0.0,True
2,0.0,asset_lower:Asset_081,>=,0.04999998750738762,0.0,0.04999998750738762,0.0,True
2,0.0,asset_upper:Asset_081,<=,0.04999998750738762,0.2,0.15000001249261238,0.0,True
2,0.0,asset_lower:Asset_082,>=,0.0,0.0,0.0,0.0,True
2,0.0,asset_upper:Asset_082,<=,0.0,0.2,0.2,0.0,True
2,0.0,asset_lower:Asset_083,>=,0.09999999845204939,0.0,0.09999999845204939,0.0,True
2,0.0,asset_upper:Asset_083,<=,0.09999999845204939,0.2,0.10000000154795062,0.0,True
2,0.0,asset_lower:Asset_084,>=,0.0,0.0,0.0,0.0,True
2,0.0,asset_upper:Asset_084,<=,0.0,0.2,0.2,0.0,True
2,0.0,asset_lower:Asset_085,>=,0.0,0.0,0.0,0.0,True
2,0.0,asset_upper:Asset_085,<=,0.0,0.2,0.2,0.0,True
2,0.0,asset_lower:Asset_086,>=,0.0,0.0,0.0,0.0,True
2,0.0,asset_upper:Asset_086,<=,0.0,0.2,0.2,0.0,True
2,0.0,asset_lower:Asset_087,>=,0.0,0.0,0.0,0.0,True
2,0.0,asset_upper:Asset_087,<=,0.0,0.2,0.2,0.0,True
2,0.0,asset_lower:Asset_088,>=,0.0,0.0,0.0,0.0,True
2,0.0,asset_upper:Asset_088,<=,0.0,0.2,0.2,0.0,True
2,0.0,asset_lower:Asset_089,>=,0.0,0.0,0.0,0.0,True
2,0.0,asset_upper:Asset_089,<=,0.0,0.2,0.2,0.0,True
2,0.0,asset_lower:Asset_090,>=,0.0,0.0,0.0,0.0,True
2,0.0,asset_upper:Asset_090,<=,0.0,0.2,0.2,0.0,True
2,0.0,asset_lower:Asset_091,>=,0.031632011246175144,0.0,0.031632011246175144,0.0,True
2,0.0,asset_upper:Asset_091,<=,0.031632011246175144,0.2,0.16836798875382486,0.0,True
2,0.0,asset_lower:Asset_092,>=,0.010000000520692097,0.0,0.010000000520692097,0.0,True
2,0.0,asset_upper:Asset_092,<=,0.010000000520692097,0.2,0.1899999994793079,0.0,True
2,0.0,asset_lower:Asset_093,>=,0.050000001678312915,0.0,0.050000001678312915,0.0,True
2,0.0,asset_upper:Asset_093,<=,0.050000001678312915,0.2,0.1499999983216871,0.0,True
2,0.0,asset_lower:Asset_094,>=,0.0,0.0,0.0,0.0,True
2,0.0,asset_upper:Asset_094,<=,0.0,0.2,0.2,0.0,True
2,0.0,asset_lower:Asset_095,>=,0.0,0.0,0.0,0.0,True
2,0.0,asset_upper:Asset_095,<=,0.0,0.2,0.2,0.0,True
2,0.0,asset_lower:Asset_096,>=,0.010000001016462765,0.0,0.010000001016462765,0.0,True
2,0.0,asset_upper:Asset_096,<=,0.010000001016462765,0.2,0.18999999898353725,0.0,True
2,0.0,asset_lower:Asset_097,>=,0.050000007668806,0.0,0.050000007668806,0.0,True
2,0.0,asset_upper:Asset_097,<=,0.050000007668806,0.2,0.14999999233119402,0.0,True
2,0.0,asset_lower:Asset_098,>=,0.0,0.0,0.0,0.0,True
2,0.0,asset_upper:Asset_098,<=,0.0,0.2,0.2,0.0,True
2,0.0,asset_lower:Asset_099,>=,0.0,0.0,0.0,0.0,True
2,0.0,asset_upper:Asset_099,<=,0.0,0.2,0.2,0.0,True
2,0.0,group_lower:Group_0,>=,0.1100000285550431,0.10000000000000002,0.010000028555043075,0.0,True
2,0.0,group_upper:Group_0,<=,0.1100000285550431,0.25,0.1399999714449569,0.0,True
2,0.0,group_lower:Group_1,>=,0.11605306391324129,0.10000000000000002,0.016053063913241267,0.0,True
2,0.0,group_upper:Group_1,<=,0.11605306391324129,0.25,0.13394693608675873,0.0,True
2,0.0,group_lower:Group_2,>=,0.20000000502954543,0.10000000000000002,0.10000000502954541,0.0,True
2,0.0,group_upper:Group_2,<=,0.20000000502954543,0.25,0.04999999497045457,0.0,True
2,0.0,group_lower:Group_3,>=,0.15394690249421966,0.10000000000000002,0.05394690249421964,0.0,True
2,0.0,group_upper:Group_3,<=,0.15394690249421966,0.25,0.09605309750578034,0.0,True
2,0.0,group_lower:Group_4,>=,0.09999999811874666,0.05,0.049999998118746655,0.0,True
2,0.0,group_upper:Group_4,<=,0.09999999811874666,0.2,0.10000000188125335,0.0,True
2,0.0,group_lower:Group_5,>=,0.1500000006568748,0.05,0.1000000006568748,0.0,True
2,0.0,group_upper:Group_5,<=,0.1500000006568748,0.2,0.04999999934312521,0.0,True
2,0.0,group_lower:Group_6,>=,0.10999999903332404,0.05,0.059999999033324036,0.0,True
2,0.0,group_upper:Group_6,<=,0.10999999903332404,0.2,0.09000000096667597,0.0,True
2,0.0,group_lower:Group_7,>=,0.06000000219900501,0.05,0.010000002199005008,0.0,True
2,0.0,group_upper:Group_7,<=,0.06000000219900501,0.2,0.139999997800995,0.0,True
2,0.0,max_turnover,<=,0.39999997230160406,0.4,2.7698395965725098e-08,0.0,True
2,0.0,exact_cardinality,=,20.0,20.0,-0.0,0.0,True
2,0.0,minimum_active_weight:Asset_006,>=,0.010000000365175093,0.01,3.6517509328926057e-10,0.0,True
2,0.0,minimum_active_weight:Asset_008,>=,0.05000000220482542,0.01,0.04000000220482542,0.0,True
2,0.0,minimum_active_weight:Asset_015,>=,0.05000000214233769,0.01,0.04000000214233769,0.0,True
2,0.0,minimum_active_weight:Asset_017,>=,0.09999999801686127,0.01,0.08999999801686127,0.0,True
2,0.0,minimum_active_weight:Asset_025,>=,0.010000001789695212,0.01,1.789695211473763e-09,0.0,True
2,0.0,minimum_active_weight:Asset_038,>=,0.0500000001133194,0.01,0.040000000113319396,0.0,True
2,0.0,minimum_active_weight:Asset_049,>=,0.049999997266737504,0.01,0.0399999972667375,0.0,True
2,0.0,minimum_active_weight:Asset_054,>=,0.09999999724742005,0.01,0.08999999724742005,0.0,True
2,0.0,minimum_active_weight:Asset_055,>=,0.028368015166530255,0.01,0.018368015166530256,0.0,True
2,0.0,minimum_active_weight:Asset_062,>=,0.09605306175837099,0.01,0.08605306175837099,0.0,True
2,0.0,minimum_active_weight:Asset_064,>=,0.05394691601648978,0.01,0.04394691601648978,0.0,True
2,0.0,minimum_active_weight:Asset_073,>=,0.05000000085200916,0.01,0.04000000085200916,0.0,True
2,0.0,minimum_active_weight:Asset_075,>=,0.04999999897034224,0.01,0.03999999897034224,0.0,True
2,0.0,minimum_active_weight:Asset_081,>=,0.04999998750738762,0.01,0.03999998750738762,0.0,True
2,0.0,minimum_active_weight:Asset_083,>=,0.09999999845204939,0.01,0.0899999984520494,0.0,True
2,0.0,minimum_active_weight:Asset_091,>=,0.031632011246175144,0.01,0.021632011246175142,0.0,True
2,0.0,minimum_active_weight:Asset_092,>=,0.010000000520692097,0.01,5.206920970779461e-10,0.0,True
2,0.0,minimum_active_weight:Asset_093,>=,0.050000001678312915,0.01,0.04000000167831291,0.0,True
2,0.0,minimum_active_weight:Asset_096,>=,0.010000001016462765,0.01,1.0164627646525037e-09,0.0,True
2,0.0,minimum_active_weight:Asset_097,>=,0.050000007668806,0.01,0.040000007668806,0.0,True
2,0.0,implementation_upper:Asset_000,<=,0.0,0.1,0.1,0.0,True
2,0.0,implementation_upper:Asset_001,<=,0.0,0.1,0.1,0.0,True
2,0.0,implementation_upper:Asset_002,<=,0.0,0.1,0.1,0.0,True
2,0.0,implementation_upper:Asset_003,<=,0.0,0.1,0.1,0.0,True
2,0.0,implementation_upper:Asset_004,<=,0.0,0.1,0.1,0.0,True
2,0.0,implementation_upper:Asset_005,<=,0.0,0.1,0.1,0.0,True
2,0.0,implementation_upper:Asset_006,<=,0.010000000365175093,0.1,0.08999999963482491,0.0,True
2,0.0,implementation_upper:Asset_007,<=,0.0,0.1,0.1,0.0,True
2,0.0,implementation_upper:Asset_008,<=,0.05000000220482542,0.1,0.04999999779517458,0.0,True
2,0.0,implementation_upper:Asset_009,<=,0.0,0.1,0.1,0.0,True
2,0.0,implementation_upper:Asset_010,<=,0.0,0.1,0.1,0.0,True
2,0.0,implementation_upper:Asset_011,<=,0.0,0.1,0.1,0.0,True
2,0.0,implementation_upper:Asset_012,<=,0.0,0.1,0.1,0.0,True
2,0.0,implementation_upper:Asset_013,<=,0.0,0.1,0.1,0.0,True
2,0.0,implementation_upper:Asset_014,<=,0.0,0.1,0.1,0.0,True
2,0.0,implementation_upper:Asset_015,<=,0.05000000214233769,0.1,0.049999997857662314,0.0,True
2,0.0,implementation_upper:Asset_016,<=,0.0,0.1,0.1,0.0,True
2,0.0,implementation_upper:Asset_017,<=,0.09999999801686127,0.1,1.9831387365609743e-09,0.0,True
2,0.0,implementation_upper:Asset_018,<=,0.0,0.1,0.1,0.0,True
2,0.0,implementation_upper:Asset_019,<=,0.0,0.1,0.1,0.0,True
2,0.0,implementation_upper:Asset_020,<=,0.0,0.1,0.1,0.0,True
2,0.0,implementation_upper:Asset_021,<=,0.0,0.1,0.1,0.0,True
2,0.0,implementation_upper:Asset_022,<=,0.0,0.1,0.1,0.0,True
2,0.0,implementation_upper:Asset_023,<=,0.0,0.1,0.1,0.0,True
2,0.0,implementation_upper:Asset_024,<=,0.0,0.1,0.1,0.0,True
2,0.0,implementation_upper:Asset_025,<=,0.010000001789695212,0.1,0.0899999982103048,0.0,True
2,0.0,implementation_upper:Asset_026,<=,0.0,0.1,0.1,0.0,True
2,0.0,implementation_upper:Asset_027,<=,0.0,0.1,0.1,0.0,True
2,0.0,implementation_upper:Asset_028,<=,0.0,0.1,0.1,0.0,True
2,0.0,implementation_upper:Asset_029,<=,0.0,0.1,0.1,0.0,True
2,0.0,implementation_upper:Asset_030,<=,0.0,0.1,0.1,0.0,True
2,0.0,implementation_upper:Asset_031,<=,0.0,0.1,0.1,0.0,True
2,0.0,implementation_upper:Asset_032,<=,0.0,0.1,0.1,0.0,True
2,0.0,implementation_upper:Asset_033,<=,0.0,0.1,0.1,0.0,True
2,0.0,implementation_upper:Asset_034,<=,0.0,0.1,0.1,0.0,True
2,0.0,implementation_upper:Asset_035,<=,0.0,0.1,0.1,0.0,True
2,0.0,implementation_upper:Asset_036,<=,0.0,0.1,0.1,0.0,True
2,0.0,implementation_upper:Asset_037,<=,0.0,0.1,0.1,0.0,True
2,0.0,implementation_upper:Asset_038,<=,0.0500000001133194,0.1,0.04999999988668061,0.0,True
2,0.0,implementation_upper:Asset_039,<=,0.0,0.1,0.1,0.0,True
2,0.0,implementation_upper:Asset_040,<=,0.0,0.1,0.1,0.0,True
2,0.0,implementation_upper:Asset_041,<=,0.0,0.1,0.1,0.0,True
2,0.0,implementation_upper:Asset_042,<=,0.0,0.1,0.1,0.0,True
2,0.0,implementation_upper:Asset_043,<=,0.0,0.1,0.1,0.0,True
2,0.0,implementation_upper:Asset_044,<=,0.0,0.1,0.1,0.0,True
2,0.0,implementation_upper:Asset_045,<=,0.0,0.1,0.1,0.0,True
2,0.0,implementation_upper:Asset_046,<=,0.0,0.1,0.1,0.0,True
2,0.0,implementation_upper:Asset_047,<=,0.0,0.1,0.1,0.0,True
2,0.0,implementation_upper:Asset_048,<=,0.0,0.1,0.1,0.0,True
2,0.0,implementation_upper:Asset_049,<=,0.049999997266737504,0.1,0.0500000027332625,0.0,True
2,0.0,implementation_upper:Asset_050,<=,0.0,0.1,0.1,0.0,True
2,0.0,implementation_upper:Asset_051,<=,0.0,0.1,0.1,0.0,True
2,0.0,implementation_upper:Asset_052,<=,0.0,0.1,0.1,0.0,True
2,0.0,implementation_upper:Asset_053,<=,0.0,0.1,0.1,0.0,True
2,0.0,implementation_upper:Asset_054,<=,0.09999999724742005,0.1,2.752579955633827e-09,0.0,True
2,0.0,implementation_upper:Asset_055,<=,0.028368015166530255,0.1,0.07163198483346975,0.0,True
2,0.0,implementation_upper:Asset_056,<=,0.0,0.1,0.1,0.0,True
2,0.0,implementation_upper:Asset_057,<=,0.0,0.1,0.1,0.0,True
2,0.0,implementation_upper:Asset_058,<=,0.0,0.1,0.1,0.0,True
2,0.0,implementation_upper:Asset_059,<=,0.0,0.1,0.1,0.0,True
2,0.0,implementation_upper:Asset_060,<=,0.0,0.1,0.1,0.0,True
2,0.0,implementation_upper:Asset_061,<=,0.0,0.1,0.1,0.0,True
2,0.0,implementation_upper:Asset_062,<=,0.09605306175837099,0.1,0.003946938241629019,0.0,True
2,0.0,implementation_upper:Asset_063,<=,0.0,0.1,0.1,0.0,True
2,0.0,implementation_upper:Asset_064,<=,0.05394691601648978,0.1,0.046053083983510226,0.0,True
2,0.0,implementation_upper:Asset_065,<=,0.0,0.1,0.1,0.0,True
2,0.0,implementation_upper:Asset_066,<=,0.0,0.1,0.1,0.0,True
2,0.0,implementation_upper:Asset_067,<=,0.0,0.1,0.1,0.0,True
2,0.0,implementation_upper:Asset_068,<=,0.0,0.1,0.1,0.0,True
2,0.0,implementation_upper:Asset_069,<=,0.0,0.1,0.1,0.0,True
2,0.0,implementation_upper:Asset_070,<=,0.0,0.1,0.1,0.0,True
2,0.0,implementation_upper:Asset_071,<=,0.0,0.1,0.1,0.0,True
2,0.0,implementation_upper:Asset_072,<=,0.0,0.1,0.1,0.0,True
2,0.0,implementation_upper:Asset_073,<=,0.05000000085200916,0.1,0.049999999147990845,0.0,True
2,0.0,implementation_upper:Asset_074,<=,0.0,0.1,0.1,0.0,True
2,0.0,implementation_upper:Asset_075,<=,0.04999999897034224,0.1,0.050000001029657765,0.0,True
2,0.0,implementation_upper:Asset_076,<=,0.0,0.1,0.1,0.0,True
2,0.0,implementation_upper:Asset_077,<=,0.0,0.1,0.1,0.0,True
2,0.0,implementation_upper:Asset_078,<=,0.0,0.1,0.1,0.0,True
2,0.0,implementation_upper:Asset_079,<=,0.0,0.1,0.1,0.0,True
2,0.0,implementation_upper:Asset_080,<=,0.0,0.1,0.1,0.0,True
2,0.0,implementation_upper:Asset_081,<=,0.04999998750738762,0.1,0.050000012492612385,0.0,True
2,0.0,implementation_upper:Asset_082,<=,0.0,0.1,0.1,0.0,True
2,0.0,implementation_upper:Asset_083,<=,0.09999999845204939,0.1,1.5479506149107536e-09,0.0,True
2,0.0,implementation_upper:Asset_084,<=,0.0,0.1,0.1,0.0,True
2,0.0,implementation_upper:Asset_085,<=,0.0,0.1,0.1,0.0,True
2,0.0,implementation_upper:Asset_086,<=,0.0,0.1,0.1,0.0,True
2,0.0,implementation_upper:Asset_087,<=,0.0,0.1,0.1,0.0,True
2,0.0,implementation_upper:Asset_088,<=,0.0,0.1,0.1,0.0,True
2,0.0,implementation_upper:Asset_089,<=,0.0,0.1,0.1,0.0,True
2,0.0,implementation_upper:Asset_090,<=,0.0,0.1,0.1,0.0,True
2,0.0,implementation_upper:Asset_091,<=,0.031632011246175144,0.1,0.06836798875382485,0.0,True
2,0.0,implementation_upper:Asset_092,<=,0.010000000520692097,0.1,0.08999999947930791,0.0,True
2,0.0,implementation_upper:Asset_093,<=,0.050000001678312915,0.1,0.04999999832168709,0.0,True
2,0.0,implementation_upper:Asset_094,<=,0.0,0.1,0.1,0.0,True
2,0.0,implementation_upper:Asset_095,<=,0.0,0.1,0.1,0.0,True
2,0.0,implementation_upper:Asset_096,<=,0.010000001016462765,0.1,0.08999999898353724,0.0,True
2,0.0,implementation_upper:Asset_097,<=,0.050000007668806,0.1,0.049999992331194,0.0,True
2,0.0,implementation_upper:Asset_098,<=,0.0,0.1,0.1,0.0,True
2,0.0,implementation_upper:Asset_099,<=,0.0,0.1,0.1,0.0,True
2,0.05,budget,=,1.000000000000001,1.0,-1.1102230246251565e-15,1.1102230246251565e-15,True
2,0.05,asset_lower:Asset_000,>=,0.0,0.0,0.0,0.0,True
2,0.05,asset_upper:Asset_000,<=,0.0,0.2,0.2,0.0,True
2,0.05,asset_lower:Asset_001,>=,0.0,0.0,0.0,0.0,True
2,0.05,asset_upper:Asset_001,<=,0.0,0.2,0.2,0.0,True
2,0.05,asset_lower:Asset_002,>=,0.0,0.0,0.0,0.0,True
2,0.05,asset_upper:Asset_002,<=,0.0,0.2,0.2,0.0,True
2,0.05,asset_lower:Asset_003,>=,0.0,0.0,0.0,0.0,True
2,0.05,asset_upper:Asset_003,<=,0.0,0.2,0.2,0.0,True
2,0.05,asset_lower:Asset_004,>=,0.0,0.0,0.0,0.0,True
2,0.05,asset_upper:Asset_004,<=,0.0,0.2,0.2,0.0,True
2,0.05,asset_lower:Asset_005,>=,0.0,0.0,0.0,0.0,True
2,0.05,asset_upper:Asset_005,<=,0.0,0.2,0.2,0.0,True
2,0.05,asset_lower:Asset_006,>=,0.009999999998092007,0.0,0.009999999998092007,0.0,True
2,0.05,asset_upper:Asset_006,<=,0.009999999998092007,0.2,0.190000000001908,0.0,True
2,0.05,asset_lower:Asset_007,>=,0.0,0.0,0.0,0.0,True
2,0.05,asset_upper:Asset_007,<=,0.0,0.2,0.2,0.0,True
2,0.05,asset_lower:Asset_008,>=,0.05000000000227772,0.0,0.05000000000227772,0.0,True
2,0.05,asset_upper:Asset_008,<=,0.05000000000227772,0.2,0.1499999999977223,0.0,True
2,0.05,asset_lower:Asset_009,>=,0.0,0.0,0.0,0.0,True
2,0.05,asset_upper:Asset_009,<=,0.0,0.2,0.2,0.0,True
2,0.05,asset_lower:Asset_010,>=,0.0,0.0,0.0,0.0,True
2,0.05,asset_upper:Asset_010,<=,0.0,0.2,0.2,0.0,True
2,0.05,asset_lower:Asset_011,>=,0.0,0.0,0.0,0.0,True
2,0.05,asset_upper:Asset_011,<=,0.0,0.2,0.2,0.0,True
2,0.05,asset_lower:Asset_012,>=,0.0,0.0,0.0,0.0,True
2,0.05,asset_upper:Asset_012,<=,0.0,0.2,0.2,0.0,True
2,0.05,asset_lower:Asset_013,>=,0.0,0.0,0.0,0.0,True
2,0.05,asset_upper:Asset_013,<=,0.0,0.2,0.2,0.0,True
2,0.05,asset_lower:Asset_014,>=,0.0,0.0,0.0,0.0,True
2,0.05,asset_upper:Asset_014,<=,0.0,0.2,0.2,0.0,True
2,0.05,asset_lower:Asset_015,>=,0.05000000001185299,0.0,0.05000000001185299,0.0,True
2,0.05,asset_upper:Asset_015,<=,0.05000000001185299,0.2,0.14999999998814703,0.0,True
2,0.05,asset_lower:Asset_016,>=,0.0,0.0,0.0,0.0,True
2,0.05,asset_upper:Asset_016,<=,0.0,0.2,0.2,0.0,True
2,0.05,asset_lower:Asset_017,>=,0.09999999999913568,0.0,0.09999999999913568,0.0,True
2,0.05,asset_upper:Asset_017,<=,0.09999999999913568,0.2,0.10000000000086433,0.0,True
2,0.05,asset_lower:Asset_018,>=,0.0,0.0,0.0,0.0,True
2,0.05,asset_upper:Asset_018,<=,0.0,0.2,0.2,0.0,True
2,0.05,asset_lower:Asset_019,>=,0.0,0.0,0.0,0.0,True
2,0.05,asset_upper:Asset_019,<=,0.0,0.2,0.2,0.0,True
2,0.05,asset_lower:Asset_020,>=,0.0,0.0,0.0,0.0,True
2,0.05,asset_upper:Asset_020,<=,0.0,0.2,0.2,0.0,True
2,0.05,asset_lower:Asset_021,>=,0.0,0.0,0.0,0.0,True
2,0.05,asset_upper:Asset_021,<=,0.0,0.2,0.2,0.0,True
2,0.05,asset_lower:Asset_022,>=,0.0,0.0,0.0,0.0,True
2,0.05,asset_upper:Asset_022,<=,0.0,0.2,0.2,0.0,True
2,0.05,asset_lower:Asset_023,>=,0.0,0.0,0.0,0.0,True
2,0.05,asset_upper:Asset_023,<=,0.0,0.2,0.2,0.0,True
2,0.05,asset_lower:Asset_024,>=,0.0,0.0,0.0,0.0,True
2,0.05,asset_upper:Asset_024,<=,0.0,0.2,0.2,0.0,True
2,0.05,asset_lower:Asset_025,>=,0.009999999999283473,0.0,0.009999999999283473,0.0,True
2,0.05,asset_upper:Asset_025,<=,0.009999999999283473,0.2,0.19000000000071654,0.0,True
2,0.05,asset_lower:Asset_026,>=,0.0,0.0,0.0,0.0,True
2,0.05,asset_upper:Asset_026,<=,0.0,0.2,0.2,0.0,True
2,0.05,asset_lower:Asset_027,>=,0.0,0.0,0.0,0.0,True
2,0.05,asset_upper:Asset_027,<=,0.0,0.2,0.2,0.0,True
2,0.05,asset_lower:Asset_028,>=,0.0,0.0,0.0,0.0,True
2,0.05,asset_upper:Asset_028,<=,0.0,0.2,0.2,0.0,True
2,0.05,asset_lower:Asset_029,>=,0.0,0.0,0.0,0.0,True
2,0.05,asset_upper:Asset_029,<=,0.0,0.2,0.2,0.0,True
2,0.05,asset_lower:Asset_030,>=,0.0,0.0,0.0,0.0,True
2,0.05,asset_upper:Asset_030,<=,0.0,0.2,0.2,0.0,True
2,0.05,asset_lower:Asset_031,>=,0.0,0.0,0.0,0.0,True
2,0.05,asset_upper:Asset_031,<=,0.0,0.2,0.2,0.0,True
2,0.05,asset_lower:Asset_032,>=,0.0,0.0,0.0,0.0,True
2,0.05,asset_upper:Asset_032,<=,0.0,0.2,0.2,0.0,True
2,0.05,asset_lower:Asset_033,>=,0.0,0.0,0.0,0.0,True
2,0.05,asset_upper:Asset_033,<=,0.0,0.2,0.2,0.0,True
2,0.05,asset_lower:Asset_034,>=,0.0,0.0,0.0,0.0,True
2,0.05,asset_upper:Asset_034,<=,0.0,0.2,0.2,0.0,True
2,0.05,asset_lower:Asset_035,>=,0.0,0.0,0.0,0.0,True
2,0.05,asset_upper:Asset_035,<=,0.0,0.2,0.2,0.0,True
2,0.05,asset_lower:Asset_036,>=,0.0,0.0,0.0,0.0,True
2,0.05,asset_upper:Asset_036,<=,0.0,0.2,0.2,0.0,True
2,0.05,asset_lower:Asset_037,>=,0.0,0.0,0.0,0.0,True
2,0.05,asset_upper:Asset_037,<=,0.0,0.2,0.2,0.0,True
2,0.05,asset_lower:Asset_038,>=,0.05000000000348485,0.0,0.05000000000348485,0.0,True
2,0.05,asset_upper:Asset_038,<=,0.05000000000348485,0.2,0.14999999999651517,0.0,True
2,0.05,asset_lower:Asset_039,>=,0.0,0.0,0.0,0.0,True
2,0.05,asset_upper:Asset_039,<=,0.0,0.2,0.2,0.0,True
2,0.05,asset_lower:Asset_040,>=,0.0,0.0,0.0,0.0,True
2,0.05,asset_upper:Asset_040,<=,0.0,0.2,0.2,0.0,True
2,0.05,asset_lower:Asset_041,>=,0.0,0.0,0.0,0.0,True
2,0.05,asset_upper:Asset_041,<=,0.0,0.2,0.2,0.0,True
2,0.05,asset_lower:Asset_042,>=,0.0,0.0,0.0,0.0,True
2,0.05,asset_upper:Asset_042,<=,0.0,0.2,0.2,0.0,True
2,0.05,asset_lower:Asset_043,>=,0.0,0.0,0.0,0.0,True
2,0.05,asset_upper:Asset_043,<=,0.0,0.2,0.2,0.0,True
2,0.05,asset_lower:Asset_044,>=,0.0,0.0,0.0,0.0,True
2,0.05,asset_upper:Asset_044,<=,0.0,0.2,0.2,0.0,True
2,0.05,asset_lower:Asset_045,>=,0.0,0.0,0.0,0.0,True
2,0.05,asset_upper:Asset_045,<=,0.0,0.2,0.2,0.0,True
2,0.05,asset_lower:Asset_046,>=,0.0,0.0,0.0,0.0,True
2,0.05,asset_upper:Asset_046,<=,0.0,0.2,0.2,0.0,True
2,0.05,asset_lower:Asset_047,>=,0.0,0.0,0.0,0.0,True
2,0.05,asset_upper:Asset_047,<=,0.0,0.2,0.2,0.0,True
2,0.05,asset_lower:Asset_048,>=,0.0,0.0,0.0,0.0,True
2,0.05,asset_upper:Asset_048,<=,0.0,0.2,0.2,0.0,True
2,0.05,asset_lower:Asset_049,>=,0.04866986722221495,0.0,0.04866986722221495,0.0,True
2,0.05,asset_upper:Asset_049,<=,0.04866986722221495,0.2,0.15133013277778506,0.0,True
2,0.05,asset_lower:Asset_050,>=,0.0,0.0,0.0,0.0,True
2,0.05,asset_upper:Asset_050,<=,0.0,0.2,0.2,0.0,True
2,0.05,asset_lower:Asset_051,>=,0.0,0.0,0.0,0.0,True
2,0.05,asset_upper:Asset_051,<=,0.0,0.2,0.2,0.0,True
2,0.05,asset_lower:Asset_052,>=,0.0,0.0,0.0,0.0,True
2,0.05,asset_upper:Asset_052,<=,0.0,0.2,0.2,0.0,True
2,0.05,asset_lower:Asset_053,>=,0.0,0.0,0.0,0.0,True
2,0.05,asset_upper:Asset_053,<=,0.0,0.2,0.2,0.0,True
2,0.05,asset_lower:Asset_054,>=,0.09999999999867926,0.0,0.09999999999867926,0.0,True
2,0.05,asset_upper:Asset_054,<=,0.09999999999867926,0.2,0.10000000000132075,0.0,True
2,0.05,asset_lower:Asset_055,>=,0.04772138465563983,0.0,0.04772138465563983,0.0,True
2,0.05,asset_upper:Asset_055,<=,0.04772138465563983,0.2,0.15227861534436019,0.0,True
2,0.05,asset_lower:Asset_056,>=,0.0,0.0,0.0,0.0,True
2,0.05,asset_upper:Asset_056,<=,0.0,0.2,0.2,0.0,True
2,0.05,asset_lower:Asset_057,>=,0.0,0.0,0.0,0.0,True
2,0.05,asset_upper:Asset_057,<=,0.0,0.2,0.2,0.0,True
2,0.05,asset_lower:Asset_058,>=,0.0,0.0,0.0,0.0,True
2,0.05,asset_upper:Asset_058,<=,0.0,0.2,0.2,0.0,True
2,0.05,asset_lower:Asset_059,>=,0.0,0.0,0.0,0.0,True
2,0.05,asset_upper:Asset_059,<=,0.0,0.2,0.2,0.0,True
2,0.05,asset_lower:Asset_060,>=,0.0,0.0,0.0,0.0,True
2,0.05,asset_upper:Asset_060,<=,0.0,0.2,0.2,0.0,True
2,0.05,asset_lower:Asset_061,>=,0.0,0.0,0.0,0.0,True
2,0.05,asset_upper:Asset_061,<=,0.0,0.2,0.2,0.0,True
2,0.05,asset_lower:Asset_062,>=,0.09999999993760832,0.0,0.09999999993760832,0.0,True
2,0.05,asset_upper:Asset_062,<=,0.09999999993760832,0.2,0.1000000000623917,0.0,True
2,0.05,asset_lower:Asset_063,>=,0.0,0.0,0.0,0.0,True
2,0.05,asset_upper:Asset_063,<=,0.0,0.2,0.2,0.0,True
2,0.05,asset_lower:Asset_064,>=,0.05000000000038329,0.0,0.05000000000038329,0.0,True
2,0.05,asset_upper:Asset_064,<=,0.05000000000038329,0.2,0.14999999999961672,0.0,True
2,0.05,asset_lower:Asset_065,>=,0.0,0.0,0.0,0.0,True
2,0.05,asset_upper:Asset_065,<=,0.0,0.2,0.2,0.0,True
2,0.05,asset_lower:Asset_066,>=,0.0,0.0,0.0,0.0,True
2,0.05,asset_upper:Asset_066,<=,0.0,0.2,0.2,0.0,True
2,0.05,asset_lower:Asset_067,>=,0.0,0.0,0.0,0.0,True
2,0.05,asset_upper:Asset_067,<=,0.0,0.2,0.2,0.0,True
2,0.05,asset_lower:Asset_068,>=,0.0,0.0,0.0,0.0,True
2,0.05,asset_upper:Asset_068,<=,0.0,0.2,0.2,0.0,True
2,0.05,asset_lower:Asset_069,>=,0.0,0.0,0.0,0.0,True
2,0.05,asset_upper:Asset_069,<=,0.0,0.2,0.2,0.0,True
2,0.05,asset_lower:Asset_070,>=,0.0,0.0,0.0,0.0,True
2,0.05,asset_upper:Asset_070,<=,0.0,0.2,0.2,0.0,True
2,0.05,asset_lower:Asset_071,>=,0.0,0.0,0.0,0.0,True
2,0.05,asset_upper:Asset_071,<=,0.0,0.2,0.2,0.0,True
2,0.05,asset_lower:Asset_072,>=,0.0,0.0,0.0,0.0,True
2,0.05,asset_upper:Asset_072,<=,0.0,0.2,0.2,0.0,True
2,0.05,asset_lower:Asset_073,>=,0.049999999999571686,0.0,0.049999999999571686,0.0,True
2,0.05,asset_upper:Asset_073,<=,0.049999999999571686,0.2,0.15000000000042832,0.0,True
2,0.05,asset_lower:Asset_074,>=,0.0,0.0,0.0,0.0,True
2,0.05,asset_upper:Asset_074,<=,0.0,0.2,0.2,0.0,True
2,0.05,asset_lower:Asset_075,>=,0.04999999998659101,0.0,0.04999999998659101,0.0,True
2,0.05,asset_upper:Asset_075,<=,0.04999999998659101,0.2,0.15000000001340902,0.0,True
2,0.05,asset_lower:Asset_076,>=,0.0,0.0,0.0,0.0,True
2,0.05,asset_upper:Asset_076,<=,0.0,0.2,0.2,0.0,True
2,0.05,asset_lower:Asset_077,>=,0.0,0.0,0.0,0.0,True
2,0.05,asset_upper:Asset_077,<=,0.0,0.2,0.2,0.0,True
2,0.05,asset_lower:Asset_078,>=,0.0,0.0,0.0,0.0,True
2,0.05,asset_upper:Asset_078,<=,0.0,0.2,0.2,0.0,True
2,0.05,asset_lower:Asset_079,>=,0.0,0.0,0.0,0.0,True
2,0.05,asset_upper:Asset_079,<=,0.0,0.2,0.2,0.0,True
2,0.05,asset_lower:Asset_080,>=,0.0,0.0,0.0,0.0,True
2,0.05,asset_upper:Asset_080,<=,0.0,0.2,0.2,0.0,True
2,0.05,asset_lower:Asset_081,>=,0.04613503514890565,0.0,0.04613503514890565,0.0,True
2,0.05,asset_upper:Asset_081,<=,0.04613503514890565,0.2,0.15386496485109435,0.0,True
2,0.05,asset_lower:Asset_082,>=,0.0,0.0,0.0,0.0,True
2,0.05,asset_upper:Asset_082,<=,0.0,0.2,0.2,0.0,True
2,0.05,asset_lower:Asset_083,>=,0.09999999999881404,0.0,0.09999999999881404,0.0,True
2,0.05,asset_upper:Asset_083,<=,0.09999999999881404,0.2,0.10000000000118597,0.0,True
2,0.05,asset_lower:Asset_084,>=,0.0,0.0,0.0,0.0,True
2,0.05,asset_upper:Asset_084,<=,0.0,0.2,0.2,0.0,True
2,0.05,asset_lower:Asset_085,>=,0.0,0.0,0.0,0.0,True
2,0.05,asset_upper:Asset_085,<=,0.0,0.2,0.2,0.0,True
2,0.05,asset_lower:Asset_086,>=,0.0,0.0,0.0,0.0,True
2,0.05,asset_upper:Asset_086,<=,0.0,0.2,0.2,0.0,True
2,0.05,asset_lower:Asset_087,>=,0.0,0.0,0.0,0.0,True
2,0.05,asset_upper:Asset_087,<=,0.0,0.2,0.2,0.0,True
2,0.05,asset_lower:Asset_088,>=,0.0,0.0,0.0,0.0,True
2,0.05,asset_upper:Asset_088,<=,0.0,0.2,0.2,0.0,True
2,0.05,asset_lower:Asset_089,>=,0.0,0.0,0.0,0.0,True
2,0.05,asset_upper:Asset_089,<=,0.0,0.2,0.2,0.0,True
2,0.05,asset_lower:Asset_090,>=,0.0,0.0,0.0,0.0,True
2,0.05,asset_upper:Asset_090,<=,0.0,0.2,0.2,0.0,True
2,0.05,asset_lower:Asset_091,>=,0.01747371302134777,0.0,0.01747371302134777,0.0,True
2,0.05,asset_upper:Asset_091,<=,0.01747371302134777,0.2,0.18252628697865225,0.0,True
2,0.05,asset_lower:Asset_092,>=,0.009999999998719832,0.0,0.009999999998719832,0.0,True
2,0.05,asset_upper:Asset_092,<=,0.009999999998719832,0.2,0.19000000000128017,0.0,True
2,0.05,asset_lower:Asset_093,>=,0.049999999998218345,0.0,0.049999999998218345,0.0,True
2,0.05,asset_upper:Asset_093,<=,0.049999999998218345,0.2,0.15000000000178165,0.0,True
2,0.05,asset_lower:Asset_094,>=,0.0,0.0,0.0,0.0,True
2,0.05,asset_upper:Asset_094,<=,0.0,0.2,0.2,0.0,True
2,0.05,asset_lower:Asset_095,>=,0.0,0.0,0.0,0.0,True
2,0.05,asset_upper:Asset_095,<=,0.0,0.2,0.2,0.0,True
2,0.05,asset_lower:Asset_096,>=,0.009999999999202216,0.0,0.009999999999202216,0.0,True
2,0.05,asset_upper:Asset_096,<=,0.009999999999202216,0.2,0.1900000000007978,0.0,True
2,0.05,asset_lower:Asset_097,>=,0.05000000001997822,0.0,0.05000000001997822,0.0,True
2,0.05,asset_upper:Asset_097,<=,0.05000000001997822,0.2,0.14999999998002178,0.0,True
2,0.05,asset_lower:Asset_098,>=,0.0,0.0,0.0,0.0,True
2,0.05,asset_upper:Asset_098,<=,0.0,0.2,0.2,0.0,True
2,0.05,asset_lower:Asset_099,>=,0.0,0.0,0.0,0.0,True
2,0.05,asset_upper:Asset_099,<=,0.0,0.2,0.2,0.0,True
2,0.05,group_lower:Group_0,>=,0.11519509768884059,0.10000000000000002,0.015195097688840573,0.0,True
2,0.05,group_upper:Group_0,<=,0.11519509768884059,0.25,0.1348049023111594,0.0,True
2,0.05,group_lower:Group_1,>=,0.1199999999349838,0.10000000000000002,0.019999999934983775,0.0,True
2,0.05,group_upper:Group_1,<=,0.1199999999349838,0.25,0.13000000006501622,0.0,True
2,0.05,group_lower:Group_2,>=,0.20000000002214233,0.10000000000000002,0.10000000002214231,0.0,True
2,0.05,group_upper:Group_2,<=,0.20000000002214233,0.25,0.04999999997785767,0.0,True
2,0.05,group_lower:Group_3,>=,0.14613503513587994,0.10000000000000002,0.04613503513587992,0.0,True
2,0.05,group_upper:Group_3,<=,0.14613503513587994,0.25,0.10386496486412006,0.0,True
2,0.05,group_lower:Group_4,>=,0.09866986722178664,0.05,0.048669867221786636,0.0,True
2,0.05,group_upper:Group_4,<=,0.09866986722178664,0.2,0.10133013277821337,0.0,True
2,0.05,group_lower:Group_5,>=,0.15000000000109176,0.05,0.10000000000109176,0.0,True
2,0.05,group_upper:Group_5,<=,0.15000000000109176,0.2,0.04999999999890825,0.0,True
2,0.05,group_lower:Group_6,>=,0.1099999999983379,0.05,0.0599999999983379,0.0,True
2,0.05,group_upper:Group_6,<=,0.1099999999983379,0.2,0.09000000000166211,0.0,True
2,0.05,group_lower:Group_7,>=,0.059999999996938176,0.05,0.009999999996938173,0.0,True
2,0.05,group_upper:Group_7,<=,0.059999999996938176,0.2,0.14000000000306184,0.0,True
2,0.05,max_turnover,<=,0.39999999994442764,0.4,5.5572380031065904e-11,0.0,True
2,0.05,exact_cardinality,=,20.0,20.0,-0.0,0.0,True
2,0.05,minimum_active_weight:Asset_006,>=,0.009999999998092007,0.01,-1.9079928609277985e-12,1.9079928609277985e-12,True
2,0.05,minimum_active_weight:Asset_008,>=,0.05000000000227772,0.01,0.04000000000227772,0.0,True
2,0.05,minimum_active_weight:Asset_015,>=,0.05000000001185299,0.01,0.040000000011852985,0.0,True
2,0.05,minimum_active_weight:Asset_017,>=,0.09999999999913568,0.01,0.08999999999913569,0.0,True
2,0.05,minimum_active_weight:Asset_025,>=,0.009999999999283473,0.01,-7.165275317522202e-13,7.165275317522202e-13,True
2,0.05,minimum_active_weight:Asset_038,>=,0.05000000000348485,0.01,0.040000000003484845,0.0,True
2,0.05,minimum_active_weight:Asset_049,>=,0.04866986722221495,0.01,0.03866986722221495,0.0,True
2,0.05,minimum_active_weight:Asset_054,>=,0.09999999999867926,0.01,0.08999999999867926,0.0,True
2,0.05,minimum_active_weight:Asset_055,>=,0.04772138465563983,0.01,0.03772138465563983,0.0,True
2,0.05,minimum_active_weight:Asset_062,>=,0.09999999993760832,0.01,0.08999999993760832,0.0,True
2,0.05,minimum_active_weight:Asset_064,>=,0.05000000000038329,0.01,0.04000000000038329,0.0,True
2,0.05,minimum_active_weight:Asset_073,>=,0.049999999999571686,0.01,0.039999999999571684,0.0,True
2,0.05,minimum_active_weight:Asset_075,>=,0.04999999998659101,0.01,0.039999999986591005,0.0,True
2,0.05,minimum_active_weight:Asset_081,>=,0.04613503514890565,0.01,0.03613503514890565,0.0,True
2,0.05,minimum_active_weight:Asset_083,>=,0.09999999999881404,0.01,0.08999999999881404,0.0,True
2,0.05,minimum_active_weight:Asset_091,>=,0.01747371302134777,0.01,0.007473713021347769,0.0,True
2,0.05,minimum_active_weight:Asset_092,>=,0.009999999998719832,0.01,-1.2801686793961764e-12,1.2801686793961764e-12,True
2,0.05,minimum_active_weight:Asset_093,>=,0.049999999998218345,0.01,0.03999999999821834,0.0,True
2,0.05,minimum_active_weight:Asset_096,>=,0.009999999999202216,0.01,-7.977837140904498e-13,7.977837140904498e-13,True
2,0.05,minimum_active_weight:Asset_097,>=,0.05000000001997822,0.01,0.04000000001997822,0.0,True
2,0.05,implementation_upper:Asset_000,<=,0.0,0.1,0.1,0.0,True
2,0.05,implementation_upper:Asset_001,<=,0.0,0.1,0.1,0.0,True
2,0.05,implementation_upper:Asset_002,<=,0.0,0.1,0.1,0.0,True
2,0.05,implementation_upper:Asset_003,<=,0.0,0.1,0.1,0.0,True
2,0.05,implementation_upper:Asset_004,<=,0.0,0.1,0.1,0.0,True
2,0.05,implementation_upper:Asset_005,<=,0.0,0.1,0.1,0.0,True
2,0.05,implementation_upper:Asset_006,<=,0.009999999998092007,0.1,0.090000000001908,0.0,True
2,0.05,implementation_upper:Asset_007,<=,0.0,0.1,0.1,0.0,True
2,0.05,implementation_upper:Asset_008,<=,0.05000000000227772,0.1,0.04999999999772228,0.0,True
2,0.05,implementation_upper:Asset_009,<=,0.0,0.1,0.1,0.0,True
2,0.05,implementation_upper:Asset_010,<=,0.0,0.1,0.1,0.0,True
2,0.05,implementation_upper:Asset_011,<=,0.0,0.1,0.1,0.0,True
2,0.05,implementation_upper:Asset_012,<=,0.0,0.1,0.1,0.0,True
2,0.05,implementation_upper:Asset_013,<=,0.0,0.1,0.1,0.0,True
2,0.05,implementation_upper:Asset_014,<=,0.0,0.1,0.1,0.0,True
2,0.05,implementation_upper:Asset_015,<=,0.05000000001185299,0.1,0.04999999998814702,0.0,True
2,0.05,implementation_upper:Asset_016,<=,0.0,0.1,0.1,0.0,True
2,0.05,implementation_upper:Asset_017,<=,0.09999999999913568,0.1,8.643225024584922e-13,0.0,True
2,0.05,implementation_upper:Asset_018,<=,0.0,0.1,0.1,0.0,True
2,0.05,implementation_upper:Asset_019,<=,0.0,0.1,0.1,0.0,True
2,0.05,implementation_upper:Asset_020,<=,0.0,0.1,0.1,0.0,True
2,0.05,implementation_upper:Asset_021,<=,0.0,0.1,0.1,0.0,True
2,0.05,implementation_upper:Asset_022,<=,0.0,0.1,0.1,0.0,True
2,0.05,implementation_upper:Asset_023,<=,0.0,0.1,0.1,0.0,True
2,0.05,implementation_upper:Asset_024,<=,0.0,0.1,0.1,0.0,True
2,0.05,implementation_upper:Asset_025,<=,0.009999999999283473,0.1,0.09000000000071653,0.0,True
2,0.05,implementation_upper:Asset_026,<=,0.0,0.1,0.1,0.0,True
2,0.05,implementation_upper:Asset_027,<=,0.0,0.1,0.1,0.0,True
2,0.05,implementation_upper:Asset_028,<=,0.0,0.1,0.1,0.0,True
2,0.05,implementation_upper:Asset_029,<=,0.0,0.1,0.1,0.0,True
2,0.05,implementation_upper:Asset_030,<=,0.0,0.1,0.1,0.0,True
2,0.05,implementation_upper:Asset_031,<=,0.0,0.1,0.1,0.0,True
2,0.05,implementation_upper:Asset_032,<=,0.0,0.1,0.1,0.0,True
2,0.05,implementation_upper:Asset_033,<=,0.0,0.1,0.1,0.0,True
2,0.05,implementation_upper:Asset_034,<=,0.0,0.1,0.1,0.0,True
2,0.05,implementation_upper:Asset_035,<=,0.0,0.1,0.1,0.0,True
2,0.05,implementation_upper:Asset_036,<=,0.0,0.1,0.1,0.0,True
2,0.05,implementation_upper:Asset_037,<=,0.0,0.1,0.1,0.0,True
2,0.05,implementation_upper:Asset_038,<=,0.05000000000348485,0.1,0.04999999999651516,0.0,True
2,0.05,implementation_upper:Asset_039,<=,0.0,0.1,0.1,0.0,True
2,0.05,implementation_upper:Asset_040,<=,0.0,0.1,0.1,0.0,True
2,0.05,implementation_upper:Asset_041,<=,0.0,0.1,0.1,0.0,True
2,0.05,implementation_upper:Asset_042,<=,0.0,0.1,0.1,0.0,True
2,0.05,implementation_upper:Asset_043,<=,0.0,0.1,0.1,0.0,True
2,0.05,implementation_upper:Asset_044,<=,0.0,0.1,0.1,0.0,True
2,0.05,implementation_upper:Asset_045,<=,0.0,0.1,0.1,0.0,True
2,0.05,implementation_upper:Asset_046,<=,0.0,0.1,0.1,0.0,True
2,0.05,implementation_upper:Asset_047,<=,0.0,0.1,0.1,0.0,True
2,0.05,implementation_upper:Asset_048,<=,0.0,0.1,0.1,0.0,True
2,0.05,implementation_upper:Asset_049,<=,0.04866986722221495,0.1,0.05133013277778505,0.0,True
2,0.05,implementation_upper:Asset_050,<=,0.0,0.1,0.1,0.0,True
2,0.05,implementation_upper:Asset_051,<=,0.0,0.1,0.1,0.0,True
2,0.05,implementation_upper:Asset_052,<=,0.0,0.1,0.1,0.0,True
2,0.05,implementation_upper:Asset_053,<=,0.0,0.1,0.1,0.0,True
2,0.05,implementation_upper:Asset_054,<=,0.09999999999867926,0.1,1.3207490656697018e-12,0.0,True
2,0.05,implementation_upper:Asset_055,<=,0.04772138465563983,0.1,0.05227861534436017,0.0,True
2,0.05,implementation_upper:Asset_056,<=,0.0,0.1,0.1,0.0,True
2,0.05,implementation_upper:Asset_057,<=,0.0,0.1,0.1,0.0,True
2,0.05,implementation_upper:Asset_058,<=,0.0,0.1,0.1,0.0,True
2,0.05,implementation_upper:Asset_059,<=,0.0,0.1,0.1,0.0,True
2,0.05,implementation_upper:Asset_060,<=,0.0,0.1,0.1,0.0,True
2,0.05,implementation_upper:Asset_061,<=,0.0,0.1,0.1,0.0,True
2,0.05,implementation_upper:Asset_062,<=,0.09999999993760832,0.1,6.23916890374332e-11,0.0,True
2,0.05,implementation_upper:Asset_063,<=,0.0,0.1,0.1,0.0,True
2,0.05,implementation_upper:Asset_064,<=,0.05000000000038329,0.1,0.04999999999961671,0.0,True
2,0.05,implementation_upper:Asset_065,<=,0.0,0.1,0.1,0.0,True
2,0.05,implementation_upper:Asset_066,<=,0.0,0.1,0.1,0.0,True
2,0.05,implementation_upper:Asset_067,<=,0.0,0.1,0.1,0.0,True
2,0.05,implementation_upper:Asset_068,<=,0.0,0.1,0.1,0.0,True
2,0.05,implementation_upper:Asset_069,<=,0.0,0.1,0.1,0.0,True
2,0.05,implementation_upper:Asset_070,<=,0.0,0.1,0.1,0.0,True
2,0.05,implementation_upper:Asset_071,<=,0.0,0.1,0.1,0.0,True
2,0.05,implementation_upper:Asset_072,<=,0.0,0.1,0.1,0.0,True
2,0.05,implementation_upper:Asset_073,<=,0.049999999999571686,0.1,0.05000000000042832,0.0,True
2,0.05,implementation_upper:Asset_074,<=,0.0,0.1,0.1,0.0,True
2,0.05,implementation_upper:Asset_075,<=,0.04999999998659101,0.1,0.050000000013409,0.0,True
2,0.05,implementation_upper:Asset_076,<=,0.0,0.1,0.1,0.0,True
2,0.05,implementation_upper:Asset_077,<=,0.0,0.1,0.1,0.0,True
2,0.05,implementation_upper:Asset_078,<=,0.0,0.1,0.1,0.0,True
2,0.05,implementation_upper:Asset_079,<=,0.0,0.1,0.1,0.0,True
2,0.05,implementation_upper:Asset_080,<=,0.0,0.1,0.1,0.0,True
2,0.05,implementation_upper:Asset_081,<=,0.04613503514890565,0.1,0.053864964851094356,0.0,True
2,0.05,implementation_upper:Asset_082,<=,0.0,0.1,0.1,0.0,True
2,0.05,implementation_upper:Asset_083,<=,0.09999999999881404,0.1,1.1859679904802078e-12,0.0,True
2,0.05,implementation_upper:Asset_084,<=,0.0,0.1,0.1,0.0,True
2,0.05,implementation_upper:Asset_085,<=,0.0,0.1,0.1,0.0,True
2,0.05,implementation_upper:Asset_086,<=,0.0,0.1,0.1,0.0,True
2,0.05,implementation_upper:Asset_087,<=,0.0,0.1,0.1,0.0,True
2,0.05,implementation_upper:Asset_088,<=,0.0,0.1,0.1,0.0,True
2,0.05,implementation_upper:Asset_089,<=,0.0,0.1,0.1,0.0,True
2,0.05,implementation_upper:Asset_090,<=,0.0,0.1,0.1,0.0,True
2,0.05,implementation_upper:Asset_091,<=,0.01747371302134777,0.1,0.08252628697865223,0.0,True
2,0.05,implementation_upper:Asset_092,<=,0.009999999998719832,0.1,0.09000000000128017,0.0,True
2,0.05,implementation_upper:Asset_093,<=,0.049999999998218345,0.1,0.05000000000178166,0.0,True
2,0.05,implementation_upper:Asset_094,<=,0.0,0.1,0.1,0.0,True
2,0.05,implementation_upper:Asset_095,<=,0.0,0.1,0.1,0.0,True
2,0.05,implementation_upper:Asset_096,<=,0.009999999999202216,0.1,0.09000000000079779,0.0,True
2,0.05,implementation_upper:Asset_097,<=,0.05000000001997822,0.1,0.04999999998002178,0.0,True
2,0.05,implementation_upper:Asset_098,<=,0.0,0.1,0.1,0.0,True
2,0.05,implementation_upper:Asset_099,<=,0.0,0.1,0.1,0.0,True
2,0.1,budget,=,1.0000000000000007,1.0,-6.661338147750939e-16,6.661338147750939e-16,True
2,0.1,asset_lower:Asset_000,>=,0.0,0.0,0.0,0.0,True
2,0.1,asset_upper:Asset_000,<=,0.0,0.2,0.2,0.0,True
2,0.1,asset_lower:Asset_001,>=,0.0,0.0,0.0,0.0,True
2,0.1,asset_upper:Asset_001,<=,0.0,0.2,0.2,0.0,True
2,0.1,asset_lower:Asset_002,>=,0.0,0.0,0.0,0.0,True
2,0.1,asset_upper:Asset_002,<=,0.0,0.2,0.2,0.0,True
2,0.1,asset_lower:Asset_003,>=,0.0,0.0,0.0,0.0,True
2,0.1,asset_upper:Asset_003,<=,0.0,0.2,0.2,0.0,True
2,0.1,asset_lower:Asset_004,>=,0.0,0.0,0.0,0.0,True
2,0.1,asset_upper:Asset_004,<=,0.0,0.2,0.2,0.0,True
2,0.1,asset_lower:Asset_005,>=,0.0,0.0,0.0,0.0,True
2,0.1,asset_upper:Asset_005,<=,0.0,0.2,0.2,0.0,True
2,0.1,asset_lower:Asset_006,>=,0.009999999997976745,0.0,0.009999999997976745,0.0,True
2,0.1,asset_upper:Asset_006,<=,0.009999999997976745,0.2,0.19000000000202327,0.0,True
2,0.1,asset_lower:Asset_007,>=,0.0,0.0,0.0,0.0,True
2,0.1,asset_upper:Asset_007,<=,0.0,0.2,0.2,0.0,True
2,0.1,asset_lower:Asset_008,>=,0.049999999999786486,0.0,0.049999999999786486,0.0,True
2,0.1,asset_upper:Asset_008,<=,0.049999999999786486,0.2,0.15000000000021352,0.0,True
2,0.1,asset_lower:Asset_009,>=,0.0,0.0,0.0,0.0,True
2,0.1,asset_upper:Asset_009,<=,0.0,0.2,0.2,0.0,True
2,0.1,asset_lower:Asset_010,>=,0.0,0.0,0.0,0.0,True
2,0.1,asset_upper:Asset_010,<=,0.0,0.2,0.2,0.0,True
2,0.1,asset_lower:Asset_011,>=,0.0,0.0,0.0,0.0,True
2,0.1,asset_upper:Asset_011,<=,0.0,0.2,0.2,0.0,True
2,0.1,asset_lower:Asset_012,>=,0.0,0.0,0.0,0.0,True
2,0.1,asset_upper:Asset_012,<=,0.0,0.2,0.2,0.0,True
2,0.1,asset_lower:Asset_013,>=,0.0,0.0,0.0,0.0,True
2,0.1,asset_upper:Asset_013,<=,0.0,0.2,0.2,0.0,True
2,0.1,asset_lower:Asset_014,>=,0.0,0.0,0.0,0.0,True
2,0.1,asset_upper:Asset_014,<=,0.0,0.2,0.2,0.0,True
2,0.1,asset_lower:Asset_015,>=,0.05000000000964293,0.0,0.05000000000964293,0.0,True
2,0.1,asset_upper:Asset_015,<=,0.05000000000964293,0.2,0.14999999999035707,0.0,True
2,0.1,asset_lower:Asset_016,>=,0.0,0.0,0.0,0.0,True
2,0.1,asset_upper:Asset_016,<=,0.0,0.2,0.2,0.0,True
2,0.1,asset_lower:Asset_017,>=,0.09999999999876269,0.0,0.09999999999876269,0.0,True
2,0.1,asset_upper:Asset_017,<=,0.09999999999876269,0.2,0.10000000000123732,0.0,True
2,0.1,asset_lower:Asset_018,>=,0.0,0.0,0.0,0.0,True
2,0.1,asset_upper:Asset_018,<=,0.0,0.2,0.2,0.0,True
2,0.1,asset_lower:Asset_019,>=,0.0,0.0,0.0,0.0,True
2,0.1,asset_upper:Asset_019,<=,0.0,0.2,0.2,0.0,True
2,0.1,asset_lower:Asset_020,>=,0.0,0.0,0.0,0.0,True
2,0.1,asset_upper:Asset_020,<=,0.0,0.2,0.2,0.0,True
2,0.1,asset_lower:Asset_021,>=,0.0,0.0,0.0,0.0,True
2,0.1,asset_upper:Asset_021,<=,0.0,0.2,0.2,0.0,True
2,0.1,asset_lower:Asset_022,>=,0.0,0.0,0.0,0.0,True
2,0.1,asset_upper:Asset_022,<=,0.0,0.2,0.2,0.0,True
2,0.1,asset_lower:Asset_023,>=,0.0,0.0,0.0,0.0,True
2,0.1,asset_upper:Asset_023,<=,0.0,0.2,0.2,0.0,True
2,0.1,asset_lower:Asset_024,>=,0.0,0.0,0.0,0.0,True
2,0.1,asset_upper:Asset_024,<=,0.0,0.2,0.2,0.0,True
2,0.1,asset_lower:Asset_025,>=,0.00999999999915946,0.0,0.00999999999915946,0.0,True
2,0.1,asset_upper:Asset_025,<=,0.00999999999915946,0.2,0.19000000000084055,0.0,True
2,0.1,asset_lower:Asset_026,>=,0.0,0.0,0.0,0.0,True
2,0.1,asset_upper:Asset_026,<=,0.0,0.2,0.2,0.0,True
2,0.1,asset_lower:Asset_027,>=,0.0,0.0,0.0,0.0,True
2,0.1,asset_upper:Asset_027,<=,0.0,0.2,0.2,0.0,True
2,0.1,asset_lower:Asset_028,>=,0.0,0.0,0.0,0.0,True
2,0.1,asset_upper:Asset_028,<=,0.0,0.2,0.2,0.0,True
2,0.1,asset_lower:Asset_029,>=,0.0,0.0,0.0,0.0,True
2,0.1,asset_upper:Asset_029,<=,0.0,0.2,0.2,0.0,True
2,0.1,asset_lower:Asset_030,>=,0.0,0.0,0.0,0.0,True
2,0.1,asset_upper:Asset_030,<=,0.0,0.2,0.2,0.0,True
2,0.1,asset_lower:Asset_031,>=,0.0,0.0,0.0,0.0,True
2,0.1,asset_upper:Asset_031,<=,0.0,0.2,0.2,0.0,True
2,0.1,asset_lower:Asset_032,>=,0.0,0.0,0.0,0.0,True
2,0.1,asset_upper:Asset_032,<=,0.0,0.2,0.2,0.0,True
2,0.1,asset_lower:Asset_033,>=,0.0,0.0,0.0,0.0,True
2,0.1,asset_upper:Asset_033,<=,0.0,0.2,0.2,0.0,True
2,0.1,asset_lower:Asset_034,>=,0.0,0.0,0.0,0.0,True
2,0.1,asset_upper:Asset_034,<=,0.0,0.2,0.2,0.0,True
2,0.1,asset_lower:Asset_035,>=,0.0,0.0,0.0,0.0,True
2,0.1,asset_upper:Asset_035,<=,0.0,0.2,0.2,0.0,True
2,0.1,asset_lower:Asset_036,>=,0.0,0.0,0.0,0.0,True
2,0.1,asset_upper:Asset_036,<=,0.0,0.2,0.2,0.0,True
2,0.1,asset_lower:Asset_037,>=,0.0,0.0,0.0,0.0,True
2,0.1,asset_upper:Asset_037,<=,0.0,0.2,0.2,0.0,True
2,0.1,asset_lower:Asset_038,>=,0.05000000000507343,0.0,0.05000000000507343,0.0,True
2,0.1,asset_upper:Asset_038,<=,0.05000000000507343,0.2,0.14999999999492658,0.0,True
2,0.1,asset_lower:Asset_039,>=,0.0,0.0,0.0,0.0,True
2,0.1,asset_upper:Asset_039,<=,0.0,0.2,0.2,0.0,True
2,0.1,asset_lower:Asset_040,>=,0.0,0.0,0.0,0.0,True
2,0.1,asset_upper:Asset_040,<=,0.0,0.2,0.2,0.0,True
2,0.1,asset_lower:Asset_041,>=,0.0,0.0,0.0,0.0,True
2,0.1,asset_upper:Asset_041,<=,0.0,0.2,0.2,0.0,True
2,0.1,asset_lower:Asset_042,>=,0.0,0.0,0.0,0.0,True
2,0.1,asset_upper:Asset_042,<=,0.0,0.2,0.2,0.0,True
2,0.1,asset_lower:Asset_043,>=,0.0,0.0,0.0,0.0,True
2,0.1,asset_upper:Asset_043,<=,0.0,0.2,0.2,0.0,True
2,0.1,asset_lower:Asset_044,>=,0.0,0.0,0.0,0.0,True
2,0.1,asset_upper:Asset_044,<=,0.0,0.2,0.2,0.0,True
2,0.1,asset_lower:Asset_045,>=,0.0,0.0,0.0,0.0,True
2,0.1,asset_upper:Asset_045,<=,0.0,0.2,0.2,0.0,True
2,0.1,asset_lower:Asset_046,>=,0.0,0.0,0.0,0.0,True
2,0.1,asset_upper:Asset_046,<=,0.0,0.2,0.2,0.0,True
2,0.1,asset_lower:Asset_047,>=,0.0,0.0,0.0,0.0,True
2,0.1,asset_upper:Asset_047,<=,0.0,0.2,0.2,0.0,True
2,0.1,asset_lower:Asset_048,>=,0.0,0.0,0.0,0.0,True
2,0.1,asset_upper:Asset_048,<=,0.0,0.2,0.2,0.0,True
2,0.1,asset_lower:Asset_049,>=,0.04250360440719617,0.0,0.04250360440719617,0.0,True
2,0.1,asset_upper:Asset_049,<=,0.04250360440719617,0.2,0.15749639559280385,0.0,True
2,0.1,asset_lower:Asset_050,>=,0.0,0.0,0.0,0.0,True
2,0.1,asset_upper:Asset_050,<=,0.0,0.2,0.2,0.0,True
2,0.1,asset_lower:Asset_051,>=,0.0,0.0,0.0,0.0,True
2,0.1,asset_upper:Asset_051,<=,0.0,0.2,0.2,0.0,True
2,0.1,asset_lower:Asset_052,>=,0.0,0.0,0.0,0.0,True
2,0.1,asset_upper:Asset_052,<=,0.0,0.2,0.2,0.0,True
2,0.1,asset_lower:Asset_053,>=,0.0,0.0,0.0,0.0,True
2,0.1,asset_upper:Asset_053,<=,0.0,0.2,0.2,0.0,True
2,0.1,asset_lower:Asset_054,>=,0.0999999999983341,0.0,0.0999999999983341,0.0,True
2,0.1,asset_upper:Asset_054,<=,0.0999999999983341,0.2,0.10000000000166591,0.0,True
2,0.1,asset_lower:Asset_055,>=,0.049999999976381965,0.0,0.049999999976381965,0.0,True
2,0.1,asset_upper:Asset_055,<=,0.049999999976381965,0.2,0.15000000002361805,0.0,True
2,0.1,asset_lower:Asset_056,>=,0.0,0.0,0.0,0.0,True
2,0.1,asset_upper:Asset_056,<=,0.0,0.2,0.2,0.0,True
2,0.1,asset_lower:Asset_057,>=,0.0,0.0,0.0,0.0,True
2,0.1,asset_upper:Asset_057,<=,0.0,0.2,0.2,0.0,True
2,0.1,asset_lower:Asset_058,>=,0.0,0.0,0.0,0.0,True
2,0.1,asset_upper:Asset_058,<=,0.0,0.2,0.2,0.0,True
2,0.1,asset_lower:Asset_059,>=,0.0,0.0,0.0,0.0,True
2,0.1,asset_upper:Asset_059,<=,0.0,0.2,0.2,0.0,True
2,0.1,asset_lower:Asset_060,>=,0.0,0.0,0.0,0.0,True
2,0.1,asset_upper:Asset_060,<=,0.0,0.2,0.2,0.0,True
2,0.1,asset_lower:Asset_061,>=,0.0,0.0,0.0,0.0,True
2,0.1,asset_upper:Asset_061,<=,0.0,0.2,0.2,0.0,True
2,0.1,asset_lower:Asset_062,>=,0.09999999996684666,0.0,0.09999999996684666,0.0,True
2,0.1,asset_upper:Asset_062,<=,0.09999999996684666,0.2,0.10000000003315335,0.0,True
2,0.1,asset_lower:Asset_063,>=,0.0,0.0,0.0,0.0,True
2,0.1,asset_upper:Asset_063,<=,0.0,0.2,0.2,0.0,True
2,0.1,asset_lower:Asset_064,>=,0.0499999999900631,0.0,0.0499999999900631,0.0,True
2,0.1,asset_upper:Asset_064,<=,0.0499999999900631,0.2,0.1500000000099369,0.0,True
2,0.1,asset_lower:Asset_065,>=,0.0,0.0,0.0,0.0,True
2,0.1,asset_upper:Asset_065,<=,0.0,0.2,0.2,0.0,True
2,0.1,asset_lower:Asset_066,>=,0.0,0.0,0.0,0.0,True
2,0.1,asset_upper:Asset_066,<=,0.0,0.2,0.2,0.0,True
2,0.1,asset_lower:Asset_067,>=,0.0,0.0,0.0,0.0,True
2,0.1,asset_upper:Asset_067,<=,0.0,0.2,0.2,0.0,True
2,0.1,asset_lower:Asset_068,>=,0.0,0.0,0.0,0.0,True
2,0.1,asset_upper:Asset_068,<=,0.0,0.2,0.2,0.0,True
2,0.1,asset_lower:Asset_069,>=,0.0,0.0,0.0,0.0,True
2,0.1,asset_upper:Asset_069,<=,0.0,0.2,0.2,0.0,True
2,0.1,asset_lower:Asset_070,>=,0.0,0.0,0.0,0.0,True
2,0.1,asset_upper:Asset_070,<=,0.0,0.2,0.2,0.0,True
2,0.1,asset_lower:Asset_071,>=,0.0,0.0,0.0,0.0,True
2,0.1,asset_upper:Asset_071,<=,0.0,0.2,0.2,0.0,True
2,0.1,asset_lower:Asset_072,>=,0.0,0.0,0.0,0.0,True
2,0.1,asset_upper:Asset_072,<=,0.0,0.2,0.2,0.0,True
2,0.1,asset_lower:Asset_073,>=,0.04999999999899074,0.0,0.04999999999899074,0.0,True
2,0.1,asset_upper:Asset_073,<=,0.04999999999899074,0.2,0.15000000000100927,0.0,True
2,0.1,asset_lower:Asset_074,>=,0.0,0.0,0.0,0.0,True
2,0.1,asset_upper:Asset_074,<=,0.0,0.2,0.2,0.0,True
2,0.1,asset_lower:Asset_075,>=,0.0499999999841527,0.0,0.0499999999841527,0.0,True
2,0.1,asset_upper:Asset_075,<=,0.0499999999841527,0.2,0.15000000001584732,0.0,True
2,0.1,asset_lower:Asset_076,>=,0.0,0.0,0.0,0.0,True
2,0.1,asset_upper:Asset_076,<=,0.0,0.2,0.2,0.0,True
2,0.1,asset_lower:Asset_077,>=,0.0,0.0,0.0,0.0,True
2,0.1,asset_upper:Asset_077,<=,0.0,0.2,0.2,0.0,True
2,0.1,asset_lower:Asset_078,>=,0.0,0.0,0.0,0.0,True
2,0.1,asset_upper:Asset_078,<=,0.0,0.2,0.2,0.0,True
2,0.1,asset_lower:Asset_079,>=,0.0,0.0,0.0,0.0,True
2,0.1,asset_upper:Asset_079,<=,0.0,0.2,0.2,0.0,True
2,0.1,asset_lower:Asset_080,>=,0.0,0.0,0.0,0.0,True
2,0.1,asset_upper:Asset_080,<=,0.0,0.2,0.2,0.0,True
2,0.1,asset_lower:Asset_081,>=,0.04585780476885977,0.0,0.04585780476885977,0.0,True
2,0.1,asset_upper:Asset_081,<=,0.04585780476885977,0.2,0.15414219523114026,0.0,True
2,0.1,asset_lower:Asset_082,>=,0.0,0.0,0.0,0.0,True
2,0.1,asset_upper:Asset_082,<=,0.0,0.2,0.2,0.0,True
2,0.1,asset_lower:Asset_083,>=,0.09999999999602646,0.0,0.09999999999602646,0.0,True
2,0.1,asset_upper:Asset_083,<=,0.09999999999602646,0.2,0.10000000000397355,0.0,True
2,0.1,asset_lower:Asset_084,>=,0.0,0.0,0.0,0.0,True
2,0.1,asset_upper:Asset_084,<=,0.0,0.2,0.2,0.0,True
2,0.1,asset_lower:Asset_085,>=,0.0,0.0,0.0,0.0,True
2,0.1,asset_upper:Asset_085,<=,0.0,0.2,0.2,0.0,True
2,0.1,asset_lower:Asset_086,>=,0.0,0.0,0.0,0.0,True
2,0.1,asset_upper:Asset_086,<=,0.0,0.2,0.2,0.0,True
2,0.1,asset_lower:Asset_087,>=,0.0,0.0,0.0,0.0,True
2,0.1,asset_upper:Asset_087,<=,0.0,0.2,0.2,0.0,True
2,0.1,asset_lower:Asset_088,>=,0.0,0.0,0.0,0.0,True
2,0.1,asset_upper:Asset_088,<=,0.0,0.2,0.2,0.0,True
2,0.1,asset_lower:Asset_089,>=,0.0,0.0,0.0,0.0,True
2,0.1,asset_upper:Asset_089,<=,0.0,0.2,0.2,0.0,True
2,0.1,asset_lower:Asset_090,>=,0.0,0.0,0.0,0.0,True
2,0.1,asset_upper:Asset_090,<=,0.0,0.2,0.2,0.0,True
2,0.1,asset_lower:Asset_091,>=,0.021638590892496746,0.0,0.021638590892496746,0.0,True
2,0.1,asset_upper:Asset_091,<=,0.021638590892496746,0.2,0.17836140910750325,0.0,True
2,0.1,asset_lower:Asset_092,>=,0.009999999998564758,0.0,0.009999999998564758,0.0,True
2,0.1,asset_upper:Asset_092,<=,0.009999999998564758,0.2,0.19000000000143524,0.0,True
2,0.1,asset_lower:Asset_093,>=,0.04999999999688372,0.0,0.04999999999688372,0.0,True
2,0.1,asset_upper:Asset_093,<=,0.04999999999688372,0.2,0.1500000000031163,0.0,True
2,0.1,asset_lower:Asset_094,>=,0.0,0.0,0.0,0.0,True
2,0.1,asset_upper:Asset_094,<=,0.0,0.2,0.2,0.0,True
2,0.1,asset_lower:Asset_095,>=,0.0,0.0,0.0,0.0,True
2,0.1,asset_upper:Asset_095,<=,0.0,0.2,0.2,0.0,True
2,0.1,asset_lower:Asset_096,>=,0.009999999998767398,0.0,0.009999999998767398,0.0,True
2,0.1,asset_upper:Asset_096,<=,0.009999999998767398,0.2,0.19000000000123263,0.0,True
2,0.1,asset_lower:Asset_097,>=,0.05000000001603449,0.0,0.05000000001603449,0.0,True
2,0.1,asset_upper:Asset_097,<=,0.05000000001603449,0.2,0.14999999998396552,0.0,True
2,0.1,asset_lower:Asset_098,>=,0.0,0.0,0.0,0.0,True
2,0.1,asset_upper:Asset_098,<=,0.0,0.2,0.2,0.0,True
2,0.1,asset_lower:Asset_099,>=,0.0,0.0,0.0,0.0,True
2,0.1,asset_upper:Asset_099,<=,0.0,0.2,0.2,0.0,True
2,0.1,group_lower:Group_0,>=,0.12163859087852164,0.10000000000000002,0.021638590878521616,0.0,True
2,0.1,group_upper:Group_0,<=,0.12163859087852164,0.25,0.12836140912147836,0.0,True
2,0.1,group_lower:Group_1,>=,0.11999999996398286,0.10000000000000002,0.019999999963982842,0.0,True
2,0.1,group_upper:Group_1,<=,0.11999999996398286,0.25,0.13000000003601714,0.0,True
2,0.1,group_lower:Group_2,>=,0.20000000001944201,0.10000000000000002,0.100000000019442,0.0,True
2,0.1,group_upper:Group_2,<=,0.20000000001944201,0.25,0.049999999980557985,0.0,True
2,0.1,group_lower:Group_3,>=,0.14585780474307558,0.10000000000000002,0.04585780474307556,0.0,True
2,0.1,group_upper:Group_3,<=,0.14585780474307558,0.25,0.10414219525692442,0.0,True
2,0.1,group_lower:Group_4,>=,0.0925036044061869,0.05,0.042503604406186904,0.0,True
2,0.1,group_upper:Group_4,<=,0.0925036044061869,0.2,0.1074963955938131,0.0,True
2,0.1,group_lower:Group_5,>=,0.14999999999581295,0.05,0.09999999999581295,0.0,True
2,0.1,group_upper:Group_5,<=,0.14999999999581295,0.2,0.050000000004187056,0.0,True
2,0.1,group_lower:Group_6,>=,0.10999999999753009,0.05,0.059999999997530085,0.0,True
2,0.1,group_upper:Group_6,<=,0.10999999999753009,0.2,0.09000000000246992,0.0,True
2,0.1,group_lower:Group_7,>=,0.05999999999544847,0.05,0.00999999999544847,0.0,True
2,0.1,group_upper:Group_7,<=,0.05999999999544847,0.2,0.14000000000455154,0.0,True
2,0.1,max_turnover,<=,0.3999999999814411,0.4,1.8558932168843967e-11,0.0,True
2,0.1,exact_cardinality,=,20.0,20.0,-0.0,0.0,True
2,0.1,minimum_active_weight:Asset_006,>=,0.009999999997976745,0.01,-2.0232548275656015e-12,2.0232548275656015e-12,True
2,0.1,minimum_active_weight:Asset_008,>=,0.049999999999786486,0.01,0.039999999999786484,0.0,True
2,0.1,minimum_active_weight:Asset_015,>=,0.05000000000964293,0.01,0.040000000009642926,0.0,True
2,0.1,minimum_active_weight:Asset_017,>=,0.09999999999876269,0.01,0.0899999999987627,0.0,True
2,0.1,minimum_active_weight:Asset_025,>=,0.00999999999915946,0.01,-8.405394436028502e-13,8.405394436028502e-13,True
2,0.1,minimum_active_weight:Asset_038,>=,0.05000000000507343,0.01,0.04000000000507343,0.0,True
2,0.1,minimum_active_weight:Asset_049,>=,0.04250360440719617,0.01,0.03250360440719617,0.0,True
2,0.1,minimum_active_weight:Asset_054,>=,0.0999999999983341,0.01,0.08999999999833411,0.0,True
2,0.1,minimum_active_weight:Asset_055,>=,0.049999999976381965,0.01,0.03999999997638196,0.0,True
2,0.1,minimum_active_weight:Asset_062,>=,0.09999999996684666,0.01,0.08999999996684667,0.0,True
2,0.1,minimum_active_weight:Asset_064,>=,0.0499999999900631,0.01,0.039999999990063095,0.0,True
2,0.1,minimum_active_weight:Asset_073,>=,0.04999999999899074,0.01,0.03999999999899074,0.0,True
2,0.1,minimum_active_weight:Asset_075,>=,0.0499999999841527,0.01,0.0399999999841527,0.0,True
2,0.1,minimum_active_weight:Asset_081,>=,0.04585780476885977,0.01,0.03585780476885977,0.0,True
2,0.1,minimum_active_weight:Asset_083,>=,0.09999999999602646,0.01,0.08999999999602647,0.0,True
2,0.1,minimum_active_weight:Asset_091,>=,0.021638590892496746,0.01,0.011638590892496746,0.0,True
2,0.1,minimum_active_weight:Asset_092,>=,0.009999999998564758,0.01,-1.435242549807647e-12,1.435242549807647e-12,True
2,0.1,minimum_active_weight:Asset_093,>=,0.04999999999688372,0.01,0.039999999996883716,0.0,True
2,0.1,minimum_active_weight:Asset_096,>=,0.009999999998767398,0.01,-1.2326025616848924e-12,1.2326025616848924e-12,True
2,0.1,minimum_active_weight:Asset_097,>=,0.05000000001603449,0.01,0.04000000001603449,0.0,True
2,0.1,implementation_upper:Asset_000,<=,0.0,0.1,0.1,0.0,True
2,0.1,implementation_upper:Asset_001,<=,0.0,0.1,0.1,0.0,True
2,0.1,implementation_upper:Asset_002,<=,0.0,0.1,0.1,0.0,True
2,0.1,implementation_upper:Asset_003,<=,0.0,0.1,0.1,0.0,True
2,0.1,implementation_upper:Asset_004,<=,0.0,0.1,0.1,0.0,True
2,0.1,implementation_upper:Asset_005,<=,0.0,0.1,0.1,0.0,True
2,0.1,implementation_upper:Asset_006,<=,0.009999999997976745,0.1,0.09000000000202327,0.0,True
2,0.1,implementation_upper:Asset_007,<=,0.0,0.1,0.1,0.0,True
2,0.1,implementation_upper:Asset_008,<=,0.049999999999786486,0.1,0.05000000000021352,0.0,True
2,0.1,implementation_upper:Asset_009,<=,0.0,0.1,0.1,0.0,True
2,0.1,implementation_upper:Asset_010,<=,0.0,0.1,0.1,0.0,True
2,0.1,implementation_upper:Asset_011,<=,0.0,0.1,0.1,0.0,True
2,0.1,implementation_upper:Asset_012,<=,0.0,0.1,0.1,0.0,True
2,0.1,implementation_upper:Asset_013,<=,0.0,0.1,0.1,0.0,True
2,0.1,implementation_upper:Asset_014,<=,0.0,0.1,0.1,0.0,True
2,0.1,implementation_upper:Asset_015,<=,0.05000000000964293,0.1,0.04999999999035708,0.0,True
2,0.1,implementation_upper:Asset_016,<=,0.0,0.1,0.1,0.0,True
2,0.1,implementation_upper:Asset_017,<=,0.09999999999876269,0.1,1.2373158053691213e-12,0.0,True
2,0.1,implementation_upper:Asset_018,<=,0.0,0.1,0.1,0.0,True
2,0.1,implementation_upper:Asset_019,<=,0.0,0.1,0.1,0.0,True
2,0.1,implementation_upper:Asset_020,<=,0.0,0.1,0.1,0.0,True
2,0.1,implementation_upper:Asset_021,<=,0.0,0.1,0.1,0.0,True
2,0.1,implementation_upper:Asset_022,<=,0.0,0.1,0.1,0.0,True
2,0.1,implementation_upper:Asset_023,<=,0.0,0.1,0.1,0.0,True
2,0.1,implementation_upper:Asset_024,<=,0.0,0.1,0.1,0.0,True
2,0.1,implementation_upper:Asset_025,<=,0.00999999999915946,0.1,0.09000000000084055,0.0,True
2,0.1,implementation_upper:Asset_026,<=,0.0,0.1,0.1,0.0,True
2,0.1,implementation_upper:Asset_027,<=,0.0,0.1,0.1,0.0,True
2,0.1,implementation_upper:Asset_028,<=,0.0,0.1,0.1,0.0,True
2,0.1,implementation_upper:Asset_029,<=,0.0,0.1,0.1,0.0,True
2,0.1,implementation_upper:Asset_030,<=,0.0,0.1,0.1,0.0,True
2,0.1,implementation_upper:Asset_031,<=,0.0,0.1,0.1,0.0,True
2,0.1,implementation_upper:Asset_032,<=,0.0,0.1,0.1,0.0,True
2,0.1,implementation_upper:Asset_033,<=,0.0,0.1,0.1,0.0,True
2,0.1,implementation_upper:Asset_034,<=,0.0,0.1,0.1,0.0,True
2,0.1,implementation_upper:Asset_035,<=,0.0,0.1,0.1,0.0,True
2,0.1,implementation_upper:Asset_036,<=,0.0,0.1,0.1,0.0,True
2,0.1,implementation_upper:Asset_037,<=,0.0,0.1,0.1,0.0,True
2,0.1,implementation_upper:Asset_038,<=,0.05000000000507343,0.1,0.049999999994926575,0.0,True
2,0.1,implementation_upper:Asset_039,<=,0.0,0.1,0.1,0.0,True
2,0.1,implementation_upper:Asset_040,<=,0.0,0.1,0.1,0.0,True
2,0.1,implementation_upper:Asset_041,<=,0.0,0.1,0.1,0.0,True
2,0.1,implementation_upper:Asset_042,<=,0.0,0.1,0.1,0.0,True
2,0.1,implementation_upper:Asset_043,<=,0.0,0.1,0.1,0.0,True
2,0.1,implementation_upper:Asset_044,<=,0.0,0.1,0.1,0.0,True
2,0.1,implementation_upper:Asset_045,<=,0.0,0.1,0.1,0.0,True
2,0.1,implementation_upper:Asset_046,<=,0.0,0.1,0.1,0.0,True
2,0.1,implementation_upper:Asset_047,<=,0.0,0.1,0.1,0.0,True
2,0.1,implementation_upper:Asset_048,<=,0.0,0.1,0.1,0.0,True
2,0.1,implementation_upper:Asset_049,<=,0.04250360440719617,0.1,0.05749639559280383,0.0,True
2,0.1,implementation_upper:Asset_050,<=,0.0,0.1,0.1,0.0,True
2,0.1,implementation_upper:Asset_051,<=,0.0,0.1,0.1,0.0,True
2,0.1,implementation_upper:Asset_052,<=,0.0,0.1,0.1,0.0,True
2,0.1,implementation_upper:Asset_053,<=,0.0,0.1,0.1,0.0,True
2,0.1,implementation_upper:Asset_054,<=,0.0999999999983341,0.1,1.6659035262378552e-12,0.0,True
2,0.1,implementation_upper:Asset_055,<=,0.049999999976381965,0.1,0.05000000002361804,0.0,True
2,0.1,implementation_upper:Asset_056,<=,0.0,0.1,0.1,0.0,True
2,0.1,implementation_upper:Asset_057,<=,0.0,0.1,0.1,0.0,True
2,0.1,implementation_upper:Asset_058,<=,0.0,0.1,0.1,0.0,True
2,0.1,implementation_upper:Asset_059,<=,0.0,0.1,0.1,0.0,True
2,0.1,implementation_upper:Asset_060,<=,0.0,0.1,0.1,0.0,True
2,0.1,implementation_upper:Asset_061,<=,0.0,0.1,0.1,0.0,True
2,0.1,implementation_upper:Asset_062,<=,0.09999999996684666,0.1,3.3153341183478346e-11,0.0,True
2,0.1,implementation_upper:Asset_063,<=,0.0,0.1,0.1,0.0,True
2,0.1,implementation_upper:Asset_064,<=,0.0499999999900631,0.1,0.05000000000993691,0.0,True
2,0.1,implementation_upper:Asset_065,<=,0.0,0.1,0.1,0.0,True
2,0.1,implementation_upper:Asset_066,<=,0.0,0.1,0.1,0.0,True
2,0.1,implementation_upper:Asset_067,<=,0.0,0.1,0.1,0.0,True
2,0.1,implementation_upper:Asset_068,<=,0.0,0.1,0.1,0.0,True
2,0.1,implementation_upper:Asset_069,<=,0.0,0.1,0.1,0.0,True
2,0.1,implementation_upper:Asset_070,<=,0.0,0.1,0.1,0.0,True
2,0.1,implementation_upper:Asset_071,<=,0.0,0.1,0.1,0.0,True
2,0.1,implementation_upper:Asset_072,<=,0.0,0.1,0.1,0.0,True
2,0.1,implementation_upper:Asset_073,<=,0.04999999999899074,0.1,0.050000000001009265,0.0,True
2,0.1,implementation_upper:Asset_074,<=,0.0,0.1,0.1,0.0,True
2,0.1,implementation_upper:Asset_075,<=,0.0499999999841527,0.1,0.050000000015847305,0.0,True
2,0.1,implementation_upper:Asset_076,<=,0.0,0.1,0.1,0.0,True
2,0.1,implementation_upper:Asset_077,<=,0.0,0.1,0.1,0.0,True
2,0.1,implementation_upper:Asset_078,<=,0.0,0.1,0.1,0.0,True
2,0.1,implementation_upper:Asset_079,<=,0.0,0.1,0.1,0.0,True
2,0.1,implementation_upper:Asset_080,<=,0.0,0.1,0.1,0.0,True
2,0.1,implementation_upper:Asset_081,<=,0.04585780476885977,0.1,0.054142195231140236,0.0,True
2,0.1,implementation_upper:Asset_082,<=,0.0,0.1,0.1,0.0,True
2,0.1,implementation_upper:Asset_083,<=,0.09999999999602646,0.1,3.9735437162846665e-12,0.0,True
2,0.1,implementation_upper:Asset_084,<=,0.0,0.1,0.1,0.0,True
2,0.1,implementation_upper:Asset_085,<=,0.0,0.1,0.1,0.0,True
2,0.1,implementation_upper:Asset_086,<=,0.0,0.1,0.1,0.0,True
2,0.1,implementation_upper:Asset_087,<=,0.0,0.1,0.1,0.0,True
2,0.1,implementation_upper:Asset_088,<=,0.0,0.1,0.1,0.0,True
2,0.1,implementation_upper:Asset_089,<=,0.0,0.1,0.1,0.0,True
2,0.1,implementation_upper:Asset_090,<=,0.0,0.1,0.1,0.0,True
2,0.1,implementation_upper:Asset_091,<=,0.021638590892496746,0.1,0.07836140910750326,0.0,True
2,0.1,implementation_upper:Asset_092,<=,0.009999999998564758,0.1,0.09000000000143525,0.0,True
2,0.1,implementation_upper:Asset_093,<=,0.04999999999688372,0.1,0.05000000000311629,0.0,True
2,0.1,implementation_upper:Asset_094,<=,0.0,0.1,0.1,0.0,True
2,0.1,implementation_upper:Asset_095,<=,0.0,0.1,0.1,0.0,True
2,0.1,implementation_upper:Asset_096,<=,0.009999999998767398,0.1,0.09000000000123261,0.0,True
2,0.1,implementation_upper:Asset_097,<=,0.05000000001603449,0.1,0.04999999998396552,0.0,True
2,0.1,implementation_upper:Asset_098,<=,0.0,0.1,0.1,0.0,True
2,0.1,implementation_upper:Asset_099,<=,0.0,0.1,0.1,0.0,True
2,0.25,budget,=,1.0000000000000004,1.0,-4.440892098500626e-16,4.440892098500626e-16,True
2,0.25,asset_lower:Asset_000,>=,0.0,0.0,0.0,0.0,True
2,0.25,asset_upper:Asset_000,<=,0.0,0.2,0.2,0.0,True
2,0.25,asset_lower:Asset_001,>=,0.0,0.0,0.0,0.0,True
2,0.25,asset_upper:Asset_001,<=,0.0,0.2,0.2,0.0,True
2,0.25,asset_lower:Asset_002,>=,0.0,0.0,0.0,0.0,True
2,0.25,asset_upper:Asset_002,<=,0.0,0.2,0.2,0.0,True
2,0.25,asset_lower:Asset_003,>=,0.0,0.0,0.0,0.0,True
2,0.25,asset_upper:Asset_003,<=,0.0,0.2,0.2,0.0,True
2,0.25,asset_lower:Asset_004,>=,0.0,0.0,0.0,0.0,True
2,0.25,asset_upper:Asset_004,<=,0.0,0.2,0.2,0.0,True
2,0.25,asset_lower:Asset_005,>=,0.0,0.0,0.0,0.0,True
2,0.25,asset_upper:Asset_005,<=,0.0,0.2,0.2,0.0,True
2,0.25,asset_lower:Asset_006,>=,0.009999999987955614,0.0,0.009999999987955614,0.0,True
2,0.25,asset_upper:Asset_006,<=,0.009999999987955614,0.2,0.1900000000120444,0.0,True
2,0.25,asset_lower:Asset_007,>=,0.0,0.0,0.0,0.0,True
2,0.25,asset_upper:Asset_007,<=,0.0,0.2,0.2,0.0,True
2,0.25,asset_lower:Asset_008,>=,0.04999999999468784,0.0,0.04999999999468784,0.0,True
2,0.25,asset_upper:Asset_008,<=,0.04999999999468784,0.2,0.15000000000531216,0.0,True
2,0.25,asset_lower:Asset_009,>=,0.0,0.0,0.0,0.0,True
2,0.25,asset_upper:Asset_009,<=,0.0,0.2,0.2,0.0,True
2,0.25,asset_lower:Asset_010,>=,0.0,0.0,0.0,0.0,True
2,0.25,asset_upper:Asset_010,<=,0.0,0.2,0.2,0.0,True
2,0.25,asset_lower:Asset_011,>=,0.0,0.0,0.0,0.0,True
2,0.25,asset_upper:Asset_011,<=,0.0,0.2,0.2,0.0,True
2,0.25,asset_lower:Asset_012,>=,0.0,0.0,0.0,0.0,True
2,0.25,asset_upper:Asset_012,<=,0.0,0.2,0.2,0.0,True
2,0.25,asset_lower:Asset_013,>=,0.0,0.0,0.0,0.0,True
2,0.25,asset_upper:Asset_013,<=,0.0,0.2,0.2,0.0,True
2,0.25,asset_lower:Asset_014,>=,0.0,0.0,0.0,0.0,True
2,0.25,asset_upper:Asset_014,<=,0.0,0.2,0.2,0.0,True
2,0.25,asset_lower:Asset_015,>=,0.0500000000593616,0.0,0.0500000000593616,0.0,True
2,0.25,asset_upper:Asset_015,<=,0.0500000000593616,0.2,0.1499999999406384,0.0,True
2,0.25,asset_lower:Asset_016,>=,0.0,0.0,0.0,0.0,True
2,0.25,asset_upper:Asset_016,<=,0.0,0.2,0.2,0.0,True
2,0.25,asset_lower:Asset_017,>=,0.09999999999408508,0.0,0.09999999999408508,0.0,True
2,0.25,asset_upper:Asset_017,<=,0.09999999999408508,0.2,0.10000000000591493,0.0,True
2,0.25,asset_lower:Asset_018,>=,0.0,0.0,0.0,0.0,True
2,0.25,asset_upper:Asset_018,<=,0.0,0.2,0.2,0.0,True
2,0.25,asset_lower:Asset_019,>=,0.0,0.0,0.0,0.0,True
2,0.25,asset_upper:Asset_019,<=,0.0,0.2,0.2,0.0,True
2,0.25,asset_lower:Asset_020,>=,0.0,0.0,0.0,0.0,True
2,0.25,asset_upper:Asset_020,<=,0.0,0.2,0.2,0.0,True
2,0.25,asset_lower:Asset_021,>=,0.0,0.0,0.0,0.0,True
2,0.25,asset_upper:Asset_021,<=,0.0,0.2,0.2,0.0,True
2,0.25,asset_lower:Asset_022,>=,0.0,0.0,0.0,0.0,True
2,0.25,asset_upper:Asset_022,<=,0.0,0.2,0.2,0.0,True
2,0.25,asset_lower:Asset_023,>=,0.0,0.0,0.0,0.0,True
2,0.25,asset_upper:Asset_023,<=,0.0,0.2,0.2,0.0,True
2,0.25,asset_lower:Asset_024,>=,0.0,0.0,0.0,0.0,True
2,0.25,asset_upper:Asset_024,<=,0.0,0.2,0.2,0.0,True
2,0.25,asset_lower:Asset_025,>=,0.009999999994872803,0.0,0.009999999994872803,0.0,True
2,0.25,asset_upper:Asset_025,<=,0.009999999994872803,0.2,0.1900000000051272,0.0,True
2,0.25,asset_lower:Asset_026,>=,0.0,0.0,0.0,0.0,True
2,0.25,asset_upper:Asset_026,<=,0.0,0.2,0.2,0.0,True
2,0.25,asset_lower:Asset_027,>=,0.0,0.0,0.0,0.0,True
2,0.25,asset_upper:Asset_027,<=,0.0,0.2,0.2,0.0,True
2,0.25,asset_lower:Asset_028,>=,0.0,0.0,0.0,0.0,True
2,0.25,asset_upper:Asset_028,<=,0.0,0.2,0.2,0.0,True
2,0.25,asset_lower:Asset_029,>=,0.0,0.0,0.0,0.0,True
2,0.25,asset_upper:Asset_029,<=,0.0,0.2,0.2,0.0,True
2,0.25,asset_lower:Asset_030,>=,0.0,0.0,0.0,0.0,True
2,0.25,asset_upper:Asset_030,<=,0.0,0.2,0.2,0.0,True
2,0.25,asset_lower:Asset_031,>=,0.0,0.0,0.0,0.0,True
2,0.25,asset_upper:Asset_031,<=,0.0,0.2,0.2,0.0,True
2,0.25,asset_lower:Asset_032,>=,0.0,0.0,0.0,0.0,True
2,0.25,asset_upper:Asset_032,<=,0.0,0.2,0.2,0.0,True
2,0.25,asset_lower:Asset_033,>=,0.0,0.0,0.0,0.0,True
2,0.25,asset_upper:Asset_033,<=,0.0,0.2,0.2,0.0,True
2,0.25,asset_lower:Asset_034,>=,0.0,0.0,0.0,0.0,True
2,0.25,asset_upper:Asset_034,<=,0.0,0.2,0.2,0.0,True
2,0.25,asset_lower:Asset_035,>=,0.0,0.0,0.0,0.0,True
2,0.25,asset_upper:Asset_035,<=,0.0,0.2,0.2,0.0,True
2,0.25,asset_lower:Asset_036,>=,0.0,0.0,0.0,0.0,True
2,0.25,asset_upper:Asset_036,<=,0.0,0.2,0.2,0.0,True
2,0.25,asset_lower:Asset_037,>=,0.0,0.0,0.0,0.0,True
2,0.25,asset_upper:Asset_037,<=,0.0,0.2,0.2,0.0,True
2,0.25,asset_lower:Asset_038,>=,0.05000000006147109,0.0,0.05000000006147109,0.0,True
2,0.25,asset_upper:Asset_038,<=,0.05000000006147109,0.2,0.14999999993852892,0.0,True
2,0.25,asset_lower:Asset_039,>=,0.0,0.0,0.0,0.0,True
2,0.25,asset_upper:Asset_039,<=,0.0,0.2,0.2,0.0,True
2,0.25,asset_lower:Asset_040,>=,0.0,0.0,0.0,0.0,True
2,0.25,asset_upper:Asset_040,<=,0.0,0.2,0.2,0.0,True
2,0.25,asset_lower:Asset_041,>=,0.0,0.0,0.0,0.0,True
2,0.25,asset_upper:Asset_041,<=,0.0,0.2,0.2,0.0,True
2,0.25,asset_lower:Asset_042,>=,0.0,0.0,0.0,0.0,True
2,0.25,asset_upper:Asset_042,<=,0.0,0.2,0.2,0.0,True
2,0.25,asset_lower:Asset_043,>=,0.0,0.0,0.0,0.0,True
2,0.25,asset_upper:Asset_043,<=,0.0,0.2,0.2,0.0,True
2,0.25,asset_lower:Asset_044,>=,0.0,0.0,0.0,0.0,True
2,0.25,asset_upper:Asset_044,<=,0.0,0.2,0.2,0.0,True
2,0.25,asset_lower:Asset_045,>=,0.0,0.0,0.0,0.0,True
2,0.25,asset_upper:Asset_045,<=,0.0,0.2,0.2,0.0,True
2,0.25,asset_lower:Asset_046,>=,0.0,0.0,0.0,0.0,True
2,0.25,asset_upper:Asset_046,<=,0.0,0.2,0.2,0.0,True
2,0.25,asset_lower:Asset_047,>=,0.0,0.0,0.0,0.0,True
2,0.25,asset_upper:Asset_047,<=,0.0,0.2,0.2,0.0,True
2,0.25,asset_lower:Asset_048,>=,0.0,0.0,0.0,0.0,True
2,0.25,asset_upper:Asset_048,<=,0.0,0.2,0.2,0.0,True
2,0.25,asset_lower:Asset_049,>=,0.027319022698042265,0.0,0.027319022698042265,0.0,True
2,0.25,asset_upper:Asset_049,<=,0.027319022698042265,0.2,0.17268097730195775,0.0,True
2,0.25,asset_lower:Asset_050,>=,0.0,0.0,0.0,0.0,True
2,0.25,asset_upper:Asset_050,<=,0.0,0.2,0.2,0.0,True
2,0.25,asset_lower:Asset_051,>=,0.0,0.0,0.0,0.0,True
2,0.25,asset_upper:Asset_051,<=,0.0,0.2,0.2,0.0,True
2,0.25,asset_lower:Asset_052,>=,0.0,0.0,0.0,0.0,True
2,0.25,asset_upper:Asset_052,<=,0.0,0.2,0.2,0.0,True
2,0.25,asset_lower:Asset_053,>=,0.0,0.0,0.0,0.0,True
2,0.25,asset_upper:Asset_053,<=,0.0,0.2,0.2,0.0,True
2,0.25,asset_lower:Asset_054,>=,0.0999999999926534,0.0,0.0999999999926534,0.0,True
2,0.25,asset_upper:Asset_054,<=,0.0999999999926534,0.2,0.10000000000734661,0.0,True
2,0.25,asset_lower:Asset_055,>=,0.04999999997967857,0.0,0.04999999997967857,0.0,True
2,0.25,asset_upper:Asset_055,<=,0.04999999997967857,0.2,0.15000000002032143,0.0,True
2,0.25,asset_lower:Asset_056,>=,0.0,0.0,0.0,0.0,True
2,0.25,asset_upper:Asset_056,<=,0.0,0.2,0.2,0.0,True
2,0.25,asset_lower:Asset_057,>=,0.0,0.0,0.0,0.0,True
2,0.25,asset_upper:Asset_057,<=,0.0,0.2,0.2,0.0,True
2,0.25,asset_lower:Asset_058,>=,0.0,0.0,0.0,0.0,True
2,0.25,asset_upper:Asset_058,<=,0.0,0.2,0.2,0.0,True
2,0.25,asset_lower:Asset_059,>=,0.0,0.0,0.0,0.0,True
2,0.25,asset_upper:Asset_059,<=,0.0,0.2,0.2,0.0,True
2,0.25,asset_lower:Asset_060,>=,0.0,0.0,0.0,0.0,True
2,0.25,asset_upper:Asset_060,<=,0.0,0.2,0.2,0.0,True
2,0.25,asset_lower:Asset_061,>=,0.0,0.0,0.0,0.0,True
2,0.25,asset_upper:Asset_061,<=,0.0,0.2,0.2,0.0,True
2,0.25,asset_lower:Asset_062,>=,0.09999999997587135,0.0,0.09999999997587135,0.0,True
2,0.25,asset_upper:Asset_062,<=,0.09999999997587135,0.2,0.10000000002412866,0.0,True
2,0.25,asset_lower:Asset_063,>=,0.0,0.0,0.0,0.0,True
2,0.25,asset_upper:Asset_063,<=,0.0,0.2,0.2,0.0,True
2,0.25,asset_lower:Asset_064,>=,0.04844426489195566,0.0,0.04844426489195566,0.0,True
2,0.25,asset_upper:Asset_064,<=,0.04844426489195566,0.2,0.15155573510804435,0.0,True
2,0.25,asset_lower:Asset_065,>=,0.0,0.0,0.0,0.0,True
2,0.25,asset_upper:Asset_065,<=,0.0,0.2,0.2,0.0,True
2,0.25,asset_lower:Asset_066,>=,0.0,0.0,0.0,0.0,True
2,0.25,asset_upper:Asset_066,<=,0.0,0.2,0.2,0.0,True
2,0.25,asset_lower:Asset_067,>=,0.0,0.0,0.0,0.0,True
2,0.25,asset_upper:Asset_067,<=,0.0,0.2,0.2,0.0,True
2,0.25,asset_lower:Asset_068,>=,0.0,0.0,0.0,0.0,True
2,0.25,asset_upper:Asset_068,<=,0.0,0.2,0.2,0.0,True
2,0.25,asset_lower:Asset_069,>=,0.0,0.0,0.0,0.0,True
2,0.25,asset_upper:Asset_069,<=,0.0,0.2,0.2,0.0,True
2,0.25,asset_lower:Asset_070,>=,0.0,0.0,0.0,0.0,True
2,0.25,asset_upper:Asset_070,<=,0.0,0.2,0.2,0.0,True
2,0.25,asset_lower:Asset_071,>=,0.0,0.0,0.0,0.0,True
2,0.25,asset_upper:Asset_071,<=,0.0,0.2,0.2,0.0,True
2,0.25,asset_lower:Asset_072,>=,0.0,0.0,0.0,0.0,True
2,0.25,asset_upper:Asset_072,<=,0.0,0.2,0.2,0.0,True
2,0.25,asset_lower:Asset_073,>=,0.04999999999777764,0.0,0.04999999999777764,0.0,True
2,0.25,asset_upper:Asset_073,<=,0.04999999999777764,0.2,0.15000000000222236,0.0,True
2,0.25,asset_lower:Asset_074,>=,0.0,0.0,0.0,0.0,True
2,0.25,asset_upper:Asset_074,<=,0.0,0.2,0.2,0.0,True
2,0.25,asset_lower:Asset_075,>=,0.04999999994125134,0.0,0.04999999994125134,0.0,True
2,0.25,asset_upper:Asset_075,<=,0.04999999994125134,0.2,0.15000000005874867,0.0,True
2,0.25,asset_lower:Asset_076,>=,0.0,0.0,0.0,0.0,True
2,0.25,asset_upper:Asset_076,<=,0.0,0.2,0.2,0.0,True
2,0.25,asset_lower:Asset_077,>=,0.0,0.0,0.0,0.0,True
2,0.25,asset_upper:Asset_077,<=,0.0,0.2,0.2,0.0,True
2,0.25,asset_lower:Asset_078,>=,0.0,0.0,0.0,0.0,True
2,0.25,asset_upper:Asset_078,<=,0.0,0.2,0.2,0.0,True
2,0.25,asset_lower:Asset_079,>=,0.0,0.0,0.0,0.0,True
2,0.25,asset_upper:Asset_079,<=,0.0,0.2,0.2,0.0,True
2,0.25,asset_lower:Asset_080,>=,0.0,0.0,0.0,0.0,True
2,0.25,asset_upper:Asset_080,<=,0.0,0.2,0.2,0.0,True
2,0.25,asset_lower:Asset_081,>=,0.04999994942806595,0.0,0.04999994942806595,0.0,True
2,0.25,asset_upper:Asset_081,<=,0.04999994942806595,0.2,0.15000005057193405,0.0,True
2,0.25,asset_lower:Asset_082,>=,0.0,0.0,0.0,0.0,True
2,0.25,asset_upper:Asset_082,<=,0.0,0.2,0.2,0.0,True
2,0.25,asset_lower:Asset_083,>=,0.09999999982430527,0.0,0.09999999982430527,0.0,True
2,0.25,asset_upper:Asset_083,<=,0.09999999982430527,0.2,0.10000000017569474,0.0,True
2,0.25,asset_lower:Asset_084,>=,0.0,0.0,0.0,0.0,True
2,0.25,asset_upper:Asset_084,<=,0.0,0.2,0.2,0.0,True
2,0.25,asset_lower:Asset_085,>=,0.0,0.0,0.0,0.0,True
2,0.25,asset_upper:Asset_085,<=,0.0,0.2,0.2,0.0,True
2,0.25,asset_lower:Asset_086,>=,0.0,0.0,0.0,0.0,True
2,0.25,asset_upper:Asset_086,<=,0.0,0.2,0.2,0.0,True
2,0.25,asset_lower:Asset_087,>=,0.0,0.0,0.0,0.0,True
2,0.25,asset_upper:Asset_087,<=,0.0,0.2,0.2,0.0,True
2,0.25,asset_lower:Asset_088,>=,0.0,0.0,0.0,0.0,True
2,0.25,asset_upper:Asset_088,<=,0.0,0.2,0.2,0.0,True
2,0.25,asset_lower:Asset_089,>=,0.0,0.0,0.0,0.0,True
2,0.25,asset_upper:Asset_089,<=,0.0,0.2,0.2,0.0,True
2,0.25,asset_lower:Asset_090,>=,0.0,0.0,0.0,0.0,True
2,0.25,asset_upper:Asset_090,<=,0.0,0.2,0.2,0.0,True
2,0.25,asset_lower:Asset_091,>=,0.03423676308792535,0.0,0.03423676308792535,0.0,True
2,0.25,asset_upper:Asset_091,<=,0.03423676308792535,0.2,0.16576323691207467,0.0,True
2,0.25,asset_lower:Asset_092,>=,0.009999999990877683,0.0,0.009999999990877683,0.0,True
2,0.25,asset_upper:Asset_092,<=,0.009999999990877683,0.2,0.19000000000912232,0.0,True
2,0.25,asset_lower:Asset_093,>=,0.04999999998532477,0.0,0.04999999998532477,0.0,True
2,0.25,asset_upper:Asset_093,<=,0.04999999998532477,0.2,0.15000000001467523,0.0,True
2,0.25,asset_lower:Asset_094,>=,0.0,0.0,0.0,0.0,True
2,0.25,asset_upper:Asset_094,<=,0.0,0.2,0.2,0.0,True
2,0.25,asset_lower:Asset_095,>=,0.0,0.0,0.0,0.0,True
2,0.25,asset_upper:Asset_095,<=,0.0,0.2,0.2,0.0,True
2,0.25,asset_lower:Asset_096,>=,0.009999999990869802,0.0,0.009999999990869802,0.0,True
2,0.25,asset_upper:Asset_096,<=,0.009999999990869802,0.2,0.1900000000091302,0.0,True
2,0.25,asset_lower:Asset_097,>=,0.05000000012296742,0.0,0.05000000012296742,0.0,True
2,0.25,asset_upper:Asset_097,<=,0.05000000012296742,0.2,0.1499999998770326,0.0,True
2,0.25,asset_lower:Asset_098,>=,0.0,0.0,0.0,0.0,True
2,0.25,asset_upper:Asset_098,<=,0.0,0.2,0.2,0.0,True
2,0.25,asset_lower:Asset_099,>=,0.0,0.0,0.0,0.0,True
2,0.25,asset_upper:Asset_099,<=,0.0,0.2,0.2,0.0,True
2,0.25,group_lower:Group_0,>=,0.13423676312696553,0.10000000000000002,0.03423676312696551,0.0,True
2,0.25,group_upper:Group_0,<=,0.13423676312696553,0.25,0.11576323687303447,0.0,True
2,0.25,group_lower:Group_1,>=,0.11999999995869977,0.10000000000000002,0.01999999995869975,0.0,True
2,0.25,group_upper:Group_1,<=,0.11999999995869977,0.25,0.13000000004130025,0.0,True
2,0.25,group_lower:Group_2,>=,0.2000000001770919,0.10000000000000002,0.10000000017709189,0.0,True
2,0.25,group_upper:Group_2,<=,0.2000000001770919,0.25,0.04999999982290809,0.0,True
2,0.25,group_lower:Group_3,>=,0.14844421426127297,0.10000000000000002,0.04844421426127295,0.0,True
2,0.25,group_upper:Group_3,<=,0.14844421426127297,0.25,0.10155578573872703,0.0,True
2,0.25,group_lower:Group_4,>=,0.0773190226958199,0.05,0.0273190226958199,0.0,True
2,0.25,group_upper:Group_4,<=,0.0773190226958199,0.2,0.12268097730418011,0.0,True
2,0.25,group_lower:Group_5,>=,0.14999999981899312,0.05,0.09999999981899312,0.0,True
2,0.25,group_upper:Group_5,<=,0.14999999981899312,0.2,0.05000000018100689,0.0,True
2,0.25,group_lower:Group_6,>=,0.10999999998495488,0.05,0.05999999998495488,0.0,True
2,0.25,group_upper:Group_6,<=,0.10999999998495488,0.2,0.09000000001504513,0.0,True
2,0.25,group_lower:Group_7,>=,0.05999999997620245,0.05,0.009999999976202448,0.0,True
2,0.25,group_upper:Group_7,<=,0.05999999997620245,0.2,0.14000000002379756,0.0,True
2,0.25,max_turnover,<=,0.4000000000614299,0.4,-6.1429861197837e-11,6.1429861197837e-11,True
2,0.25,exact_cardinality,=,20.0,20.0,-0.0,0.0,True
2,0.25,minimum_active_weight:Asset_006,>=,0.009999999987955614,0.01,-1.2044386321630185e-11,1.2044386321630185e-11,True
2,0.25,minimum_active_weight:Asset_008,>=,0.04999999999468784,0.01,0.03999999999468784,0.0,True
2,0.25,minimum_active_weight:Asset_015,>=,0.0500000000593616,0.01,0.0400000000593616,0.0,True
2,0.25,minimum_active_weight:Asset_017,>=,0.09999999999408508,0.01,0.08999999999408509,0.0,True
2,0.25,minimum_active_weight:Asset_025,>=,0.009999999994872803,0.01,-5.127197277854378e-12,5.127197277854378e-12,True
2,0.25,minimum_active_weight:Asset_038,>=,0.05000000006147109,0.01,0.040000000061471086,0.0,True
2,0.25,minimum_active_weight:Asset_049,>=,0.027319022698042265,0.01,0.017319022698042266,0.0,True
2,0.25,minimum_active_weight:Asset_054,>=,0.0999999999926534,0.01,0.0899999999926534,0.0,True
2,0.25,minimum_active_weight:Asset_055,>=,0.04999999997967857,0.01,0.03999999997967857,0.0,True
2,0.25,minimum_active_weight:Asset_062,>=,0.09999999997587135,0.01,0.08999999997587135,0.0,True
2,0.25,minimum_active_weight:Asset_064,>=,0.04844426489195566,0.01,0.03844426489195566,0.0,True
2,0.25,minimum_active_weight:Asset_073,>=,0.04999999999777764,0.01,0.03999999999777764,0.0,True
2,0.25,minimum_active_weight:Asset_075,>=,0.04999999994125134,0.01,0.039999999941251335,0.0,True
2,0.25,minimum_active_weight:Asset_081,>=,0.04999994942806595,0.01,0.03999994942806595,0.0,True
2,0.25,minimum_active_weight:Asset_083,>=,0.09999999982430527,0.01,0.08999999982430527,0.0,True
2,0.25,minimum_active_weight:Asset_091,>=,0.03423676308792535,0.01,0.02423676308792535,0.0,True
2,0.25,minimum_active_weight:Asset_092,>=,0.009999999990877683,0.01,-9.122317484733244e-12,9.122317484733244e-12,True
2,0.25,minimum_active_weight:Asset_093,>=,0.04999999998532477,0.01,0.03999999998532477,0.0,True
2,0.25,minimum_active_weight:Asset_096,>=,0.009999999990869802,0.01,-9.130198333484607e-12,9.130198333484607e-12,True
2,0.25,minimum_active_weight:Asset_097,>=,0.05000000012296742,0.01,0.040000000122967415,0.0,True
2,0.25,implementation_upper:Asset_000,<=,0.0,0.1,0.1,0.0,True
2,0.25,implementation_upper:Asset_001,<=,0.0,0.1,0.1,0.0,True
2,0.25,implementation_upper:Asset_002,<=,0.0,0.1,0.1,0.0,True
2,0.25,implementation_upper:Asset_003,<=,0.0,0.1,0.1,0.0,True
2,0.25,implementation_upper:Asset_004,<=,0.0,0.1,0.1,0.0,True
2,0.25,implementation_upper:Asset_005,<=,0.0,0.1,0.1,0.0,True
2,0.25,implementation_upper:Asset_006,<=,0.009999999987955614,0.1,0.09000000001204439,0.0,True
2,0.25,implementation_upper:Asset_007,<=,0.0,0.1,0.1,0.0,True
2,0.25,implementation_upper:Asset_008,<=,0.04999999999468784,0.1,0.05000000000531216,0.0,True
2,0.25,implementation_upper:Asset_009,<=,0.0,0.1,0.1,0.0,True
2,0.25,implementation_upper:Asset_010,<=,0.0,0.1,0.1,0.0,True
2,0.25,implementation_upper:Asset_011,<=,0.0,0.1,0.1,0.0,True
2,0.25,implementation_upper:Asset_012,<=,0.0,0.1,0.1,0.0,True
2,0.25,implementation_upper:Asset_013,<=,0.0,0.1,0.1,0.0,True
2,0.25,implementation_upper:Asset_014,<=,0.0,0.1,0.1,0.0,True
2,0.25,implementation_upper:Asset_015,<=,0.0500000000593616,0.1,0.049999999940638404,0.0,True
2,0.25,implementation_upper:Asset_016,<=,0.0,0.1,0.1,0.0,True
2,0.25,implementation_upper:Asset_017,<=,0.09999999999408508,0.1,5.914921330507639e-12,0.0,True
2,0.25,implementation_upper:Asset_018,<=,0.0,0.1,0.1,0.0,True
2,0.25,implementation_upper:Asset_019,<=,0.0,0.1,0.1,0.0,True
2,0.25,implementation_upper:Asset_020,<=,0.0,0.1,0.1,0.0,True
2,0.25,implementation_upper:Asset_021,<=,0.0,0.1,0.1,0.0,True
2,0.25,implementation_upper:Asset_022,<=,0.0,0.1,0.1,0.0,True
2,0.25,implementation_upper:Asset_023,<=,0.0,0.1,0.1,0.0,True
2,0.25,implementation_upper:Asset_024,<=,0.0,0.1,0.1,0.0,True
2,0.25,implementation_upper:Asset_025,<=,0.009999999994872803,0.1,0.0900000000051272,0.0,True
2,0.25,implementation_upper:Asset_026,<=,0.0,0.1,0.1,0.0,True
2,0.25,implementation_upper:Asset_027,<=,0.0,0.1,0.1,0.0,True
2,0.25,implementation_upper:Asset_028,<=,0.0,0.1,0.1,0.0,True
2,0.25,implementation_upper:Asset_029,<=,0.0,0.1,0.1,0.0,True
2,0.25,implementation_upper:Asset_030,<=,0.0,0.1,0.1,0.0,True
2,0.25,implementation_upper:Asset_031,<=,0.0,0.1,0.1,0.0,True
2,0.25,implementation_upper:Asset_032,<=,0.0,0.1,0.1,0.0,True
2,0.25,implementation_upper:Asset_033,<=,0.0,0.1,0.1,0.0,True
2,0.25,implementation_upper:Asset_034,<=,0.0,0.1,0.1,0.0,True
2,0.25,implementation_upper:Asset_035,<=,0.0,0.1,0.1,0.0,True
2,0.25,implementation_upper:Asset_036,<=,0.0,0.1,0.1,0.0,True
2,0.25,implementation_upper:Asset_037,<=,0.0,0.1,0.1,0.0,True
2,0.25,implementation_upper:Asset_038,<=,0.05000000006147109,0.1,0.04999999993852892,0.0,True
2,0.25,implementation_upper:Asset_039,<=,0.0,0.1,0.1,0.0,True
2,0.25,implementation_upper:Asset_040,<=,0.0,0.1,0.1,0.0,True
2,0.25,implementation_upper:Asset_041,<=,0.0,0.1,0.1,0.0,True
2,0.25,implementation_upper:Asset_042,<=,0.0,0.1,0.1,0.0,True
2,0.25,implementation_upper:Asset_043,<=,0.0,0.1,0.1,0.0,True
2,0.25,implementation_upper:Asset_044,<=,0.0,0.1,0.1,0.0,True
2,0.25,implementation_upper:Asset_045,<=,0.0,0.1,0.1,0.0,True
2,0.25,implementation_upper:Asset_046,<=,0.0,0.1,0.1,0.0,True
2,0.25,implementation_upper:Asset_047,<=,0.0,0.1,0.1,0.0,True
2,0.25,implementation_upper:Asset_048,<=,0.0,0.1,0.1,0.0,True
2,0.25,implementation_upper:Asset_049,<=,0.027319022698042265,0.1,0.07268097730195774,0.0,True
2,0.25,implementation_upper:Asset_050,<=,0.0,0.1,0.1,0.0,True
2,0.25,implementation_upper:Asset_051,<=,0.0,0.1,0.1,0.0,True
2,0.25,implementation_upper:Asset_052,<=,0.0,0.1,0.1,0.0,True
2,0.25,implementation_upper:Asset_053,<=,0.0,0.1,0.1,0.0,True
2,0.25,implementation_upper:Asset_054,<=,0.0999999999926534,0.1,7.34660943191301e-12,0.0,True
2,0.25,implementation_upper:Asset_055,<=,0.04999999997967857,0.1,0.050000000020321435,0.0,True
2,0.25,implementation_upper:Asset_056,<=,0.0,0.1,0.1,0.0,True
2,0.25,implementation_upper:Asset_057,<=,0.0,0.1,0.1,0.0,True
2,0.25,implementation_upper:Asset_058,<=,0.0,0.1,0.1,0.0,True
2,0.25,implementation_upper:Asset_059,<=,0.0,0.1,0.1,0.0,True
2,0.25,implementation_upper:Asset_060,<=,0.0,0.1,0.1,0.0,True
2,0.25,implementation_upper:Asset_061,<=,0.0,0.1,0.1,0.0,True
2,0.25,implementation_upper:Asset_062,<=,0.09999999997587135,0.1,2.412865740542003e-11,0.0,True
2,0.25,implementation_upper:Asset_063,<=,0.0,0.1,0.1,0.0,True
2,0.25,implementation_upper:Asset_064,<=,0.04844426489195566,0.1,0.05155573510804434,0.0,True
2,0.25,implementation_upper:Asset_065,<=,0.0,0.1,0.1,0.0,True
2,0.25,implementation_upper:Asset_066,<=,0.0,0.1,0.1,0.0,True
2,0.25,implementation_upper:Asset_067,<=,0.0,0.1,0.1,0.0,True
2,0.25,implementation_upper:Asset_068,<=,0.0,0.1,0.1,0.0,True
2,0.25,implementation_upper:Asset_069,<=,0.0,0.1,0.1,0.0,True
2,0.25,implementation_upper:Asset_070,<=,0.0,0.1,0.1,0.0,True
2,0.25,implementation_upper:Asset_071,<=,0.0,0.1,0.1,0.0,True
2,0.25,implementation_upper:Asset_072,<=,0.0,0.1,0.1,0.0,True
2,0.25,implementation_upper:Asset_073,<=,0.04999999999777764,0.1,0.050000000002222364,0.0,True
2,0.25,implementation_upper:Asset_074,<=,0.0,0.1,0.1,0.0,True
2,0.25,implementation_upper:Asset_075,<=,0.04999999994125134,0.1,0.05000000005874867,0.0,True
2,0.25,implementation_upper:Asset_076,<=,0.0,0.1,0.1,0.0,True
2,0.25,implementation_upper:Asset_077,<=,0.0,0.1,0.1,0.0,True
2,0.25,implementation_upper:Asset_078,<=,0.0,0.1,0.1,0.0,True
2,0.25,implementation_upper:Asset_079,<=,0.0,0.1,0.1,0.0,True
2,0.25,implementation_upper:Asset_080,<=,0.0,0.1,0.1,0.0,True
2,0.25,implementation_upper:Asset_081,<=,0.04999994942806595,0.1,0.05000005057193405,0.0,True
2,0.25,implementation_upper:Asset_082,<=,0.0,0.1,0.1,0.0,True
2,0.25,implementation_upper:Asset_083,<=,0.09999999982430527,0.1,1.7569473653722412e-10,0.0,True
2,0.25,implementation_upper:Asset_084,<=,0.0,0.1,0.1,0.0,True
2,0.25,implementation_upper:Asset_085,<=,0.0,0.1,0.1,0.0,True
2,0.25,implementation_upper:Asset_086,<=,0.0,0.1,0.1,0.0,True
2,0.25,implementation_upper:Asset_087,<=,0.0,0.1,0.1,0.0,True
2,0.25,implementation_upper:Asset_088,<=,0.0,0.1,0.1,0.0,True
2,0.25,implementation_upper:Asset_089,<=,0.0,0.1,0.1,0.0,True
2,0.25,implementation_upper:Asset_090,<=,0.0,0.1,0.1,0.0,True
2,0.25,implementation_upper:Asset_091,<=,0.03423676308792535,0.1,0.06576323691207465,0.0,True
2,0.25,implementation_upper:Asset_092,<=,0.009999999990877683,0.1,0.09000000000912232,0.0,True
2,0.25,implementation_upper:Asset_093,<=,0.04999999998532477,0.1,0.050000000014675236,0.0,True
2,0.25,implementation_upper:Asset_094,<=,0.0,0.1,0.1,0.0,True
2,0.25,implementation_upper:Asset_095,<=,0.0,0.1,0.1,0.0,True
2,0.25,implementation_upper:Asset_096,<=,0.009999999990869802,0.1,0.09000000000913021,0.0,True
2,0.25,implementation_upper:Asset_097,<=,0.05000000012296742,0.1,0.04999999987703259,0.0,True
2,0.25,implementation_upper:Asset_098,<=,0.0,0.1,0.1,0.0,True
2,0.25,implementation_upper:Asset_099,<=,0.0,0.1,0.1,0.0,True
2,0.5,budget,=,1.0,1.0,-0.0,0.0,True
2,0.5,asset_lower:Asset_000,>=,0.0,0.0,0.0,0.0,True
2,0.5,asset_upper:Asset_000,<=,0.0,0.2,0.2,0.0,True
2,0.5,asset_lower:Asset_001,>=,0.0,0.0,0.0,0.0,True
2,0.5,asset_upper:Asset_001,<=,0.0,0.2,0.2,0.0,True
2,0.5,asset_lower:Asset_002,>=,0.0,0.0,0.0,0.0,True
2,0.5,asset_upper:Asset_002,<=,0.0,0.2,0.2,0.0,True
2,0.5,asset_lower:Asset_003,>=,0.0,0.0,0.0,0.0,True
2,0.5,asset_upper:Asset_003,<=,0.0,0.2,0.2,0.0,True
2,0.5,asset_lower:Asset_004,>=,0.0,0.0,0.0,0.0,True
2,0.5,asset_upper:Asset_004,<=,0.0,0.2,0.2,0.0,True
2,0.5,asset_lower:Asset_005,>=,0.0,0.0,0.0,0.0,True
2,0.5,asset_upper:Asset_005,<=,0.0,0.2,0.2,0.0,True
2,0.5,asset_lower:Asset_006,>=,0.009999999989931197,0.0,0.009999999989931197,0.0,True
2,0.5,asset_upper:Asset_006,<=,0.009999999989931197,0.2,0.1900000000100688,0.0,True
2,0.5,asset_lower:Asset_007,>=,0.0,0.0,0.0,0.0,True
2,0.5,asset_upper:Asset_007,<=,0.0,0.2,0.2,0.0,True
2,0.5,asset_lower:Asset_008,>=,0.05000000000139189,0.0,0.05000000000139189,0.0,True
2,0.5,asset_upper:Asset_008,<=,0.05000000000139189,0.2,0.14999999999860814,0.0,True
2,0.5,asset_lower:Asset_009,>=,0.0,0.0,0.0,0.0,True
2,0.5,asset_upper:Asset_009,<=,0.0,0.2,0.2,0.0,True
2,0.5,asset_lower:Asset_010,>=,0.0,0.0,0.0,0.0,True
2,0.5,asset_upper:Asset_010,<=,0.0,0.2,0.2,0.0,True
2,0.5,asset_lower:Asset_011,>=,0.0,0.0,0.0,0.0,True
2,0.5,asset_upper:Asset_011,<=,0.0,0.2,0.2,0.0,True
2,0.5,asset_lower:Asset_012,>=,0.0,0.0,0.0,0.0,True
2,0.5,asset_upper:Asset_012,<=,0.0,0.2,0.2,0.0,True
2,0.5,asset_lower:Asset_013,>=,0.0,0.0,0.0,0.0,True
2,0.5,asset_upper:Asset_013,<=,0.0,0.2,0.2,0.0,True
2,0.5,asset_lower:Asset_014,>=,0.0,0.0,0.0,0.0,True
2,0.5,asset_upper:Asset_014,<=,0.0,0.2,0.2,0.0,True
2,0.5,asset_lower:Asset_015,>=,0.050000000197035974,0.0,0.050000000197035974,0.0,True
2,0.5,asset_upper:Asset_015,<=,0.050000000197035974,0.2,0.14999999980296402,0.0,True
2,0.5,asset_lower:Asset_016,>=,0.0,0.0,0.0,0.0,True
2,0.5,asset_upper:Asset_016,<=,0.0,0.2,0.2,0.0,True
2,0.5,asset_lower:Asset_017,>=,0.09999999998898357,0.0,0.09999999998898357,0.0,True
2,0.5,asset_upper:Asset_017,<=,0.09999999998898357,0.2,0.10000000001101644,0.0,True
2,0.5,asset_lower:Asset_018,>=,0.0,0.0,0.0,0.0,True
2,0.5,asset_upper:Asset_018,<=,0.0,0.2,0.2,0.0,True
2,0.5,asset_lower:Asset_019,>=,0.0,0.0,0.0,0.0,True
2,0.5,asset_upper:Asset_019,<=,0.0,0.2,0.2,0.0,True
2,0.5,asset_lower:Asset_020,>=,0.0,0.0,0.0,0.0,True
2,0.5,asset_upper:Asset_020,<=,0.0,0.2,0.2,0.0,True
2,0.5,asset_lower:Asset_021,>=,0.0,0.0,0.0,0.0,True
2,0.5,asset_upper:Asset_021,<=,0.0,0.2,0.2,0.0,True
2,0.5,asset_lower:Asset_022,>=,0.0,0.0,0.0,0.0,True
2,0.5,asset_upper:Asset_022,<=,0.0,0.2,0.2,0.0,True
2,0.5,asset_lower:Asset_023,>=,0.0,0.0,0.0,0.0,True
2,0.5,asset_upper:Asset_023,<=,0.0,0.2,0.2,0.0,True
2,0.5,asset_lower:Asset_024,>=,0.0,0.0,0.0,0.0,True
2,0.5,asset_upper:Asset_024,<=,0.0,0.2,0.2,0.0,True
2,0.5,asset_lower:Asset_025,>=,0.010000000000156663,0.0,0.010000000000156663,0.0,True
2,0.5,asset_upper:Asset_025,<=,0.010000000000156663,0.2,0.18999999999984335,0.0,True
2,0.5,asset_lower:Asset_026,>=,0.0,0.0,0.0,0.0,True
2,0.5,asset_upper:Asset_026,<=,0.0,0.2,0.2,0.0,True
2,0.5,asset_lower:Asset_027,>=,0.0,0.0,0.0,0.0,True
2,0.5,asset_upper:Asset_027,<=,0.0,0.2,0.2,0.0,True
2,0.5,asset_lower:Asset_028,>=,0.0,0.0,0.0,0.0,True
2,0.5,asset_upper:Asset_028,<=,0.0,0.2,0.2,0.0,True
2,0.5,asset_lower:Asset_029,>=,0.0,0.0,0.0,0.0,True
2,0.5,asset_upper:Asset_029,<=,0.0,0.2,0.2,0.0,True
2,0.5,asset_lower:Asset_030,>=,0.0,0.0,0.0,0.0,True
2,0.5,asset_upper:Asset_030,<=,0.0,0.2,0.2,0.0,True
2,0.5,asset_lower:Asset_031,>=,0.0,0.0,0.0,0.0,True
2,0.5,asset_upper:Asset_031,<=,0.0,0.2,0.2,0.0,True
2,0.5,asset_lower:Asset_032,>=,0.0,0.0,0.0,0.0,True
2,0.5,asset_upper:Asset_032,<=,0.0,0.2,0.2,0.0,True
2,0.5,asset_lower:Asset_033,>=,0.0,0.0,0.0,0.0,True
2,0.5,asset_upper:Asset_033,<=,0.0,0.2,0.2,0.0,True
2,0.5,asset_lower:Asset_034,>=,0.0,0.0,0.0,0.0,True
2,0.5,asset_upper:Asset_034,<=,0.0,0.2,0.2,0.0,True
2,0.5,asset_lower:Asset_035,>=,0.0,0.0,0.0,0.0,True
2,0.5,asset_upper:Asset_035,<=,0.0,0.2,0.2,0.0,True
2,0.5,asset_lower:Asset_036,>=,0.0,0.0,0.0,0.0,True
2,0.5,asset_upper:Asset_036,<=,0.0,0.2,0.2,0.0,True
2,0.5,asset_lower:Asset_037,>=,0.0,0.0,0.0,0.0,True
2,0.5,asset_upper:Asset_037,<=,0.0,0.2,0.2,0.0,True
2,0.5,asset_lower:Asset_038,>=,0.0541140479097158,0.0,0.0541140479097158,0.0,True
2,0.5,asset_upper:Asset_038,<=,0.0541140479097158,0.2,0.1458859520902842,0.0,True
2,0.5,asset_lower:Asset_039,>=,0.0,0.0,0.0,0.0,True
2,0.5,asset_upper:Asset_039,<=,0.0,0.2,0.2,0.0,True
2,0.5,asset_lower:Asset_040,>=,0.0,0.0,0.0,0.0,True
2,0.5,asset_upper:Asset_040,<=,0.0,0.2,0.2,0.0,True
2,0.5,asset_lower:Asset_041,>=,0.0,0.0,0.0,0.0,True
2,0.5,asset_upper:Asset_041,<=,0.0,0.2,0.2,0.0,True
2,0.5,asset_lower:Asset_042,>=,0.0,0.0,0.0,0.0,True
2,0.5,asset_upper:Asset_042,<=,0.0,0.2,0.2,0.0,True
2,0.5,asset_lower:Asset_043,>=,0.0,0.0,0.0,0.0,True
2,0.5,asset_upper:Asset_043,<=,0.0,0.2,0.2,0.0,True
2,0.5,asset_lower:Asset_044,>=,0.0,0.0,0.0,0.0,True
2,0.5,asset_upper:Asset_044,<=,0.0,0.2,0.2,0.0,True
2,0.5,asset_lower:Asset_045,>=,0.0,0.0,0.0,0.0,True
2,0.5,asset_upper:Asset_045,<=,0.0,0.2,0.2,0.0,True
2,0.5,asset_lower:Asset_046,>=,0.0,0.0,0.0,0.0,True
2,0.5,asset_upper:Asset_046,<=,0.0,0.2,0.2,0.0,True
2,0.5,asset_lower:Asset_047,>=,0.0,0.0,0.0,0.0,True
2,0.5,asset_upper:Asset_047,<=,0.0,0.2,0.2,0.0,True
2,0.5,asset_lower:Asset_048,>=,0.0,0.0,0.0,0.0,True
2,0.5,asset_upper:Asset_048,<=,0.0,0.2,0.2,0.0,True
2,0.5,asset_lower:Asset_049,>=,0.021635868253145785,0.0,0.021635868253145785,0.0,True
2,0.5,asset_upper:Asset_049,<=,0.021635868253145785,0.2,0.17836413174685423,0.0,True
2,0.5,asset_lower:Asset_050,>=,0.0,0.0,0.0,0.0,True
2,0.5,asset_upper:Asset_050,<=,0.0,0.2,0.2,0.0,True
2,0.5,asset_lower:Asset_051,>=,0.0,0.0,0.0,0.0,True
2,0.5,asset_upper:Asset_051,<=,0.0,0.2,0.2,0.0,True
2,0.5,asset_lower:Asset_052,>=,0.0,0.0,0.0,0.0,True
2,0.5,asset_upper:Asset_052,<=,0.0,0.2,0.2,0.0,True
2,0.5,asset_lower:Asset_053,>=,0.0,0.0,0.0,0.0,True
2,0.5,asset_upper:Asset_053,<=,0.0,0.2,0.2,0.0,True
2,0.5,asset_lower:Asset_054,>=,0.10000000000002775,0.0,0.10000000000002775,0.0,True
2,0.5,asset_upper:Asset_054,<=,0.10000000000002775,0.2,0.09999999999997226,0.0,True
2,0.5,asset_lower:Asset_055,>=,0.04999999999977364,0.0,0.04999999999977364,0.0,True
2,0.5,asset_upper:Asset_055,<=,0.04999999999977364,0.2,0.15000000000022637,0.0,True
2,0.5,asset_lower:Asset_056,>=,0.0,0.0,0.0,0.0,True
2,0.5,asset_upper:Asset_056,<=,0.0,0.2,0.2,0.0,True
2,0.5,asset_lower:Asset_057,>=,0.0,0.0,0.0,0.0,True
2,0.5,asset_upper:Asset_057,<=,0.0,0.2,0.2,0.0,True
2,0.5,asset_lower:Asset_058,>=,0.0,0.0,0.0,0.0,True
2,0.5,asset_upper:Asset_058,<=,0.0,0.2,0.2,0.0,True
2,0.5,asset_lower:Asset_059,>=,0.0,0.0,0.0,0.0,True
2,0.5,asset_upper:Asset_059,<=,0.0,0.2,0.2,0.0,True
2,0.5,asset_lower:Asset_060,>=,0.0,0.0,0.0,0.0,True
2,0.5,asset_upper:Asset_060,<=,0.0,0.2,0.2,0.0,True
2,0.5,asset_lower:Asset_061,>=,0.0,0.0,0.0,0.0,True
2,0.5,asset_upper:Asset_061,<=,0.0,0.2,0.2,0.0,True
2,0.5,asset_lower:Asset_062,>=,0.09999999998490257,0.0,0.09999999998490257,0.0,True
2,0.5,asset_upper:Asset_062,<=,0.09999999998490257,0.2,0.10000000001509744,0.0,True
2,0.5,asset_lower:Asset_063,>=,0.0,0.0,0.0,0.0,True
2,0.5,asset_upper:Asset_063,<=,0.0,0.2,0.2,0.0,True
2,0.5,asset_lower:Asset_064,>=,0.038364131810904256,0.0,0.038364131810904256,0.0,True
2,0.5,asset_upper:Asset_064,<=,0.038364131810904256,0.2,0.16163586818909575,0.0,True
2,0.5,asset_lower:Asset_065,>=,0.0,0.0,0.0,0.0,True
2,0.5,asset_upper:Asset_065,<=,0.0,0.2,0.2,0.0,True
2,0.5,asset_lower:Asset_066,>=,0.0,0.0,0.0,0.0,True
2,0.5,asset_upper:Asset_066,<=,0.0,0.2,0.2,0.0,True
2,0.5,asset_lower:Asset_067,>=,0.0,0.0,0.0,0.0,True
2,0.5,asset_upper:Asset_067,<=,0.0,0.2,0.2,0.0,True
2,0.5,asset_lower:Asset_068,>=,0.0,0.0,0.0,0.0,True
2,0.5,asset_upper:Asset_068,<=,0.0,0.2,0.2,0.0,True
2,0.5,asset_lower:Asset_069,>=,0.0,0.0,0.0,0.0,True
2,0.5,asset_upper:Asset_069,<=,0.0,0.2,0.2,0.0,True
2,0.5,asset_lower:Asset_070,>=,0.0,0.0,0.0,0.0,True
2,0.5,asset_upper:Asset_070,<=,0.0,0.2,0.2,0.0,True
2,0.5,asset_lower:Asset_071,>=,0.0,0.0,0.0,0.0,True
2,0.5,asset_upper:Asset_071,<=,0.0,0.2,0.2,0.0,True
2,0.5,asset_lower:Asset_072,>=,0.0,0.0,0.0,0.0,True
2,0.5,asset_upper:Asset_072,<=,0.0,0.2,0.2,0.0,True
2,0.5,asset_lower:Asset_073,>=,0.050000000002724275,0.0,0.050000000002724275,0.0,True
2,0.5,asset_upper:Asset_073,<=,0.050000000002724275,0.2,0.14999999999727573,0.0,True
2,0.5,asset_lower:Asset_074,>=,0.0,0.0,0.0,0.0,True
2,0.5,asset_upper:Asset_074,<=,0.0,0.2,0.2,0.0,True
2,0.5,asset_lower:Asset_075,>=,0.049999999982921504,0.0,0.049999999982921504,0.0,True
2,0.5,asset_upper:Asset_075,<=,0.049999999982921504,0.2,0.1500000000170785,0.0,True
2,0.5,asset_lower:Asset_076,>=,0.0,0.0,0.0,0.0,True
2,0.5,asset_upper:Asset_076,<=,0.0,0.2,0.2,0.0,True
2,0.5,asset_lower:Asset_077,>=,0.0,0.0,0.0,0.0,True
2,0.5,asset_upper:Asset_077,<=,0.0,0.2,0.2,0.0,True
2,0.5,asset_lower:Asset_078,>=,0.0,0.0,0.0,0.0,True
2,0.5,asset_upper:Asset_078,<=,0.0,0.2,0.2,0.0,True
2,0.5,asset_lower:Asset_079,>=,0.0,0.0,0.0,0.0,True
2,0.5,asset_upper:Asset_079,<=,0.0,0.2,0.2,0.0,True
2,0.5,asset_lower:Asset_080,>=,0.0,0.0,0.0,0.0,True
2,0.5,asset_upper:Asset_080,<=,0.0,0.2,0.2,0.0,True
2,0.5,asset_lower:Asset_081,>=,0.04999999994883513,0.0,0.04999999994883513,0.0,True
2,0.5,asset_upper:Asset_081,<=,0.04999999994883513,0.2,0.15000000005116487,0.0,True
2,0.5,asset_lower:Asset_082,>=,0.0,0.0,0.0,0.0,True
2,0.5,asset_upper:Asset_082,<=,0.0,0.2,0.2,0.0,True
2,0.5,asset_lower:Asset_083,>=,0.056267513834058834,0.0,0.056267513834058834,0.0,True
2,0.5,asset_upper:Asset_083,<=,0.056267513834058834,0.2,0.14373248616594117,0.0,True
2,0.5,asset_lower:Asset_084,>=,0.0,0.0,0.0,0.0,True
2,0.5,asset_upper:Asset_084,<=,0.0,0.2,0.2,0.0,True
2,0.5,asset_lower:Asset_085,>=,0.0,0.0,0.0,0.0,True
2,0.5,asset_upper:Asset_085,<=,0.0,0.2,0.2,0.0,True
2,0.5,asset_lower:Asset_086,>=,0.0,0.0,0.0,0.0,True
2,0.5,asset_upper:Asset_086,<=,0.0,0.2,0.2,0.0,True
2,0.5,asset_lower:Asset_087,>=,0.0,0.0,0.0,0.0,True
2,0.5,asset_upper:Asset_087,<=,0.0,0.2,0.2,0.0,True
2,0.5,asset_lower:Asset_088,>=,0.0,0.0,0.0,0.0,True
2,0.5,asset_upper:Asset_088,<=,0.0,0.2,0.2,0.0,True
2,0.5,asset_lower:Asset_089,>=,0.0,0.0,0.0,0.0,True
2,0.5,asset_upper:Asset_089,<=,0.0,0.2,0.2,0.0,True
2,0.5,asset_lower:Asset_090,>=,0.0,0.0,0.0,0.0,True
2,0.5,asset_upper:Asset_090,<=,0.0,0.2,0.2,0.0,True
2,0.5,asset_lower:Asset_091,>=,0.04999999992828425,0.0,0.04999999992828425,0.0,True
2,0.5,asset_upper:Asset_091,<=,0.04999999992828425,0.2,0.15000000007171577,0.0,True
2,0.5,asset_lower:Asset_092,>=,0.009999999989253442,0.0,0.009999999989253442,0.0,True
2,0.5,asset_upper:Asset_092,<=,0.009999999989253442,0.2,0.19000000001074657,0.0,True
2,0.5,asset_lower:Asset_093,>=,0.04999999999186195,0.0,0.04999999999186195,0.0,True
2,0.5,asset_upper:Asset_093,<=,0.04999999999186195,0.2,0.15000000000813807,0.0,True
2,0.5,asset_lower:Asset_094,>=,0.0,0.0,0.0,0.0,True
2,0.5,asset_upper:Asset_094,<=,0.0,0.2,0.2,0.0,True
2,0.5,asset_lower:Asset_095,>=,0.0,0.0,0.0,0.0,True
2,0.5,asset_upper:Asset_095,<=,0.0,0.2,0.2,0.0,True
2,0.5,asset_lower:Asset_096,>=,0.009999999996156876,0.0,0.009999999996156876,0.0,True
2,0.5,asset_upper:Asset_096,<=,0.009999999996156876,0.2,0.19000000000384312,0.0,True
2,0.5,asset_lower:Asset_097,>=,0.08961843818993462,0.0,0.08961843818993462,0.0,True
2,0.5,asset_upper:Asset_097,<=,0.08961843818993462,0.2,0.11038156181006539,0.0,True
2,0.5,asset_lower:Asset_098,>=,0.0,0.0,0.0,0.0,True
2,0.5,asset_upper:Asset_098,<=,0.0,0.2,0.2,0.0,True
2,0.5,asset_lower:Asset_099,>=,0.0,0.0,0.0,0.0,True
2,0.5,asset_upper:Asset_099,<=,0.0,0.2,0.2,0.0,True
2,0.5,group_lower:Group_0,>=,0.15000000012509387,0.10000000000000002,0.050000000125093855,0.0,True
2,0.5,group_upper:Group_0,<=,0.15000000012509387,0.25,0.09999999987490613,0.0,True
2,0.5,group_lower:Group_1,>=,0.11999999997499043,0.10000000000000002,0.019999999974990412,0.0,True
2,0.5,group_upper:Group_1,<=,0.11999999997499043,0.25,0.13000000002500955,0.0,True
2,0.5,group_lower:Group_2,>=,0.24373248609967815,0.10000000000000002,0.14373248609967815,0.0,True
2,0.5,group_upper:Group_2,<=,0.24373248609967815,0.25,0.006267513900321847,0.0,True
2,0.5,group_lower:Group_3,>=,0.13836413174266088,0.10000000000000002,0.03836413174266086,0.0,True
2,0.5,group_upper:Group_3,<=,0.13836413174266088,0.25,0.11163586825733912,0.0,True
2,0.5,group_lower:Group_4,>=,0.07163586825587007,0.05,0.021635868255870064,0.0,True
2,0.5,group_upper:Group_4,<=,0.07163586825587007,0.2,0.12836413174412994,0.0,True
2,0.5,group_lower:Group_5,>=,0.10626751383545072,0.05,0.056267513835450714,0.0,True
2,0.5,group_upper:Group_5,<=,0.10626751383545072,0.2,0.0937324861645493,0.0,True
2,0.5,group_lower:Group_6,>=,0.10999999998514044,0.05,0.05999999998514044,0.0,True
2,0.5,group_upper:Group_6,<=,0.10999999998514044,0.2,0.09000000001485957,0.0,True
2,0.5,group_lower:Group_7,>=,0.059999999981115396,0.05,0.009999999981115393,0.0,True
2,0.5,group_upper:Group_7,<=,0.059999999981115396,0.2,0.14000000001888463,0.0,True
2,0.5,max_turnover,<=,0.4000000002175506,0.4,-2.1755058865480237e-10,2.1755058865480237e-10,True
2,0.5,exact_cardinality,=,20.0,20.0,-0.0,0.0,True
2,0.5,minimum_active_weight:Asset_006,>=,0.009999999989931197,0.01,-1.0068803429907902e-11,1.0068803429907902e-11,True
2,0.5,minimum_active_weight:Asset_008,>=,0.05000000000139189,0.01,0.04000000000139189,0.0,True
2,0.5,minimum_active_weight:Asset_015,>=,0.050000000197035974,0.01,0.04000000019703597,0.0,True
2,0.5,minimum_active_weight:Asset_017,>=,0.09999999998898357,0.01,0.08999999998898357,0.0,True
2,0.5,minimum_active_weight:Asset_025,>=,0.010000000000156663,0.01,1.5666287711546545e-13,0.0,True
2,0.5,minimum_active_weight:Asset_038,>=,0.0541140479097158,0.01,0.0441140479097158,0.0,True
2,0.5,minimum_active_weight:Asset_049,>=,0.021635868253145785,0.01,0.011635868253145784,0.0,True
2,0.5,minimum_active_weight:Asset_054,>=,0.10000000000002775,0.01,0.09000000000002775,0.0,True
2,0.5,minimum_active_weight:Asset_055,>=,0.04999999999977364,0.01,0.03999999999977364,0.0,True
2,0.5,minimum_active_weight:Asset_062,>=,0.09999999998490257,0.01,0.08999999998490257,0.0,True
2,0.5,minimum_active_weight:Asset_064,>=,0.038364131810904256,0.01,0.028364131810904254,0.0,True
2,0.5,minimum_active_weight:Asset_073,>=,0.050000000002724275,0.01,0.04000000000272427,0.0,True
2,0.5,minimum_active_weight:Asset_075,>=,0.049999999982921504,0.01,0.0399999999829215,0.0,True
2,0.5,minimum_active_weight:Asset_081,>=,0.04999999994883513,0.01,0.03999999994883513,0.0,True
2,0.5,minimum_active_weight:Asset_083,>=,0.056267513834058834,0.01,0.04626751383405883,0.0,True
2,0.5,minimum_active_weight:Asset_091,>=,0.04999999992828425,0.01,0.03999999992828425,0.0,True
2,0.5,minimum_active_weight:Asset_092,>=,0.009999999989253442,0.01,-1.0746558157248565e-11,1.0746558157248565e-11,True
2,0.5,minimum_active_weight:Asset_093,>=,0.04999999999186195,0.01,0.03999999999186195,0.0,True
2,0.5,minimum_active_weight:Asset_096,>=,0.009999999996156876,0.01,-3.843123735913778e-12,3.843123735913778e-12,True
2,0.5,minimum_active_weight:Asset_097,>=,0.08961843818993462,0.01,0.07961843818993462,0.0,True
2,0.5,implementation_upper:Asset_000,<=,0.0,0.1,0.1,0.0,True
2,0.5,implementation_upper:Asset_001,<=,0.0,0.1,0.1,0.0,True
2,0.5,implementation_upper:Asset_002,<=,0.0,0.1,0.1,0.0,True
2,0.5,implementation_upper:Asset_003,<=,0.0,0.1,0.1,0.0,True
2,0.5,implementation_upper:Asset_004,<=,0.0,0.1,0.1,0.0,True
2,0.5,implementation_upper:Asset_005,<=,0.0,0.1,0.1,0.0,True
2,0.5,implementation_upper:Asset_006,<=,0.009999999989931197,0.1,0.0900000000100688,0.0,True
2,0.5,implementation_upper:Asset_007,<=,0.0,0.1,0.1,0.0,True
2,0.5,implementation_upper:Asset_008,<=,0.05000000000139189,0.1,0.049999999998608116,0.0,True
2,0.5,implementation_upper:Asset_009,<=,0.0,0.1,0.1,0.0,True
2,0.5,implementation_upper:Asset_010,<=,0.0,0.1,0.1,0.0,True
2,0.5,implementation_upper:Asset_011,<=,0.0,0.1,0.1,0.0,True
2,0.5,implementation_upper:Asset_012,<=,0.0,0.1,0.1,0.0,True
2,0.5,implementation_upper:Asset_013,<=,0.0,0.1,0.1,0.0,True
2,0.5,implementation_upper:Asset_014,<=,0.0,0.1,0.1,0.0,True
2,0.5,implementation_upper:Asset_015,<=,0.050000000197035974,0.1,0.04999999980296403,0.0,True
2,0.5,implementation_upper:Asset_016,<=,0.0,0.1,0.1,0.0,True
2,0.5,implementation_upper:Asset_017,<=,0.09999999998898357,0.1,1.1016437762023656e-11,0.0,True
2,0.5,implementation_upper:Asset_018,<=,0.0,0.1,0.1,0.0,True
2,0.5,implementation_upper:Asset_019,<=,0.0,0.1,0.1,0.0,True
2,0.5,implementation_upper:Asset_020,<=,0.0,0.1,0.1,0.0,True
2,0.5,implementation_upper:Asset_021,<=,0.0,0.1,0.1,0.0,True
2,0.5,implementation_upper:Asset_022,<=,0.0,0.1,0.1,0.0,True
2,0.5,implementation_upper:Asset_023,<=,0.0,0.1,0.1,0.0,True
2,0.5,implementation_upper:Asset_024,<=,0.0,0.1,0.1,0.0,True
2,0.5,implementation_upper:Asset_025,<=,0.010000000000156663,0.1,0.08999999999984334,0.0,True
2,0.5,implementation_upper:Asset_026,<=,0.0,0.1,0.1,0.0,True
2,0.5,implementation_upper:Asset_027,<=,0.0,0.1,0.1,0.0,True
2,0.5,implementation_upper:Asset_028,<=,0.0,0.1,0.1,0.0,True
2,0.5,implementation_upper:Asset_029,<=,0.0,0.1,0.1,0.0,True
2,0.5,implementation_upper:Asset_030,<=,0.0,0.1,0.1,0.0,True
2,0.5,implementation_upper:Asset_031,<=,0.0,0.1,0.1,0.0,True
2,0.5,implementation_upper:Asset_032,<=,0.0,0.1,0.1,0.0,True
2,0.5,implementation_upper:Asset_033,<=,0.0,0.1,0.1,0.0,True
2,0.5,implementation_upper:Asset_034,<=,0.0,0.1,0.1,0.0,True
2,0.5,implementation_upper:Asset_035,<=,0.0,0.1,0.1,0.0,True
2,0.5,implementation_upper:Asset_036,<=,0.0,0.1,0.1,0.0,True
2,0.5,implementation_upper:Asset_037,<=,0.0,0.1,0.1,0.0,True
2,0.5,implementation_upper:Asset_038,<=,0.0541140479097158,0.1,0.045885952090284204,0.0,True
2,0.5,implementation_upper:Asset_039,<=,0.0,0.1,0.1,0.0,True
2,0.5,implementation_upper:Asset_040,<=,0.0,0.1,0.1,0.0,True
2,0.5,implementation_upper:Asset_041,<=,0.0,0.1,0.1,0.0,True
2,0.5,implementation_upper:Asset_042,<=,0.0,0.1,0.1,0.0,True
2,0.5,implementation_upper:Asset_043,<=,0.0,0.1,0.1,0.0,True
2,0.5,implementation_upper:Asset_044,<=,0.0,0.1,0.1,0.0,True
2,0.5,implementation_upper:Asset_045,<=,0.0,0.1,0.1,0.0,True
2,0.5,implementation_upper:Asset_046,<=,0.0,0.1,0.1,0.0,True
2,0.5,implementation_upper:Asset_047,<=,0.0,0.1,0.1,0.0,True
2,0.5,implementation_upper:Asset_048,<=,0.0,0.1,0.1,0.0,True
2,0.5,implementation_upper:Asset_049,<=,0.021635868253145785,0.1,0.07836413174685422,0.0,True
2,0.5,implementation_upper:Asset_050,<=,0.0,0.1,0.1,0.0,True
2,0.5,implementation_upper:Asset_051,<=,0.0,0.1,0.1,0.0,True
2,0.5,implementation_upper:Asset_052,<=,0.0,0.1,0.1,0.0,True
2,0.5,implementation_upper:Asset_053,<=,0.0,0.1,0.1,0.0,True
2,0.5,implementation_upper:Asset_054,<=,0.10000000000002775,0.1,-2.77416978278211e-14,2.77416978278211e-14,True
2,0.5,implementation_upper:Asset_055,<=,0.04999999999977364,0.1,0.05000000000022636,0.0,True
2,0.5,implementation_upper:Asset_056,<=,0.0,0.1,0.1,0.0,True
2,0.5,implementation_upper:Asset_057,<=,0.0,0.1,0.1,0.0,True
2,0.5,implementation_upper:Asset_058,<=,0.0,0.1,0.1,0.0,True
2,0.5,implementation_upper:Asset_059,<=,0.0,0.1,0.1,0.0,True
2,0.5,implementation_upper:Asset_060,<=,0.0,0.1,0.1,0.0,True
2,0.5,implementation_upper:Asset_061,<=,0.0,0.1,0.1,0.0,True
2,0.5,implementation_upper:Asset_062,<=,0.09999999998490257,0.1,1.509743718930423e-11,0.0,True
2,0.5,implementation_upper:Asset_063,<=,0.0,0.1,0.1,0.0,True
2,0.5,implementation_upper:Asset_064,<=,0.038364131810904256,0.1,0.06163586818909575,0.0,True
2,0.5,implementation_upper:Asset_065,<=,0.0,0.1,0.1,0.0,True
2,0.5,implementation_upper:Asset_066,<=,0.0,0.1,0.1,0.0,True
2,0.5,implementation_upper:Asset_067,<=,0.0,0.1,0.1,0.0,True
2,0.5,implementation_upper:Asset_068,<=,0.0,0.1,0.1,0.0,True
2,0.5,implementation_upper:Asset_069,<=,0.0,0.1,0.1,0.0,True
2,0.5,implementation_upper:Asset_070,<=,0.0,0.1,0.1,0.0,True
2,0.5,implementation_upper:Asset_071,<=,0.0,0.1,0.1,0.0,True
2,0.5,implementation_upper:Asset_072,<=,0.0,0.1,0.1,0.0,True
2,0.5,implementation_upper:Asset_073,<=,0.050000000002724275,0.1,0.04999999999727573,0.0,True
2,0.5,implementation_upper:Asset_074,<=,0.0,0.1,0.1,0.0,True
2,0.5,implementation_upper:Asset_075,<=,0.049999999982921504,0.1,0.0500000000170785,0.0,True
2,0.5,implementation_upper:Asset_076,<=,0.0,0.1,0.1,0.0,True
2,0.5,implementation_upper:Asset_077,<=,0.0,0.1,0.1,0.0,True
2,0.5,implementation_upper:Asset_078,<=,0.0,0.1,0.1,0.0,True
2,0.5,implementation_upper:Asset_079,<=,0.0,0.1,0.1,0.0,True
2,0.5,implementation_upper:Asset_080,<=,0.0,0.1,0.1,0.0,True
2,0.5,implementation_upper:Asset_081,<=,0.04999999994883513,0.1,0.050000000051164874,0.0,True
2,0.5,implementation_upper:Asset_082,<=,0.0,0.1,0.1,0.0,True
2,0.5,implementation_upper:Asset_083,<=,0.056267513834058834,0.1,0.04373248616594117,0.0,True
2,0.5,implementation_upper:Asset_084,<=,0.0,0.1,0.1,0.0,True
2,0.5,implementation_upper:Asset_085,<=,0.0,0.1,0.1,0.0,True
2,0.5,implementation_upper:Asset_086,<=,0.0,0.1,0.1,0.0,True
2,0.5,implementation_upper:Asset_087,<=,0.0,0.1,0.1,0.0,True
2,0.5,implementation_upper:Asset_088,<=,0.0,0.1,0.1,0.0,True
2,0.5,implementation_upper:Asset_089,<=,0.0,0.1,0.1,0.0,True
2,0.5,implementation_upper:Asset_090,<=,0.0,0.1,0.1,0.0,True
2,0.5,implementation_upper:Asset_091,<=,0.04999999992828425,0.1,0.050000000071715754,0.0,True
2,0.5,implementation_upper:Asset_092,<=,0.009999999989253442,0.1,0.09000000001074657,0.0,True
2,0.5,implementation_upper:Asset_093,<=,0.04999999999186195,0.1,0.050000000008138056,0.0,True
2,0.5,implementation_upper:Asset_094,<=,0.0,0.1,0.1,0.0,True
2,0.5,implementation_upper:Asset_095,<=,0.0,0.1,0.1,0.0,True
2,0.5,implementation_upper:Asset_096,<=,0.009999999996156876,0.1,0.09000000000384313,0.0,True
2,0.5,implementation_upper:Asset_097,<=,0.08961843818993462,0.1,0.010381561810065387,0.0,True
2,0.5,implementation_upper:Asset_098,<=,0.0,0.1,0.1,0.0,True
2,0.5,implementation_upper:Asset_099,<=,0.0,0.1,0.1,0.0,True
2,1.0,budget,=,1.0000000000000004,1.0,-4.440892098500626e-16,4.440892098500626e-16,True
2,1.0,asset_lower:Asset_000,>=,0.0,0.0,0.0,0.0,True
2,1.0,asset_upper:Asset_000,<=,0.0,0.2,0.2,0.0,True
2,1.0,asset_lower:Asset_001,>=,0.0,0.0,0.0,0.0,True
2,1.0,asset_upper:Asset_001,<=,0.0,0.2,0.2,0.0,True
2,1.0,asset_lower:Asset_002,>=,0.0,0.0,0.0,0.0,True
2,1.0,asset_upper:Asset_002,<=,0.0,0.2,0.2,0.0,True
2,1.0,asset_lower:Asset_003,>=,0.0,0.0,0.0,0.0,True
2,1.0,asset_upper:Asset_003,<=,0.0,0.2,0.2,0.0,True
2,1.0,asset_lower:Asset_004,>=,0.0,0.0,0.0,0.0,True
2,1.0,asset_upper:Asset_004,<=,0.0,0.2,0.2,0.0,True
2,1.0,asset_lower:Asset_005,>=,0.0,0.0,0.0,0.0,True
2,1.0,asset_upper:Asset_005,<=,0.0,0.2,0.2,0.0,True
2,1.0,asset_lower:Asset_006,>=,0.009999999998840875,0.0,0.009999999998840875,0.0,True
2,1.0,asset_upper:Asset_006,<=,0.009999999998840875,0.2,0.19000000000115913,0.0,True
2,1.0,asset_lower:Asset_007,>=,0.0,0.0,0.0,0.0,True
2,1.0,asset_upper:Asset_007,<=,0.0,0.2,0.2,0.0,True
2,1.0,asset_lower:Asset_008,>=,0.050000000000092956,0.0,0.050000000000092956,0.0,True
2,1.0,asset_upper:Asset_008,<=,0.050000000000092956,0.2,0.14999999999990704,0.0,True
2,1.0,asset_lower:Asset_009,>=,0.0,0.0,0.0,0.0,True
2,1.0,asset_upper:Asset_009,<=,0.0,0.2,0.2,0.0,True
2,1.0,asset_lower:Asset_010,>=,0.0,0.0,0.0,0.0,True
2,1.0,asset_upper:Asset_010,<=,0.0,0.2,0.2,0.0,True
2,1.0,asset_lower:Asset_011,>=,0.0,0.0,0.0,0.0,True
2,1.0,asset_upper:Asset_011,<=,0.0,0.2,0.2,0.0,True
2,1.0,asset_lower:Asset_012,>=,0.0,0.0,0.0,0.0,True
2,1.0,asset_upper:Asset_012,<=,0.0,0.2,0.2,0.0,True
2,1.0,asset_lower:Asset_013,>=,0.0,0.0,0.0,0.0,True
2,1.0,asset_upper:Asset_013,<=,0.0,0.2,0.2,0.0,True
2,1.0,asset_lower:Asset_014,>=,0.0,0.0,0.0,0.0,True
2,1.0,asset_upper:Asset_014,<=,0.0,0.2,0.2,0.0,True
2,1.0,asset_lower:Asset_015,>=,0.05000000002555468,0.0,0.05000000002555468,0.0,True
2,1.0,asset_upper:Asset_015,<=,0.05000000002555468,0.2,0.14999999997444532,0.0,True
2,1.0,asset_lower:Asset_016,>=,0.0,0.0,0.0,0.0,True
2,1.0,asset_upper:Asset_016,<=,0.0,0.2,0.2,0.0,True
2,1.0,asset_lower:Asset_017,>=,0.10000000000035833,0.0,0.10000000000035833,0.0,True
2,1.0,asset_upper:Asset_017,<=,0.10000000000035833,0.2,0.09999999999964168,0.0,True
2,1.0,asset_lower:Asset_018,>=,0.0,0.0,0.0,0.0,True
2,1.0,asset_upper:Asset_018,<=,0.0,0.2,0.2,0.0,True
2,1.0,asset_lower:Asset_019,>=,0.0,0.0,0.0,0.0,True
2,1.0,asset_upper:Asset_019,<=,0.0,0.2,0.2,0.0,True
2,1.0,asset_lower:Asset_020,>=,0.0,0.0,0.0,0.0,True
2,1.0,asset_upper:Asset_020,<=,0.0,0.2,0.2,0.0,True
2,1.0,asset_lower:Asset_021,>=,0.0,0.0,0.0,0.0,True
2,1.0,asset_upper:Asset_021,<=,0.0,0.2,0.2,0.0,True
2,1.0,asset_lower:Asset_022,>=,0.0,0.0,0.0,0.0,True
2,1.0,asset_upper:Asset_022,<=,0.0,0.2,0.2,0.0,True
2,1.0,asset_lower:Asset_023,>=,0.0,0.0,0.0,0.0,True
2,1.0,asset_upper:Asset_023,<=,0.0,0.2,0.2,0.0,True
2,1.0,asset_lower:Asset_024,>=,0.0,0.0,0.0,0.0,True
2,1.0,asset_upper:Asset_024,<=,0.0,0.2,0.2,0.0,True
2,1.0,asset_lower:Asset_025,>=,0.010000000002031474,0.0,0.010000000002031474,0.0,True
2,1.0,asset_upper:Asset_025,<=,0.010000000002031474,0.2,0.18999999999796854,0.0,True
2,1.0,asset_lower:Asset_026,>=,0.0,0.0,0.0,0.0,True
2,1.0,asset_upper:Asset_026,<=,0.0,0.2,0.2,0.0,True
2,1.0,asset_lower:Asset_027,>=,0.0,0.0,0.0,0.0,True
2,1.0,asset_upper:Asset_027,<=,0.0,0.2,0.2,0.0,True
2,1.0,asset_lower:Asset_028,>=,0.0,0.0,0.0,0.0,True
2,1.0,asset_upper:Asset_028,<=,0.0,0.2,0.2,0.0,True
2,1.0,asset_lower:Asset_029,>=,0.0,0.0,0.0,0.0,True
2,1.0,asset_upper:Asset_029,<=,0.0,0.2,0.2,0.0,True
2,1.0,asset_lower:Asset_030,>=,0.0,0.0,0.0,0.0,True
2,1.0,asset_upper:Asset_030,<=,0.0,0.2,0.2,0.0,True
2,1.0,asset_lower:Asset_031,>=,0.0,0.0,0.0,0.0,True
2,1.0,asset_upper:Asset_031,<=,0.0,0.2,0.2,0.0,True
2,1.0,asset_lower:Asset_032,>=,0.0,0.0,0.0,0.0,True
2,1.0,asset_upper:Asset_032,<=,0.0,0.2,0.2,0.0,True
2,1.0,asset_lower:Asset_033,>=,0.0,0.0,0.0,0.0,True
2,1.0,asset_upper:Asset_033,<=,0.0,0.2,0.2,0.0,True
2,1.0,asset_lower:Asset_034,>=,0.0,0.0,0.0,0.0,True
2,1.0,asset_upper:Asset_034,<=,0.0,0.2,0.2,0.0,True
2,1.0,asset_lower:Asset_035,>=,0.0,0.0,0.0,0.0,True
2,1.0,asset_upper:Asset_035,<=,0.0,0.2,0.2,0.0,True
2,1.0,asset_lower:Asset_036,>=,0.0,0.0,0.0,0.0,True
2,1.0,asset_upper:Asset_036,<=,0.0,0.2,0.2,0.0,True
2,1.0,asset_lower:Asset_037,>=,0.0,0.0,0.0,0.0,True
2,1.0,asset_upper:Asset_037,<=,0.0,0.2,0.2,0.0,True
2,1.0,asset_lower:Asset_038,>=,0.06405760543466817,0.0,0.06405760543466817,0.0,True
2,1.0,asset_upper:Asset_038,<=,0.06405760543466817,0.2,0.13594239456533186,0.0,True
2,1.0,asset_lower:Asset_039,>=,0.0,0.0,0.0,0.0,True
2,1.0,asset_upper:Asset_039,<=,0.0,0.2,0.2,0.0,True
2,1.0,asset_lower:Asset_040,>=,0.0,0.0,0.0,0.0,True
2,1.0,asset_upper:Asset_040,<=,0.0,0.2,0.2,0.0,True
2,1.0,asset_lower:Asset_041,>=,0.0,0.0,0.0,0.0,True
2,1.0,asset_upper:Asset_041,<=,0.0,0.2,0.2,0.0,True
2,1.0,asset_lower:Asset_042,>=,0.0,0.0,0.0,0.0,True
2,1.0,asset_upper:Asset_042,<=,0.0,0.2,0.2,0.0,True
2,1.0,asset_lower:Asset_043,>=,0.0,0.0,0.0,0.0,True
2,1.0,asset_upper:Asset_043,<=,0.0,0.2,0.2,0.0,True
2,1.0,asset_lower:Asset_044,>=,0.0,0.0,0.0,0.0,True
2,1.0,asset_upper:Asset_044,<=,0.0,0.2,0.2,0.0,True
2,1.0,asset_lower:Asset_045,>=,0.0,0.0,0.0,0.0,True
2,1.0,asset_upper:Asset_045,<=,0.0,0.2,0.2,0.0,True
2,1.0,asset_lower:Asset_046,>=,0.0,0.0,0.0,0.0,True
2,1.0,asset_upper:Asset_046,<=,0.0,0.2,0.2,0.0,True
2,1.0,asset_lower:Asset_047,>=,0.0,0.0,0.0,0.0,True
2,1.0,asset_upper:Asset_047,<=,0.0,0.2,0.2,0.0,True
2,1.0,asset_lower:Asset_048,>=,0.0,0.0,0.0,0.0,True
2,1.0,asset_upper:Asset_048,<=,0.0,0.2,0.2,0.0,True
2,1.0,asset_lower:Asset_049,>=,0.023898305114853535,0.0,0.023898305114853535,0.0,True
2,1.0,asset_upper:Asset_049,<=,0.023898305114853535,0.2,0.1761016948851465,0.0,True
2,1.0,asset_lower:Asset_050,>=,0.0,0.0,0.0,0.0,True
2,1.0,asset_upper:Asset_050,<=,0.0,0.2,0.2,0.0,True
2,1.0,asset_lower:Asset_051,>=,0.0,0.0,0.0,0.0,True
2,1.0,asset_upper:Asset_051,<=,0.0,0.2,0.2,0.0,True
2,1.0,asset_lower:Asset_052,>=,0.0,0.0,0.0,0.0,True
2,1.0,asset_upper:Asset_052,<=,0.0,0.2,0.2,0.0,True
2,1.0,asset_lower:Asset_053,>=,0.0,0.0,0.0,0.0,True
2,1.0,asset_upper:Asset_053,<=,0.0,0.2,0.2,0.0,True
2,1.0,asset_lower:Asset_054,>=,0.10000000000022732,0.0,0.10000000000022732,0.0,True
2,1.0,asset_upper:Asset_054,<=,0.10000000000022732,0.2,0.09999999999977269,0.0,True
2,1.0,asset_lower:Asset_055,>=,0.05000000000030822,0.0,0.05000000000030822,0.0,True
2,1.0,asset_upper:Asset_055,<=,0.05000000000030822,0.2,0.1499999999996918,0.0,True
2,1.0,asset_lower:Asset_056,>=,0.0,0.0,0.0,0.0,True
2,1.0,asset_upper:Asset_056,<=,0.0,0.2,0.2,0.0,True
2,1.0,asset_lower:Asset_057,>=,0.0,0.0,0.0,0.0,True
2,1.0,asset_upper:Asset_057,<=,0.0,0.2,0.2,0.0,True
2,1.0,asset_lower:Asset_058,>=,0.0,0.0,0.0,0.0,True
2,1.0,asset_upper:Asset_058,<=,0.0,0.2,0.2,0.0,True
2,1.0,asset_lower:Asset_059,>=,0.0,0.0,0.0,0.0,True
2,1.0,asset_upper:Asset_059,<=,0.0,0.2,0.2,0.0,True
2,1.0,asset_lower:Asset_060,>=,0.0,0.0,0.0,0.0,True
2,1.0,asset_upper:Asset_060,<=,0.0,0.2,0.2,0.0,True
2,1.0,asset_lower:Asset_061,>=,0.0,0.0,0.0,0.0,True
2,1.0,asset_upper:Asset_061,<=,0.0,0.2,0.2,0.0,True
2,1.0,asset_lower:Asset_062,>=,0.09999999999993228,0.0,0.09999999999993228,0.0,True
2,1.0,asset_upper:Asset_062,<=,0.09999999999993228,0.2,0.10000000000006773,0.0,True
2,1.0,asset_lower:Asset_063,>=,0.0,0.0,0.0,0.0,True
2,1.0,asset_upper:Asset_063,<=,0.0,0.2,0.2,0.0,True
2,1.0,asset_lower:Asset_064,>=,0.03610169487926236,0.0,0.03610169487926236,0.0,True
2,1.0,asset_upper:Asset_064,<=,0.03610169487926236,0.2,0.16389830512073766,0.0,True
2,1.0,asset_lower:Asset_065,>=,0.0,0.0,0.0,0.0,True
2,1.0,asset_upper:Asset_065,<=,0.0,0.2,0.2,0.0,True
2,1.0,asset_lower:Asset_066,>=,0.0,0.0,0.0,0.0,True
2,1.0,asset_upper:Asset_066,<=,0.0,0.2,0.2,0.0,True
2,1.0,asset_lower:Asset_067,>=,0.0,0.0,0.0,0.0,True
2,1.0,asset_upper:Asset_067,<=,0.0,0.2,0.2,0.0,True
2,1.0,asset_lower:Asset_068,>=,0.0,0.0,0.0,0.0,True
2,1.0,asset_upper:Asset_068,<=,0.0,0.2,0.2,0.0,True
2,1.0,asset_lower:Asset_069,>=,0.0,0.0,0.0,0.0,True
2,1.0,asset_upper:Asset_069,<=,0.0,0.2,0.2,0.0,True
2,1.0,asset_lower:Asset_070,>=,0.0,0.0,0.0,0.0,True
2,1.0,asset_upper:Asset_070,<=,0.0,0.2,0.2,0.0,True
2,1.0,asset_lower:Asset_071,>=,0.0,0.0,0.0,0.0,True
2,1.0,asset_upper:Asset_071,<=,0.0,0.2,0.2,0.0,True
2,1.0,asset_lower:Asset_072,>=,0.0,0.0,0.0,0.0,True
2,1.0,asset_upper:Asset_072,<=,0.0,0.2,0.2,0.0,True
2,1.0,asset_lower:Asset_073,>=,0.05000000000010748,0.0,0.05000000000010748,0.0,True
2,1.0,asset_upper:Asset_073,<=,0.05000000000010748,0.2,0.14999999999989252,0.0,True
2,1.0,asset_lower:Asset_074,>=,0.0,0.0,0.0,0.0,True
2,1.0,asset_upper:Asset_074,<=,0.0,0.2,0.2,0.0,True
2,1.0,asset_lower:Asset_075,>=,0.04999999999933793,0.0,0.04999999999933793,0.0,True
2,1.0,asset_upper:Asset_075,<=,0.04999999999933793,0.2,0.15000000000066208,0.0,True
2,1.0,asset_lower:Asset_076,>=,0.0,0.0,0.0,0.0,True
2,1.0,asset_upper:Asset_076,<=,0.0,0.2,0.2,0.0,True
2,1.0,asset_lower:Asset_077,>=,0.0,0.0,0.0,0.0,True
2,1.0,asset_upper:Asset_077,<=,0.0,0.2,0.2,0.0,True
2,1.0,asset_lower:Asset_078,>=,0.0,0.0,0.0,0.0,True
2,1.0,asset_upper:Asset_078,<=,0.0,0.2,0.2,0.0,True
2,1.0,asset_lower:Asset_079,>=,0.0,0.0,0.0,0.0,True
2,1.0,asset_upper:Asset_079,<=,0.0,0.2,0.2,0.0,True
2,1.0,asset_lower:Asset_080,>=,0.0,0.0,0.0,0.0,True
2,1.0,asset_upper:Asset_080,<=,0.0,0.2,0.2,0.0,True
2,1.0,asset_lower:Asset_081,>=,0.049999999998279004,0.0,0.049999999998279004,0.0,True
2,1.0,asset_upper:Asset_081,<=,0.049999999998279004,0.2,0.150000000001721,0.0,True
2,1.0,asset_lower:Asset_082,>=,0.0,0.0,0.0,0.0,True
2,1.0,asset_upper:Asset_082,<=,0.0,0.2,0.2,0.0,True
2,1.0,asset_lower:Asset_083,>=,0.05000000000332419,0.0,0.05000000000332419,0.0,True
2,1.0,asset_upper:Asset_083,<=,0.05000000000332419,0.2,0.14999999999667582,0.0,True
2,1.0,asset_lower:Asset_084,>=,0.0,0.0,0.0,0.0,True
2,1.0,asset_upper:Asset_084,<=,0.0,0.2,0.2,0.0,True
2,1.0,asset_lower:Asset_085,>=,0.0,0.0,0.0,0.0,True
2,1.0,asset_upper:Asset_085,<=,0.0,0.2,0.2,0.0,True
2,1.0,asset_lower:Asset_086,>=,0.0,0.0,0.0,0.0,True
2,1.0,asset_upper:Asset_086,<=,0.0,0.2,0.2,0.0,True
2,1.0,asset_lower:Asset_087,>=,0.0,0.0,0.0,0.0,True
2,1.0,asset_upper:Asset_087,<=,0.0,0.2,0.2,0.0,True
2,1.0,asset_lower:Asset_088,>=,0.0,0.0,0.0,0.0,True
2,1.0,asset_upper:Asset_088,<=,0.0,0.2,0.2,0.0,True
2,1.0,asset_lower:Asset_089,>=,0.0,0.0,0.0,0.0,True
2,1.0,asset_upper:Asset_089,<=,0.0,0.2,0.2,0.0,True
2,1.0,asset_lower:Asset_090,>=,0.0,0.0,0.0,0.0,True
2,1.0,asset_upper:Asset_090,<=,0.0,0.2,0.2,0.0,True
2,1.0,asset_lower:Asset_091,>=,0.04999999999831083,0.0,0.04999999999831083,0.0,True
2,1.0,asset_upper:Asset_091,<=,0.04999999999831083,0.2,0.15000000000168917,0.0,True
2,1.0,asset_lower:Asset_092,>=,0.009999999999047505,0.0,0.009999999999047505,0.0,True
2,1.0,asset_upper:Asset_092,<=,0.009999999999047505,0.2,0.19000000000095252,0.0,True
2,1.0,asset_lower:Asset_093,>=,0.04999999999955781,0.0,0.04999999999955781,0.0,True
2,1.0,asset_upper:Asset_093,<=,0.04999999999955781,0.2,0.1500000000004422,0.0,True
2,1.0,asset_lower:Asset_094,>=,0.0,0.0,0.0,0.0,True
2,1.0,asset_upper:Asset_094,<=,0.0,0.2,0.2,0.0,True
2,1.0,asset_lower:Asset_095,>=,0.0,0.0,0.0,0.0,True
2,1.0,asset_upper:Asset_095,<=,0.0,0.2,0.2,0.0,True
2,1.0,asset_lower:Asset_096,>=,0.009999999999134845,0.0,0.009999999999134845,0.0,True
2,1.0,asset_upper:Asset_096,<=,0.009999999999134845,0.2,0.19000000000086517,0.0,True
2,1.0,asset_lower:Asset_097,>=,0.0859423945467706,0.0,0.0859423945467706,0.0,True
2,1.0,asset_upper:Asset_097,<=,0.0859423945467706,0.2,0.1140576054532294,0.0,True
2,1.0,asset_lower:Asset_098,>=,0.0,0.0,0.0,0.0,True
2,1.0,asset_upper:Asset_098,<=,0.0,0.2,0.2,0.0,True
2,1.0,asset_lower:Asset_099,>=,0.0,0.0,0.0,0.0,True
2,1.0,asset_upper:Asset_099,<=,0.0,0.2,0.2,0.0,True
2,1.0,group_lower:Group_0,>=,0.15000000002417374,0.10000000000000002,0.05000000002417372,0.0,True
2,1.0,group_upper:Group_0,<=,0.15000000002417374,0.25,0.09999999997582626,0.0,True
2,1.0,group_lower:Group_1,>=,0.12000000000080463,0.10000000000000002,0.02000000000080461,0.0,True
2,1.0,group_upper:Group_1,<=,0.12000000000080463,0.25,0.12999999999919537,0.0,True
2,1.0,group_lower:Group_2,>=,0.2499999999816661,0.10000000000000002,0.14999999998166608,0.0,True
2,1.0,group_upper:Group_2,<=,0.2499999999816661,0.25,1.8333889961752448e-11,0.0,True
2,1.0,group_lower:Group_3,>=,0.1361016948768793,0.10000000000000002,0.03610169487687927,0.0,True
2,1.0,group_upper:Group_3,<=,0.1361016948768793,0.25,0.11389830512312071,0.0,True
2,1.0,group_lower:Group_4,>=,0.07389830511496101,0.05,0.023898305114961008,0.0,True
2,1.0,group_upper:Group_4,<=,0.07389830511496101,0.2,0.126101694885039,0.0,True
2,1.0,group_lower:Group_5,>=,0.10000000000341715,0.05,0.050000000003417144,0.0,True
2,1.0,group_upper:Group_5,<=,0.10000000000341715,0.2,0.09999999999658286,0.0,True
2,1.0,group_lower:Group_6,>=,0.10999999999949317,0.05,0.05999999999949317,0.0,True
2,1.0,group_upper:Group_6,<=,0.10999999999949317,0.2,0.09000000000050684,0.0,True
2,1.0,group_lower:Group_7,>=,0.059999999998605315,0.05,0.009999999998605312,0.0,True
2,1.0,group_upper:Group_7,<=,0.059999999998605315,0.2,0.1400000000013947,0.0,True
2,1.0,max_turnover,<=,0.4000000000226881,0.4,-2.268807364202985e-11,2.268807364202985e-11,True
2,1.0,exact_cardinality,=,20.0,20.0,-0.0,0.0,True
2,1.0,minimum_active_weight:Asset_006,>=,0.009999999998840875,0.01,-1.1591248794129427e-12,1.1591248794129427e-12,True
2,1.0,minimum_active_weight:Asset_008,>=,0.050000000000092956,0.01,0.040000000000092954,0.0,True
2,1.0,minimum_active_weight:Asset_015,>=,0.05000000002555468,0.01,0.04000000002555468,0.0,True
2,1.0,minimum_active_weight:Asset_017,>=,0.10000000000035833,0.01,0.09000000000035834,0.0,True
2,1.0,minimum_active_weight:Asset_025,>=,0.010000000002031474,0.01,2.0314739473947796e-12,0.0,True
2,1.0,minimum_active_weight:Asset_038,>=,0.06405760543466817,0.01,0.054057605434668164,0.0,True
2,1.0,minimum_active_weight:Asset_049,>=,0.023898305114853535,0.01,0.013898305114853534,0.0,True
2,1.0,minimum_active_weight:Asset_054,>=,0.10000000000022732,0.01,0.09000000000022733,0.0,True
2,1.0,minimum_active_weight:Asset_055,>=,0.05000000000030822,0.01,0.04000000000030822,0.0,True
2,1.0,minimum_active_weight:Asset_062,>=,0.09999999999993228,0.01,0.08999999999993229,0.0,True
2,1.0,minimum_active_weight:Asset_064,>=,0.03610169487926236,0.01,0.02610169487926236,0.0,True
2,1.0,minimum_active_weight:Asset_073,>=,0.05000000000010748,0.01,0.04000000000010748,0.0,True
2,1.0,minimum_active_weight:Asset_075,>=,0.04999999999933793,0.01,0.039999999999337926,0.0,True
2,1.0,minimum_active_weight:Asset_081,>=,0.049999999998279004,0.01,0.039999999998279,0.0,True
2,1.0,minimum_active_weight:Asset_083,>=,0.05000000000332419,0.01,0.04000000000332419,0.0,True
2,1.0,minimum_active_weight:Asset_091,>=,0.04999999999831083,0.01,0.03999999999831083,0.0,True
2,1.0,minimum_active_weight:Asset_092,>=,0.009999999999047505,0.01,-9.524950272954413e-13,9.524950272954413e-13,True
2,1.0,minimum_active_weight:Asset_093,>=,0.04999999999955781,0.01,0.039999999999557806,0.0,True
2,1.0,minimum_active_weight:Asset_096,>=,0.009999999999134845,0.01,-8.65155169726961e-13,8.65155169726961e-13,True
2,1.0,minimum_active_weight:Asset_097,>=,0.0859423945467706,0.01,0.07594239454677061,0.0,True
2,1.0,implementation_upper:Asset_000,<=,0.0,0.1,0.1,0.0,True
2,1.0,implementation_upper:Asset_001,<=,0.0,0.1,0.1,0.0,True
2,1.0,implementation_upper:Asset_002,<=,0.0,0.1,0.1,0.0,True
2,1.0,implementation_upper:Asset_003,<=,0.0,0.1,0.1,0.0,True
2,1.0,implementation_upper:Asset_004,<=,0.0,0.1,0.1,0.0,True
2,1.0,implementation_upper:Asset_005,<=,0.0,0.1,0.1,0.0,True
2,1.0,implementation_upper:Asset_006,<=,0.009999999998840875,0.1,0.09000000000115913,0.0,True
2,1.0,implementation_upper:Asset_007,<=,0.0,0.1,0.1,0.0,True
2,1.0,implementation_upper:Asset_008,<=,0.050000000000092956,0.1,0.04999999999990705,0.0,True
2,1.0,implementation_upper:Asset_009,<=,0.0,0.1,0.1,0.0,True
2,1.0,implementation_upper:Asset_010,<=,0.0,0.1,0.1,0.0,True
2,1.0,implementation_upper:Asset_011,<=,0.0,0.1,0.1,0.0,True
2,1.0,implementation_upper:Asset_012,<=,0.0,0.1,0.1,0.0,True
2,1.0,implementation_upper:Asset_013,<=,0.0,0.1,0.1,0.0,True
2,1.0,implementation_upper:Asset_014,<=,0.0,0.1,0.1,0.0,True
2,1.0,implementation_upper:Asset_015,<=,0.05000000002555468,0.1,0.049999999974445326,0.0,True
2,1.0,implementation_upper:Asset_016,<=,0.0,0.1,0.1,0.0,True
2,1.0,implementation_upper:Asset_017,<=,0.10000000000035833,0.1,-3.5832448119776927e-13,3.5832448119776927e-13,True
2,1.0,implementation_upper:Asset_018,<=,0.0,0.1,0.1,0.0,True
2,1.0,implementation_upper:Asset_019,<=,0.0,0.1,0.1,0.0,True
2,1.0,implementation_upper:Asset_020,<=,0.0,0.1,0.1,0.0,True
2,1.0,implementation_upper:Asset_021,<=,0.0,0.1,0.1,0.0,True
2,1.0,implementation_upper:Asset_022,<=,0.0,0.1,0.1,0.0,True
2,1.0,implementation_upper:Asset_023,<=,0.0,0.1,0.1,0.0,True
2,1.0,implementation_upper:Asset_024,<=,0.0,0.1,0.1,0.0,True
2,1.0,implementation_upper:Asset_025,<=,0.010000000002031474,0.1,0.08999999999796854,0.0,True
2,1.0,implementation_upper:Asset_026,<=,0.0,0.1,0.1,0.0,True
2,1.0,implementation_upper:Asset_027,<=,0.0,0.1,0.1,0.0,True
2,1.0,implementation_upper:Asset_028,<=,0.0,0.1,0.1,0.0,True
2,1.0,implementation_upper:Asset_029,<=,0.0,0.1,0.1,0.0,True
2,1.0,implementation_upper:Asset_030,<=,0.0,0.1,0.1,0.0,True
2,1.0,implementation_upper:Asset_031,<=,0.0,0.1,0.1,0.0,True
2,1.0,implementation_upper:Asset_032,<=,0.0,0.1,0.1,0.0,True
2,1.0,implementation_upper:Asset_033,<=,0.0,0.1,0.1,0.0,True
2,1.0,implementation_upper:Asset_034,<=,0.0,0.1,0.1,0.0,True
2,1.0,implementation_upper:Asset_035,<=,0.0,0.1,0.1,0.0,True
2,1.0,implementation_upper:Asset_036,<=,0.0,0.1,0.1,0.0,True
2,1.0,implementation_upper:Asset_037,<=,0.0,0.1,0.1,0.0,True
2,1.0,implementation_upper:Asset_038,<=,0.06405760543466817,0.1,0.03594239456533184,0.0,True
2,1.0,implementation_upper:Asset_039,<=,0.0,0.1,0.1,0.0,True
2,1.0,implementation_upper:Asset_040,<=,0.0,0.1,0.1,0.0,True
2,1.0,implementation_upper:Asset_041,<=,0.0,0.1,0.1,0.0,True
2,1.0,implementation_upper:Asset_042,<=,0.0,0.1,0.1,0.0,True
2,1.0,implementation_upper:Asset_043,<=,0.0,0.1,0.1,0.0,True
2,1.0,implementation_upper:Asset_044,<=,0.0,0.1,0.1,0.0,True
2,1.0,implementation_upper:Asset_045,<=,0.0,0.1,0.1,0.0,True
2,1.0,implementation_upper:Asset_046,<=,0.0,0.1,0.1,0.0,True
2,1.0,implementation_upper:Asset_047,<=,0.0,0.1,0.1,0.0,True
2,1.0,implementation_upper:Asset_048,<=,0.0,0.1,0.1,0.0,True
2,1.0,implementation_upper:Asset_049,<=,0.023898305114853535,0.1,0.07610169488514647,0.0,True
2,1.0,implementation_upper:Asset_050,<=,0.0,0.1,0.1,0.0,True
2,1.0,implementation_upper:Asset_051,<=,0.0,0.1,0.1,0.0,True
2,1.0,implementation_upper:Asset_052,<=,0.0,0.1,0.1,0.0,True
2,1.0,implementation_upper:Asset_053,<=,0.0,0.1,0.1,0.0,True
2,1.0,implementation_upper:Asset_054,<=,0.10000000000022732,0.1,-2.273181642920008e-13,2.273181642920008e-13,True
2,1.0,implementation_upper:Asset_055,<=,0.05000000000030822,0.1,0.049999999999691784,0.0,True
2,1.0,implementation_upper:Asset_056,<=,0.0,0.1,0.1,0.0,True
2,1.0,implementation_upper:Asset_057,<=,0.0,0.1,0.1,0.0,True
2,1.0,implementation_upper:Asset_058,<=,0.0,0.1,0.1,0.0,True
2,1.0,implementation_upper:Asset_059,<=,0.0,0.1,0.1,0.0,True
2,1.0,implementation_upper:Asset_060,<=,0.0,0.1,0.1,0.0,True
2,1.0,implementation_upper:Asset_061,<=,0.0,0.1,0.1,0.0,True
2,1.0,implementation_upper:Asset_062,<=,0.09999999999993228,0.1,6.772360450213455e-14,0.0,True
2,1.0,implementation_upper:Asset_063,<=,0.0,0.1,0.1,0.0,True
2,1.0,implementation_upper:Asset_064,<=,0.03610169487926236,0.1,0.06389830512073764,0.0,True
2,1.0,implementation_upper:Asset_065,<=,0.0,0.1,0.1,0.0,True
2,1.0,implementation_upper:Asset_066,<=,0.0,0.1,0.1,0.0,True
2,1.0,implementation_upper:Asset_067,<=,0.0,0.1,0.1,0.0,True
2,1.0,implementation_upper:Asset_068,<=,0.0,0.1,0.1,0.0,True
2,1.0,implementation_upper:Asset_069,<=,0.0,0.1,0.1,0.0,True
2,1.0,implementation_upper:Asset_070,<=,0.0,0.1,0.1,0.0,True
2,1.0,implementation_upper:Asset_071,<=,0.0,0.1,0.1,0.0,True
2,1.0,implementation_upper:Asset_072,<=,0.0,0.1,0.1,0.0,True
2,1.0,implementation_upper:Asset_073,<=,0.05000000000010748,0.1,0.049999999999892526,0.0,True
2,1.0,implementation_upper:Asset_074,<=,0.0,0.1,0.1,0.0,True
2,1.0,implementation_upper:Asset_075,<=,0.04999999999933793,0.1,0.05000000000066208,0.0,True
2,1.0,implementation_upper:Asset_076,<=,0.0,0.1,0.1,0.0,True
2,1.0,implementation_upper:Asset_077,<=,0.0,0.1,0.1,0.0,True
2,1.0,implementation_upper:Asset_078,<=,0.0,0.1,0.1,0.0,True
2,1.0,implementation_upper:Asset_079,<=,0.0,0.1,0.1,0.0,True
2,1.0,implementation_upper:Asset_080,<=,0.0,0.1,0.1,0.0,True
2,1.0,implementation_upper:Asset_081,<=,0.049999999998279004,0.1,0.050000000001721,0.0,True
2,1.0,implementation_upper:Asset_082,<=,0.0,0.1,0.1,0.0,True
2,1.0,implementation_upper:Asset_083,<=,0.05000000000332419,0.1,0.049999999996675815,0.0,True
2,1.0,implementation_upper:Asset_084,<=,0.0,0.1,0.1,0.0,True
2,1.0,implementation_upper:Asset_085,<=,0.0,0.1,0.1,0.0,True
2,1.0,implementation_upper:Asset_086,<=,0.0,0.1,0.1,0.0,True
2,1.0,implementation_upper:Asset_087,<=,0.0,0.1,0.1,0.0,True
2,1.0,implementation_upper:Asset_088,<=,0.0,0.1,0.1,0.0,True
2,1.0,implementation_upper:Asset_089,<=,0.0,0.1,0.1,0.0,True
2,1.0,implementation_upper:Asset_090,<=,0.0,0.1,0.1,0.0,True
2,1.0,implementation_upper:Asset_091,<=,0.04999999999831083,0.1,0.05000000000168917,0.0,True
2,1.0,implementation_upper:Asset_092,<=,0.009999999999047505,0.1,0.0900000000009525,0.0,True
2,1.0,implementation_upper:Asset_093,<=,0.04999999999955781,0.1,0.0500000000004422,0.0,True
2,1.0,implementation_upper:Asset_094,<=,0.0,0.1,0.1,0.0,True
2,1.0,implementation_upper:Asset_095,<=,0.0,0.1,0.1,0.0,True
2,1.0,implementation_upper:Asset_096,<=,0.009999999999134845,0.1,0.09000000000086517,0.0,True
2,1.0,implementation_upper:Asset_097,<=,0.0859423945467706,0.1,0.0140576054532294,0.0,True
2,1.0,implementation_upper:Asset_098,<=,0.0,0.1,0.1,0.0,True
2,1.0,implementation_upper:Asset_099,<=,0.0,0.1,0.1,0.0,True
3,0.0,budget,=,0.9999999999999998,1.0,-2.220446049250313e-16,2.220446049250313e-16,True
3,0.0,asset_lower:Asset_000,>=,0.0,0.0,0.0,0.0,True
3,0.0,asset_upper:Asset_000,<=,0.0,0.2,0.2,0.0,True
3,0.0,asset_lower:Asset_001,>=,0.0,0.0,0.0,0.0,True
3,0.0,asset_upper:Asset_001,<=,0.0,0.2,0.2,0.0,True
3,0.0,asset_lower:Asset_002,>=,0.0,0.0,0.0,0.0,True
3,0.0,asset_upper:Asset_002,<=,0.0,0.2,0.2,0.0,True
3,0.0,asset_lower:Asset_003,>=,0.0,0.0,0.0,0.0,True
3,0.0,asset_upper:Asset_003,<=,0.0,0.2,0.2,0.0,True
3,0.0,asset_lower:Asset_004,>=,0.0,0.0,0.0,0.0,True
3,0.0,asset_upper:Asset_004,<=,0.0,0.2,0.2,0.0,True
3,0.0,asset_lower:Asset_005,>=,0.0,0.0,0.0,0.0,True
3,0.0,asset_upper:Asset_005,<=,0.0,0.2,0.2,0.0,True
3,0.0,asset_lower:Asset_006,>=,0.010000000282870021,0.0,0.010000000282870021,0.0,True
3,0.0,asset_upper:Asset_006,<=,0.010000000282870021,0.2,0.18999999971713,0.0,True
3,0.0,asset_lower:Asset_007,>=,0.0,0.0,0.0,0.0,True
3,0.0,asset_upper:Asset_007,<=,0.0,0.2,0.2,0.0,True
3,0.0,asset_lower:Asset_008,>=,0.05000000158144884,0.0,0.05000000158144884,0.0,True
3,0.0,asset_upper:Asset_008,<=,0.05000000158144884,0.2,0.14999999841855116,0.0,True
3,0.0,asset_lower:Asset_009,>=,0.0,0.0,0.0,0.0,True
3,0.0,asset_upper:Asset_009,<=,0.0,0.2,0.2,0.0,True
3,0.0,asset_lower:Asset_010,>=,0.0,0.0,0.0,0.0,True
3,0.0,asset_upper:Asset_010,<=,0.0,0.2,0.2,0.0,True
3,0.0,asset_lower:Asset_011,>=,0.0,0.0,0.0,0.0,True
3,0.0,asset_upper:Asset_011,<=,0.0,0.2,0.2,0.0,True
3,0.0,asset_lower:Asset_012,>=,0.0,0.0,0.0,0.0,True
3,0.0,asset_upper:Asset_012,<=,0.0,0.2,0.2,0.0,True
3,0.0,asset_lower:Asset_013,>=,0.0,0.0,0.0,0.0,True
3,0.0,asset_upper:Asset_013,<=,0.0,0.2,0.2,0.0,True
3,0.0,asset_lower:Asset_014,>=,0.0,0.0,0.0,0.0,True
3,0.0,asset_upper:Asset_014,<=,0.0,0.2,0.2,0.0,True
3,0.0,asset_lower:Asset_015,>=,0.05000000143521903,0.0,0.05000000143521903,0.0,True
3,0.0,asset_upper:Asset_015,<=,0.05000000143521903,0.2,0.14999999856478097,0.0,True
3,0.0,asset_lower:Asset_016,>=,0.0,0.0,0.0,0.0,True
3,0.0,asset_upper:Asset_016,<=,0.0,0.2,0.2,0.0,True
3,0.0,asset_lower:Asset_017,>=,0.09999999844554108,0.0,0.09999999844554108,0.0,True
3,0.0,asset_upper:Asset_017,<=,0.09999999844554108,0.2,0.10000000155445893,0.0,True
3,0.0,asset_lower:Asset_018,>=,0.0,0.0,0.0,0.0,True
3,0.0,asset_upper:Asset_018,<=,0.0,0.2,0.2,0.0,True
3,0.0,asset_lower:Asset_019,>=,0.0,0.0,0.0,0.0,True
3,0.0,asset_upper:Asset_019,<=,0.0,0.2,0.2,0.0,True
3,0.0,asset_lower:Asset_020,>=,0.0,0.0,0.0,0.0,True
3,0.0,asset_upper:Asset_020,<=,0.0,0.2,0.2,0.0,True
3,0.0,asset_lower:Asset_021,>=,0.0,0.0,0.0,0.0,True
3,0.0,asset_upper:Asset_021,<=,0.0,0.2,0.2,0.0,True
3,0.0,asset_lower:Asset_022,>=,0.0,0.0,0.0,0.0,True
3,0.0,asset_upper:Asset_022,<=,0.0,0.2,0.2,0.0,True
3,0.0,asset_lower:Asset_023,>=,0.0,0.0,0.0,0.0,True
3,0.0,asset_upper:Asset_023,<=,0.0,0.2,0.2,0.0,True
3,0.0,asset_lower:Asset_024,>=,0.0,0.0,0.0,0.0,True
3,0.0,asset_upper:Asset_024,<=,0.0,0.2,0.2,0.0,True
3,0.0,asset_lower:Asset_025,>=,0.010000001116521984,0.0,0.010000001116521984,0.0,True
3,0.0,asset_upper:Asset_025,<=,0.010000001116521984,0.2,0.18999999888347802,0.0,True
3,0.0,asset_lower:Asset_026,>=,0.0,0.0,0.0,0.0,True
3,0.0,asset_upper:Asset_026,<=,0.0,0.2,0.2,0.0,True
3,0.0,asset_lower:Asset_027,>=,0.0,0.0,0.0,0.0,True
3,0.0,asset_upper:Asset_027,<=,0.0,0.2,0.2,0.0,True
3,0.0,asset_lower:Asset_028,>=,0.0,0.0,0.0,0.0,True
3,0.0,asset_upper:Asset_028,<=,0.0,0.2,0.2,0.0,True
3,0.0,asset_lower:Asset_029,>=,0.0,0.0,0.0,0.0,True
3,0.0,asset_upper:Asset_029,<=,0.0,0.2,0.2,0.0,True
3,0.0,asset_lower:Asset_030,>=,0.0,0.0,0.0,0.0,True
3,0.0,asset_upper:Asset_030,<=,0.0,0.2,0.2,0.0,True
3,0.0,asset_lower:Asset_031,>=,0.0,0.0,0.0,0.0,True
3,0.0,asset_upper:Asset_031,<=,0.0,0.2,0.2,0.0,True
3,0.0,asset_lower:Asset_032,>=,0.0,0.0,0.0,0.0,True
3,0.0,asset_upper:Asset_032,<=,0.0,0.2,0.2,0.0,True
3,0.0,asset_lower:Asset_033,>=,0.0,0.0,0.0,0.0,True
3,0.0,asset_upper:Asset_033,<=,0.0,0.2,0.2,0.0,True
3,0.0,asset_lower:Asset_034,>=,0.0,0.0,0.0,0.0,True
3,0.0,asset_upper:Asset_034,<=,0.0,0.2,0.2,0.0,True
3,0.0,asset_lower:Asset_035,>=,0.0,0.0,0.0,0.0,True
3,0.0,asset_upper:Asset_035,<=,0.0,0.2,0.2,0.0,True
3,0.0,asset_lower:Asset_036,>=,0.0,0.0,0.0,0.0,True
3,0.0,asset_upper:Asset_036,<=,0.0,0.2,0.2,0.0,True
3,0.0,asset_lower:Asset_037,>=,0.0,0.0,0.0,0.0,True
3,0.0,asset_upper:Asset_037,<=,0.0,0.2,0.2,0.0,True
3,0.0,asset_lower:Asset_038,>=,0.0500000000516031,0.0,0.0500000000516031,0.0,True
3,0.0,asset_upper:Asset_038,<=,0.0500000000516031,0.2,0.1499999999483969,0.0,True
3,0.0,asset_lower:Asset_039,>=,0.0,0.0,0.0,0.0,True
3,0.0,asset_upper:Asset_039,<=,0.0,0.2,0.2,0.0,True
3,0.0,asset_lower:Asset_040,>=,0.0,0.0,0.0,0.0,True
3,0.0,asset_upper:Asset_040,<=,0.0,0.2,0.2,0.0,True
3,0.0,asset_lower:Asset_041,>=,0.0,0.0,0.0,0.0,True
3,0.0,asset_upper:Asset_041,<=,0.0,0.2,0.2,0.0,True
3,0.0,asset_lower:Asset_042,>=,0.0,0.0,0.0,0.0,True
3,0.0,asset_upper:Asset_042,<=,0.0,0.2,0.2,0.0,True
3,0.0,asset_lower:Asset_043,>=,0.0,0.0,0.0,0.0,True
3,0.0,asset_upper:Asset_043,<=,0.0,0.2,0.2,0.0,True
3,0.0,asset_lower:Asset_044,>=,0.0,0.0,0.0,0.0,True
3,0.0,asset_upper:Asset_044,<=,0.0,0.2,0.2,0.0,True
3,0.0,asset_lower:Asset_045,>=,0.0,0.0,0.0,0.0,True
3,0.0,asset_upper:Asset_045,<=,0.0,0.2,0.2,0.0,True
3,0.0,asset_lower:Asset_046,>=,0.0,0.0,0.0,0.0,True
3,0.0,asset_upper:Asset_046,<=,0.0,0.2,0.2,0.0,True
3,0.0,asset_lower:Asset_047,>=,0.0,0.0,0.0,0.0,True
3,0.0,asset_upper:Asset_047,<=,0.0,0.2,0.2,0.0,True
3,0.0,asset_lower:Asset_048,>=,0.0,0.0,0.0,0.0,True
3,0.0,asset_upper:Asset_048,<=,0.0,0.2,0.2,0.0,True
3,0.0,asset_lower:Asset_049,>=,0.04999999797651916,0.0,0.04999999797651916,0.0,True
3,0.0,asset_upper:Asset_049,<=,0.04999999797651916,0.2,0.15000000202348085,0.0,True
3,0.0,asset_lower:Asset_050,>=,0.0,0.0,0.0,0.0,True
3,0.0,asset_upper:Asset_050,<=,0.0,0.2,0.2,0.0,True
3,0.0,asset_lower:Asset_051,>=,0.0,0.0,0.0,0.0,True
3,0.0,asset_upper:Asset_051,<=,0.0,0.2,0.2,0.0,True
3,0.0,asset_lower:Asset_052,>=,0.0,0.0,0.0,0.0,True
3,0.0,asset_upper:Asset_052,<=,0.0,0.2,0.2,0.0,True
3,0.0,asset_lower:Asset_053,>=,0.0,0.0,0.0,0.0,True
3,0.0,asset_upper:Asset_053,<=,0.0,0.2,0.2,0.0,True
3,0.0,asset_lower:Asset_054,>=,0.09999999782515859,0.0,0.09999999782515859,0.0,True
3,0.0,asset_upper:Asset_054,<=,0.09999999782515859,0.2,0.10000000217484142,0.0,True
3,0.0,asset_lower:Asset_055,>=,0.028368007646148663,0.0,0.028368007646148663,0.0,True
3,0.0,asset_upper:Asset_055,<=,0.028368007646148663,0.2,0.17163199235385135,0.0,True
3,0.0,asset_lower:Asset_056,>=,0.0,0.0,0.0,0.0,True
3,0.0,asset_upper:Asset_056,<=,0.0,0.2,0.2,0.0,True
3,0.0,asset_lower:Asset_057,>=,0.0,0.0,0.0,0.0,True
3,0.0,asset_upper:Asset_057,<=,0.0,0.2,0.2,0.0,True
3,0.0,asset_lower:Asset_058,>=,0.0,0.0,0.0,0.0,True
3,0.0,asset_upper:Asset_058,<=,0.0,0.2,0.2,0.0,True
3,0.0,asset_lower:Asset_059,>=,0.0,0.0,0.0,0.0,True
3,0.0,asset_upper:Asset_059,<=,0.0,0.2,0.2,0.0,True
3,0.0,asset_lower:Asset_060,>=,0.0,0.0,0.0,0.0,True
3,0.0,asset_upper:Asset_060,<=,0.0,0.2,0.2,0.0,True
3,0.0,asset_lower:Asset_061,>=,0.0,0.0,0.0,0.0,True
3,0.0,asset_upper:Asset_061,<=,0.0,0.2,0.2,0.0,True
3,0.0,asset_lower:Asset_062,>=,0.096053077958387,0.0,0.096053077958387,0.0,True
3,0.0,asset_upper:Asset_062,<=,0.096053077958387,0.2,0.10394692204161302,0.0,True
3,0.0,asset_lower:Asset_063,>=,0.0,0.0,0.0,0.0,True
3,0.0,asset_upper:Asset_063,<=,0.0,0.2,0.2,0.0,True
3,0.0,asset_lower:Asset_064,>=,0.053946905870480004,0.0,0.053946905870480004,0.0,True
3,0.0,asset_upper:Asset_064,<=,0.053946905870480004,0.2,0.14605309412952,0.0,True
3,0.0,asset_lower:Asset_065,>=,0.0,0.0,0.0,0.0,True
3,0.0,asset_upper:Asset_065,<=,0.0,0.2,0.2,0.0,True
3,0.0,asset_lower:Asset_066,>=,0.0,0.0,0.0,0.0,True
3,0.0,asset_upper:Asset_066,<=,0.0,0.2,0.2,0.0,True
3,0.0,asset_lower:Asset_067,>=,0.0,0.0,0.0,0.0,True
3,0.0,asset_upper:Asset_067,<=,0.0,0.2,0.2,0.0,True
3,0.0,asset_lower:Asset_068,>=,0.0,0.0,0.0,0.0,True
3,0.0,asset_upper:Asset_068,<=,0.0,0.2,0.2,0.0,True
3,0.0,asset_lower:Asset_069,>=,0.0,0.0,0.0,0.0,True
3,0.0,asset_upper:Asset_069,<=,0.0,0.2,0.2,0.0,True
3,0.0,asset_lower:Asset_070,>=,0.0,0.0,0.0,0.0,True
3,0.0,asset_upper:Asset_070,<=,0.0,0.2,0.2,0.0,True
3,0.0,asset_lower:Asset_071,>=,0.0,0.0,0.0,0.0,True
3,0.0,asset_upper:Asset_071,<=,0.0,0.2,0.2,0.0,True
3,0.0,asset_lower:Asset_072,>=,0.0,0.0,0.0,0.0,True
3,0.0,asset_upper:Asset_072,<=,0.0,0.2,0.2,0.0,True
3,0.0,asset_lower:Asset_073,>=,0.050000000581528106,0.0,0.050000000581528106,0.0,True
3,0.0,asset_upper:Asset_073,<=,0.050000000581528106,0.2,0.14999999941847192,0.0,True
3,0.0,asset_lower:Asset_074,>=,0.0,0.0,0.0,0.0,True
3,0.0,asset_upper:Asset_074,<=,0.0,0.2,0.2,0.0,True
3,0.0,asset_lower:Asset_075,>=,0.049999999261520184,0.0,0.049999999261520184,0.0,True
3,0.0,asset_upper:Asset_075,<=,0.049999999261520184,0.2,0.15000000073847983,0.0,True
3,0.0,asset_lower:Asset_076,>=,0.0,0.0,0.0,0.0,True
3,0.0,asset_upper:Asset_076,<=,0.0,0.2,0.2,0.0,True
3,0.0,asset_lower:Asset_077,>=,0.0,0.0,0.0,0.0,True
3,0.0,asset_upper:Asset_077,<=,0.0,0.2,0.2,0.0,True
3,0.0,asset_lower:Asset_078,>=,0.0,0.0,0.0,0.0,True
3,0.0,asset_upper:Asset_078,<=,0.0,0.2,0.2,0.0,True
3,0.0,asset_lower:Asset_079,>=,0.0,0.0,0.0,0.0,True
3,0.0,asset_upper:Asset_079,<=,0.0,0.2,0.2,0.0,True
3,0.0,asset_lower:Asset_080,>=,0.0,0.0,0.0,0.0,True
3,0.0,asset_upper:Asset_080,<=,0.0,0.2,0.2,0.0,True
3,0.0,asset_lower:Asset_081,>=,0.04999999010227934,0.0,0.04999999010227934,0.0,True
3,0.0,asset_upper:Asset_081,<=,0.04999999010227934,0.2,0.15000000989772067,0.0,True
3,0.0,asset_lower:Asset_082,>=,0.0,0.0,0.0,0.0,True
3,0.0,asset_upper:Asset_082,<=,0.0,0.2,0.2,0.0,True
3,0.0,asset_lower:Asset_083,>=,0.09999999891822456,0.0,0.09999999891822456,0.0,True
3,0.0,asset_upper:Asset_083,<=,0.09999999891822456,0.2,0.10000000108177545,0.0,True
3,0.0,asset_lower:Asset_084,>=,0.0,0.0,0.0,0.0,True
3,0.0,asset_upper:Asset_084,<=,0.0,0.2,0.2,0.0,True
3,0.0,asset_lower:Asset_085,>=,0.0,0.0,0.0,0.0,True
3,0.0,asset_upper:Asset_085,<=,0.0,0.2,0.2,0.0,True
3,0.0,asset_lower:Asset_086,>=,0.0,0.0,0.0,0.0,True
3,0.0,asset_upper:Asset_086,<=,0.0,0.2,0.2,0.0,True
3,0.0,asset_lower:Asset_087,>=,0.0,0.0,0.0,0.0,True
3,0.0,asset_upper:Asset_087,<=,0.0,0.2,0.2,0.0,True
3,0.0,asset_lower:Asset_088,>=,0.0,0.0,0.0,0.0,True
3,0.0,asset_upper:Asset_088,<=,0.0,0.2,0.2,0.0,True
3,0.0,asset_lower:Asset_089,>=,0.0,0.0,0.0,0.0,True
3,0.0,asset_upper:Asset_089,<=,0.0,0.2,0.2,0.0,True
3,0.0,asset_lower:Asset_090,>=,0.0,0.0,0.0,0.0,True
3,0.0,asset_upper:Asset_090,<=,0.0,0.2,0.2,0.0,True
3,0.0,asset_lower:Asset_091,>=,0.03163201279688367,0.0,0.03163201279688367,0.0,True
3,0.0,asset_upper:Asset_091,<=,0.03163201279688367,0.2,0.16836798720311635,0.0,True
3,0.0,asset_lower:Asset_092,>=,0.010000000389190657,0.0,0.010000000389190657,0.0,True
3,0.0,asset_upper:Asset_092,<=,0.010000000389190657,0.2,0.18999999961080935,0.0,True
3,0.0,asset_lower:Asset_093,>=,0.05000000119186107,0.0,0.05000000119186107,0.0,True
3,0.0,asset_upper:Asset_093,<=,0.05000000119186107,0.2,0.14999999880813894,0.0,True
3,0.0,asset_lower:Asset_094,>=,0.0,0.0,0.0,0.0,True
3,0.0,asset_upper:Asset_094,<=,0.0,0.2,0.2,0.0,True
3,0.0,asset_lower:Asset_095,>=,0.0,0.0,0.0,0.0,True
3,0.0,asset_upper:Asset_095,<=,0.0,0.2,0.2,0.0,True
3,0.0,asset_lower:Asset_096,>=,0.010000000776008917,0.0,0.010000000776008917,0.0,True
3,0.0,asset_upper:Asset_096,<=,0.010000000776008917,0.2,0.1899999992239911,0.0,True
3,0.0,asset_lower:Asset_097,>=,0.050000005792605835,0.0,0.050000005792605835,0.0,True
3,0.0,asset_upper:Asset_097,<=,0.050000005792605835,0.2,0.14999999420739418,0.0,True
3,0.0,asset_lower:Asset_098,>=,0.0,0.0,0.0,0.0,True
3,0.0,asset_upper:Asset_098,<=,0.0,0.2,0.2,0.0,True
3,0.0,asset_lower:Asset_099,>=,0.0,0.0,0.0,0.0,True
3,0.0,asset_upper:Asset_099,<=,0.0,0.2,0.2,0.0,True
3,0.0,group_lower:Group_0,>=,0.11000002187825136,0.10000000000000002,0.010000021878251344,0.0,True
3,0.0,group_upper:Group_0,<=,0.11000002187825136,0.25,0.13999997812174864,0.0,True
3,0.0,group_lower:Group_1,>=,0.11605307935777899,0.10000000000000002,0.01605307935777897,0.0,True
3,0.0,group_upper:Group_1,<=,0.11605307935777899,0.25,0.13394692064222102,0.0,True
3,0.0,group_lower:Group_2,>=,0.20000000366936752,0.10000000000000002,0.1000000036693675,0.0,True
3,0.0,group_upper:Group_2,<=,0.20000000366936752,0.25,0.049999996330632485,0.0,True
3,0.0,group_lower:Group_3,>=,0.15394689523427954,0.10000000000000002,0.05394689523427952,0.0,True
3,0.0,group_upper:Group_3,<=,0.15394689523427954,0.25,0.09605310476572046,0.0,True
3,0.0,group_lower:Group_4,>=,0.09999999855804727,0.05,0.049999998558047265,0.0,True
3,0.0,group_upper:Group_4,<=,0.09999999855804727,0.2,0.10000000144195274,0.0,True
3,0.0,group_lower:Group_5,>=,0.1500000004996734,0.05,0.1000000004996734,0.0,True
3,0.0,group_upper:Group_5,<=,0.1500000004996734,0.2,0.0499999995003266,0.0,True
3,0.0,group_lower:Group_6,>=,0.10999999922155,0.05,0.05999999922155,0.0,True
3,0.0,group_upper:Group_6,<=,0.10999999922155,0.2,0.09000000077845001,0.0,True
3,0.0,group_lower:Group_7,>=,0.06000000158105173,0.05,0.010000001581051729,0.0,True
3,0.0,group_upper:Group_7,<=,0.06000000158105173,0.2,0.13999999841894828,0.0,True
3,0.0,max_turnover,<=,0.3999999793041146,0.4,2.069588544983958e-08,0.0,True
3,0.0,exact_cardinality,=,20.0,20.0,-0.0,0.0,True
3,0.0,minimum_active_weight:Asset_006,>=,0.010000000282870021,0.01,2.828700208096224e-10,0.0,True
3,0.0,minimum_active_weight:Asset_008,>=,0.05000000158144884,0.01,0.04000000158144884,0.0,True
3,0.0,minimum_active_weight:Asset_015,>=,0.05000000143521903,0.01,0.04000000143521903,0.0,True
3,0.0,minimum_active_weight:Asset_017,>=,0.09999999844554108,0.01,0.08999999844554109,0.0,True
3,0.0,minimum_active_weight:Asset_025,>=,0.010000001116521984,0.01,1.1165219842429464e-09,0.0,True
3,0.0,minimum_active_weight:Asset_038,>=,0.0500000000516031,0.01,0.0400000000516031,0.0,True
3,0.0,minimum_active_weight:Asset_049,>=,0.04999999797651916,0.01,0.03999999797651916,0.0,True
3,0.0,minimum_active_weight:Asset_054,>=,0.09999999782515859,0.01,0.08999999782515859,0.0,True
3,0.0,minimum_active_weight:Asset_055,>=,0.028368007646148663,0.01,0.01836800764614866,0.0,True
3,0.0,minimum_active_weight:Asset_062,>=,0.096053077958387,0.01,0.086053077958387,0.0,True
3,0.0,minimum_active_weight:Asset_064,>=,0.053946905870480004,0.01,0.04394690587048,0.0,True
3,0.0,minimum_active_weight:Asset_073,>=,0.050000000581528106,0.01,0.040000000581528104,0.0,True
3,0.0,minimum_active_weight:Asset_075,>=,0.049999999261520184,0.01,0.03999999926152018,0.0,True
3,0.0,minimum_active_weight:Asset_081,>=,0.04999999010227934,0.01,0.03999999010227934,0.0,True
3,0.0,minimum_active_weight:Asset_083,>=,0.09999999891822456,0.01,0.08999999891822456,0.0,True
3,0.0,minimum_active_weight:Asset_091,>=,0.03163201279688367,0.01,0.02163201279688367,0.0,True
3,0.0,minimum_active_weight:Asset_092,>=,0.010000000389190657,0.01,3.8919065713238776e-10,0.0,True
3,0.0,minimum_active_weight:Asset_093,>=,0.05000000119186107,0.01,0.04000000119186107,0.0,True
3,0.0,minimum_active_weight:Asset_096,>=,0.010000000776008917,0.01,7.760089168473705e-10,0.0,True
3,0.0,minimum_active_weight:Asset_097,>=,0.050000005792605835,0.01,0.04000000579260583,0.0,True
3,0.0,implementation_upper:Asset_000,<=,0.0,0.1,0.1,0.0,True
3,0.0,implementation_upper:Asset_001,<=,0.0,0.1,0.1,0.0,True
3,0.0,implementation_upper:Asset_002,<=,0.0,0.1,0.1,0.0,True
3,0.0,implementation_upper:Asset_003,<=,0.0,0.1,0.1,0.0,True
3,0.0,implementation_upper:Asset_004,<=,0.0,0.1,0.1,0.0,True
3,0.0,implementation_upper:Asset_005,<=,0.0,0.1,0.1,0.0,True
3,0.0,implementation_upper:Asset_006,<=,0.010000000282870021,0.1,0.08999999971712999,0.0,True
3,0.0,implementation_upper:Asset_007,<=,0.0,0.1,0.1,0.0,True
3,0.0,implementation_upper:Asset_008,<=,0.05000000158144884,0.1,0.04999999841855116,0.0,True
3,0.0,implementation_upper:Asset_009,<=,0.0,0.1,0.1,0.0,True
3,0.0,implementation_upper:Asset_010,<=,0.0,0.1,0.1,0.0,True
3,0.0,implementation_upper:Asset_011,<=,0.0,0.1,0.1,0.0,True
3,0.0,implementation_upper:Asset_012,<=,0.0,0.1,0.1,0.0,True
3,0.0,implementation_upper:Asset_013,<=,0.0,0.1,0.1,0.0,True
3,0.0,implementation_upper:Asset_014,<=,0.0,0.1,0.1,0.0,True
3,0.0,implementation_upper:Asset_015,<=,0.05000000143521903,0.1,0.049999998564780976,0.0,True
3,0.0,implementation_upper:Asset_016,<=,0.0,0.1,0.1,0.0,True
3,0.0,implementation_upper:Asset_017,<=,0.09999999844554108,0.1,1.5544589226923478e-09,0.0,True
3,0.0,implementation_upper:Asset_018,<=,0.0,0.1,0.1,0.0,True
3,0.0,implementation_upper:Asset_019,<=,0.0,0.1,0.1,0.0,True
3,0.0,implementation_upper:Asset_020,<=,0.0,0.1,0.1,0.0,True
3,0.0,implementation_upper:Asset_021,<=,0.0,0.1,0.1,0.0,True
3,0.0,implementation_upper:Asset_022,<=,0.0,0.1,0.1,0.0,True
3,0.0,implementation_upper:Asset_023,<=,0.0,0.1,0.1,0.0,True
3,0.0,implementation_upper:Asset_024,<=,0.0,0.1,0.1,0.0,True
3,0.0,implementation_upper:Asset_025,<=,0.010000001116521984,0.1,0.08999999888347802,0.0,True
3,0.0,implementation_upper:Asset_026,<=,0.0,0.1,0.1,0.0,True
3,0.0,implementation_upper:Asset_027,<=,0.0,0.1,0.1,0.0,True
3,0.0,implementation_upper:Asset_028,<=,0.0,0.1,0.1,0.0,True
3,0.0,implementation_upper:Asset_029,<=,0.0,0.1,0.1,0.0,True
3,0.0,implementation_upper:Asset_030,<=,0.0,0.1,0.1,0.0,True
3,0.0,implementation_upper:Asset_031,<=,0.0,0.1,0.1,0.0,True
3,0.0,implementation_upper:Asset_032,<=,0.0,0.1,0.1,0.0,True
3,0.0,implementation_upper:Asset_033,<=,0.0,0.1,0.1,0.0,True
3,0.0,implementation_upper:Asset_034,<=,0.0,0.1,0.1,0.0,True
3,0.0,implementation_upper:Asset_035,<=,0.0,0.1,0.1,0.0,True
3,0.0,implementation_upper:Asset_036,<=,0.0,0.1,0.1,0.0,True
3,0.0,implementation_upper:Asset_037,<=,0.0,0.1,0.1,0.0,True
3,0.0,implementation_upper:Asset_038,<=,0.0500000000516031,0.1,0.049999999948396906,0.0,True
3,0.0,implementation_upper:Asset_039,<=,0.0,0.1,0.1,0.0,True
3,0.0,implementation_upper:Asset_040,<=,0.0,0.1,0.1,0.0,True
3,0.0,implementation_upper:Asset_041,<=,0.0,0.1,0.1,0.0,True
3,0.0,implementation_upper:Asset_042,<=,0.0,0.1,0.1,0.0,True
3,0.0,implementation_upper:Asset_043,<=,0.0,0.1,0.1,0.0,True
3,0.0,implementation_upper:Asset_044,<=,0.0,0.1,0.1,0.0,True
3,0.0,implementation_upper:Asset_045,<=,0.0,0.1,0.1,0.0,True
3,0.0,implementation_upper:Asset_046,<=,0.0,0.1,0.1,0.0,True
3,0.0,implementation_upper:Asset_047,<=,0.0,0.1,0.1,0.0,True
3,0.0,implementation_upper:Asset_048,<=,0.0,0.1,0.1,0.0,True
3,0.0,implementation_upper:Asset_049,<=,0.04999999797651916,0.1,0.050000002023480844,0.0,True
3,0.0,implementation_upper:Asset_050,<=,0.0,0.1,0.1,0.0,True
3,0.0,implementation_upper:Asset_051,<=,0.0,0.1,0.1,0.0,True
3,0.0,implementation_upper:Asset_052,<=,0.0,0.1,0.1,0.0,True
3,0.0,implementation_upper:Asset_053,<=,0.0,0.1,0.1,0.0,True
3,0.0,implementation_upper:Asset_054,<=,0.09999999782515859,0.1,2.1748414180677855e-09,0.0,True
3,0.0,implementation_upper:Asset_055,<=,0.028368007646148663,0.1,0.07163199235385134,0.0,True
3,0.0,implementation_upper:Asset_056,<=,0.0,0.1,0.1,0.0,True
3,0.0,implementation_upper:Asset_057,<=,0.0,0.1,0.1,0.0,True
3,0.0,implementation_upper:Asset_058,<=,0.0,0.1,0.1,0.0,True
3,0.0,implementation_upper:Asset_059,<=,0.0,0.1,0.1,0.0,True
3,0.0,implementation_upper:Asset_060,<=,0.0,0.1,0.1,0.0,True
3,0.0,implementation_upper:Asset_061,<=,0.0,0.1,0.1,0.0,True
3,0.0,implementation_upper:Asset_062,<=,0.096053077958387,0.1,0.00394692204161301,0.0,True
3,0.0,implementation_upper:Asset_063,<=,0.0,0.1,0.1,0.0,True
3,0.0,implementation_upper:Asset_064,<=,0.053946905870480004,0.1,0.04605309412952,0.0,True
3,0.0,implementation_upper:Asset_065,<=,0.0,0.1,0.1,0.0,True
3,0.0,implementation_upper:Asset_066,<=,0.0,0.1,0.1,0.0,True
3,0.0,implementation_upper:Asset_067,<=,0.0,0.1,0.1,0.0,True
3,0.0,implementation_upper:Asset_068,<=,0.0,0.1,0.1,0.0,True
3,0.0,implementation_upper:Asset_069,<=,0.0,0.1,0.1,0.0,True
3,0.0,implementation_upper:Asset_070,<=,0.0,0.1,0.1,0.0,True
3,0.0,implementation_upper:Asset_071,<=,0.0,0.1,0.1,0.0,True
3,0.0,implementation_upper:Asset_072,<=,0.0,0.1,0.1,0.0,True
3,0.0,implementation_upper:Asset_073,<=,0.050000000581528106,0.1,0.0499999994184719,0.0,True
3,0.0,implementation_upper:Asset_074,<=,0.0,0.1,0.1,0.0,True
3,0.0,implementation_upper:Asset_075,<=,0.049999999261520184,0.1,0.05000000073847982,0.0,True
3,0.0,implementation_upper:Asset_076,<=,0.0,0.1,0.1,0.0,True
3,0.0,implementation_upper:Asset_077,<=,0.0,0.1,0.1,0.0,True
3,0.0,implementation_upper:Asset_078,<=,0.0,0.1,0.1,0.0,True
3,0.0,implementation_upper:Asset_079,<=,0.0,0.1,0.1,0.0,True
3,0.0,implementation_upper:Asset_080,<=,0.0,0.1,0.1,0.0,True
3,0.0,implementation_upper:Asset_081,<=,0.04999999010227934,0.1,0.05000000989772067,0.0,True
3,0.0,implementation_upper:Asset_082,<=,0.0,0.1,0.1,0.0,True
3,0.0,implementation_upper:Asset_083,<=,0.09999999891822456,0.1,1.0817754469982788e-09,0.0,True
3,0.0,implementation_upper:Asset_084,<=,0.0,0.1,0.1,0.0,True
3,0.0,implementation_upper:Asset_085,<=,0.0,0.1,0.1,0.0,True
3,0.0,implementation_upper:Asset_086,<=,0.0,0.1,0.1,0.0,True
3,0.0,implementation_upper:Asset_087,<=,0.0,0.1,0.1,0.0,True
3,0.0,implementation_upper:Asset_088,<=,0.0,0.1,0.1,0.0,True
3,0.0,implementation_upper:Asset_089,<=,0.0,0.1,0.1,0.0,True
3,0.0,implementation_upper:Asset_090,<=,0.0,0.1,0.1,0.0,True
3,0.0,implementation_upper:Asset_091,<=,0.03163201279688367,0.1,0.06836798720311633,0.0,True
3,0.0,implementation_upper:Asset_092,<=,0.010000000389190657,0.1,0.08999999961080934,0.0,True
3,0.0,implementation_upper:Asset_093,<=,0.05000000119186107,0.1,0.049999998808138935,0.0,True
3,0.0,implementation_upper:Asset_094,<=,0.0,0.1,0.1,0.0,True
3,0.0,implementation_upper:Asset_095,<=,0.0,0.1,0.1,0.0,True
3,0.0,implementation_upper:Asset_096,<=,0.010000000776008917,0.1,0.08999999922399109,0.0,True
3,0.0,implementation_upper:Asset_097,<=,0.050000005792605835,0.1,0.04999999420739417,0.0,True
3,0.0,implementation_upper:Asset_098,<=,0.0,0.1,0.1,0.0,True
3,0.0,implementation_upper:Asset_099,<=,0.0,0.1,0.1,0.0,True
3,0.05,budget,=,1.0000000000000038,1.0,-3.774758283725532e-15,3.774758283725532e-15,True
3,0.05,asset_lower:Asset_000,>=,0.0,0.0,0.0,0.0,True
3,0.05,asset_upper:Asset_000,<=,0.0,0.2,0.2,0.0,True
3,0.05,asset_lower:Asset_001,>=,0.0,0.0,0.0,0.0,True
3,0.05,asset_upper:Asset_001,<=,0.0,0.2,0.2,0.0,True
3,0.05,asset_lower:Asset_002,>=,0.0,0.0,0.0,0.0,True
3,0.05,asset_upper:Asset_002,<=,0.0,0.2,0.2,0.0,True
3,0.05,asset_lower:Asset_003,>=,0.0,0.0,0.0,0.0,True
3,0.05,asset_upper:Asset_003,<=,0.0,0.2,0.2,0.0,True
3,0.05,asset_lower:Asset_004,>=,0.0,0.0,0.0,0.0,True
3,0.05,asset_upper:Asset_004,<=,0.0,0.2,0.2,0.0,True
3,0.05,asset_lower:Asset_005,>=,0.0,0.0,0.0,0.0,True
3,0.05,asset_upper:Asset_005,<=,0.0,0.2,0.2,0.0,True
3,0.05,asset_lower:Asset_006,>=,0.009999999978957631,0.0,0.009999999978957631,0.0,True
3,0.05,asset_upper:Asset_006,<=,0.009999999978957631,0.2,0.1900000000210424,0.0,True
3,0.05,asset_lower:Asset_007,>=,0.0,0.0,0.0,0.0,True
3,0.05,asset_upper:Asset_007,<=,0.0,0.2,0.2,0.0,True
3,0.05,asset_lower:Asset_008,>=,0.050000000037185556,0.0,0.050000000037185556,0.0,True
3,0.05,asset_upper:Asset_008,<=,0.050000000037185556,0.2,0.14999999996281446,0.0,True
3,0.05,asset_lower:Asset_009,>=,0.0,0.0,0.0,0.0,True
3,0.05,asset_upper:Asset_009,<=,0.0,0.2,0.2,0.0,True
3,0.05,asset_lower:Asset_010,>=,0.0,0.0,0.0,0.0,True
3,0.05,asset_upper:Asset_010,<=,0.0,0.2,0.2,0.0,True
3,0.05,asset_lower:Asset_011,>=,0.0,0.0,0.0,0.0,True
3,0.05,asset_upper:Asset_011,<=,0.0,0.2,0.2,0.0,True
3,0.05,asset_lower:Asset_012,>=,0.0,0.0,0.0,0.0,True
3,0.05,asset_upper:Asset_012,<=,0.0,0.2,0.2,0.0,True
3,0.05,asset_lower:Asset_013,>=,0.0,0.0,0.0,0.0,True
3,0.05,asset_upper:Asset_013,<=,0.0,0.2,0.2,0.0,True
3,0.05,asset_lower:Asset_014,>=,0.0,0.0,0.0,0.0,True
3,0.05,asset_upper:Asset_014,<=,0.0,0.2,0.2,0.0,True
3,0.05,asset_lower:Asset_015,>=,0.050000000162216965,0.0,0.050000000162216965,0.0,True
3,0.05,asset_upper:Asset_015,<=,0.050000000162216965,0.2,0.14999999983778306,0.0,True
3,0.05,asset_lower:Asset_016,>=,0.0,0.0,0.0,0.0,True
3,0.05,asset_upper:Asset_016,<=,0.0,0.2,0.2,0.0,True
3,0.05,asset_lower:Asset_017,>=,0.09999999997688302,0.0,0.09999999997688302,0.0,True
3,0.05,asset_upper:Asset_017,<=,0.09999999997688302,0.2,0.10000000002311699,0.0,True
3,0.05,asset_lower:Asset_018,>=,0.0,0.0,0.0,0.0,True
3,0.05,asset_upper:Asset_018,<=,0.0,0.2,0.2,0.0,True
3,0.05,asset_lower:Asset_019,>=,0.0,0.0,0.0,0.0,True
3,0.05,asset_upper:Asset_019,<=,0.0,0.2,0.2,0.0,True
3,0.05,asset_lower:Asset_020,>=,0.0,0.0,0.0,0.0,True
3,0.05,asset_upper:Asset_020,<=,0.0,0.2,0.2,0.0,True
3,0.05,asset_lower:Asset_021,>=,0.0,0.0,0.0,0.0,True
3,0.05,asset_upper:Asset_021,<=,0.0,0.2,0.2,0.0,True
3,0.05,asset_lower:Asset_022,>=,0.0,0.0,0.0,0.0,True
3,0.05,asset_upper:Asset_022,<=,0.0,0.2,0.2,0.0,True
3,0.05,asset_lower:Asset_023,>=,0.0,0.0,0.0,0.0,True
3,0.05,asset_upper:Asset_023,<=,0.0,0.2,0.2,0.0,True
3,0.05,asset_lower:Asset_024,>=,0.0,0.0,0.0,0.0,True
3,0.05,asset_upper:Asset_024,<=,0.0,0.2,0.2,0.0,True
3,0.05,asset_lower:Asset_025,>=,0.009999999990293697,0.0,0.009999999990293697,0.0,True
3,0.05,asset_upper:Asset_025,<=,0.009999999990293697,0.2,0.19000000000970632,0.0,True
3,0.05,asset_lower:Asset_026,>=,0.0,0.0,0.0,0.0,True
3,0.05,asset_upper:Asset_026,<=,0.0,0.2,0.2,0.0,True
3,0.05,asset_lower:Asset_027,>=,0.0,0.0,0.0,0.0,True
3,0.05,asset_upper:Asset_027,<=,0.0,0.2,0.2,0.0,True
3,0.05,asset_lower:Asset_028,>=,0.0,0.0,0.0,0.0,True
3,0.05,asset_upper:Asset_028,<=,0.0,0.2,0.2,0.0,True
3,0.05,asset_lower:Asset_029,>=,0.0,0.0,0.0,0.0,True
3,0.05,asset_upper:Asset_029,<=,0.0,0.2,0.2,0.0,True
3,0.05,asset_lower:Asset_030,>=,0.0,0.0,0.0,0.0,True
3,0.05,asset_upper:Asset_030,<=,0.0,0.2,0.2,0.0,True
3,0.05,asset_lower:Asset_031,>=,0.0,0.0,0.0,0.0,True
3,0.05,asset_upper:Asset_031,<=,0.0,0.2,0.2,0.0,True
3,0.05,asset_lower:Asset_032,>=,0.0,0.0,0.0,0.0,True
3,0.05,asset_upper:Asset_032,<=,0.0,0.2,0.2,0.0,True
3,0.05,asset_lower:Asset_033,>=,0.0,0.0,0.0,0.0,True
3,0.05,asset_upper:Asset_033,<=,0.0,0.2,0.2,0.0,True
3,0.05,asset_lower:Asset_034,>=,0.0,0.0,0.0,0.0,True
3,0.05,asset_upper:Asset_034,<=,0.0,0.2,0.2,0.0,True
3,0.05,asset_lower:Asset_035,>=,0.0,0.0,0.0,0.0,True
3,0.05,asset_upper:Asset_035,<=,0.0,0.2,0.2,0.0,True
3,0.05,asset_lower:Asset_036,>=,0.0,0.0,0.0,0.0,True
3,0.05,asset_upper:Asset_036,<=,0.0,0.2,0.2,0.0,True
3,0.05,asset_lower:Asset_037,>=,0.0,0.0,0.0,0.0,True
3,0.05,asset_upper:Asset_037,<=,0.0,0.2,0.2,0.0,True
3,0.05,asset_lower:Asset_038,>=,0.050000000023968295,0.0,0.050000000023968295,0.0,True
3,0.05,asset_upper:Asset_038,<=,0.050000000023968295,0.2,0.14999999997603172,0.0,True
3,0.05,asset_lower:Asset_039,>=,0.0,0.0,0.0,0.0,True
3,0.05,asset_upper:Asset_039,<=,0.0,0.2,0.2,0.0,True
3,0.05,asset_lower:Asset_040,>=,0.0,0.0,0.0,0.0,True
3,0.05,asset_upper:Asset_040,<=,0.0,0.2,0.2,0.0,True
3,0.05,asset_lower:Asset_041,>=,0.0,0.0,0.0,0.0,True
3,0.05,asset_upper:Asset_041,<=,0.0,0.2,0.2,0.0,True
3,0.05,asset_lower:Asset_042,>=,0.0,0.0,0.0,0.0,True
3,0.05,asset_upper:Asset_042,<=,0.0,0.2,0.2,0.0,True
3,0.05,asset_lower:Asset_043,>=,0.0,0.0,0.0,0.0,True
3,0.05,asset_upper:Asset_043,<=,0.0,0.2,0.2,0.0,True
3,0.05,asset_lower:Asset_044,>=,0.0,0.0,0.0,0.0,True
3,0.05,asset_upper:Asset_044,<=,0.0,0.2,0.2,0.0,True
3,0.05,asset_lower:Asset_045,>=,0.0,0.0,0.0,0.0,True
3,0.05,asset_upper:Asset_045,<=,0.0,0.2,0.2,0.0,True
3,0.05,asset_lower:Asset_046,>=,0.0,0.0,0.0,0.0,True
3,0.05,asset_upper:Asset_046,<=,0.0,0.2,0.2,0.0,True
3,0.05,asset_lower:Asset_047,>=,0.0,0.0,0.0,0.0,True
3,0.05,asset_upper:Asset_047,<=,0.0,0.2,0.2,0.0,True
3,0.05,asset_lower:Asset_048,>=,0.0,0.0,0.0,0.0,True
3,0.05,asset_upper:Asset_048,<=,0.0,0.2,0.2,0.0,True
3,0.05,asset_lower:Asset_049,>=,0.049999998459143255,0.0,0.049999998459143255,0.0,True
3,0.05,asset_upper:Asset_049,<=,0.049999998459143255,0.2,0.15000000154085674,0.0,True
3,0.05,asset_lower:Asset_050,>=,0.0,0.0,0.0,0.0,True
3,0.05,asset_upper:Asset_050,<=,0.0,0.2,0.2,0.0,True
3,0.05,asset_lower:Asset_051,>=,0.0,0.0,0.0,0.0,True
3,0.05,asset_upper:Asset_051,<=,0.0,0.2,0.2,0.0,True
3,0.05,asset_lower:Asset_052,>=,0.0,0.0,0.0,0.0,True
3,0.05,asset_upper:Asset_052,<=,0.0,0.2,0.2,0.0,True
3,0.05,asset_lower:Asset_053,>=,0.0,0.0,0.0,0.0,True
3,0.05,asset_upper:Asset_053,<=,0.0,0.2,0.2,0.0,True
3,0.05,asset_lower:Asset_054,>=,0.09999999997952705,0.0,0.09999999997952705,0.0,True
3,0.05,asset_upper:Asset_054,<=,0.09999999997952705,0.2,0.10000000002047296,0.0,True
3,0.05,asset_lower:Asset_055,>=,0.04106483527185213,0.0,0.04106483527185213,0.0,True
3,0.05,asset_upper:Asset_055,<=,0.04106483527185213,0.2,0.1589351647281479,0.0,True
3,0.05,asset_lower:Asset_056,>=,0.0,0.0,0.0,0.0,True
3,0.05,asset_upper:Asset_056,<=,0.0,0.2,0.2,0.0,True
3,0.05,asset_lower:Asset_057,>=,0.0,0.0,0.0,0.0,True
3,0.05,asset_upper:Asset_057,<=,0.0,0.2,0.2,0.0,True
3,0.05,asset_lower:Asset_058,>=,0.0,0.0,0.0,0.0,True
3,0.05,asset_upper:Asset_058,<=,0.0,0.2,0.2,0.0,True
3,0.05,asset_lower:Asset_059,>=,0.0,0.0,0.0,0.0,True
3,0.05,asset_upper:Asset_059,<=,0.0,0.2,0.2,0.0,True
3,0.05,asset_lower:Asset_060,>=,0.0,0.0,0.0,0.0,True
3,0.05,asset_upper:Asset_060,<=,0.0,0.2,0.2,0.0,True
3,0.05,asset_lower:Asset_061,>=,0.0,0.0,0.0,0.0,True
3,0.05,asset_upper:Asset_061,<=,0.0,0.2,0.2,0.0,True
3,0.05,asset_lower:Asset_062,>=,0.09999999932610935,0.0,0.09999999932610935,0.0,True
3,0.05,asset_upper:Asset_062,<=,0.09999999932610935,0.2,0.10000000067389066,0.0,True
3,0.05,asset_lower:Asset_063,>=,0.0,0.0,0.0,0.0,True
3,0.05,asset_upper:Asset_063,<=,0.0,0.2,0.2,0.0,True
3,0.05,asset_lower:Asset_064,>=,0.04999999999768082,0.0,0.04999999999768082,0.0,True
3,0.05,asset_upper:Asset_064,<=,0.04999999999768082,0.2,0.1500000000023192,0.0,True
3,0.05,asset_lower:Asset_065,>=,0.0,0.0,0.0,0.0,True
3,0.05,asset_upper:Asset_065,<=,0.0,0.2,0.2,0.0,True
3,0.05,asset_lower:Asset_066,>=,0.0,0.0,0.0,0.0,True
3,0.05,asset_upper:Asset_066,<=,0.0,0.2,0.2,0.0,True
3,0.05,asset_lower:Asset_067,>=,0.0,0.0,0.0,0.0,True
3,0.05,asset_upper:Asset_067,<=,0.0,0.2,0.2,0.0,True
3,0.05,asset_lower:Asset_068,>=,0.0,0.0,0.0,0.0,True
3,0.05,asset_upper:Asset_068,<=,0.0,0.2,0.2,0.0,True
3,0.05,asset_lower:Asset_069,>=,0.0,0.0,0.0,0.0,True
3,0.05,asset_upper:Asset_069,<=,0.0,0.2,0.2,0.0,True
3,0.05,asset_lower:Asset_070,>=,0.0,0.0,0.0,0.0,True
3,0.05,asset_upper:Asset_070,<=,0.0,0.2,0.2,0.0,True
3,0.05,asset_lower:Asset_071,>=,0.0,0.0,0.0,0.0,True
3,0.05,asset_upper:Asset_071,<=,0.0,0.2,0.2,0.0,True
3,0.05,asset_lower:Asset_072,>=,0.0,0.0,0.0,0.0,True
3,0.05,asset_upper:Asset_072,<=,0.0,0.2,0.2,0.0,True
3,0.05,asset_lower:Asset_073,>=,0.04999999999114976,0.0,0.04999999999114976,0.0,True
3,0.05,asset_upper:Asset_073,<=,0.04999999999114976,0.2,0.15000000000885025,0.0,True
3,0.05,asset_lower:Asset_074,>=,0.0,0.0,0.0,0.0,True
3,0.05,asset_upper:Asset_074,<=,0.0,0.2,0.2,0.0,True
3,0.05,asset_lower:Asset_075,>=,0.04999999977619558,0.0,0.04999999977619558,0.0,True
3,0.05,asset_upper:Asset_075,<=,0.04999999977619558,0.2,0.15000000022380444,0.0,True
3,0.05,asset_lower:Asset_076,>=,0.0,0.0,0.0,0.0,True
3,0.05,asset_upper:Asset_076,<=,0.0,0.2,0.2,0.0,True
3,0.05,asset_lower:Asset_077,>=,0.0,0.0,0.0,0.0,True
3,0.05,asset_upper:Asset_077,<=,0.0,0.2,0.2,0.0,True
3,0.05,asset_lower:Asset_078,>=,0.0,0.0,0.0,0.0,True
3,0.05,asset_upper:Asset_078,<=,0.0,0.2,0.2,0.0,True
3,0.05,asset_lower:Asset_079,>=,0.0,0.0,0.0,0.0,True
3,0.05,asset_upper:Asset_079,<=,0.0,0.2,0.2,0.0,True
3,0.05,asset_lower:Asset_080,>=,0.0,0.0,0.0,0.0,True
3,0.05,asset_upper:Asset_080,<=,0.0,0.2,0.2,0.0,True
3,0.05,asset_lower:Asset_081,>=,0.0499999973406292,0.0,0.0499999973406292,0.0,True
3,0.05,asset_upper:Asset_081,<=,0.0499999973406292,0.2,0.1500000026593708,0.0,True
3,0.05,asset_lower:Asset_082,>=,0.0,0.0,0.0,0.0,True
3,0.05,asset_upper:Asset_082,<=,0.0,0.2,0.2,0.0,True
3,0.05,asset_lower:Asset_083,>=,0.0999999999613096,0.0,0.0999999999613096,0.0,True
3,0.05,asset_upper:Asset_083,<=,0.0999999999613096,0.2,0.10000000003869042,0.0,True
3,0.05,asset_lower:Asset_084,>=,0.0,0.0,0.0,0.0,True
3,0.05,asset_upper:Asset_084,<=,0.0,0.2,0.2,0.0,True
3,0.05,asset_lower:Asset_085,>=,0.0,0.0,0.0,0.0,True
3,0.05,asset_upper:Asset_085,<=,0.0,0.2,0.2,0.0,True
3,0.05,asset_lower:Asset_086,>=,0.0,0.0,0.0,0.0,True
3,0.05,asset_upper:Asset_086,<=,0.0,0.2,0.2,0.0,True
3,0.05,asset_lower:Asset_087,>=,0.0,0.0,0.0,0.0,True
3,0.05,asset_upper:Asset_087,<=,0.0,0.2,0.2,0.0,True
3,0.05,asset_lower:Asset_088,>=,0.0,0.0,0.0,0.0,True
3,0.05,asset_upper:Asset_088,<=,0.0,0.2,0.2,0.0,True
3,0.05,asset_lower:Asset_089,>=,0.0,0.0,0.0,0.0,True
3,0.05,asset_upper:Asset_089,<=,0.0,0.2,0.2,0.0,True
3,0.05,asset_lower:Asset_090,>=,0.0,0.0,0.0,0.0,True
3,0.05,asset_upper:Asset_090,<=,0.0,0.2,0.2,0.0,True
3,0.05,asset_lower:Asset_091,>=,0.018935169525560284,0.0,0.018935169525560284,0.0,True
3,0.05,asset_upper:Asset_091,<=,0.018935169525560284,0.2,0.18106483047443972,0.0,True
3,0.05,asset_lower:Asset_092,>=,0.009999999983637148,0.0,0.009999999983637148,0.0,True
3,0.05,asset_upper:Asset_092,<=,0.009999999983637148,0.2,0.19000000001636286,0.0,True
3,0.05,asset_lower:Asset_093,>=,0.049999999978922995,0.0,0.049999999978922995,0.0,True
3,0.05,asset_upper:Asset_093,<=,0.049999999978922995,0.2,0.15000000002107702,0.0,True
3,0.05,asset_lower:Asset_094,>=,0.0,0.0,0.0,0.0,True
3,0.05,asset_upper:Asset_094,<=,0.0,0.2,0.2,0.0,True
3,0.05,asset_lower:Asset_095,>=,0.0,0.0,0.0,0.0,True
3,0.05,asset_upper:Asset_095,<=,0.0,0.2,0.2,0.0,True
3,0.05,asset_lower:Asset_096,>=,0.009999999992920677,0.0,0.009999999992920677,0.0,True
3,0.05,asset_upper:Asset_096,<=,0.009999999992920677,0.2,0.19000000000707934,0.0,True
3,0.05,asset_lower:Asset_097,>=,0.05000000024586079,0.0,0.05000000024586079,0.0,True
3,0.05,asset_upper:Asset_097,<=,0.05000000024586079,0.2,0.14999999975413922,0.0,True
3,0.05,asset_lower:Asset_098,>=,0.0,0.0,0.0,0.0,True
3,0.05,asset_upper:Asset_098,<=,0.0,0.2,0.2,0.0,True
3,0.05,asset_lower:Asset_099,>=,0.0,0.0,0.0,0.0,True
3,0.05,asset_upper:Asset_099,<=,0.0,0.2,0.2,0.0,True
3,0.05,group_lower:Group_0,>=,0.11000000495962939,0.10000000000000002,0.010000004959629369,0.0,True
3,0.05,group_upper:Group_0,<=,0.11000000495962939,0.25,0.1399999950403706,0.0,True
3,0.05,group_lower:Group_1,>=,0.11999999929536068,0.10000000000000002,0.019999999295360657,0.0,True
3,0.05,group_upper:Group_1,<=,0.11999999929536068,0.25,0.13000000070463932,0.0,True
3,0.05,group_lower:Group_2,>=,0.20000000024935613,0.10000000000000002,0.10000000024935611,0.0,True
3,0.05,group_upper:Group_2,<=,0.20000000024935613,0.25,0.04999999975064387,0.0,True
3,0.05,group_lower:Group_3,>=,0.1499999971145056,0.10000000000000002,0.049999997114505576,0.0,True
3,0.05,group_upper:Group_3,<=,0.1499999971145056,0.25,0.1000000028854944,0.0,True
3,0.05,group_lower:Group_4,>=,0.09999999845029302,0.05,0.049999998450293015,0.0,True
3,0.05,group_upper:Group_4,<=,0.09999999845029302,0.2,0.100000001549707,0.0,True
3,0.05,group_lower:Group_5,>=,0.14999999999849514,0.05,0.09999999999849514,0.0,True
3,0.05,group_upper:Group_5,<=,0.14999999999849514,0.2,0.05000000000150487,0.0,True
3,0.05,group_lower:Group_6,>=,0.1099999999698037,0.05,0.059999999969803694,0.0,True
3,0.05,group_upper:Group_6,<=,0.1099999999698037,0.2,0.09000000003019631,0.0,True
3,0.05,group_lower:Group_7,>=,0.05999999996256014,0.05,0.009999999962560138,0.0,True
3,0.05,group_upper:Group_7,<=,0.05999999996256014,0.2,0.14000000003743987,0.0,True
3,0.05,max_turnover,<=,0.3999999994261174,0.4,5.738826081014281e-10,0.0,True
3,0.05,exact_cardinality,=,20.0,20.0,-0.0,0.0,True
3,0.05,minimum_active_weight:Asset_006,>=,0.009999999978957631,0.01,-2.1042369235946268e-11,2.1042369235946268e-11,True
3,0.05,minimum_active_weight:Asset_008,>=,0.050000000037185556,0.01,0.040000000037185554,0.0,True
3,0.05,minimum_active_weight:Asset_015,>=,0.050000000162216965,0.01,0.04000000016221696,0.0,True
3,0.05,minimum_active_weight:Asset_017,>=,0.09999999997688302,0.01,0.08999999997688303,0.0,True
3,0.05,minimum_active_weight:Asset_025,>=,0.009999999990293697,0.01,-9.706303469303457e-12,9.706303469303457e-12,True
3,0.05,minimum_active_weight:Asset_038,>=,0.050000000023968295,0.01,0.04000000002396829,0.0,True
3,0.05,minimum_active_weight:Asset_049,>=,0.049999998459143255,0.01,0.03999999845914325,0.0,True
3,0.05,minimum_active_weight:Asset_054,>=,0.09999999997952705,0.01,0.08999999997952705,0.0,True
3,0.05,minimum_active_weight:Asset_055,>=,0.04106483527185213,0.01,0.03106483527185213,0.0,True
3,0.05,minimum_active_weight:Asset_062,>=,0.09999999932610935,0.01,0.08999999932610936,0.0,True
3,0.05,minimum_active_weight:Asset_064,>=,0.04999999999768082,0.01,0.03999999999768082,0.0,True
3,0.05,minimum_active_weight:Asset_073,>=,0.04999999999114976,0.01,0.03999999999114976,0.0,True
3,0.05,minimum_active_weight:Asset_075,>=,0.04999999977619558,0.01,0.03999999977619558,0.0,True
3,0.05,minimum_active_weight:Asset_081,>=,0.0499999973406292,0.01,0.0399999973406292,0.0,True
3,0.05,minimum_active_weight:Asset_083,>=,0.0999999999613096,0.01,0.0899999999613096,0.0,True
3,0.05,minimum_active_weight:Asset_091,>=,0.018935169525560284,0.01,0.008935169525560284,0.0,True
3,0.05,minimum_active_weight:Asset_092,>=,0.009999999983637148,0.01,-1.6362852045537224e-11,1.6362852045537224e-11,True
3,0.05,minimum_active_weight:Asset_093,>=,0.049999999978922995,0.01,0.03999999997892299,0.0,True
3,0.05,minimum_active_weight:Asset_096,>=,0.009999999992920677,0.01,-7.079323238734503e-12,7.079323238734503e-12,True
3,0.05,minimum_active_weight:Asset_097,>=,0.05000000024586079,0.01,0.04000000024586079,0.0,True
3,0.05,implementation_upper:Asset_000,<=,0.0,0.1,0.1,0.0,True
3,0.05,implementation_upper:Asset_001,<=,0.0,0.1,0.1,0.0,True
3,0.05,implementation_upper:Asset_002,<=,0.0,0.1,0.1,0.0,True
3,0.05,implementation_upper:Asset_003,<=,0.0,0.1,0.1,0.0,True
3,0.05,implementation_upper:Asset_004,<=,0.0,0.1,0.1,0.0,True
3,0.05,implementation_upper:Asset_005,<=,0.0,0.1,0.1,0.0,True
3,0.05,implementation_upper:Asset_006,<=,0.009999999978957631,0.1,0.09000000002104237,0.0,True
3,0.05,implementation_upper:Asset_007,<=,0.0,0.1,0.1,0.0,True
3,0.05,implementation_upper:Asset_008,<=,0.050000000037185556,0.1,0.04999999996281445,0.0,True
3,0.05,implementation_upper:Asset_009,<=,0.0,0.1,0.1,0.0,True
3,0.05,implementation_upper:Asset_010,<=,0.0,0.1,0.1,0.0,True
3,0.05,implementation_upper:Asset_011,<=,0.0,0.1,0.1,0.0,True
3,0.05,implementation_upper:Asset_012,<=,0.0,0.1,0.1,0.0,True
3,0.05,implementation_upper:Asset_013,<=,0.0,0.1,0.1,0.0,True
3,0.05,implementation_upper:Asset_014,<=,0.0,0.1,0.1,0.0,True
3,0.05,implementation_upper:Asset_015,<=,0.050000000162216965,0.1,0.04999999983778304,0.0,True
3,0.05,implementation_upper:Asset_016,<=,0.0,0.1,0.1,0.0,True
3,0.05,implementation_upper:Asset_017,<=,0.09999999997688302,0.1,2.3116980552018163e-11,0.0,True
3,0.05,implementation_upper:Asset_018,<=,0.0,0.1,0.1,0.0,True
3,0.05,implementation_upper:Asset_019,<=,0.0,0.1,0.1,0.0,True
3,0.05,implementation_upper:Asset_020,<=,0.0,0.1,0.1,0.0,True
3,0.05,implementation_upper:Asset_021,<=,0.0,0.1,0.1,0.0,True
3,0.05,implementation_upper:Asset_022,<=,0.0,0.1,0.1,0.0,True
3,0.05,implementation_upper:Asset_023,<=,0.0,0.1,0.1,0.0,True
3,0.05,implementation_upper:Asset_024,<=,0.0,0.1,0.1,0.0,True
3,0.05,implementation_upper:Asset_025,<=,0.009999999990293697,0.1,0.09000000000970632,0.0,True
3,0.05,implementation_upper:Asset_026,<=,0.0,0.1,0.1,0.0,True
3,0.05,implementation_upper:Asset_027,<=,0.0,0.1,0.1,0.0,True
3,0.05,implementation_upper:Asset_028,<=,0.0,0.1,0.1,0.0,True
3,0.05,implementation_upper:Asset_029,<=,0.0,0.1,0.1,0.0,True
3,0.05,implementation_upper:Asset_030,<=,0.0,0.1,0.1,0.0,True
3,0.05,implementation_upper:Asset_031,<=,0.0,0.1,0.1,0.0,True
3,0.05,implementation_upper:Asset_032,<=,0.0,0.1,0.1,0.0,True
3,0.05,implementation_upper:Asset_033,<=,0.0,0.1,0.1,0.0,True
3,0.05,implementation_upper:Asset_034,<=,0.0,0.1,0.1,0.0,True
3,0.05,implementation_upper:Asset_035,<=,0.0,0.1,0.1,0.0,True
3,0.05,implementation_upper:Asset_036,<=,0.0,0.1,0.1,0.0,True
3,0.05,implementation_upper:Asset_037,<=,0.0,0.1,0.1,0.0,True
3,0.05,implementation_upper:Asset_038,<=,0.050000000023968295,0.1,0.04999999997603171,0.0,True
3,0.05,implementation_upper:Asset_039,<=,0.0,0.1,0.1,0.0,True
3,0.05,implementation_upper:Asset_040,<=,0.0,0.1,0.1,0.0,True
3,0.05,implementation_upper:Asset_041,<=,0.0,0.1,0.1,0.0,True
3,0.05,implementation_upper:Asset_042,<=,0.0,0.1,0.1,0.0,True
3,0.05,implementation_upper:Asset_043,<=,0.0,0.1,0.1,0.0,True
3,0.05,implementation_upper:Asset_044,<=,0.0,0.1,0.1,0.0,True
3,0.05,implementation_upper:Asset_045,<=,0.0,0.1,0.1,0.0,True
3,0.05,implementation_upper:Asset_046,<=,0.0,0.1,0.1,0.0,True
3,0.05,implementation_upper:Asset_047,<=,0.0,0.1,0.1,0.0,True
3,0.05,implementation_upper:Asset_048,<=,0.0,0.1,0.1,0.0,True
3,0.05,implementation_upper:Asset_049,<=,0.049999998459143255,0.1,0.05000000154085675,0.0,True
3,0.05,implementation_upper:Asset_050,<=,0.0,0.1,0.1,0.0,True
3,0.05,implementation_upper:Asset_051,<=,0.0,0.1,0.1,0.0,True
3,0.05,implementation_upper:Asset_052,<=,0.0,0.1,0.1,0.0,True
3,0.05,implementation_upper:Asset_053,<=,0.0,0.1,0.1,0.0,True
3,0.05,implementation_upper:Asset_054,<=,0.09999999997952705,0.1,2.0472956663297737e-11,0.0,True
3,0.05,implementation_upper:Asset_055,<=,0.04106483527185213,0.1,0.058935164728147874,0.0,True
3,0.05,implementation_upper:Asset_056,<=,0.0,0.1,0.1,0.0,True
3,0.05,implementation_upper:Asset_057,<=,0.0,0.1,0.1,0.0,True
3,0.05,implementation_upper:Asset_058,<=,0.0,0.1,0.1,0.0,True
3,0.05,implementation_upper:Asset_059,<=,0.0,0.1,0.1,0.0,True
3,0.05,implementation_upper:Asset_060,<=,0.0,0.1,0.1,0.0,True
3,0.05,implementation_upper:Asset_061,<=,0.0,0.1,0.1,0.0,True
3,0.05,implementation_upper:Asset_062,<=,0.09999999932610935,0.1,6.738906516146059e-10,0.0,True
3,0.05,implementation_upper:Asset_063,<=,0.0,0.1,0.1,0.0,True
3,0.05,implementation_upper:Asset_064,<=,0.04999999999768082,0.1,0.05000000000231918,0.0,True
3,0.05,implementation_upper:Asset_065,<=,0.0,0.1,0.1,0.0,True
3,0.05,implementation_upper:Asset_066,<=,0.0,0.1,0.1,0.0,True
3,0.05,implementation_upper:Asset_067,<=,0.0,0.1,0.1,0.0,True
3,0.05,implementation_upper:Asset_068,<=,0.0,0.1,0.1,0.0,True
3,0.05,implementation_upper:Asset_069,<=,0.0,0.1,0.1,0.0,True
3,0.05,implementation_upper:Asset_070,<=,0.0,0.1,0.1,0.0,True
3,0.05,implementation_upper:Asset_071,<=,0.0,0.1,0.1,0.0,True
3,0.05,implementation_upper:Asset_072,<=,0.0,0.1,0.1,0.0,True
3,0.05,implementation_upper:Asset_073,<=,0.04999999999114976,0.1,0.05000000000885024,0.0,True
3,0.05,implementation_upper:Asset_074,<=,0.0,0.1,0.1,0.0,True
3,0.05,implementation_upper:Asset_075,<=,0.04999999977619558,0.1,0.05000000022380442,0.0,True
3,0.05,implementation_upper:Asset_076,<=,0.0,0.1,0.1,0.0,True
3,0.05,implementation_upper:Asset_077,<=,0.0,0.1,0.1,0.0,True
3,0.05,implementation_upper:Asset_078,<=,0.0,0.1,0.1,0.0,True
3,0.05,implementation_upper:Asset_079,<=,0.0,0.1,0.1,0.0,True
3,0.05,implementation_upper:Asset_080,<=,0.0,0.1,0.1,0.0,True
3,0.05,implementation_upper:Asset_081,<=,0.0499999973406292,0.1,0.0500000026593708,0.0,True
3,0.05,implementation_upper:Asset_082,<=,0.0,0.1,0.1,0.0,True
3,0.05,implementation_upper:Asset_083,<=,0.0999999999613096,0.1,3.869041198534262e-11,0.0,True
3,0.05,implementation_upper:Asset_084,<=,0.0,0.1,0.1,0.0,True
3,0.05,implementation_upper:Asset_085,<=,0.0,0.1,0.1,0.0,True
3,0.05,implementation_upper:Asset_086,<=,0.0,0.1,0.1,0.0,True
3,0.05,implementation_upper:Asset_087,<=,0.0,0.1,0.1,0.0,True
3,0.05,implementation_upper:Asset_088,<=,0.0,0.1,0.1,0.0,True
3,0.05,implementation_upper:Asset_089,<=,0.0,0.1,0.1,0.0,True
3,0.05,implementation_upper:Asset_090,<=,0.0,0.1,0.1,0.0,True
3,0.05,implementation_upper:Asset_091,<=,0.018935169525560284,0.1,0.08106483047443971,0.0,True
3,0.05,implementation_upper:Asset_092,<=,0.009999999983637148,0.1,0.09000000001636285,0.0,True
3,0.05,implementation_upper:Asset_093,<=,0.049999999978922995,0.1,0.05000000002107701,0.0,True
3,0.05,implementation_upper:Asset_094,<=,0.0,0.1,0.1,0.0,True
3,0.05,implementation_upper:Asset_095,<=,0.0,0.1,0.1,0.0,True
3,0.05,implementation_upper:Asset_096,<=,0.009999999992920677,0.1,0.09000000000707933,0.0,True
3,0.05,implementation_upper:Asset_097,<=,0.05000000024586079,0.1,0.04999999975413921,0.0,True
3,0.05,implementation_upper:Asset_098,<=,0.0,0.1,0.1,0.0,True
3,0.05,implementation_upper:Asset_099,<=,0.0,0.1,0.1,0.0,True
3,0.1,budget,=,1.000000000000001,1.0,-1.1102230246251565e-15,1.1102230246251565e-15,True
3,0.1,asset_lower:Asset_000,>=,0.0,0.0,0.0,0.0,True
3,0.1,asset_upper:Asset_000,<=,0.0,0.2,0.2,0.0,True
3,0.1,asset_lower:Asset_001,>=,0.0,0.0,0.0,0.0,True
3,0.1,asset_upper:Asset_001,<=,0.0,0.2,0.2,0.0,True
3,0.1,asset_lower:Asset_002,>=,0.0,0.0,0.0,0.0,True
3,0.1,asset_upper:Asset_002,<=,0.0,0.2,0.2,0.0,True
3,0.1,asset_lower:Asset_003,>=,0.0,0.0,0.0,0.0,True
3,0.1,asset_upper:Asset_003,<=,0.0,0.2,0.2,0.0,True
3,0.1,asset_lower:Asset_004,>=,0.0,0.0,0.0,0.0,True
3,0.1,asset_upper:Asset_004,<=,0.0,0.2,0.2,0.0,True
3,0.1,asset_lower:Asset_005,>=,0.0,0.0,0.0,0.0,True
3,0.1,asset_upper:Asset_005,<=,0.0,0.2,0.2,0.0,True
3,0.1,asset_lower:Asset_006,>=,0.009999999995825973,0.0,0.009999999995825973,0.0,True
3,0.1,asset_upper:Asset_006,<=,0.009999999995825973,0.2,0.19000000000417405,0.0,True
3,0.1,asset_lower:Asset_007,>=,0.0,0.0,0.0,0.0,True
3,0.1,asset_upper:Asset_007,<=,0.0,0.2,0.2,0.0,True
3,0.1,asset_lower:Asset_008,>=,0.050000000001772966,0.0,0.050000000001772966,0.0,True
3,0.1,asset_upper:Asset_008,<=,0.050000000001772966,0.2,0.14999999999822705,0.0,True
3,0.1,asset_lower:Asset_009,>=,0.0,0.0,0.0,0.0,True
3,0.1,asset_upper:Asset_009,<=,0.0,0.2,0.2,0.0,True
3,0.1,asset_lower:Asset_010,>=,0.0,0.0,0.0,0.0,True
3,0.1,asset_upper:Asset_010,<=,0.0,0.2,0.2,0.0,True
3,0.1,asset_lower:Asset_011,>=,0.0,0.0,0.0,0.0,True
3,0.1,asset_upper:Asset_011,<=,0.0,0.2,0.2,0.0,True
3,0.1,asset_lower:Asset_012,>=,0.0,0.0,0.0,0.0,True
3,0.1,asset_upper:Asset_012,<=,0.0,0.2,0.2,0.0,True
3,0.1,asset_lower:Asset_013,>=,0.0,0.0,0.0,0.0,True
3,0.1,asset_upper:Asset_013,<=,0.0,0.2,0.2,0.0,True
3,0.1,asset_lower:Asset_014,>=,0.0,0.0,0.0,0.0,True
3,0.1,asset_upper:Asset_014,<=,0.0,0.2,0.2,0.0,True
3,0.1,asset_lower:Asset_015,>=,0.05000000002662399,0.0,0.05000000002662399,0.0,True
3,0.1,asset_upper:Asset_015,<=,0.05000000002662399,0.2,0.149999999973376,0.0,True
3,0.1,asset_lower:Asset_016,>=,0.0,0.0,0.0,0.0,True
3,0.1,asset_upper:Asset_016,<=,0.0,0.2,0.2,0.0,True
3,0.1,asset_lower:Asset_017,>=,0.09999999999055348,0.0,0.09999999999055348,0.0,True
3,0.1,asset_upper:Asset_017,<=,0.09999999999055348,0.2,0.10000000000944653,0.0,True
3,0.1,asset_lower:Asset_018,>=,0.0,0.0,0.0,0.0,True
3,0.1,asset_upper:Asset_018,<=,0.0,0.2,0.2,0.0,True
3,0.1,asset_lower:Asset_019,>=,0.0,0.0,0.0,0.0,True
3,0.1,asset_upper:Asset_019,<=,0.0,0.2,0.2,0.0,True
3,0.1,asset_lower:Asset_020,>=,0.0,0.0,0.0,0.0,True
3,0.1,asset_upper:Asset_020,<=,0.0,0.2,0.2,0.0,True
3,0.1,asset_lower:Asset_021,>=,0.0,0.0,0.0,0.0,True
3,0.1,asset_upper:Asset_021,<=,0.0,0.2,0.2,0.0,True
3,0.1,asset_lower:Asset_022,>=,0.0,0.0,0.0,0.0,True
3,0.1,asset_upper:Asset_022,<=,0.0,0.2,0.2,0.0,True
3,0.1,asset_lower:Asset_023,>=,0.0,0.0,0.0,0.0,True
3,0.1,asset_upper:Asset_023,<=,0.0,0.2,0.2,0.0,True
3,0.1,asset_lower:Asset_024,>=,0.0,0.0,0.0,0.0,True
3,0.1,asset_upper:Asset_024,<=,0.0,0.2,0.2,0.0,True
3,0.1,asset_lower:Asset_025,>=,0.009999999997809511,0.0,0.009999999997809511,0.0,True
3,0.1,asset_upper:Asset_025,<=,0.009999999997809511,0.2,0.1900000000021905,0.0,True
3,0.1,asset_lower:Asset_026,>=,0.0,0.0,0.0,0.0,True
3,0.1,asset_upper:Asset_026,<=,0.0,0.2,0.2,0.0,True
3,0.1,asset_lower:Asset_027,>=,0.0,0.0,0.0,0.0,True
3,0.1,asset_upper:Asset_027,<=,0.0,0.2,0.2,0.0,True
3,0.1,asset_lower:Asset_028,>=,0.0,0.0,0.0,0.0,True
3,0.1,asset_upper:Asset_028,<=,0.0,0.2,0.2,0.0,True
3,0.1,asset_lower:Asset_029,>=,0.0,0.0,0.0,0.0,True
3,0.1,asset_upper:Asset_029,<=,0.0,0.2,0.2,0.0,True
3,0.1,asset_lower:Asset_030,>=,0.0,0.0,0.0,0.0,True
3,0.1,asset_upper:Asset_030,<=,0.0,0.2,0.2,0.0,True
3,0.1,asset_lower:Asset_031,>=,0.0,0.0,0.0,0.0,True
3,0.1,asset_upper:Asset_031,<=,0.0,0.2,0.2,0.0,True
3,0.1,asset_lower:Asset_032,>=,0.0,0.0,0.0,0.0,True
3,0.1,asset_upper:Asset_032,<=,0.0,0.2,0.2,0.0,True
3,0.1,asset_lower:Asset_033,>=,0.0,0.0,0.0,0.0,True
3,0.1,asset_upper:Asset_033,<=,0.0,0.2,0.2,0.0,True
3,0.1,asset_lower:Asset_034,>=,0.0,0.0,0.0,0.0,True
3,0.1,asset_upper:Asset_034,<=,0.0,0.2,0.2,0.0,True
3,0.1,asset_lower:Asset_035,>=,0.0,0.0,0.0,0.0,True
3,0.1,asset_upper:Asset_035,<=,0.0,0.2,0.2,0.0,True
3,0.1,asset_lower:Asset_036,>=,0.0,0.0,0.0,0.0,True
3,0.1,asset_upper:Asset_036,<=,0.0,0.2,0.2,0.0,True
3,0.1,asset_lower:Asset_037,>=,0.0,0.0,0.0,0.0,True
3,0.1,asset_upper:Asset_037,<=,0.0,0.2,0.2,0.0,True
3,0.1,asset_lower:Asset_038,>=,0.05000000000455016,0.0,0.05000000000455016,0.0,True
3,0.1,asset_upper:Asset_038,<=,0.05000000000455016,0.2,0.14999999999544986,0.0,True
3,0.1,asset_lower:Asset_039,>=,0.0,0.0,0.0,0.0,True
3,0.1,asset_upper:Asset_039,<=,0.0,0.2,0.2,0.0,True
3,0.1,asset_lower:Asset_040,>=,0.0,0.0,0.0,0.0,True
3,0.1,asset_upper:Asset_040,<=,0.0,0.2,0.2,0.0,True
3,0.1,asset_lower:Asset_041,>=,0.0,0.0,0.0,0.0,True
3,0.1,asset_upper:Asset_041,<=,0.0,0.2,0.2,0.0,True
3,0.1,asset_lower:Asset_042,>=,0.0,0.0,0.0,0.0,True
3,0.1,asset_upper:Asset_042,<=,0.0,0.2,0.2,0.0,True
3,0.1,asset_lower:Asset_043,>=,0.0,0.0,0.0,0.0,True
3,0.1,asset_upper:Asset_043,<=,0.0,0.2,0.2,0.0,True
3,0.1,asset_lower:Asset_044,>=,0.0,0.0,0.0,0.0,True
3,0.1,asset_upper:Asset_044,<=,0.0,0.2,0.2,0.0,True
3,0.1,asset_lower:Asset_045,>=,0.0,0.0,0.0,0.0,True
3,0.1,asset_upper:Asset_045,<=,0.0,0.2,0.2,0.0,True
3,0.1,asset_lower:Asset_046,>=,0.0,0.0,0.0,0.0,True
3,0.1,asset_upper:Asset_046,<=,0.0,0.2,0.2,0.0,True
3,0.1,asset_lower:Asset_047,>=,0.0,0.0,0.0,0.0,True
3,0.1,asset_upper:Asset_047,<=,0.0,0.2,0.2,0.0,True
3,0.1,asset_lower:Asset_048,>=,0.0,0.0,0.0,0.0,True
3,0.1,asset_upper:Asset_048,<=,0.0,0.2,0.2,0.0,True
3,0.1,asset_lower:Asset_049,>=,0.045160367014313425,0.0,0.045160367014313425,0.0,True
3,0.1,asset_upper:Asset_049,<=,0.045160367014313425,0.2,0.1548396329856866,0.0,True
3,0.1,asset_lower:Asset_050,>=,0.0,0.0,0.0,0.0,True
3,0.1,asset_upper:Asset_050,<=,0.0,0.2,0.2,0.0,True
3,0.1,asset_lower:Asset_051,>=,0.0,0.0,0.0,0.0,True
3,0.1,asset_upper:Asset_051,<=,0.0,0.2,0.2,0.0,True
3,0.1,asset_lower:Asset_052,>=,0.0,0.0,0.0,0.0,True
3,0.1,asset_upper:Asset_052,<=,0.0,0.2,0.2,0.0,True
3,0.1,asset_lower:Asset_053,>=,0.0,0.0,0.0,0.0,True
3,0.1,asset_upper:Asset_053,<=,0.0,0.2,0.2,0.0,True
3,0.1,asset_lower:Asset_054,>=,0.09999999999468687,0.0,0.09999999999468687,0.0,True
3,0.1,asset_upper:Asset_054,<=,0.09999999999468687,0.2,0.10000000000531314,0.0,True
3,0.1,asset_lower:Asset_055,>=,0.04999999989721782,0.0,0.04999999989721782,0.0,True
3,0.1,asset_upper:Asset_055,<=,0.04999999989721782,0.2,0.1500000001027822,0.0,True
3,0.1,asset_lower:Asset_056,>=,0.0,0.0,0.0,0.0,True
3,0.1,asset_upper:Asset_056,<=,0.0,0.2,0.2,0.0,True
3,0.1,asset_lower:Asset_057,>=,0.0,0.0,0.0,0.0,True
3,0.1,asset_upper:Asset_057,<=,0.0,0.2,0.2,0.0,True
3,0.1,asset_lower:Asset_058,>=,0.0,0.0,0.0,0.0,True
3,0.1,asset_upper:Asset_058,<=,0.0,0.2,0.2,0.0,True
3,0.1,asset_lower:Asset_059,>=,0.0,0.0,0.0,0.0,True
3,0.1,asset_upper:Asset_059,<=,0.0,0.2,0.2,0.0,True
3,0.1,asset_lower:Asset_060,>=,0.0,0.0,0.0,0.0,True
3,0.1,asset_upper:Asset_060,<=,0.0,0.2,0.2,0.0,True
3,0.1,asset_lower:Asset_061,>=,0.0,0.0,0.0,0.0,True
3,0.1,asset_upper:Asset_061,<=,0.0,0.2,0.2,0.0,True
3,0.1,asset_lower:Asset_062,>=,0.09999999993652797,0.0,0.09999999993652797,0.0,True
3,0.1,asset_upper:Asset_062,<=,0.09999999993652797,0.2,0.10000000006347204,0.0,True
3,0.1,asset_lower:Asset_063,>=,0.0,0.0,0.0,0.0,True
3,0.1,asset_upper:Asset_063,<=,0.0,0.2,0.2,0.0,True
3,0.1,asset_lower:Asset_064,>=,0.04999999997767447,0.0,0.04999999997767447,0.0,True
3,0.1,asset_upper:Asset_064,<=,0.04999999997767447,0.2,0.15000000002232555,0.0,True
3,0.1,asset_lower:Asset_065,>=,0.0,0.0,0.0,0.0,True
3,0.1,asset_upper:Asset_065,<=,0.0,0.2,0.2,0.0,True
3,0.1,asset_lower:Asset_066,>=,0.0,0.0,0.0,0.0,True
3,0.1,asset_upper:Asset_066,<=,0.0,0.2,0.2,0.0,True
3,0.1,asset_lower:Asset_067,>=,0.0,0.0,0.0,0.0,True
3,0.1,asset_upper:Asset_067,<=,0.0,0.2,0.2,0.0,True
3,0.1,asset_lower:Asset_068,>=,0.0,0.0,0.0,0.0,True
3,0.1,asset_upper:Asset_068,<=,0.0,0.2,0.2,0.0,True
3,0.1,asset_lower:Asset_069,>=,0.0,0.0,0.0,0.0,True
3,0.1,asset_upper:Asset_069,<=,0.0,0.2,0.2,0.0,True
3,0.1,asset_lower:Asset_070,>=,0.0,0.0,0.0,0.0,True
3,0.1,asset_upper:Asset_070,<=,0.0,0.2,0.2,0.0,True
3,0.1,asset_lower:Asset_071,>=,0.0,0.0,0.0,0.0,True
3,0.1,asset_upper:Asset_071,<=,0.0,0.2,0.2,0.0,True
3,0.1,asset_lower:Asset_072,>=,0.0,0.0,0.0,0.0,True
3,0.1,asset_upper:Asset_072,<=,0.0,0.2,0.2,0.0,True
3,0.1,asset_lower:Asset_073,>=,0.04999999999466736,0.0,0.04999999999466736,0.0,True
3,0.1,asset_upper:Asset_073,<=,0.04999999999466736,0.2,0.15000000000533265,0.0,True
3,0.1,asset_lower:Asset_074,>=,0.0,0.0,0.0,0.0,True
3,0.1,asset_upper:Asset_074,<=,0.0,0.2,0.2,0.0,True
3,0.1,asset_lower:Asset_075,>=,0.04999999986887288,0.0,0.04999999986887288,0.0,True
3,0.1,asset_upper:Asset_075,<=,0.04999999986887288,0.2,0.15000000013112713,0.0,True
3,0.1,asset_lower:Asset_076,>=,0.0,0.0,0.0,0.0,True
3,0.1,asset_upper:Asset_076,<=,0.0,0.2,0.2,0.0,True
3,0.1,asset_lower:Asset_077,>=,0.0,0.0,0.0,0.0,True
3,0.1,asset_upper:Asset_077,<=,0.0,0.2,0.2,0.0,True
3,0.1,asset_lower:Asset_078,>=,0.0,0.0,0.0,0.0,True
3,0.1,asset_upper:Asset_078,<=,0.0,0.2,0.2,0.0,True
3,0.1,asset_lower:Asset_079,>=,0.0,0.0,0.0,0.0,True
3,0.1,asset_upper:Asset_079,<=,0.0,0.2,0.2,0.0,True
3,0.1,asset_lower:Asset_080,>=,0.0,0.0,0.0,0.0,True
3,0.1,asset_upper:Asset_080,<=,0.0,0.2,0.2,0.0,True
3,0.1,asset_lower:Asset_081,>=,0.048048721473038354,0.0,0.048048721473038354,0.0,True
3,0.1,asset_upper:Asset_081,<=,0.048048721473038354,0.2,0.15195127852696166,0.0,True
3,0.1,asset_lower:Asset_082,>=,0.0,0.0,0.0,0.0,True
3,0.1,asset_upper:Asset_082,<=,0.0,0.2,0.2,0.0,True
3,0.1,asset_lower:Asset_083,>=,0.09999999998842807,0.0,0.09999999998842807,0.0,True
3,0.1,asset_upper:Asset_083,<=,0.09999999998842807,0.2,0.10000000001157194,0.0,True
3,0.1,asset_lower:Asset_084,>=,0.0,0.0,0.0,0.0,True
3,0.1,asset_upper:Asset_084,<=,0.0,0.2,0.2,0.0,True
3,0.1,asset_lower:Asset_085,>=,0.0,0.0,0.0,0.0,True
3,0.1,asset_upper:Asset_085,<=,0.0,0.2,0.2,0.0,True
3,0.1,asset_lower:Asset_086,>=,0.0,0.0,0.0,0.0,True
3,0.1,asset_upper:Asset_086,<=,0.0,0.2,0.2,0.0,True
3,0.1,asset_lower:Asset_087,>=,0.0,0.0,0.0,0.0,True
3,0.1,asset_upper:Asset_087,<=,0.0,0.2,0.2,0.0,True
3,0.1,asset_lower:Asset_088,>=,0.0,0.0,0.0,0.0,True
3,0.1,asset_upper:Asset_088,<=,0.0,0.2,0.2,0.0,True
3,0.1,asset_lower:Asset_089,>=,0.0,0.0,0.0,0.0,True
3,0.1,asset_upper:Asset_089,<=,0.0,0.2,0.2,0.0,True
3,0.1,asset_lower:Asset_090,>=,0.0,0.0,0.0,0.0,True
3,0.1,asset_upper:Asset_090,<=,0.0,0.2,0.2,0.0,True
3,0.1,asset_lower:Asset_091,>=,0.016790911816179862,0.0,0.016790911816179862,0.0,True
3,0.1,asset_upper:Asset_091,<=,0.016790911816179862,0.2,0.18320908818382015,0.0,True
3,0.1,asset_lower:Asset_092,>=,0.009999999996681549,0.0,0.009999999996681549,0.0,True
3,0.1,asset_upper:Asset_092,<=,0.009999999996681549,0.2,0.19000000000331846,0.0,True
3,0.1,asset_lower:Asset_093,>=,0.04999999999080514,0.0,0.04999999999080514,0.0,True
3,0.1,asset_upper:Asset_093,<=,0.04999999999080514,0.2,0.15000000000919486,0.0,True
3,0.1,asset_lower:Asset_094,>=,0.0,0.0,0.0,0.0,True
3,0.1,asset_upper:Asset_094,<=,0.0,0.2,0.2,0.0,True
3,0.1,asset_lower:Asset_095,>=,0.0,0.0,0.0,0.0,True
3,0.1,asset_upper:Asset_095,<=,0.0,0.2,0.2,0.0,True
3,0.1,asset_lower:Asset_096,>=,0.009999999997975899,0.0,0.009999999997975899,0.0,True
3,0.1,asset_upper:Asset_096,<=,0.009999999997975899,0.2,0.1900000000020241,0.0,True
3,0.1,asset_lower:Asset_097,>=,0.050000000035795494,0.0,0.050000000035795494,0.0,True
3,0.1,asset_upper:Asset_097,<=,0.050000000035795494,0.2,0.14999999996420452,0.0,True
3,0.1,asset_lower:Asset_098,>=,0.0,0.0,0.0,0.0,True
3,0.1,asset_upper:Asset_098,<=,0.0,0.2,0.2,0.0,True
3,0.1,asset_lower:Asset_099,>=,0.0,0.0,0.0,0.0,True
3,0.1,asset_upper:Asset_099,<=,0.0,0.2,0.2,0.0,True
3,0.1,group_lower:Group_0,>=,0.11679091174002168,0.10000000000000002,0.01679091174002166,0.0,True
3,0.1,group_upper:Group_0,<=,0.11679091174002168,0.25,0.13320908825997832,0.0,True
3,0.1,group_lower:Group_1,>=,0.11999999993016346,0.10000000000000002,0.019999999930163437,0.0,True
3,0.1,group_upper:Group_1,<=,0.11999999993016346,0.25,0.13000000006983653,0.0,True
3,0.1,group_lower:Group_2,>=,0.20000000003503252,0.10000000000000002,0.1000000000350325,0.0,True
3,0.1,group_upper:Group_2,<=,0.20000000003503252,0.25,0.049999999964967484,0.0,True
3,0.1,group_lower:Group_3,>=,0.14804872131958569,0.10000000000000002,0.048048721319585666,0.0,True
3,0.1,group_upper:Group_3,<=,0.14804872131958569,0.25,0.10195127868041431,0.0,True
3,0.1,group_lower:Group_4,>=,0.09516036700898078,0.05,0.04516036700898078,0.0,True
3,0.1,group_upper:Group_4,<=,0.09516036700898078,0.2,0.10483963299101923,0.0,True
3,0.1,group_lower:Group_5,>=,0.14999999999020103,0.05,0.09999999999020102,0.0,True
3,0.1,group_upper:Group_5,<=,0.14999999999020103,0.2,0.050000000009798984,0.0,True
3,0.1,group_lower:Group_6,>=,0.10999999998852938,0.05,0.05999999998852938,0.0,True
3,0.1,group_upper:Group_6,<=,0.10999999998852938,0.2,0.09000000001147063,0.0,True
3,0.1,group_lower:Group_7,>=,0.05999999998748669,0.05,0.009999999987486685,0.0,True
3,0.1,group_upper:Group_7,<=,0.05999999998748669,0.2,0.14000000001251334,0.0,True
3,0.1,max_turnover,<=,0.3999999999578767,0.4,4.212330484421045e-11,0.0,True
3,0.1,exact_cardinality,=,20.0,20.0,-0.0,0.0,True
3,0.1,minimum_active_weight:Asset_006,>=,0.009999999995825973,0.01,-4.174027443126782e-12,4.174027443126782e-12,True
3,0.1,minimum_active_weight:Asset_008,>=,0.050000000001772966,0.01,0.040000000001772965,0.0,True
3,0.1,minimum_active_weight:Asset_015,>=,0.05000000002662399,0.01,0.04000000002662399,0.0,True
3,0.1,minimum_active_weight:Asset_017,>=,0.09999999999055348,0.01,0.08999999999055348,0.0,True
3,0.1,minimum_active_weight:Asset_025,>=,0.009999999997809511,0.01,-2.1904891095436696e-12,2.1904891095436696e-12,True
3,0.1,minimum_active_weight:Asset_038,>=,0.05000000000455016,0.01,0.04000000000455016,0.0,True
3,0.1,minimum_active_weight:Asset_049,>=,0.045160367014313425,0.01,0.03516036701431342,0.0,True
3,0.1,minimum_active_weight:Asset_054,>=,0.09999999999468687,0.01,0.08999999999468687,0.0,True
3,0.1,minimum_active_weight:Asset_055,>=,0.04999999989721782,0.01,0.039999999897217815,0.0,True
3,0.1,minimum_active_weight:Asset_062,>=,0.09999999993652797,0.01,0.08999999993652798,0.0,True
3,0.1,minimum_active_weight:Asset_064,>=,0.04999999997767447,0.01,0.03999999997767447,0.0,True
3,0.1,minimum_active_weight:Asset_073,>=,0.04999999999466736,0.01,0.03999999999466736,0.0,True
3,0.1,minimum_active_weight:Asset_075,>=,0.04999999986887288,0.01,0.03999999986887288,0.0,True
3,0.1,minimum_active_weight:Asset_081,>=,0.048048721473038354,0.01,0.03804872147303835,0.0,True
3,0.1,minimum_active_weight:Asset_083,>=,0.09999999998842807,0.01,0.08999999998842807,0.0,True
3,0.1,minimum_active_weight:Asset_091,>=,0.016790911816179862,0.01,0.006790911816179862,0.0,True
3,0.1,minimum_active_weight:Asset_092,>=,0.009999999996681549,0.01,-3.318451416434165e-12,3.318451416434165e-12,True
3,0.1,minimum_active_weight:Asset_093,>=,0.04999999999080514,0.01,0.03999999999080514,0.0,True
3,0.1,minimum_active_weight:Asset_096,>=,0.009999999997975899,0.01,-2.024101372621878e-12,2.024101372621878e-12,True
3,0.1,minimum_active_weight:Asset_097,>=,0.050000000035795494,0.01,0.04000000003579549,0.0,True
3,0.1,implementation_upper:Asset_000,<=,0.0,0.1,0.1,0.0,True
3,0.1,implementation_upper:Asset_001,<=,0.0,0.1,0.1,0.0,True
3,0.1,implementation_upper:Asset_002,<=,0.0,0.1,0.1,0.0,True
3,0.1,implementation_upper:Asset_003,<=,0.0,0.1,0.1,0.0,True
3,0.1,implementation_upper:Asset_004,<=,0.0,0.1,0.1,0.0,True
3,0.1,implementation_upper:Asset_005,<=,0.0,0.1,0.1,0.0,True
3,0.1,implementation_upper:Asset_006,<=,0.009999999995825973,0.1,0.09000000000417403,0.0,True
3,0.1,implementation_upper:Asset_007,<=,0.0,0.1,0.1,0.0,True
3,0.1,implementation_upper:Asset_008,<=,0.050000000001772966,0.1,0.04999999999822704,0.0,True
3,0.1,implementation_upper:Asset_009,<=,0.0,0.1,0.1,0.0,True
3,0.1,implementation_upper:Asset_010,<=,0.0,0.1,0.1,0.0,True
3,0.1,implementation_upper:Asset_011,<=,0.0,0.1,0.1,0.0,True
3,0.1,implementation_upper:Asset_012,<=,0.0,0.1,0.1,0.0,True
3,0.1,implementation_upper:Asset_013,<=,0.0,0.1,0.1,0.0,True
3,0.1,implementation_upper:Asset_014,<=,0.0,0.1,0.1,0.0,True
3,0.1,implementation_upper:Asset_015,<=,0.05000000002662399,0.1,0.049999999973376015,0.0,True
3,0.1,implementation_upper:Asset_016,<=,0.0,0.1,0.1,0.0,True
3,0.1,implementation_upper:Asset_017,<=,0.09999999999055348,0.1,9.446526894052454e-12,0.0,True
3,0.1,implementation_upper:Asset_018,<=,0.0,0.1,0.1,0.0,True
3,0.1,implementation_upper:Asset_019,<=,0.0,0.1,0.1,0.0,True
3,0.1,implementation_upper:Asset_020,<=,0.0,0.1,0.1,0.0,True
3,0.1,implementation_upper:Asset_021,<=,0.0,0.1,0.1,0.0,True
3,0.1,implementation_upper:Asset_022,<=,0.0,0.1,0.1,0.0,True
3,0.1,implementation_upper:Asset_023,<=,0.0,0.1,0.1,0.0,True
3,0.1,implementation_upper:Asset_024,<=,0.0,0.1,0.1,0.0,True
3,0.1,implementation_upper:Asset_025,<=,0.009999999997809511,0.1,0.0900000000021905,0.0,True
3,0.1,implementation_upper:Asset_026,<=,0.0,0.1,0.1,0.0,True
3,0.1,implementation_upper:Asset_027,<=,0.0,0.1,0.1,0.0,True
3,0.1,implementation_upper:Asset_028,<=,0.0,0.1,0.1,0.0,True
3,0.1,implementation_upper:Asset_029,<=,0.0,0.1,0.1,0.0,True
3,0.1,implementation_upper:Asset_030,<=,0.0,0.1,0.1,0.0,True
3,0.1,implementation_upper:Asset_031,<=,0.0,0.1,0.1,0.0,True
3,0.1,implementation_upper:Asset_032,<=,0.0,0.1,0.1,0.0,True
3,0.1,implementation_upper:Asset_033,<=,0.0,0.1,0.1,0.0,True
3,0.1,implementation_upper:Asset_034,<=,0.0,0.1,0.1,0.0,True
3,0.1,implementation_upper:Asset_035,<=,0.0,0.1,0.1,0.0,True
3,0.1,implementation_upper:Asset_036,<=,0.0,0.1,0.1,0.0,True
3,0.1,implementation_upper:Asset_037,<=,0.0,0.1,0.1,0.0,True
3,0.1,implementation_upper:Asset_038,<=,0.05000000000455016,0.1,0.049999999995449844,0.0,True
3,0.1,implementation_upper:Asset_039,<=,0.0,0.1,0.1,0.0,True
3,0.1,implementation_upper:Asset_040,<=,0.0,0.1,0.1,0.0,True
3,0.1,implementation_upper:Asset_041,<=,0.0,0.1,0.1,0.0,True
3,0.1,implementation_upper:Asset_042,<=,0.0,0.1,0.1,0.0,True
3,0.1,implementation_upper:Asset_043,<=,0.0,0.1,0.1,0.0,True
3,0.1,implementation_upper:Asset_044,<=,0.0,0.1,0.1,0.0,True
3,0.1,implementation_upper:Asset_045,<=,0.0,0.1,0.1,0.0,True
3,0.1,implementation_upper:Asset_046,<=,0.0,0.1,0.1,0.0,True
3,0.1,implementation_upper:Asset_047,<=,0.0,0.1,0.1,0.0,True
3,0.1,implementation_upper:Asset_048,<=,0.0,0.1,0.1,0.0,True
3,0.1,implementation_upper:Asset_049,<=,0.045160367014313425,0.1,0.05483963298568658,0.0,True
3,0.1,implementation_upper:Asset_050,<=,0.0,0.1,0.1,0.0,True
3,0.1,implementation_upper:Asset_051,<=,0.0,0.1,0.1,0.0,True
3,0.1,implementation_upper:Asset_052,<=,0.0,0.1,0.1,0.0,True
3,0.1,implementation_upper:Asset_053,<=,0.0,0.1,0.1,0.0,True
3,0.1,implementation_upper:Asset_054,<=,0.09999999999468687,0.1,5.31313881779738e-12,0.0,True
3,0.1,implementation_upper:Asset_055,<=,0.04999999989721782,0.1,0.05000000010278219,0.0,True
3,0.1,implementation_upper:Asset_056,<=,0.0,0.1,0.1,0.0,True
3,0.1,implementation_upper:Asset_057,<=,0.0,0.1,0.1,0.0,True
3,0.1,implementation_upper:Asset_058,<=,0.0,0.1,0.1,0.0,True
3,0.1,implementation_upper:Asset_059,<=,0.0,0.1,0.1,0.0,True
3,0.1,implementation_upper:Asset_060,<=,0.0,0.1,0.1,0.0,True
3,0.1,implementation_upper:Asset_061,<=,0.0,0.1,0.1,0.0,True
3,0.1,implementation_upper:Asset_062,<=,0.09999999993652797,0.1,6.347203318490813e-11,0.0,True
3,0.1,implementation_upper:Asset_063,<=,0.0,0.1,0.1,0.0,True
3,0.1,implementation_upper:Asset_064,<=,0.04999999997767447,0.1,0.05000000002232553,0.0,True
3,0.1,implementation_upper:Asset_065,<=,0.0,0.1,0.1,0.0,True
3,0.1,implementation_upper:Asset_066,<=,0.0,0.1,0.1,0.0,True
3,0.1,implementation_upper:Asset_067,<=,0.0,0.1,0.1,0.0,True
3,0.1,implementation_upper:Asset_068,<=,0.0,0.1,0.1,0.0,True
3,0.1,implementation_upper:Asset_069,<=,0.0,0.1,0.1,0.0,True
3,0.1,implementation_upper:Asset_070,<=,0.0,0.1,0.1,0.0,True
3,0.1,implementation_upper:Asset_071,<=,0.0,0.1,0.1,0.0,True
3,0.1,implementation_upper:Asset_072,<=,0.0,0.1,0.1,0.0,True
3,0.1,implementation_upper:Asset_073,<=,0.04999999999466736,0.1,0.05000000000533265,0.0,True
3,0.1,implementation_upper:Asset_074,<=,0.0,0.1,0.1,0.0,True
3,0.1,implementation_upper:Asset_075,<=,0.04999999986887288,0.1,0.050000000131127126,0.0,True
3,0.1,implementation_upper:Asset_076,<=,0.0,0.1,0.1,0.0,True
3,0.1,implementation_upper:Asset_077,<=,0.0,0.1,0.1,0.0,True
3,0.1,implementation_upper:Asset_078,<=,0.0,0.1,0.1,0.0,True
3,0.1,implementation_upper:Asset_079,<=,0.0,0.1,0.1,0.0,True
3,0.1,implementation_upper:Asset_080,<=,0.0,0.1,0.1,0.0,True
3,0.1,implementation_upper:Asset_081,<=,0.048048721473038354,0.1,0.05195127852696165,0.0,True
3,0.1,implementation_upper:Asset_082,<=,0.0,0.1,0.1,0.0,True
3,0.1,implementation_upper:Asset_083,<=,0.09999999998842807,0.1,1.1571937852394854e-11,0.0,True
3,0.1,implementation_upper:Asset_084,<=,0.0,0.1,0.1,0.0,True
3,0.1,implementation_upper:Asset_085,<=,0.0,0.1,0.1,0.0,True
3,0.1,implementation_upper:Asset_086,<=,0.0,0.1,0.1,0.0,True
3,0.1,implementation_upper:Asset_087,<=,0.0,0.1,0.1,0.0,True
3,0.1,implementation_upper:Asset_088,<=,0.0,0.1,0.1,0.0,True
3,0.1,implementation_upper:Asset_089,<=,0.0,0.1,0.1,0.0,True
3,0.1,implementation_upper:Asset_090,<=,0.0,0.1,0.1,0.0,True
3,0.1,implementation_upper:Asset_091,<=,0.016790911816179862,0.1,0.08320908818382014,0.0,True
3,0.1,implementation_upper:Asset_092,<=,0.009999999996681549,0.1,0.09000000000331845,0.0,True
3,0.1,implementation_upper:Asset_093,<=,0.04999999999080514,0.1,0.05000000000919486,0.0,True
3,0.1,implementation_upper:Asset_094,<=,0.0,0.1,0.1,0.0,True
3,0.1,implementation_upper:Asset_095,<=,0.0,0.1,0.1,0.0,True
3,0.1,implementation_upper:Asset_096,<=,0.009999999997975899,0.1,0.0900000000020241,0.0,True
3,0.1,implementation_upper:Asset_097,<=,0.050000000035795494,0.1,0.04999999996420451,0.0,True
3,0.1,implementation_upper:Asset_098,<=,0.0,0.1,0.1,0.0,True
3,0.1,implementation_upper:Asset_099,<=,0.0,0.1,0.1,0.0,True
3,0.25,budget,=,1.0,1.0,-0.0,0.0,True
3,0.25,asset_lower:Asset_000,>=,0.0,0.0,0.0,0.0,True
3,0.25,asset_upper:Asset_000,<=,0.0,0.2,0.2,0.0,True
3,0.25,asset_lower:Asset_001,>=,0.0,0.0,0.0,0.0,True
3,0.25,asset_upper:Asset_001,<=,0.0,0.2,0.2,0.0,True
3,0.25,asset_lower:Asset_002,>=,0.0,0.0,0.0,0.0,True
3,0.25,asset_upper:Asset_002,<=,0.0,0.2,0.2,0.0,True
3,0.25,asset_lower:Asset_003,>=,0.0,0.0,0.0,0.0,True
3,0.25,asset_upper:Asset_003,<=,0.0,0.2,0.2,0.0,True
3,0.25,asset_lower:Asset_004,>=,0.0,0.0,0.0,0.0,True
3,0.25,asset_upper:Asset_004,<=,0.0,0.2,0.2,0.0,True
3,0.25,asset_lower:Asset_005,>=,0.0,0.0,0.0,0.0,True
3,0.25,asset_upper:Asset_005,<=,0.0,0.2,0.2,0.0,True
3,0.25,asset_lower:Asset_006,>=,0.009999999999620764,0.0,0.009999999999620764,0.0,True
3,0.25,asset_upper:Asset_006,<=,0.009999999999620764,0.2,0.19000000000037925,0.0,True
3,0.25,asset_lower:Asset_007,>=,0.0,0.0,0.0,0.0,True
3,0.25,asset_upper:Asset_007,<=,0.0,0.2,0.2,0.0,True
3,0.25,asset_lower:Asset_008,>=,0.04999999999993255,0.0,0.04999999999993255,0.0,True
3,0.25,asset_upper:Asset_008,<=,0.04999999999993255,0.2,0.15000000000006747,0.0,True
3,0.25,asset_lower:Asset_009,>=,0.0,0.0,0.0,0.0,True
3,0.25,asset_upper:Asset_009,<=,0.0,0.2,0.2,0.0,True
3,0.25,asset_lower:Asset_010,>=,0.0,0.0,0.0,0.0,True
3,0.25,asset_upper:Asset_010,<=,0.0,0.2,0.2,0.0,True
3,0.25,asset_lower:Asset_011,>=,0.0,0.0,0.0,0.0,True
3,0.25,asset_upper:Asset_011,<=,0.0,0.2,0.2,0.0,True
3,0.25,asset_lower:Asset_012,>=,0.0,0.0,0.0,0.0,True
3,0.25,asset_upper:Asset_012,<=,0.0,0.2,0.2,0.0,True
3,0.25,asset_lower:Asset_013,>=,0.0,0.0,0.0,0.0,True
3,0.25,asset_upper:Asset_013,<=,0.0,0.2,0.2,0.0,True
3,0.25,asset_lower:Asset_014,>=,0.0,0.0,0.0,0.0,True
3,0.25,asset_upper:Asset_014,<=,0.0,0.2,0.2,0.0,True
3,0.25,asset_lower:Asset_015,>=,0.050000000014266584,0.0,0.050000000014266584,0.0,True
3,0.25,asset_upper:Asset_015,<=,0.050000000014266584,0.2,0.14999999998573343,0.0,True
3,0.25,asset_lower:Asset_016,>=,0.0,0.0,0.0,0.0,True
3,0.25,asset_upper:Asset_016,<=,0.0,0.2,0.2,0.0,True
3,0.25,asset_lower:Asset_017,>=,0.0999999999981687,0.0,0.0999999999981687,0.0,True
3,0.25,asset_upper:Asset_017,<=,0.0999999999981687,0.2,0.1000000000018313,0.0,True
3,0.25,asset_lower:Asset_018,>=,0.0,0.0,0.0,0.0,True
3,0.25,asset_upper:Asset_018,<=,0.0,0.2,0.2,0.0,True
3,0.25,asset_lower:Asset_019,>=,0.0,0.0,0.0,0.0,True
3,0.25,asset_upper:Asset_019,<=,0.0,0.2,0.2,0.0,True
3,0.25,asset_lower:Asset_020,>=,0.0,0.0,0.0,0.0,True
3,0.25,asset_upper:Asset_020,<=,0.0,0.2,0.2,0.0,True
3,0.25,asset_lower:Asset_021,>=,0.0,0.0,0.0,0.0,True
3,0.25,asset_upper:Asset_021,<=,0.0,0.2,0.2,0.0,True
3,0.25,asset_lower:Asset_022,>=,0.0,0.0,0.0,0.0,True
3,0.25,asset_upper:Asset_022,<=,0.0,0.2,0.2,0.0,True
3,0.25,asset_lower:Asset_023,>=,0.0,0.0,0.0,0.0,True
3,0.25,asset_upper:Asset_023,<=,0.0,0.2,0.2,0.0,True
3,0.25,asset_lower:Asset_024,>=,0.0,0.0,0.0,0.0,True
3,0.25,asset_upper:Asset_024,<=,0.0,0.2,0.2,0.0,True
3,0.25,asset_lower:Asset_025,>=,0.01000000000003308,0.0,0.01000000000003308,0.0,True
3,0.25,asset_upper:Asset_025,<=,0.01000000000003308,0.2,0.18999999999996692,0.0,True
3,0.25,asset_lower:Asset_026,>=,0.0,0.0,0.0,0.0,True
3,0.25,asset_upper:Asset_026,<=,0.0,0.2,0.2,0.0,True
3,0.25,asset_lower:Asset_027,>=,0.0,0.0,0.0,0.0,True
3,0.25,asset_upper:Asset_027,<=,0.0,0.2,0.2,0.0,True
3,0.25,asset_lower:Asset_028,>=,0.0,0.0,0.0,0.0,True
3,0.25,asset_upper:Asset_028,<=,0.0,0.2,0.2,0.0,True
3,0.25,asset_lower:Asset_029,>=,0.0,0.0,0.0,0.0,True
3,0.25,asset_upper:Asset_029,<=,0.0,0.2,0.2,0.0,True
3,0.25,asset_lower:Asset_030,>=,0.0,0.0,0.0,0.0,True
3,0.25,asset_upper:Asset_030,<=,0.0,0.2,0.2,0.0,True
3,0.25,asset_lower:Asset_031,>=,0.0,0.0,0.0,0.0,True
3,0.25,asset_upper:Asset_031,<=,0.0,0.2,0.2,0.0,True
3,0.25,asset_lower:Asset_032,>=,0.0,0.0,0.0,0.0,True
3,0.25,asset_upper:Asset_032,<=,0.0,0.2,0.2,0.0,True
3,0.25,asset_lower:Asset_033,>=,0.0,0.0,0.0,0.0,True
3,0.25,asset_upper:Asset_033,<=,0.0,0.2,0.2,0.0,True
3,0.25,asset_lower:Asset_034,>=,0.0,0.0,0.0,0.0,True
3,0.25,asset_upper:Asset_034,<=,0.0,0.2,0.2,0.0,True
3,0.25,asset_lower:Asset_035,>=,0.0,0.0,0.0,0.0,True
3,0.25,asset_upper:Asset_035,<=,0.0,0.2,0.2,0.0,True
3,0.25,asset_lower:Asset_036,>=,0.0,0.0,0.0,0.0,True
3,0.25,asset_upper:Asset_036,<=,0.0,0.2,0.2,0.0,True
3,0.25,asset_lower:Asset_037,>=,0.0,0.0,0.0,0.0,True
3,0.25,asset_upper:Asset_037,<=,0.0,0.2,0.2,0.0,True
3,0.25,asset_lower:Asset_038,>=,0.05000000000111276,0.0,0.05000000000111276,0.0,True
3,0.25,asset_upper:Asset_038,<=,0.05000000000111276,0.2,0.14999999999888725,0.0,True
3,0.25,asset_lower:Asset_039,>=,0.0,0.0,0.0,0.0,True
3,0.25,asset_upper:Asset_039,<=,0.0,0.2,0.2,0.0,True
3,0.25,asset_lower:Asset_040,>=,0.0,0.0,0.0,0.0,True
3,0.25,asset_upper:Asset_040,<=,0.0,0.2,0.2,0.0,True
3,0.25,asset_lower:Asset_041,>=,0.0,0.0,0.0,0.0,True
3,0.25,asset_upper:Asset_041,<=,0.0,0.2,0.2,0.0,True
3,0.25,asset_lower:Asset_042,>=,0.0,0.0,0.0,0.0,True
3,0.25,asset_upper:Asset_042,<=,0.0,0.2,0.2,0.0,True
3,0.25,asset_lower:Asset_043,>=,0.0,0.0,0.0,0.0,True
3,0.25,asset_upper:Asset_043,<=,0.0,0.2,0.2,0.0,True
3,0.25,asset_lower:Asset_044,>=,0.0,0.0,0.0,0.0,True
3,0.25,asset_upper:Asset_044,<=,0.0,0.2,0.2,0.0,True
3,0.25,asset_lower:Asset_045,>=,0.0,0.0,0.0,0.0,True
3,0.25,asset_upper:Asset_045,<=,0.0,0.2,0.2,0.0,True
3,0.25,asset_lower:Asset_046,>=,0.0,0.0,0.0,0.0,True
3,0.25,asset_upper:Asset_046,<=,0.0,0.2,0.2,0.0,True
3,0.25,asset_lower:Asset_047,>=,0.0,0.0,0.0,0.0,True
3,0.25,asset_upper:Asset_047,<=,0.0,0.2,0.2,0.0,True
3,0.25,asset_lower:Asset_048,>=,0.0,0.0,0.0,0.0,True
3,0.25,asset_upper:Asset_048,<=,0.0,0.2,0.2,0.0,True
3,0.25,asset_lower:Asset_049,>=,0.0343800683652928,0.0,0.0343800683652928,0.0,True
3,0.25,asset_upper:Asset_049,<=,0.0343800683652928,0.2,0.1656199316347072,0.0,True
3,0.25,asset_lower:Asset_050,>=,0.0,0.0,0.0,0.0,True
3,0.25,asset_upper:Asset_050,<=,0.0,0.2,0.2,0.0,True
3,0.25,asset_lower:Asset_051,>=,0.0,0.0,0.0,0.0,True
3,0.25,asset_upper:Asset_051,<=,0.0,0.2,0.2,0.0,True
3,0.25,asset_lower:Asset_052,>=,0.0,0.0,0.0,0.0,True
3,0.25,asset_upper:Asset_052,<=,0.0,0.2,0.2,0.0,True
3,0.25,asset_lower:Asset_053,>=,0.0,0.0,0.0,0.0,True
3,0.25,asset_upper:Asset_053,<=,0.0,0.2,0.2,0.0,True
3,0.25,asset_lower:Asset_054,>=,0.09999999999960613,0.0,0.09999999999960613,0.0,True
3,0.25,asset_upper:Asset_054,<=,0.09999999999960613,0.2,0.10000000000039388,0.0,True
3,0.25,asset_lower:Asset_055,>=,0.049999999998682855,0.0,0.049999999998682855,0.0,True
3,0.25,asset_upper:Asset_055,<=,0.049999999998682855,0.2,0.15000000000131716,0.0,True
3,0.25,asset_lower:Asset_056,>=,0.0,0.0,0.0,0.0,True
3,0.25,asset_upper:Asset_056,<=,0.0,0.2,0.2,0.0,True
3,0.25,asset_lower:Asset_057,>=,0.0,0.0,0.0,0.0,True
3,0.25,asset_upper:Asset_057,<=,0.0,0.2,0.2,0.0,True
3,0.25,asset_lower:Asset_058,>=,0.0,0.0,0.0,0.0,True
3,0.25,asset_upper:Asset_058,<=,0.0,0.2,0.2,0.0,True
3,0.25,asset_lower:Asset_059,>=,0.0,0.0,0.0,0.0,True
3,0.25,asset_upper:Asset_059,<=,0.0,0.2,0.2,0.0,True
3,0.25,asset_lower:Asset_060,>=,0.0,0.0,0.0,0.0,True
3,0.25,asset_upper:Asset_060,<=,0.0,0.2,0.2,0.0,True
3,0.25,asset_lower:Asset_061,>=,0.0,0.0,0.0,0.0,True
3,0.25,asset_upper:Asset_061,<=,0.0,0.2,0.2,0.0,True
3,0.25,asset_lower:Asset_062,>=,0.09999999999862313,0.0,0.09999999999862313,0.0,True
3,0.25,asset_upper:Asset_062,<=,0.09999999999862313,0.2,0.10000000000137688,0.0,True
3,0.25,asset_lower:Asset_063,>=,0.0,0.0,0.0,0.0,True
3,0.25,asset_upper:Asset_063,<=,0.0,0.2,0.2,0.0,True
3,0.25,asset_lower:Asset_064,>=,0.04910090781469807,0.0,0.04910090781469807,0.0,True
3,0.25,asset_upper:Asset_064,<=,0.04910090781469807,0.2,0.15089909218530195,0.0,True
3,0.25,asset_lower:Asset_065,>=,0.0,0.0,0.0,0.0,True
3,0.25,asset_upper:Asset_065,<=,0.0,0.2,0.2,0.0,True
3,0.25,asset_lower:Asset_066,>=,0.0,0.0,0.0,0.0,True
3,0.25,asset_upper:Asset_066,<=,0.0,0.2,0.2,0.0,True
3,0.25,asset_lower:Asset_067,>=,0.0,0.0,0.0,0.0,True
3,0.25,asset_upper:Asset_067,<=,0.0,0.2,0.2,0.0,True
3,0.25,asset_lower:Asset_068,>=,0.0,0.0,0.0,0.0,True
3,0.25,asset_upper:Asset_068,<=,0.0,0.2,0.2,0.0,True
3,0.25,asset_lower:Asset_069,>=,0.0,0.0,0.0,0.0,True
3,0.25,asset_upper:Asset_069,<=,0.0,0.2,0.2,0.0,True
3,0.25,asset_lower:Asset_070,>=,0.0,0.0,0.0,0.0,True
3,0.25,asset_upper:Asset_070,<=,0.0,0.2,0.2,0.0,True
3,0.25,asset_lower:Asset_071,>=,0.0,0.0,0.0,0.0,True
3,0.25,asset_upper:Asset_071,<=,0.0,0.2,0.2,0.0,True
3,0.25,asset_lower:Asset_072,>=,0.0,0.0,0.0,0.0,True
3,0.25,asset_upper:Asset_072,<=,0.0,0.2,0.2,0.0,True
3,0.25,asset_lower:Asset_073,>=,0.04999999999965685,0.0,0.04999999999965685,0.0,True
3,0.25,asset_upper:Asset_073,<=,0.04999999999965685,0.2,0.15000000000034316,0.0,True
3,0.25,asset_lower:Asset_074,>=,0.0,0.0,0.0,0.0,True
3,0.25,asset_upper:Asset_074,<=,0.0,0.2,0.2,0.0,True
3,0.25,asset_lower:Asset_075,>=,0.049999999879453375,0.0,0.049999999879453375,0.0,True
3,0.25,asset_upper:Asset_075,<=,0.049999999879453375,0.2,0.15000000012054665,0.0,True
3,0.25,asset_lower:Asset_076,>=,0.0,0.0,0.0,0.0,True
3,0.25,asset_upper:Asset_076,<=,0.0,0.2,0.2,0.0,True
3,0.25,asset_lower:Asset_077,>=,0.0,0.0,0.0,0.0,True
3,0.25,asset_upper:Asset_077,<=,0.0,0.2,0.2,0.0,True
3,0.25,asset_lower:Asset_078,>=,0.0,0.0,0.0,0.0,True
3,0.25,asset_upper:Asset_078,<=,0.0,0.2,0.2,0.0,True
3,0.25,asset_lower:Asset_079,>=,0.0,0.0,0.0,0.0,True
3,0.25,asset_upper:Asset_079,<=,0.0,0.2,0.2,0.0,True
3,0.25,asset_lower:Asset_080,>=,0.0,0.0,0.0,0.0,True
3,0.25,asset_upper:Asset_080,<=,0.0,0.2,0.2,0.0,True
3,0.25,asset_lower:Asset_081,>=,0.04999999984764344,0.0,0.04999999984764344,0.0,True
3,0.25,asset_upper:Asset_081,<=,0.04999999984764344,0.2,0.15000000015235657,0.0,True
3,0.25,asset_lower:Asset_082,>=,0.0,0.0,0.0,0.0,True
3,0.25,asset_upper:Asset_082,<=,0.0,0.2,0.2,0.0,True
3,0.25,asset_lower:Asset_083,>=,0.09999999998120458,0.0,0.09999999998120458,0.0,True
3,0.25,asset_upper:Asset_083,<=,0.09999999998120458,0.2,0.10000000001879543,0.0,True
3,0.25,asset_lower:Asset_084,>=,0.0,0.0,0.0,0.0,True
3,0.25,asset_upper:Asset_084,<=,0.0,0.2,0.2,0.0,True
3,0.25,asset_lower:Asset_085,>=,0.0,0.0,0.0,0.0,True
3,0.25,asset_upper:Asset_085,<=,0.0,0.2,0.2,0.0,True
3,0.25,asset_lower:Asset_086,>=,0.0,0.0,0.0,0.0,True
3,0.25,asset_upper:Asset_086,<=,0.0,0.2,0.2,0.0,True
3,0.25,asset_lower:Asset_087,>=,0.0,0.0,0.0,0.0,True
3,0.25,asset_upper:Asset_087,<=,0.0,0.2,0.2,0.0,True
3,0.25,asset_lower:Asset_088,>=,0.0,0.0,0.0,0.0,True
3,0.25,asset_upper:Asset_088,<=,0.0,0.2,0.2,0.0,True
3,0.25,asset_lower:Asset_089,>=,0.0,0.0,0.0,0.0,True
3,0.25,asset_upper:Asset_089,<=,0.0,0.2,0.2,0.0,True
3,0.25,asset_lower:Asset_090,>=,0.0,0.0,0.0,0.0,True
3,0.25,asset_upper:Asset_090,<=,0.0,0.2,0.2,0.0,True
3,0.25,asset_lower:Asset_091,>=,0.02651902409520272,0.0,0.02651902409520272,0.0,True
3,0.25,asset_upper:Asset_091,<=,0.02651902409520272,0.2,0.1734809759047973,0.0,True
3,0.25,asset_lower:Asset_092,>=,0.009999999999632856,0.0,0.009999999999632856,0.0,True
3,0.25,asset_upper:Asset_092,<=,0.009999999999632856,0.2,0.19000000000036715,0.0,True
3,0.25,asset_lower:Asset_093,>=,0.04999999999913679,0.0,0.04999999999913679,0.0,True
3,0.25,asset_upper:Asset_093,<=,0.04999999999913679,0.2,0.15000000000086322,0.0,True
3,0.25,asset_lower:Asset_094,>=,0.0,0.0,0.0,0.0,True
3,0.25,asset_upper:Asset_094,<=,0.0,0.2,0.2,0.0,True
3,0.25,asset_lower:Asset_095,>=,0.0,0.0,0.0,0.0,True
3,0.25,asset_upper:Asset_095,<=,0.0,0.2,0.2,0.0,True
3,0.25,asset_lower:Asset_096,>=,0.00999999999992386,0.0,0.00999999999992386,0.0,True
3,0.25,asset_upper:Asset_096,<=,0.00999999999992386,0.2,0.19000000000007616,0.0,True
3,0.25,asset_lower:Asset_097,>=,0.050000000008108246,0.0,0.050000000008108246,0.0,True
3,0.25,asset_upper:Asset_097,<=,0.050000000008108246,0.2,0.14999999999189176,0.0,True
3,0.25,asset_lower:Asset_098,>=,0.0,0.0,0.0,0.0,True
3,0.25,asset_upper:Asset_098,<=,0.0,0.2,0.2,0.0,True
3,0.25,asset_lower:Asset_099,>=,0.0,0.0,0.0,0.0,True
3,0.25,asset_upper:Asset_099,<=,0.0,0.2,0.2,0.0,True
3,0.25,group_lower:Group_0,>=,0.12651902410815216,0.10000000000000002,0.026519024108152142,0.0,True
3,0.25,group_upper:Group_0,<=,0.12651902410815216,0.25,0.12348097589184784,0.0,True
3,0.25,group_lower:Group_1,>=,0.11999999999827697,0.10000000000000002,0.01999999999827695,0.0,True
3,0.25,group_upper:Group_1,<=,0.11999999999827697,0.25,0.13000000000172302,0.0,True
3,0.25,group_lower:Group_2,>=,0.20000000000882714,0.10000000000000002,0.10000000000882713,0.0,True
3,0.25,group_upper:Group_2,<=,0.20000000000882714,0.25,0.049999999991172855,0.0,True
3,0.25,group_lower:Group_3,>=,0.1491009075417949,0.10000000000000002,0.04910090754179487,0.0,True
3,0.25,group_upper:Group_3,<=,0.1491009075417949,0.25,0.10089909245820511,0.0,True
3,0.25,group_lower:Group_4,>=,0.08438006836494966,0.05,0.034380068364949654,0.0,True
3,0.25,group_upper:Group_4,<=,0.08438006836494966,0.2,0.11561993163505035,0.0,True
3,0.25,group_lower:Group_5,>=,0.14999999998113714,0.05,0.09999999998113714,0.0,True
3,0.25,group_upper:Group_5,<=,0.14999999998113714,0.2,0.05000000001886287,0.0,True
3,0.25,group_lower:Group_6,>=,0.10999999999809257,0.05,0.059999999998092565,0.0,True
3,0.25,group_upper:Group_6,<=,0.10999999999809257,0.2,0.09000000000190744,0.0,True
3,0.25,group_lower:Group_7,>=,0.05999999999876965,0.05,0.009999999998769646,0.0,True
3,0.25,group_upper:Group_7,<=,0.05999999999876965,0.2,0.14000000000123036,0.0,True
3,0.25,max_turnover,<=,0.4000000000021801,0.4,-2.1800894423051886e-12,2.1800894423051886e-12,True
3,0.25,exact_cardinality,=,20.0,20.0,-0.0,0.0,True
3,0.25,minimum_active_weight:Asset_006,>=,0.009999999999620764,0.01,-3.792365727006697e-13,3.792365727006697e-13,True
3,0.25,minimum_active_weight:Asset_008,>=,0.04999999999993255,0.01,0.03999999999993255,0.0,True
3,0.25,minimum_active_weight:Asset_015,>=,0.050000000014266584,0.01,0.04000000001426658,0.0,True
3,0.25,minimum_active_weight:Asset_017,>=,0.0999999999981687,0.01,0.08999999999816871,0.0,True
3,0.25,minimum_active_weight:Asset_025,>=,0.01000000000003308,0.01,3.3079441963401734e-14,0.0,True
3,0.25,minimum_active_weight:Asset_038,>=,0.05000000000111276,0.01,0.04000000000111276,0.0,True
3,0.25,minimum_active_weight:Asset_049,>=,0.0343800683652928,0.01,0.0243800683652928,0.0,True
3,0.25,minimum_active_weight:Asset_054,>=,0.09999999999960613,0.01,0.08999999999960613,0.0,True
3,0.25,minimum_active_weight:Asset_055,>=,0.049999999998682855,0.01,0.03999999999868285,0.0,True
3,0.25,minimum_active_weight:Asset_062,>=,0.09999999999862313,0.01,0.08999999999862314,0.0,True
3,0.25,minimum_active_weight:Asset_064,>=,0.04910090781469807,0.01,0.03910090781469807,0.0,True
3,0.25,minimum_active_weight:Asset_073,>=,0.04999999999965685,0.01,0.039999999999656845,0.0,True
3,0.25,minimum_active_weight:Asset_075,>=,0.049999999879453375,0.01,0.03999999987945337,0.0,True
3,0.25,minimum_active_weight:Asset_081,>=,0.04999999984764344,0.01,0.039999999847643436,0.0,True
3,0.25,minimum_active_weight:Asset_083,>=,0.09999999998120458,0.01,0.08999999998120459,0.0,True
3,0.25,minimum_active_weight:Asset_091,>=,0.02651902409520272,0.01,0.01651902409520272,0.0,True
3,0.25,minimum_active_weight:Asset_092,>=,0.009999999999632856,0.01,-3.6714381534963536e-13,3.6714381534963536e-13,True
3,0.25,minimum_active_weight:Asset_093,>=,0.04999999999913679,0.01,0.03999999999913679,0.0,True
3,0.25,minimum_active_weight:Asset_096,>=,0.00999999999992386,0.01,-7.614048280757402e-14,7.614048280757402e-14,True
3,0.25,minimum_active_weight:Asset_097,>=,0.050000000008108246,0.01,0.040000000008108244,0.0,True
3,0.25,implementation_upper:Asset_000,<=,0.0,0.1,0.1,0.0,True
3,0.25,implementation_upper:Asset_001,<=,0.0,0.1,0.1,0.0,True
3,0.25,implementation_upper:Asset_002,<=,0.0,0.1,0.1,0.0,True
3,0.25,implementation_upper:Asset_003,<=,0.0,0.1,0.1,0.0,True
3,0.25,implementation_upper:Asset_004,<=,0.0,0.1,0.1,0.0,True
3,0.25,implementation_upper:Asset_005,<=,0.0,0.1,0.1,0.0,True
3,0.25,implementation_upper:Asset_006,<=,0.009999999999620764,0.1,0.09000000000037925,0.0,True
3,0.25,implementation_upper:Asset_007,<=,0.0,0.1,0.1,0.0,True
3,0.25,implementation_upper:Asset_008,<=,0.04999999999993255,0.1,0.050000000000067456,0.0,True
3,0.25,implementation_upper:Asset_009,<=,0.0,0.1,0.1,0.0,True
3,0.25,implementation_upper:Asset_010,<=,0.0,0.1,0.1,0.0,True
3,0.25,implementation_upper:Asset_011,<=,0.0,0.1,0.1,0.0,True
3,0.25,implementation_upper:Asset_012,<=,0.0,0.1,0.1,0.0,True
3,0.25,implementation_upper:Asset_013,<=,0.0,0.1,0.1,0.0,True
3,0.25,implementation_upper:Asset_014,<=,0.0,0.1,0.1,0.0,True
3,0.25,implementation_upper:Asset_015,<=,0.050000000014266584,0.1,0.04999999998573342,0.0,True
3,0.25,implementation_upper:Asset_016,<=,0.0,0.1,0.1,0.0,True
3,0.25,implementation_upper:Asset_017,<=,0.0999999999981687,0.1,1.831299001331388e-12,0.0,True
3,0.25,implementation_upper:Asset_018,<=,0.0,0.1,0.1,0.0,True
3,0.25,implementation_upper:Asset_019,<=,0.0,0.1,0.1,0.0,True
3,0.25,implementation_upper:Asset_020,<=,0.0,0.1,0.1,0.0,True
3,0.25,implementation_upper:Asset_021,<=,0.0,0.1,0.1,0.0,True
3,0.25,implementation_upper:Asset_022,<=,0.0,0.1,0.1,0.0,True
3,0.25,implementation_upper:Asset_023,<=,0.0,0.1,0.1,0.0,True
3,0.25,implementation_upper:Asset_024,<=,0.0,0.1,0.1,0.0,True
3,0.25,implementation_upper:Asset_025,<=,0.01000000000003308,0.1,0.08999999999996693,0.0,True
3,0.25,implementation_upper:Asset_026,<=,0.0,0.1,0.1,0.0,True
3,0.25,implementation_upper:Asset_027,<=,0.0,0.1,0.1,0.0,True
3,0.25,implementation_upper:Asset_028,<=,0.0,0.1,0.1,0.0,True
3,0.25,implementation_upper:Asset_029,<=,0.0,0.1,0.1,0.0,True
3,0.25,implementation_upper:Asset_030,<=,0.0,0.1,0.1,0.0,True
3,0.25,implementation_upper:Asset_031,<=,0.0,0.1,0.1,0.0,True
3,0.25,implementation_upper:Asset_032,<=,0.0,0.1,0.1,0.0,True
3,0.25,implementation_upper:Asset_033,<=,0.0,0.1,0.1,0.0,True
3,0.25,implementation_upper:Asset_034,<=,0.0,0.1,0.1,0.0,True
3,0.25,implementation_upper:Asset_035,<=,0.0,0.1,0.1,0.0,True
3,0.25,implementation_upper:Asset_036,<=,0.0,0.1,0.1,0.0,True
3,0.25,implementation_upper:Asset_037,<=,0.0,0.1,0.1,0.0,True
3,0.25,implementation_upper:Asset_038,<=,0.05000000000111276,0.1,0.04999999999888725,0.0,True
3,0.25,implementation_upper:Asset_039,<=,0.0,0.1,0.1,0.0,True
3,0.25,implementation_upper:Asset_040,<=,0.0,0.1,0.1,0.0,True
3,0.25,implementation_upper:Asset_041,<=,0.0,0.1,0.1,0.0,True
3,0.25,implementation_upper:Asset_042,<=,0.0,0.1,0.1,0.0,True
3,0.25,implementation_upper:Asset_043,<=,0.0,0.1,0.1,0.0,True
3,0.25,implementation_upper:Asset_044,<=,0.0,0.1,0.1,0.0,True
3,0.25,implementation_upper:Asset_045,<=,0.0,0.1,0.1,0.0,True
3,0.25,implementation_upper:Asset_046,<=,0.0,0.1,0.1,0.0,True
3,0.25,implementation_upper:Asset_047,<=,0.0,0.1,0.1,0.0,True
3,0.25,implementation_upper:Asset_048,<=,0.0,0.1,0.1,0.0,True
3,0.25,implementation_upper:Asset_049,<=,0.0343800683652928,0.1,0.0656199316347072,0.0,True
3,0.25,implementation_upper:Asset_050,<=,0.0,0.1,0.1,0.0,True
3,0.25,implementation_upper:Asset_051,<=,0.0,0.1,0.1,0.0,True
3,0.25,implementation_upper:Asset_052,<=,0.0,0.1,0.1,0.0,True
3,0.25,implementation_upper:Asset_053,<=,0.0,0.1,0.1,0.0,True
3,0.25,implementation_upper:Asset_054,<=,0.09999999999960613,0.1,3.938793735613899e-13,0.0,True
3,0.25,implementation_upper:Asset_055,<=,0.049999999998682855,0.1,0.05000000000131715,0.0,True
3,0.25,implementation_upper:Asset_056,<=,0.0,0.1,0.1,0.0,True
3,0.25,implementation_upper:Asset_057,<=,0.0,0.1,0.1,0.0,True
3,0.25,implementation_upper:Asset_058,<=,0.0,0.1,0.1,0.0,True
3,0.25,implementation_upper:Asset_059,<=,0.0,0.1,0.1,0.0,True
3,0.25,implementation_upper:Asset_060,<=,0.0,0.1,0.1,0.0,True
3,0.25,implementation_upper:Asset_061,<=,0.0,0.1,0.1,0.0,True
3,0.25,implementation_upper:Asset_062,<=,0.09999999999862313,0.1,1.3768708395645035e-12,0.0,True
3,0.25,implementation_upper:Asset_063,<=,0.0,0.1,0.1,0.0,True
3,0.25,implementation_upper:Asset_064,<=,0.04910090781469807,0.1,0.05089909218530193,0.0,True
3,0.25,implementation_upper:Asset_065,<=,0.0,0.1,0.1,0.0,True
3,0.25,implementation_upper:Asset_066,<=,0.0,0.1,0.1,0.0,True
3,0.25,implementation_upper:Asset_067,<=,0.0,0.1,0.1,0.0,True
3,0.25,implementation_upper:Asset_068,<=,0.0,0.1,0.1,0.0,True
3,0.25,implementation_upper:Asset_069,<=,0.0,0.1,0.1,0.0,True
3,0.25,implementation_upper:Asset_070,<=,0.0,0.1,0.1,0.0,True
3,0.25,implementation_upper:Asset_071,<=,0.0,0.1,0.1,0.0,True
3,0.25,implementation_upper:Asset_072,<=,0.0,0.1,0.1,0.0,True
3,0.25,implementation_upper:Asset_073,<=,0.04999999999965685,0.1,0.05000000000034316,0.0,True
3,0.25,implementation_upper:Asset_074,<=,0.0,0.1,0.1,0.0,True
3,0.25,implementation_upper:Asset_075,<=,0.049999999879453375,0.1,0.05000000012054663,0.0,True
3,0.25,implementation_upper:Asset_076,<=,0.0,0.1,0.1,0.0,True
3,0.25,implementation_upper:Asset_077,<=,0.0,0.1,0.1,0.0,True
3,0.25,implementation_upper:Asset_078,<=,0.0,0.1,0.1,0.0,True
3,0.25,implementation_upper:Asset_079,<=,0.0,0.1,0.1,0.0,True
3,0.25,implementation_upper:Asset_080,<=,0.0,0.1,0.1,0.0,True
3,0.25,implementation_upper:Asset_081,<=,0.04999999984764344,0.1,0.05000000015235657,0.0,True
3,0.25,implementation_upper:Asset_082,<=,0.0,0.1,0.1,0.0,True
3,0.25,implementation_upper:Asset_083,<=,0.09999999998120458,0.1,1.8795423550876933e-11,0.0,True
3,0.25,implementation_upper:Asset_084,<=,0.0,0.1,0.1,0.0,True
3,0.25,implementation_upper:Asset_085,<=,0.0,0.1,0.1,0.0,True
3,0.25,implementation_upper:Asset_086,<=,0.0,0.1,0.1,0.0,True
3,0.25,implementation_upper:Asset_087,<=,0.0,0.1,0.1,0.0,True
3,0.25,implementation_upper:Asset_088,<=,0.0,0.1,0.1,0.0,True
3,0.25,implementation_upper:Asset_089,<=,0.0,0.1,0.1,0.0,True
3,0.25,implementation_upper:Asset_090,<=,0.0,0.1,0.1,0.0,True
3,0.25,implementation_upper:Asset_091,<=,0.02651902409520272,0.1,0.07348097590479728,0.0,True
3,0.25,implementation_upper:Asset_092,<=,0.009999999999632856,0.1,0.09000000000036715,0.0,True
3,0.25,implementation_upper:Asset_093,<=,0.04999999999913679,0.1,0.050000000000863215,0.0,True
3,0.25,implementation_upper:Asset_094,<=,0.0,0.1,0.1,0.0,True
3,0.25,implementation_upper:Asset_095,<=,0.0,0.1,0.1,0.0,True
3,0.25,implementation_upper:Asset_096,<=,0.00999999999992386,0.1,0.09000000000007614,0.0,True
3,0.25,implementation_upper:Asset_097,<=,0.050000000008108246,0.1,0.04999999999189176,0.0,True
3,0.25,implementation_upper:Asset_098,<=,0.0,0.1,0.1,0.0,True
3,0.25,implementation_upper:Asset_099,<=,0.0,0.1,0.1,0.0,True
3,0.5,budget,=,0.9999999999999992,1.0,-7.771561172376096e-16,7.771561172376096e-16,True
3,0.5,asset_lower:Asset_000,>=,0.0,0.0,0.0,0.0,True
3,0.5,asset_upper:Asset_000,<=,0.0,0.2,0.2,0.0,True
3,0.5,asset_lower:Asset_001,>=,0.0,0.0,0.0,0.0,True
3,0.5,asset_upper:Asset_001,<=,0.0,0.2,0.2,0.0,True
3,0.5,asset_lower:Asset_002,>=,0.0,0.0,0.0,0.0,True
3,0.5,asset_upper:Asset_002,<=,0.0,0.2,0.2,0.0,True
3,0.5,asset_lower:Asset_003,>=,0.0,0.0,0.0,0.0,True
3,0.5,asset_upper:Asset_003,<=,0.0,0.2,0.2,0.0,True
3,0.5,asset_lower:Asset_004,>=,0.0,0.0,0.0,0.0,True
3,0.5,asset_upper:Asset_004,<=,0.0,0.2,0.2,0.0,True
3,0.5,asset_lower:Asset_005,>=,0.0,0.0,0.0,0.0,True
3,0.5,asset_upper:Asset_005,<=,0.0,0.2,0.2,0.0,True
3,0.5,asset_lower:Asset_006,>=,0.009999999998915115,0.0,0.009999999998915115,0.0,True
3,0.5,asset_upper:Asset_006,<=,0.009999999998915115,0.2,0.19000000000108488,0.0,True
3,0.5,asset_lower:Asset_007,>=,0.0,0.0,0.0,0.0,True
3,0.5,asset_upper:Asset_007,<=,0.0,0.2,0.2,0.0,True
3,0.5,asset_lower:Asset_008,>=,0.04999999999996669,0.0,0.04999999999996669,0.0,True
3,0.5,asset_upper:Asset_008,<=,0.04999999999996669,0.2,0.15000000000003333,0.0,True
3,0.5,asset_lower:Asset_009,>=,0.0,0.0,0.0,0.0,True
3,0.5,asset_upper:Asset_009,<=,0.0,0.2,0.2,0.0,True
3,0.5,asset_lower:Asset_010,>=,0.0,0.0,0.0,0.0,True
3,0.5,asset_upper:Asset_010,<=,0.0,0.2,0.2,0.0,True
3,0.5,asset_lower:Asset_011,>=,0.0,0.0,0.0,0.0,True
3,0.5,asset_upper:Asset_011,<=,0.0,0.2,0.2,0.0,True
3,0.5,asset_lower:Asset_012,>=,0.0,0.0,0.0,0.0,True
3,0.5,asset_upper:Asset_012,<=,0.0,0.2,0.2,0.0,True
3,0.5,asset_lower:Asset_013,>=,0.0,0.0,0.0,0.0,True
3,0.5,asset_upper:Asset_013,<=,0.0,0.2,0.2,0.0,True
3,0.5,asset_lower:Asset_014,>=,0.0,0.0,0.0,0.0,True
3,0.5,asset_upper:Asset_014,<=,0.0,0.2,0.2,0.0,True
3,0.5,asset_lower:Asset_015,>=,0.09999999868980955,0.0,0.09999999868980955,0.0,True
3,0.5,asset_upper:Asset_015,<=,0.09999999868980955,0.2,0.10000000131019046,0.0,True
3,0.5,asset_lower:Asset_016,>=,0.0,0.0,0.0,0.0,True
3,0.5,asset_upper:Asset_016,<=,0.0,0.2,0.2,0.0,True
3,0.5,asset_lower:Asset_017,>=,0.09999999998995662,0.0,0.09999999998995662,0.0,True
3,0.5,asset_upper:Asset_017,<=,0.09999999998995662,0.2,0.10000000001004339,0.0,True
3,0.5,asset_lower:Asset_018,>=,0.0,0.0,0.0,0.0,True
3,0.5,asset_upper:Asset_018,<=,0.0,0.2,0.2,0.0,True
3,0.5,asset_lower:Asset_019,>=,0.0,0.0,0.0,0.0,True
3,0.5,asset_upper:Asset_019,<=,0.0,0.2,0.2,0.0,True
3,0.5,asset_lower:Asset_020,>=,0.0,0.0,0.0,0.0,True
3,0.5,asset_upper:Asset_020,<=,0.0,0.2,0.2,0.0,True
3,0.5,asset_lower:Asset_021,>=,0.0,0.0,0.0,0.0,True
3,0.5,asset_upper:Asset_021,<=,0.0,0.2,0.2,0.0,True
3,0.5,asset_lower:Asset_022,>=,0.0,0.0,0.0,0.0,True
3,0.5,asset_upper:Asset_022,<=,0.0,0.2,0.2,0.0,True
3,0.5,asset_lower:Asset_023,>=,0.0,0.0,0.0,0.0,True
3,0.5,asset_upper:Asset_023,<=,0.0,0.2,0.2,0.0,True
3,0.5,asset_lower:Asset_024,>=,0.0,0.0,0.0,0.0,True
3,0.5,asset_upper:Asset_024,<=,0.0,0.2,0.2,0.0,True
3,0.5,asset_lower:Asset_025,>=,0.010000000001120194,0.0,0.010000000001120194,0.0,True
3,0.5,asset_upper:Asset_025,<=,0.010000000001120194,0.2,0.18999999999887981,0.0,True
3,0.5,asset_lower:Asset_026,>=,0.0,0.0,0.0,0.0,True
3,0.5,asset_upper:Asset_026,<=,0.0,0.2,0.2,0.0,True
3,0.5,asset_lower:Asset_027,>=,0.0,0.0,0.0,0.0,True
3,0.5,asset_upper:Asset_027,<=,0.0,0.2,0.2,0.0,True
3,0.5,asset_lower:Asset_028,>=,0.0,0.0,0.0,0.0,True
3,0.5,asset_upper:Asset_028,<=,0.0,0.2,0.2,0.0,True
3,0.5,asset_lower:Asset_029,>=,0.0,0.0,0.0,0.0,True
3,0.5,asset_upper:Asset_029,<=,0.0,0.2,0.2,0.0,True
3,0.5,asset_lower:Asset_030,>=,0.0,0.0,0.0,0.0,True
3,0.5,asset_upper:Asset_030,<=,0.0,0.2,0.2,0.0,True
3,0.5,asset_lower:Asset_031,>=,0.0,0.0,0.0,0.0,True
3,0.5,asset_upper:Asset_031,<=,0.0,0.2,0.2,0.0,True
3,0.5,asset_lower:Asset_032,>=,0.0,0.0,0.0,0.0,True
3,0.5,asset_upper:Asset_032,<=,0.0,0.2,0.2,0.0,True
3,0.5,asset_lower:Asset_033,>=,0.0,0.0,0.0,0.0,True
3,0.5,asset_upper:Asset_033,<=,0.0,0.2,0.2,0.0,True
3,0.5,asset_lower:Asset_034,>=,0.0,0.0,0.0,0.0,True
3,0.5,asset_upper:Asset_034,<=,0.0,0.2,0.2,0.0,True
3,0.5,asset_lower:Asset_035,>=,0.0,0.0,0.0,0.0,True
3,0.5,asset_upper:Asset_035,<=,0.0,0.2,0.2,0.0,True
3,0.5,asset_lower:Asset_036,>=,0.0,0.0,0.0,0.0,True
3,0.5,asset_upper:Asset_036,<=,0.0,0.2,0.2,0.0,True
3,0.5,asset_lower:Asset_037,>=,0.0,0.0,0.0,0.0,True
3,0.5,asset_upper:Asset_037,<=,0.0,0.2,0.2,0.0,True
3,0.5,asset_lower:Asset_038,>=,0.05000000000261013,0.0,0.05000000000261013,0.0,True
3,0.5,asset_upper:Asset_038,<=,0.05000000000261013,0.2,0.1499999999973899,0.0,True
3,0.5,asset_lower:Asset_039,>=,0.0,0.0,0.0,0.0,True
3,0.5,asset_upper:Asset_039,<=,0.0,0.2,0.2,0.0,True
3,0.5,asset_lower:Asset_040,>=,0.0,0.0,0.0,0.0,True
3,0.5,asset_upper:Asset_040,<=,0.0,0.2,0.2,0.0,True
3,0.5,asset_lower:Asset_041,>=,0.0,0.0,0.0,0.0,True
3,0.5,asset_upper:Asset_041,<=,0.0,0.2,0.2,0.0,True
3,0.5,asset_lower:Asset_042,>=,0.0,0.0,0.0,0.0,True
3,0.5,asset_upper:Asset_042,<=,0.0,0.2,0.2,0.0,True
3,0.5,asset_lower:Asset_043,>=,0.0,0.0,0.0,0.0,True
3,0.5,asset_upper:Asset_043,<=,0.0,0.2,0.2,0.0,True
3,0.5,asset_lower:Asset_044,>=,0.0,0.0,0.0,0.0,True
3,0.5,asset_upper:Asset_044,<=,0.0,0.2,0.2,0.0,True
3,0.5,asset_lower:Asset_045,>=,0.0,0.0,0.0,0.0,True
3,0.5,asset_upper:Asset_045,<=,0.0,0.2,0.2,0.0,True
3,0.5,asset_lower:Asset_046,>=,0.0,0.0,0.0,0.0,True
3,0.5,asset_upper:Asset_046,<=,0.0,0.2,0.2,0.0,True
3,0.5,asset_lower:Asset_047,>=,0.0,0.0,0.0,0.0,True
3,0.5,asset_upper:Asset_047,<=,0.0,0.2,0.2,0.0,True
3,0.5,asset_lower:Asset_048,>=,0.0,0.0,0.0,0.0,True
3,0.5,asset_upper:Asset_048,<=,0.0,0.2,0.2,0.0,True
3,0.5,asset_lower:Asset_049,>=,0.023296954201214352,0.0,0.023296954201214352,0.0,True
3,0.5,asset_upper:Asset_049,<=,0.023296954201214352,0.2,0.17670304579878565,0.0,True
3,0.5,asset_lower:Asset_050,>=,0.0,0.0,0.0,0.0,True
3,0.5,asset_upper:Asset_050,<=,0.0,0.2,0.2,0.0,True
3,0.5,asset_lower:Asset_051,>=,0.0,0.0,0.0,0.0,True
3,0.5,asset_upper:Asset_051,<=,0.0,0.2,0.2,0.0,True
3,0.5,asset_lower:Asset_052,>=,0.0,0.0,0.0,0.0,True
3,0.5,asset_upper:Asset_052,<=,0.0,0.2,0.2,0.0,True
3,0.5,asset_lower:Asset_053,>=,0.0,0.0,0.0,0.0,True
3,0.5,asset_upper:Asset_053,<=,0.0,0.2,0.2,0.0,True
3,0.5,asset_lower:Asset_054,>=,0.09999999999934167,0.0,0.09999999999934167,0.0,True
3,0.5,asset_upper:Asset_054,<=,0.09999999999934167,0.2,0.10000000000065834,0.0,True
3,0.5,asset_lower:Asset_055,>=,0.049999999999039875,0.0,0.049999999999039875,0.0,True
3,0.5,asset_upper:Asset_055,<=,0.049999999999039875,0.2,0.15000000000096014,0.0,True
3,0.5,asset_lower:Asset_056,>=,0.0,0.0,0.0,0.0,True
3,0.5,asset_upper:Asset_056,<=,0.0,0.2,0.2,0.0,True
3,0.5,asset_lower:Asset_057,>=,0.0,0.0,0.0,0.0,True
3,0.5,asset_upper:Asset_057,<=,0.0,0.2,0.2,0.0,True
3,0.5,asset_lower:Asset_058,>=,0.0,0.0,0.0,0.0,True
3,0.5,asset_upper:Asset_058,<=,0.0,0.2,0.2,0.0,True
3,0.5,asset_lower:Asset_059,>=,0.0,0.0,0.0,0.0,True
3,0.5,asset_upper:Asset_059,<=,0.0,0.2,0.2,0.0,True
3,0.5,asset_lower:Asset_060,>=,0.0,0.0,0.0,0.0,True
3,0.5,asset_upper:Asset_060,<=,0.0,0.2,0.2,0.0,True
3,0.5,asset_lower:Asset_061,>=,0.0,0.0,0.0,0.0,True
3,0.5,asset_upper:Asset_061,<=,0.0,0.2,0.2,0.0,True
3,0.5,asset_lower:Asset_062,>=,0.09999999999916846,0.0,0.09999999999916846,0.0,True
3,0.5,asset_upper:Asset_062,<=,0.09999999999916846,0.2,0.10000000000083155,0.0,True
3,0.5,asset_lower:Asset_063,>=,0.0,0.0,0.0,0.0,True
3,0.5,asset_upper:Asset_063,<=,0.0,0.2,0.2,0.0,True
3,0.5,asset_lower:Asset_064,>=,0.03670304582324742,0.0,0.03670304582324742,0.0,True
3,0.5,asset_upper:Asset_064,<=,0.03670304582324742,0.2,0.1632969541767526,0.0,True
3,0.5,asset_lower:Asset_065,>=,0.0,0.0,0.0,0.0,True
3,0.5,asset_upper:Asset_065,<=,0.0,0.2,0.2,0.0,True
3,0.5,asset_lower:Asset_066,>=,0.0,0.0,0.0,0.0,True
3,0.5,asset_upper:Asset_066,<=,0.0,0.2,0.2,0.0,True
3,0.5,asset_lower:Asset_067,>=,0.0,0.0,0.0,0.0,True
3,0.5,asset_upper:Asset_067,<=,0.0,0.2,0.2,0.0,True
3,0.5,asset_lower:Asset_068,>=,0.0,0.0,0.0,0.0,True
3,0.5,asset_upper:Asset_068,<=,0.0,0.2,0.2,0.0,True
3,0.5,asset_lower:Asset_069,>=,0.0,0.0,0.0,0.0,True
3,0.5,asset_upper:Asset_069,<=,0.0,0.2,0.2,0.0,True
3,0.5,asset_lower:Asset_070,>=,0.0,0.0,0.0,0.0,True
3,0.5,asset_upper:Asset_070,<=,0.0,0.2,0.2,0.0,True
3,0.5,asset_lower:Asset_071,>=,0.0,0.0,0.0,0.0,True
3,0.5,asset_upper:Asset_071,<=,0.0,0.2,0.2,0.0,True
3,0.5,asset_lower:Asset_072,>=,0.0,0.0,0.0,0.0,True
3,0.5,asset_upper:Asset_072,<=,0.0,0.2,0.2,0.0,True
3,0.5,asset_lower:Asset_073,>=,0.0499999999995337,0.0,0.0499999999995337,0.0,True
3,0.5,asset_upper:Asset_073,<=,0.0499999999995337,0.2,0.15000000000046632,0.0,True
3,0.5,asset_lower:Asset_074,>=,0.0,0.0,0.0,0.0,True
3,0.5,asset_upper:Asset_074,<=,0.0,0.2,0.2,0.0,True
3,0.5,asset_lower:Asset_075,>=,0.04999999998755498,0.0,0.04999999998755498,0.0,True
3,0.5,asset_upper:Asset_075,<=,0.04999999998755498,0.2,0.15000000001244504,0.0,True
3,0.5,asset_lower:Asset_076,>=,0.0,0.0,0.0,0.0,True
3,0.5,asset_upper:Asset_076,<=,0.0,0.2,0.2,0.0,True
3,0.5,asset_lower:Asset_077,>=,0.0,0.0,0.0,0.0,True
3,0.5,asset_upper:Asset_077,<=,0.0,0.2,0.2,0.0,True
3,0.5,asset_lower:Asset_078,>=,0.0,0.0,0.0,0.0,True
3,0.5,asset_upper:Asset_078,<=,0.0,0.2,0.2,0.0,True
3,0.5,asset_lower:Asset_079,>=,0.0,0.0,0.0,0.0,True
3,0.5,asset_upper:Asset_079,<=,0.0,0.2,0.2,0.0,True
3,0.5,asset_lower:Asset_080,>=,0.0,0.0,0.0,0.0,True
3,0.5,asset_upper:Asset_080,<=,0.0,0.2,0.2,0.0,True
3,0.5,asset_lower:Asset_081,>=,0.049999999993396105,0.0,0.049999999993396105,0.0,True
3,0.5,asset_upper:Asset_081,<=,0.049999999993396105,0.2,0.1500000000066039,0.0,True
3,0.5,asset_lower:Asset_082,>=,0.0,0.0,0.0,0.0,True
3,0.5,asset_upper:Asset_082,<=,0.0,0.2,0.2,0.0,True
3,0.5,asset_lower:Asset_083,>=,0.05000000000766576,0.0,0.05000000000766576,0.0,True
3,0.5,asset_upper:Asset_083,<=,0.05000000000766576,0.2,0.14999999999233427,0.0,True
3,0.5,asset_lower:Asset_084,>=,0.0,0.0,0.0,0.0,True
3,0.5,asset_upper:Asset_084,<=,0.0,0.2,0.2,0.0,True
3,0.5,asset_lower:Asset_085,>=,0.0,0.0,0.0,0.0,True
3,0.5,asset_upper:Asset_085,<=,0.0,0.2,0.2,0.0,True
3,0.5,asset_lower:Asset_086,>=,0.0,0.0,0.0,0.0,True
3,0.5,asset_upper:Asset_086,<=,0.0,0.2,0.2,0.0,True
3,0.5,asset_lower:Asset_087,>=,0.0,0.0,0.0,0.0,True
3,0.5,asset_upper:Asset_087,<=,0.0,0.2,0.2,0.0,True
3,0.5,asset_lower:Asset_088,>=,0.0,0.0,0.0,0.0,True
3,0.5,asset_upper:Asset_088,<=,0.0,0.2,0.2,0.0,True
3,0.5,asset_lower:Asset_089,>=,0.0,0.0,0.0,0.0,True
3,0.5,asset_upper:Asset_089,<=,0.0,0.2,0.2,0.0,True
3,0.5,asset_lower:Asset_090,>=,0.0,0.0,0.0,0.0,True
3,0.5,asset_upper:Asset_090,<=,0.0,0.2,0.2,0.0,True
3,0.5,asset_lower:Asset_091,>=,0.04999999998889767,0.0,0.04999999998889767,0.0,True
3,0.5,asset_upper:Asset_091,<=,0.04999999998889767,0.2,0.15000000001110234,0.0,True
3,0.5,asset_lower:Asset_092,>=,0.009999999998886025,0.0,0.009999999998886025,0.0,True
3,0.5,asset_upper:Asset_092,<=,0.009999999998886025,0.2,0.190000000001114,0.0,True
3,0.5,asset_lower:Asset_093,>=,0.04999999999859861,0.0,0.04999999999859861,0.0,True
3,0.5,asset_upper:Asset_093,<=,0.04999999999859861,0.2,0.1500000000014014,0.0,True
3,0.5,asset_lower:Asset_094,>=,0.0,0.0,0.0,0.0,True
3,0.5,asset_upper:Asset_094,<=,0.0,0.2,0.2,0.0,True
3,0.5,asset_lower:Asset_095,>=,0.0,0.0,0.0,0.0,True
3,0.5,asset_upper:Asset_095,<=,0.0,0.2,0.2,0.0,True
3,0.5,asset_lower:Asset_096,>=,0.009999999999574289,0.0,0.009999999999574289,0.0,True
3,0.5,asset_upper:Asset_096,<=,0.009999999999574289,0.2,0.19000000000042572,0.0,True
3,0.5,asset_lower:Asset_097,>=,0.05000000132150206,0.0,0.05000000132150206,0.0,True
3,0.5,asset_upper:Asset_097,<=,0.05000000132150206,0.2,0.14999999867849795,0.0,True
3,0.5,asset_lower:Asset_098,>=,0.0,0.0,0.0,0.0,True
3,0.5,asset_upper:Asset_098,<=,0.0,0.2,0.2,0.0,True
3,0.5,asset_lower:Asset_099,>=,0.0,0.0,0.0,0.0,True
3,0.5,asset_upper:Asset_099,<=,0.0,0.2,0.2,0.0,True
3,0.5,group_lower:Group_0,>=,0.1999999986777471,0.10000000000000002,0.09999999867774707,0.0,True
3,0.5,group_upper:Group_0,<=,0.1999999986777471,0.25,0.05000000132225291,0.0,True
3,0.5,group_lower:Group_1,>=,0.11999999999920377,0.10000000000000002,0.019999999999203752,0.0,True
3,0.5,group_upper:Group_1,<=,0.11999999999920377,0.25,0.13000000000079623,0.0,True
3,0.5,group_lower:Group_2,>=,0.20000000132345386,0.10000000000000002,0.10000000132345384,0.0,True
3,0.5,group_upper:Group_2,<=,0.20000000132345386,0.25,0.04999999867654614,0.0,True
3,0.5,group_lower:Group_3,>=,0.1367030458041985,0.10000000000000002,0.03670304580419849,0.0,True
3,0.5,group_upper:Group_3,<=,0.1367030458041985,0.25,0.11329695419580149,0.0,True
3,0.5,group_lower:Group_4,>=,0.07329695420074805,0.05,0.023296954200748052,0.0,True
3,0.5,group_upper:Group_4,<=,0.07329695420074805,0.2,0.12670304579925196,0.0,True
3,0.5,group_lower:Group_5,>=,0.10000000000763246,0.05,0.05000000000763245,0.0,True
3,0.5,group_upper:Group_5,<=,0.10000000000763246,0.2,0.09999999999236756,0.0,True
3,0.5,group_lower:Group_6,>=,0.10999999998953092,0.05,0.059999999989530914,0.0,True
3,0.5,group_upper:Group_6,<=,0.10999999998953092,0.2,0.0900000000104691,0.0,True
3,0.5,group_lower:Group_7,>=,0.059999999997484635,0.05,0.009999999997484632,0.0,True
3,0.5,group_upper:Group_7,<=,0.059999999997484635,0.2,0.1400000000025154,0.0,True
3,0.5,max_turnover,<=,0.40000000002010927,0.4,-2.0109247600430535e-11,2.0109247600430535e-11,True
3,0.5,exact_cardinality,=,20.0,20.0,-0.0,0.0,True
3,0.5,minimum_active_weight:Asset_006,>=,0.009999999998915115,0.01,-1.0848856535350393e-12,1.0848856535350393e-12,True
3,0.5,minimum_active_weight:Asset_008,>=,0.04999999999996669,0.01,0.03999999999996669,0.0,True
3,0.5,minimum_active_weight:Asset_015,>=,0.09999999868980955,0.01,0.08999999868980955,0.0,True
3,0.5,minimum_active_weight:Asset_017,>=,0.09999999998995662,0.01,0.08999999998995663,0.0,True
3,0.5,minimum_active_weight:Asset_025,>=,0.010000000001120194,0.01,1.1201942151650712e-12,0.0,True
3,0.5,minimum_active_weight:Asset_038,>=,0.05000000000261013,0.01,0.04000000000261013,0.0,True
3,0.5,minimum_active_weight:Asset_049,>=,0.023296954201214352,0.01,0.013296954201214352,0.0,True
3,0.5,minimum_active_weight:Asset_054,>=,0.09999999999934167,0.01,0.08999999999934168,0.0,True
3,0.5,minimum_active_weight:Asset_055,>=,0.049999999999039875,0.01,0.03999999999903987,0.0,True
3,0.5,minimum_active_weight:Asset_062,>=,0.09999999999916846,0.01,0.08999999999916847,0.0,True
3,0.5,minimum_active_weight:Asset_064,>=,0.03670304582324742,0.01,0.026703045823247416,0.0,True
3,0.5,minimum_active_weight:Asset_073,>=,0.0499999999995337,0.01,0.0399999999995337,0.0,True
3,0.5,minimum_active_weight:Asset_075,>=,0.04999999998755498,0.01,0.03999999998755498,0.0,True
3,0.5,minimum_active_weight:Asset_081,>=,0.049999999993396105,0.01,0.0399999999933961,0.0,True
3,0.5,minimum_active_weight:Asset_083,>=,0.05000000000766576,0.01,0.04000000000766576,0.0,True
3,0.5,minimum_active_weight:Asset_091,>=,0.04999999998889767,0.01,0.039999999988897667,0.0,True
3,0.5,minimum_active_weight:Asset_092,>=,0.009999999998886025,0.01,-1.1139752315036944e-12,1.1139752315036944e-12,True
3,0.5,minimum_active_weight:Asset_093,>=,0.04999999999859861,0.01,0.03999999999859861,0.0,True
3,0.5,minimum_active_weight:Asset_096,>=,0.009999999999574289,0.01,-4.257115493455643e-13,4.257115493455643e-13,True
3,0.5,minimum_active_weight:Asset_097,>=,0.05000000132150206,0.01,0.04000000132150206,0.0,True
3,0.5,implementation_upper:Asset_000,<=,0.0,0.1,0.1,0.0,True
3,0.5,implementation_upper:Asset_001,<=,0.0,0.1,0.1,0.0,True
3,0.5,implementation_upper:Asset_002,<=,0.0,0.1,0.1,0.0,True
3,0.5,implementation_upper:Asset_003,<=,0.0,0.1,0.1,0.0,True
3,0.5,implementation_upper:Asset_004,<=,0.0,0.1,0.1,0.0,True
3,0.5,implementation_upper:Asset_005,<=,0.0,0.1,0.1,0.0,True
3,0.5,implementation_upper:Asset_006,<=,0.009999999998915115,0.1,0.09000000000108489,0.0,True
3,0.5,implementation_upper:Asset_007,<=,0.0,0.1,0.1,0.0,True
3,0.5,implementation_upper:Asset_008,<=,0.04999999999996669,0.1,0.050000000000033316,0.0,True
3,0.5,implementation_upper:Asset_009,<=,0.0,0.1,0.1,0.0,True
3,0.5,implementation_upper:Asset_010,<=,0.0,0.1,0.1,0.0,True
3,0.5,implementation_upper:Asset_011,<=,0.0,0.1,0.1,0.0,True
3,0.5,implementation_upper:Asset_012,<=,0.0,0.1,0.1,0.0,True
3,0.5,implementation_upper:Asset_013,<=,0.0,0.1,0.1,0.0,True
3,0.5,implementation_upper:Asset_014,<=,0.0,0.1,0.1,0.0,True
3,0.5,implementation_upper:Asset_015,<=,0.09999999868980955,0.1,1.310190456127458e-09,0.0,True
3,0.5,implementation_upper:Asset_016,<=,0.0,0.1,0.1,0.0,True
3,0.5,implementation_upper:Asset_017,<=,0.09999999998995662,0.1,1.0043382792090938e-11,0.0,True
3,0.5,implementation_upper:Asset_018,<=,0.0,0.1,0.1,0.0,True
3,0.5,implementation_upper:Asset_019,<=,0.0,0.1,0.1,0.0,True
3,0.5,implementation_upper:Asset_020,<=,0.0,0.1,0.1,0.0,True
3,0.5,implementation_upper:Asset_021,<=,0.0,0.1,0.1,0.0,True
3,0.5,implementation_upper:Asset_022,<=,0.0,0.1,0.1,0.0,True
3,0.5,implementation_upper:Asset_023,<=,0.0,0.1,0.1,0.0,True
3,0.5,implementation_upper:Asset_024,<=,0.0,0.1,0.1,0.0,True
3,0.5,implementation_upper:Asset_025,<=,0.010000000001120194,0.1,0.08999999999887981,0.0,True
3,0.5,implementation_upper:Asset_026,<=,0.0,0.1,0.1,0.0,True
3,0.5,implementation_upper:Asset_027,<=,0.0,0.1,0.1,0.0,True
3,0.5,implementation_upper:Asset_028,<=,0.0,0.1,0.1,0.0,True
3,0.5,implementation_upper:Asset_029,<=,0.0,0.1,0.1,0.0,True
3,0.5,implementation_upper:Asset_030,<=,0.0,0.1,0.1,0.0,True
3,0.5,implementation_upper:Asset_031,<=,0.0,0.1,0.1,0.0,True
3,0.5,implementation_upper:Asset_032,<=,0.0,0.1,0.1,0.0,True
3,0.5,implementation_upper:Asset_033,<=,0.0,0.1,0.1,0.0,True
3,0.5,implementation_upper:Asset_034,<=,0.0,0.1,0.1,0.0,True
3,0.5,implementation_upper:Asset_035,<=,0.0,0.1,0.1,0.0,True
3,0.5,implementation_upper:Asset_036,<=,0.0,0.1,0.1,0.0,True
3,0.5,implementation_upper:Asset_037,<=,0.0,0.1,0.1,0.0,True
3,0.5,implementation_upper:Asset_038,<=,0.05000000000261013,0.1,0.049999999997389875,0.0,True
3,0.5,implementation_upper:Asset_039,<=,0.0,0.1,0.1,0.0,True
3,0.5,implementation_upper:Asset_040,<=,0.0,0.1,0.1,0.0,True
3,0.5,implementation_upper:Asset_041,<=,0.0,0.1,0.1,0.0,True
3,0.5,implementation_upper:Asset_042,<=,0.0,0.1,0.1,0.0,True
3,0.5,implementation_upper:Asset_043,<=,0.0,0.1,0.1,0.0,True
3,0.5,implementation_upper:Asset_044,<=,0.0,0.1,0.1,0.0,True
3,0.5,implementation_upper:Asset_045,<=,0.0,0.1,0.1,0.0,True
3,0.5,implementation_upper:Asset_046,<=,0.0,0.1,0.1,0.0,True
3,0.5,implementation_upper:Asset_047,<=,0.0,0.1,0.1,0.0,True
3,0.5,implementation_upper:Asset_048,<=,0.0,0.1,0.1,0.0,True
3,0.5,implementation_upper:Asset_049,<=,0.023296954201214352,0.1,0.07670304579878565,0.0,True
3,0.5,implementation_upper:Asset_050,<=,0.0,0.1,0.1,0.0,True
3,0.5,implementation_upper:Asset_051,<=,0.0,0.1,0.1,0.0,True
3,0.5,implementation_upper:Asset_052,<=,0.0,0.1,0.1,0.0,True
3,0.5,implementation_upper:Asset_053,<=,0.0,0.1,0.1,0.0,True
3,0.5,implementation_upper:Asset_054,<=,0.09999999999934167,0.1,6.583344980271022e-13,0.0,True
3,0.5,implementation_upper:Asset_055,<=,0.049999999999039875,0.1,0.05000000000096013,0.0,True
3,0.5,implementation_upper:Asset_056,<=,0.0,0.1,0.1,0.0,True
3,0.5,implementation_upper:Asset_057,<=,0.0,0.1,0.1,0.0,True
3,0.5,implementation_upper:Asset_058,<=,0.0,0.1,0.1,0.0,True
3,0.5,implementation_upper:Asset_059,<=,0.0,0.1,0.1,0.0,True
3,0.5,implementation_upper:Asset_060,<=,0.0,0.1,0.1,0.0,True
3,0.5,implementation_upper:Asset_061,<=,0.0,0.1,0.1,0.0,True
3,0.5,implementation_upper:Asset_062,<=,0.09999999999916846,0.1,8.315431676564344e-13,0.0,True
3,0.5,implementation_upper:Asset_063,<=,0.0,0.1,0.1,0.0,True
3,0.5,implementation_upper:Asset_064,<=,0.03670304582324742,0.1,0.06329695417675259,0.0,True
3,0.5,implementation_upper:Asset_065,<=,0.0,0.1,0.1,0.0,True
3,0.5,implementation_upper:Asset_066,<=,0.0,0.1,0.1,0.0,True
3,0.5,implementation_upper:Asset_067,<=,0.0,0.1,0.1,0.0,True
3,0.5,implementation_upper:Asset_068,<=,0.0,0.1,0.1,0.0,True
3,0.5,implementation_upper:Asset_069,<=,0.0,0.1,0.1,0.0,True
3,0.5,implementation_upper:Asset_070,<=,0.0,0.1,0.1,0.0,True
3,0.5,implementation_upper:Asset_071,<=,0.0,0.1,0.1,0.0,True
3,0.5,implementation_upper:Asset_072,<=,0.0,0.1,0.1,0.0,True
3,0.5,implementation_upper:Asset_073,<=,0.0499999999995337,0.1,0.0500000000004663,0.0,True
3,0.5,implementation_upper:Asset_074,<=,0.0,0.1,0.1,0.0,True
3,0.5,implementation_upper:Asset_075,<=,0.04999999998755498,0.1,0.05000000001244503,0.0,True
3,0.5,implementation_upper:Asset_076,<=,0.0,0.1,0.1,0.0,True
3,0.5,implementation_upper:Asset_077,<=,0.0,0.1,0.1,0.0,True
3,0.5,implementation_upper:Asset_078,<=,0.0,0.1,0.1,0.0,True
3,0.5,implementation_upper:Asset_079,<=,0.0,0.1,0.1,0.0,True
3,0.5,implementation_upper:Asset_080,<=,0.0,0.1,0.1,0.0,True
3,0.5,implementation_upper:Asset_081,<=,0.049999999993396105,0.1,0.0500000000066039,0.0,True
3,0.5,implementation_upper:Asset_082,<=,0.0,0.1,0.1,0.0,True
3,0.5,implementation_upper:Asset_083,<=,0.05000000000766576,0.1,0.049999999992334246,0.0,True
3,0.5,implementation_upper:Asset_084,<=,0.0,0.1,0.1,0.0,True
3,0.5,implementation_upper:Asset_085,<=,0.0,0.1,0.1,0.0,True
3,0.5,implementation_upper:Asset_086,<=,0.0,0.1,0.1,0.0,True
3,0.5,implementation_upper:Asset_087,<=,0.0,0.1,0.1,0.0,True
3,0.5,implementation_upper:Asset_088,<=,0.0,0.1,0.1,0.0,True
3,0.5,implementation_upper:Asset_089,<=,0.0,0.1,0.1,0.0,True
3,0.5,implementation_upper:Asset_090,<=,0.0,0.1,0.1,0.0,True
3,0.5,implementation_upper:Asset_091,<=,0.04999999998889767,0.1,0.05000000001110234,0.0,True
3,0.5,implementation_upper:Asset_092,<=,0.009999999998886025,0.1,0.09000000000111398,0.0,True
3,0.5,implementation_upper:Asset_093,<=,0.04999999999859861,0.1,0.050000000001401396,0.0,True
3,0.5,implementation_upper:Asset_094,<=,0.0,0.1,0.1,0.0,True
3,0.5,implementation_upper:Asset_095,<=,0.0,0.1,0.1,0.0,True
3,0.5,implementation_upper:Asset_096,<=,0.009999999999574289,0.1,0.09000000000042571,0.0,True
3,0.5,implementation_upper:Asset_097,<=,0.05000000132150206,0.1,0.04999999867849794,0.0,True
3,0.5,implementation_upper:Asset_098,<=,0.0,0.1,0.1,0.0,True
3,0.5,implementation_upper:Asset_099,<=,0.0,0.1,0.1,0.0,True
3,1.0,budget,=,0.9999999999999984,1.0,-1.5543122344752192e-15,1.5543122344752192e-15,True
3,1.0,asset_lower:Asset_000,>=,0.0,0.0,0.0,0.0,True
3,1.0,asset_upper:Asset_000,<=,0.0,0.2,0.2,0.0,True
3,1.0,asset_lower:Asset_001,>=,0.0,0.0,0.0,0.0,True
3,1.0,asset_upper:Asset_001,<=,0.0,0.2,0.2,0.0,True
3,1.0,asset_lower:Asset_002,>=,0.0,0.0,0.0,0.0,True
3,1.0,asset_upper:Asset_002,<=,0.0,0.2,0.2,0.0,True
3,1.0,asset_lower:Asset_003,>=,0.0,0.0,0.0,0.0,True
3,1.0,asset_upper:Asset_003,<=,0.0,0.2,0.2,0.0,True
3,1.0,asset_lower:Asset_004,>=,0.0,0.0,0.0,0.0,True
3,1.0,asset_upper:Asset_004,<=,0.0,0.2,0.2,0.0,True
3,1.0,asset_lower:Asset_005,>=,0.0,0.0,0.0,0.0,True
3,1.0,asset_upper:Asset_005,<=,0.0,0.2,0.2,0.0,True
3,1.0,asset_lower:Asset_006,>=,0.009999999993813785,0.0,0.009999999993813785,0.0,True
3,1.0,asset_upper:Asset_006,<=,0.009999999993813785,0.2,0.19000000000618622,0.0,True
3,1.0,asset_lower:Asset_007,>=,0.0,0.0,0.0,0.0,True
3,1.0,asset_upper:Asset_007,<=,0.0,0.2,0.2,0.0,True
3,1.0,asset_lower:Asset_008,>=,0.050000000000385306,0.0,0.050000000000385306,0.0,True
3,1.0,asset_upper:Asset_008,<=,0.050000000000385306,0.2,0.14999999999961472,0.0,True
3,1.0,asset_lower:Asset_009,>=,0.0,0.0,0.0,0.0,True
3,1.0,asset_upper:Asset_009,<=,0.0,0.2,0.2,0.0,True
3,1.0,asset_lower:Asset_010,>=,0.0,0.0,0.0,0.0,True
3,1.0,asset_upper:Asset_010,<=,0.0,0.2,0.2,0.0,True
3,1.0,asset_lower:Asset_011,>=,0.0,0.0,0.0,0.0,True
3,1.0,asset_upper:Asset_011,<=,0.0,0.2,0.2,0.0,True
3,1.0,asset_lower:Asset_012,>=,0.0,0.0,0.0,0.0,True
3,1.0,asset_upper:Asset_012,<=,0.0,0.2,0.2,0.0,True
3,1.0,asset_lower:Asset_013,>=,0.0,0.0,0.0,0.0,True
3,1.0,asset_upper:Asset_013,<=,0.0,0.2,0.2,0.0,True
3,1.0,asset_lower:Asset_014,>=,0.0,0.0,0.0,0.0,True
3,1.0,asset_upper:Asset_014,<=,0.0,0.2,0.2,0.0,True
3,1.0,asset_lower:Asset_015,>=,0.0999999999805577,0.0,0.0999999999805577,0.0,True
3,1.0,asset_upper:Asset_015,<=,0.0999999999805577,0.2,0.10000000001944231,0.0,True
3,1.0,asset_lower:Asset_016,>=,0.0,0.0,0.0,0.0,True
3,1.0,asset_upper:Asset_016,<=,0.0,0.2,0.2,0.0,True
3,1.0,asset_lower:Asset_017,>=,0.0675403516151686,0.0,0.0675403516151686,0.0,True
3,1.0,asset_upper:Asset_017,<=,0.0675403516151686,0.2,0.13245964838483143,0.0,True
3,1.0,asset_lower:Asset_018,>=,0.0,0.0,0.0,0.0,True
3,1.0,asset_upper:Asset_018,<=,0.0,0.2,0.2,0.0,True
3,1.0,asset_lower:Asset_019,>=,0.0,0.0,0.0,0.0,True
3,1.0,asset_upper:Asset_019,<=,0.0,0.2,0.2,0.0,True
3,1.0,asset_lower:Asset_020,>=,0.0,0.0,0.0,0.0,True
3,1.0,asset_upper:Asset_020,<=,0.0,0.2,0.2,0.0,True
3,1.0,asset_lower:Asset_021,>=,0.0,0.0,0.0,0.0,True
3,1.0,asset_upper:Asset_021,<=,0.0,0.2,0.2,0.0,True
3,1.0,asset_lower:Asset_022,>=,0.0,0.0,0.0,0.0,True
3,1.0,asset_upper:Asset_022,<=,0.0,0.2,0.2,0.0,True
3,1.0,asset_lower:Asset_023,>=,0.0,0.0,0.0,0.0,True
3,1.0,asset_upper:Asset_023,<=,0.0,0.2,0.2,0.0,True
3,1.0,asset_lower:Asset_024,>=,0.0,0.0,0.0,0.0,True
3,1.0,asset_upper:Asset_024,<=,0.0,0.2,0.2,0.0,True
3,1.0,asset_lower:Asset_025,>=,0.01067571661318334,0.0,0.01067571661318334,0.0,True
3,1.0,asset_upper:Asset_025,<=,0.01067571661318334,0.2,0.18932428338681667,0.0,True
3,1.0,asset_lower:Asset_026,>=,0.0,0.0,0.0,0.0,True
3,1.0,asset_upper:Asset_026,<=,0.0,0.2,0.2,0.0,True
3,1.0,asset_lower:Asset_027,>=,0.0,0.0,0.0,0.0,True
3,1.0,asset_upper:Asset_027,<=,0.0,0.2,0.2,0.0,True
3,1.0,asset_lower:Asset_028,>=,0.0,0.0,0.0,0.0,True
3,1.0,asset_upper:Asset_028,<=,0.0,0.2,0.2,0.0,True
3,1.0,asset_lower:Asset_029,>=,0.0,0.0,0.0,0.0,True
3,1.0,asset_upper:Asset_029,<=,0.0,0.2,0.2,0.0,True
3,1.0,asset_lower:Asset_030,>=,0.0,0.0,0.0,0.0,True
3,1.0,asset_upper:Asset_030,<=,0.0,0.2,0.2,0.0,True
3,1.0,asset_lower:Asset_031,>=,0.0,0.0,0.0,0.0,True
3,1.0,asset_upper:Asset_031,<=,0.0,0.2,0.2,0.0,True
3,1.0,asset_lower:Asset_032,>=,0.0,0.0,0.0,0.0,True
3,1.0,asset_upper:Asset_032,<=,0.0,0.2,0.2,0.0,True
3,1.0,asset_lower:Asset_033,>=,0.0,0.0,0.0,0.0,True
3,1.0,asset_upper:Asset_033,<=,0.0,0.2,0.2,0.0,True
3,1.0,asset_lower:Asset_034,>=,0.0,0.0,0.0,0.0,True
3,1.0,asset_upper:Asset_034,<=,0.0,0.2,0.2,0.0,True
3,1.0,asset_lower:Asset_035,>=,0.0,0.0,0.0,0.0,True
3,1.0,asset_upper:Asset_035,<=,0.0,0.2,0.2,0.0,True
3,1.0,asset_lower:Asset_036,>=,0.0,0.0,0.0,0.0,True
3,1.0,asset_upper:Asset_036,<=,0.0,0.2,0.2,0.0,True
3,1.0,asset_lower:Asset_037,>=,0.0,0.0,0.0,0.0,True
3,1.0,asset_upper:Asset_037,<=,0.0,0.2,0.2,0.0,True
3,1.0,asset_lower:Asset_038,>=,0.050000000008934786,0.0,0.050000000008934786,0.0,True
3,1.0,asset_upper:Asset_038,<=,0.050000000008934786,0.2,0.14999999999106522,0.0,True
3,1.0,asset_lower:Asset_039,>=,0.0,0.0,0.0,0.0,True
3,1.0,asset_upper:Asset_039,<=,0.0,0.2,0.2,0.0,True
3,1.0,asset_lower:Asset_040,>=,0.0,0.0,0.0,0.0,True
3,1.0,asset_upper:Asset_040,<=,0.0,0.2,0.2,0.0,True
3,1.0,asset_lower:Asset_041,>=,0.0,0.0,0.0,0.0,True
3,1.0,asset_upper:Asset_041,<=,0.0,0.2,0.2,0.0,True
3,1.0,asset_lower:Asset_042,>=,0.0,0.0,0.0,0.0,True
3,1.0,asset_upper:Asset_042,<=,0.0,0.2,0.2,0.0,True
3,1.0,asset_lower:Asset_043,>=,0.0,0.0,0.0,0.0,True
3,1.0,asset_upper:Asset_043,<=,0.0,0.2,0.2,0.0,True
3,1.0,asset_lower:Asset_044,>=,0.0,0.0,0.0,0.0,True
3,1.0,asset_upper:Asset_044,<=,0.0,0.2,0.2,0.0,True
3,1.0,asset_lower:Asset_045,>=,0.0,0.0,0.0,0.0,True
3,1.0,asset_upper:Asset_045,<=,0.0,0.2,0.2,0.0,True
3,1.0,asset_lower:Asset_046,>=,0.0,0.0,0.0,0.0,True
3,1.0,asset_upper:Asset_046,<=,0.0,0.2,0.2,0.0,True
3,1.0,asset_lower:Asset_047,>=,0.0,0.0,0.0,0.0,True
3,1.0,asset_upper:Asset_047,<=,0.0,0.2,0.2,0.0,True
3,1.0,asset_lower:Asset_048,>=,0.0,0.0,0.0,0.0,True
3,1.0,asset_upper:Asset_048,<=,0.0,0.2,0.2,0.0,True
3,1.0,asset_lower:Asset_049,>=,0.02863354387492173,0.0,0.02863354387492173,0.0,True
3,1.0,asset_upper:Asset_049,<=,0.02863354387492173,0.2,0.17136645612507828,0.0,True
3,1.0,asset_lower:Asset_050,>=,0.0,0.0,0.0,0.0,True
3,1.0,asset_upper:Asset_050,<=,0.0,0.2,0.2,0.0,True
3,1.0,asset_lower:Asset_051,>=,0.0,0.0,0.0,0.0,True
3,1.0,asset_upper:Asset_051,<=,0.0,0.2,0.2,0.0,True
3,1.0,asset_lower:Asset_052,>=,0.0,0.0,0.0,0.0,True
3,1.0,asset_upper:Asset_052,<=,0.0,0.2,0.2,0.0,True
3,1.0,asset_lower:Asset_053,>=,0.0,0.0,0.0,0.0,True
3,1.0,asset_upper:Asset_053,<=,0.0,0.2,0.2,0.0,True
3,1.0,asset_lower:Asset_054,>=,0.0999999999983577,0.0,0.0999999999983577,0.0,True
3,1.0,asset_upper:Asset_054,<=,0.0999999999983577,0.2,0.10000000000164232,0.0,True
3,1.0,asset_lower:Asset_055,>=,0.049999999999295226,0.0,0.049999999999295226,0.0,True
3,1.0,asset_upper:Asset_055,<=,0.049999999999295226,0.2,0.1500000000007048,0.0,True
3,1.0,asset_lower:Asset_056,>=,0.0,0.0,0.0,0.0,True
3,1.0,asset_upper:Asset_056,<=,0.0,0.2,0.2,0.0,True
3,1.0,asset_lower:Asset_057,>=,0.0,0.0,0.0,0.0,True
3,1.0,asset_upper:Asset_057,<=,0.0,0.2,0.2,0.0,True
3,1.0,asset_lower:Asset_058,>=,0.0,0.0,0.0,0.0,True
3,1.0,asset_upper:Asset_058,<=,0.0,0.2,0.2,0.0,True
3,1.0,asset_lower:Asset_059,>=,0.0,0.0,0.0,0.0,True
3,1.0,asset_upper:Asset_059,<=,0.0,0.2,0.2,0.0,True
3,1.0,asset_lower:Asset_060,>=,0.0,0.0,0.0,0.0,True
3,1.0,asset_upper:Asset_060,<=,0.0,0.2,0.2,0.0,True
3,1.0,asset_lower:Asset_061,>=,0.0,0.0,0.0,0.0,True
3,1.0,asset_upper:Asset_061,<=,0.0,0.2,0.2,0.0,True
3,1.0,asset_lower:Asset_062,>=,0.10000000000240994,0.0,0.10000000000240994,0.0,True
3,1.0,asset_upper:Asset_062,<=,0.10000000000240994,0.2,0.09999999999759007,0.0,True
3,1.0,asset_lower:Asset_063,>=,0.0,0.0,0.0,0.0,True
3,1.0,asset_upper:Asset_063,<=,0.0,0.2,0.2,0.0,True
3,1.0,asset_lower:Asset_064,>=,0.0306907395231961,0.0,0.0306907395231961,0.0,True
3,1.0,asset_upper:Asset_064,<=,0.0306907395231961,0.2,0.16930926047680392,0.0,True
3,1.0,asset_lower:Asset_065,>=,0.0,0.0,0.0,0.0,True
3,1.0,asset_upper:Asset_065,<=,0.0,0.2,0.2,0.0,True
3,1.0,asset_lower:Asset_066,>=,0.0,0.0,0.0,0.0,True
3,1.0,asset_upper:Asset_066,<=,0.0,0.2,0.2,0.0,True
3,1.0,asset_lower:Asset_067,>=,0.0,0.0,0.0,0.0,True
3,1.0,asset_upper:Asset_067,<=,0.0,0.2,0.2,0.0,True
3,1.0,asset_lower:Asset_068,>=,0.0,0.0,0.0,0.0,True
3,1.0,asset_upper:Asset_068,<=,0.0,0.2,0.2,0.0,True
3,1.0,asset_lower:Asset_069,>=,0.0,0.0,0.0,0.0,True
3,1.0,asset_upper:Asset_069,<=,0.0,0.2,0.2,0.0,True
3,1.0,asset_lower:Asset_070,>=,0.0,0.0,0.0,0.0,True
3,1.0,asset_upper:Asset_070,<=,0.0,0.2,0.2,0.0,True
3,1.0,asset_lower:Asset_071,>=,0.0,0.0,0.0,0.0,True
3,1.0,asset_upper:Asset_071,<=,0.0,0.2,0.2,0.0,True
3,1.0,asset_lower:Asset_072,>=,0.0,0.0,0.0,0.0,True
3,1.0,asset_upper:Asset_072,<=,0.0,0.2,0.2,0.0,True
3,1.0,asset_lower:Asset_073,>=,0.04999999999897498,0.0,0.04999999999897498,0.0,True
3,1.0,asset_upper:Asset_073,<=,0.04999999999897498,0.2,0.15000000000102504,0.0,True
3,1.0,asset_lower:Asset_074,>=,0.0,0.0,0.0,0.0,True
3,1.0,asset_upper:Asset_074,<=,0.0,0.2,0.2,0.0,True
3,1.0,asset_lower:Asset_075,>=,0.04999999998352852,0.0,0.04999999998352852,0.0,True
3,1.0,asset_upper:Asset_075,<=,0.04999999998352852,0.2,0.15000000001647149,0.0,True
3,1.0,asset_lower:Asset_076,>=,0.0,0.0,0.0,0.0,True
3,1.0,asset_upper:Asset_076,<=,0.0,0.2,0.2,0.0,True
3,1.0,asset_lower:Asset_077,>=,0.0,0.0,0.0,0.0,True
3,1.0,asset_upper:Asset_077,<=,0.0,0.2,0.2,0.0,True
3,1.0,asset_lower:Asset_078,>=,0.0,0.0,0.0,0.0,True
3,1.0,asset_upper:Asset_078,<=,0.0,0.2,0.2,0.0,True
3,1.0,asset_lower:Asset_079,>=,0.0,0.0,0.0,0.0,True
3,1.0,asset_upper:Asset_079,<=,0.0,0.2,0.2,0.0,True
3,1.0,asset_lower:Asset_080,>=,0.0,0.0,0.0,0.0,True
3,1.0,asset_upper:Asset_080,<=,0.0,0.2,0.2,0.0,True
3,1.0,asset_lower:Asset_081,>=,0.04999999998916048,0.0,0.04999999998916048,0.0,True
3,1.0,asset_upper:Asset_081,<=,0.04999999998916048,0.2,0.15000000001083952,0.0,True
3,1.0,asset_lower:Asset_082,>=,0.0,0.0,0.0,0.0,True
3,1.0,asset_upper:Asset_082,<=,0.0,0.2,0.2,0.0,True
3,1.0,asset_lower:Asset_083,>=,0.05000000001135661,0.0,0.05000000001135661,0.0,True
3,1.0,asset_upper:Asset_083,<=,0.05000000001135661,0.2,0.14999999998864338,0.0,True
3,1.0,asset_lower:Asset_084,>=,0.0,0.0,0.0,0.0,True
3,1.0,asset_upper:Asset_084,<=,0.0,0.2,0.2,0.0,True
3,1.0,asset_lower:Asset_085,>=,0.0,0.0,0.0,0.0,True
3,1.0,asset_upper:Asset_085,<=,0.0,0.2,0.2,0.0,True
3,1.0,asset_lower:Asset_086,>=,0.0,0.0,0.0,0.0,True
3,1.0,asset_upper:Asset_086,<=,0.0,0.2,0.2,0.0,True
3,1.0,asset_lower:Asset_087,>=,0.0,0.0,0.0,0.0,True
3,1.0,asset_upper:Asset_087,<=,0.0,0.2,0.2,0.0,True
3,1.0,asset_lower:Asset_088,>=,0.0,0.0,0.0,0.0,True
3,1.0,asset_upper:Asset_088,<=,0.0,0.2,0.2,0.0,True
3,1.0,asset_lower:Asset_089,>=,0.0,0.0,0.0,0.0,True
3,1.0,asset_upper:Asset_089,<=,0.0,0.2,0.2,0.0,True
3,1.0,asset_lower:Asset_090,>=,0.0,0.0,0.0,0.0,True
3,1.0,asset_upper:Asset_090,<=,0.0,0.2,0.2,0.0,True
3,1.0,asset_lower:Asset_091,>=,0.04999999998205471,0.0,0.04999999998205471,0.0,True
3,1.0,asset_upper:Asset_091,<=,0.04999999998205471,0.2,0.1500000000179453,0.0,True
3,1.0,asset_lower:Asset_092,>=,0.00999999999427062,0.0,0.00999999999427062,0.0,True
3,1.0,asset_upper:Asset_092,<=,0.00999999999427062,0.2,0.1900000000057294,0.0,True
3,1.0,asset_lower:Asset_093,>=,0.04999999999716221,0.0,0.04999999999716221,0.0,True
3,1.0,asset_upper:Asset_093,<=,0.04999999999716221,0.2,0.1500000000028378,0.0,True
3,1.0,asset_lower:Asset_094,>=,0.0,0.0,0.0,0.0,True
3,1.0,asset_upper:Asset_094,<=,0.0,0.2,0.2,0.0,True
3,1.0,asset_lower:Asset_095,>=,0.0,0.0,0.0,0.0,True
3,1.0,asset_upper:Asset_095,<=,0.0,0.2,0.2,0.0,True
3,1.0,asset_lower:Asset_096,>=,0.009999999994303335,0.0,0.009999999994303335,0.0,True
3,1.0,asset_upper:Asset_096,<=,0.009999999994303335,0.2,0.19000000000569667,0.0,True
3,1.0,asset_lower:Asset_097,>=,0.08245964843896271,0.0,0.08245964843896271,0.0,True
3,1.0,asset_upper:Asset_097,<=,0.08245964843896271,0.2,0.1175403515610373,0.0,True
3,1.0,asset_lower:Asset_098,>=,0.0,0.0,0.0,0.0,True
3,1.0,asset_upper:Asset_098,<=,0.0,0.2,0.2,0.0,True
3,1.0,asset_lower:Asset_099,>=,0.0,0.0,0.0,0.0,True
3,1.0,asset_upper:Asset_099,<=,0.0,0.2,0.2,0.0,True
3,1.0,group_lower:Group_0,>=,0.19999999996190762,0.10000000000000002,0.0999999999619076,0.0,True
3,1.0,group_upper:Group_0,<=,0.19999999996190762,0.25,0.05000000003809238,0.0,True
3,1.0,group_lower:Group_1,>=,0.12067571660940707,0.10000000000000002,0.02067571660940705,0.0,True
3,1.0,group_upper:Group_1,<=,0.12067571660940707,0.25,0.12932428339059293,0.0,True
3,1.0,group_lower:Group_2,>=,0.23245964844625516,0.10000000000000002,0.13245964844625513,0.0,True
3,1.0,group_upper:Group_2,<=,0.23245964844625516,0.25,0.017540351553744837,0.0,True
3,1.0,group_lower:Group_3,>=,0.13069073949588508,0.10000000000000002,0.030690739495885064,0.0,True
3,1.0,group_upper:Group_3,<=,0.13069073949588508,0.25,0.11930926050411492,0.0,True
3,1.0,group_lower:Group_4,>=,0.0786335438738967,0.05,0.028633543873896702,0.0,True
3,1.0,group_upper:Group_4,<=,0.0786335438738967,0.2,0.1213664561261033,0.0,True
3,1.0,group_lower:Group_5,>=,0.10000000001174192,0.05,0.050000000011741916,0.0,True
3,1.0,group_upper:Group_5,<=,0.10000000001174192,0.2,0.09999999998825809,0.0,True
3,1.0,group_lower:Group_6,>=,0.07754035160947192,0.05,0.027540351609471922,0.0,True
3,1.0,group_upper:Group_6,<=,0.07754035160947192,0.2,0.12245964839052809,0.0,True
3,1.0,group_lower:Group_7,>=,0.05999999999143283,0.05,0.009999999991432827,0.0,True
3,1.0,group_upper:Group_7,<=,0.05999999999143283,0.2,0.1400000000085672,0.0,True
3,1.0,max_turnover,<=,0.40000000011226833,0.4,-1.1226830576305247e-10,1.1226830576305247e-10,True
3,1.0,exact_cardinality,=,20.0,20.0,-0.0,0.0,True
3,1.0,minimum_active_weight:Asset_006,>=,0.009999999993813785,0.01,-6.1862147349156515e-12,6.1862147349156515e-12,True
3,1.0,minimum_active_weight:Asset_008,>=,0.050000000000385306,0.01,0.040000000000385304,0.0,True
3,1.0,minimum_active_weight:Asset_015,>=,0.0999999999805577,0.01,0.0899999999805577,0.0,True
3,1.0,minimum_active_weight:Asset_017,>=,0.0675403516151686,0.01,0.05754035161516859,0.0,True
3,1.0,minimum_active_weight:Asset_025,>=,0.01067571661318334,0.01,0.000675716613183339,0.0,True
3,1.0,minimum_active_weight:Asset_038,>=,0.050000000008934786,0.01,0.040000000008934784,0.0,True
3,1.0,minimum_active_weight:Asset_049,>=,0.02863354387492173,0.01,0.018633543874921728,0.0,True
3,1.0,minimum_active_weight:Asset_054,>=,0.0999999999983577,0.01,0.0899999999983577,0.0,True
3,1.0,minimum_active_weight:Asset_055,>=,0.049999999999295226,0.01,0.039999999999295224,0.0,True
3,1.0,minimum_active_weight:Asset_062,>=,0.10000000000240994,0.01,0.09000000000240994,0.0,True
3,1.0,minimum_active_weight:Asset_064,>=,0.0306907395231961,0.01,0.020690739523196097,0.0,True
3,1.0,minimum_active_weight:Asset_073,>=,0.04999999999897498,0.01,0.03999999999897498,0.0,True
3,1.0,minimum_active_weight:Asset_075,>=,0.04999999998352852,0.01,0.03999999998352852,0.0,True
3,1.0,minimum_active_weight:Asset_081,>=,0.04999999998916048,0.01,0.03999999998916048,0.0,True
3,1.0,minimum_active_weight:Asset_083,>=,0.05000000001135661,0.01,0.04000000001135661,0.0,True
3,1.0,minimum_active_weight:Asset_091,>=,0.04999999998205471,0.01,0.03999999998205471,0.0,True
3,1.0,minimum_active_weight:Asset_092,>=,0.00999999999427062,0.01,-5.729380511687587e-12,5.729380511687587e-12,True
3,1.0,minimum_active_weight:Asset_093,>=,0.04999999999716221,0.01,0.03999999999716221,0.0,True
3,1.0,minimum_active_weight:Asset_096,>=,0.009999999994303335,0.01,-5.696665361654141e-12,5.696665361654141e-12,True
3,1.0,minimum_active_weight:Asset_097,>=,0.08245964843896271,0.01,0.07245964843896271,0.0,True
3,1.0,implementation_upper:Asset_000,<=,0.0,0.1,0.1,0.0,True
3,1.0,implementation_upper:Asset_001,<=,0.0,0.1,0.1,0.0,True
3,1.0,implementation_upper:Asset_002,<=,0.0,0.1,0.1,0.0,True
3,1.0,implementation_upper:Asset_003,<=,0.0,0.1,0.1,0.0,True
3,1.0,implementation_upper:Asset_004,<=,0.0,0.1,0.1,0.0,True
3,1.0,implementation_upper:Asset_005,<=,0.0,0.1,0.1,0.0,True
3,1.0,implementation_upper:Asset_006,<=,0.009999999993813785,0.1,0.09000000000618621,0.0,True
3,1.0,implementation_upper:Asset_007,<=,0.0,0.1,0.1,0.0,True
3,1.0,implementation_upper:Asset_008,<=,0.050000000000385306,0.1,0.0499999999996147,0.0,True
3,1.0,implementation_upper:Asset_009,<=,0.0,0.1,0.1,0.0,True
3,1.0,implementation_upper:Asset_010,<=,0.0,0.1,0.1,0.0,True
3,1.0,implementation_upper:Asset_011,<=,0.0,0.1,0.1,0.0,True
3,1.0,implementation_upper:Asset_012,<=,0.0,0.1,0.1,0.0,True
3,1.0,implementation_upper:Asset_013,<=,0.0,0.1,0.1,0.0,True
3,1.0,implementation_upper:Asset_014,<=,0.0,0.1,0.1,0.0,True
3,1.0,implementation_upper:Asset_015,<=,0.0999999999805577,0.1,1.9442308873962588e-11,0.0,True
3,1.0,implementation_upper:Asset_016,<=,0.0,0.1,0.1,0.0,True
3,1.0,implementation_upper:Asset_017,<=,0.0675403516151686,0.1,0.03245964838483141,0.0,True
3,1.0,implementation_upper:Asset_018,<=,0.0,0.1,0.1,0.0,True
3,1.0,implementation_upper:Asset_019,<=,0.0,0.1,0.1,0.0,True
3,1.0,implementation_upper:Asset_020,<=,0.0,0.1,0.1,0.0,True
3,1.0,implementation_upper:Asset_021,<=,0.0,0.1,0.1,0.0,True
3,1.0,implementation_upper:Asset_022,<=,0.0,0.1,0.1,0.0,True
3,1.0,implementation_upper:Asset_023,<=,0.0,0.1,0.1,0.0,True
3,1.0,implementation_upper:Asset_024,<=,0.0,0.1,0.1,0.0,True
3,1.0,implementation_upper:Asset_025,<=,0.01067571661318334,0.1,0.08932428338681667,0.0,True
3,1.0,implementation_upper:Asset_026,<=,0.0,0.1,0.1,0.0,True
3,1.0,implementation_upper:Asset_027,<=,0.0,0.1,0.1,0.0,True
3,1.0,implementation_upper:Asset_028,<=,0.0,0.1,0.1,0.0,True
3,1.0,implementation_upper:Asset_029,<=,0.0,0.1,0.1,0.0,True
3,1.0,implementation_upper:Asset_030,<=,0.0,0.1,0.1,0.0,True
3,1.0,implementation_upper:Asset_031,<=,0.0,0.1,0.1,0.0,True
3,1.0,implementation_upper:Asset_032,<=,0.0,0.1,0.1,0.0,True
3,1.0,implementation_upper:Asset_033,<=,0.0,0.1,0.1,0.0,True
3,1.0,implementation_upper:Asset_034,<=,0.0,0.1,0.1,0.0,True
3,1.0,implementation_upper:Asset_035,<=,0.0,0.1,0.1,0.0,True
3,1.0,implementation_upper:Asset_036,<=,0.0,0.1,0.1,0.0,True
3,1.0,implementation_upper:Asset_037,<=,0.0,0.1,0.1,0.0,True
3,1.0,implementation_upper:Asset_038,<=,0.050000000008934786,0.1,0.04999999999106522,0.0,True
3,1.0,implementation_upper:Asset_039,<=,0.0,0.1,0.1,0.0,True
3,1.0,implementation_upper:Asset_040,<=,0.0,0.1,0.1,0.0,True
3,1.0,implementation_upper:Asset_041,<=,0.0,0.1,0.1,0.0,True
3,1.0,implementation_upper:Asset_042,<=,0.0,0.1,0.1,0.0,True
3,1.0,implementation_upper:Asset_043,<=,0.0,0.1,0.1,0.0,True
3,1.0,implementation_upper:Asset_044,<=,0.0,0.1,0.1,0.0,True
3,1.0,implementation_upper:Asset_045,<=,0.0,0.1,0.1,0.0,True
3,1.0,implementation_upper:Asset_046,<=,0.0,0.1,0.1,0.0,True
3,1.0,implementation_upper:Asset_047,<=,0.0,0.1,0.1,0.0,True
3,1.0,implementation_upper:Asset_048,<=,0.0,0.1,0.1,0.0,True
3,1.0,implementation_upper:Asset_049,<=,0.02863354387492173,0.1,0.07136645612507828,0.0,True
3,1.0,implementation_upper:Asset_050,<=,0.0,0.1,0.1,0.0,True
3,1.0,implementation_upper:Asset_051,<=,0.0,0.1,0.1,0.0,True
3,1.0,implementation_upper:Asset_052,<=,0.0,0.1,0.1,0.0,True
3,1.0,implementation_upper:Asset_053,<=,0.0,0.1,0.1,0.0,True
3,1.0,implementation_upper:Asset_054,<=,0.0999999999983577,0.1,1.6423112869645706e-12,0.0,True
3,1.0,implementation_upper:Asset_055,<=,0.049999999999295226,0.1,0.05000000000070478,0.0,True
3,1.0,implementation_upper:Asset_056,<=,0.0,0.1,0.1,0.0,True
3,1.0,implementation_upper:Asset_057,<=,0.0,0.1,0.1,0.0,True
3,1.0,implementation_upper:Asset_058,<=,0.0,0.1,0.1,0.0,True
3,1.0,implementation_upper:Asset_059,<=,0.0,0.1,0.1,0.0,True
3,1.0,implementation_upper:Asset_060,<=,0.0,0.1,0.1,0.0,True
3,1.0,implementation_upper:Asset_061,<=,0.0,0.1,0.1,0.0,True
3,1.0,implementation_upper:Asset_062,<=,0.10000000000240994,0.1,-2.4099333639782117e-12,2.4099333639782117e-12,True
3,1.0,implementation_upper:Asset_063,<=,0.0,0.1,0.1,0.0,True
3,1.0,implementation_upper:Asset_064,<=,0.0306907395231961,0.1,0.06930926047680391,0.0,True
3,1.0,implementation_upper:Asset_065,<=,0.0,0.1,0.1,0.0,True
3,1.0,implementation_upper:Asset_066,<=,0.0,0.1,0.1,0.0,True
3,1.0,implementation_upper:Asset_067,<=,0.0,0.1,0.1,0.0,True
3,1.0,implementation_upper:Asset_068,<=,0.0,0.1,0.1,0.0,True
3,1.0,implementation_upper:Asset_069,<=,0.0,0.1,0.1,0.0,True
3,1.0,implementation_upper:Asset_070,<=,0.0,0.1,0.1,0.0,True
3,1.0,implementation_upper:Asset_071,<=,0.0,0.1,0.1,0.0,True
3,1.0,implementation_upper:Asset_072,<=,0.0,0.1,0.1,0.0,True
3,1.0,implementation_upper:Asset_073,<=,0.04999999999897498,0.1,0.05000000000102502,0.0,True
3,1.0,implementation_upper:Asset_074,<=,0.0,0.1,0.1,0.0,True
3,1.0,implementation_upper:Asset_075,<=,0.04999999998352852,0.1,0.05000000001647149,0.0,True
3,1.0,implementation_upper:Asset_076,<=,0.0,0.1,0.1,0.0,True
3,1.0,implementation_upper:Asset_077,<=,0.0,0.1,0.1,0.0,True
3,1.0,implementation_upper:Asset_078,<=,0.0,0.1,0.1,0.0,True
3,1.0,implementation_upper:Asset_079,<=,0.0,0.1,0.1,0.0,True
3,1.0,implementation_upper:Asset_080,<=,0.0,0.1,0.1,0.0,True
3,1.0,implementation_upper:Asset_081,<=,0.04999999998916048,0.1,0.050000000010839526,0.0,True
3,1.0,implementation_upper:Asset_082,<=,0.0,0.1,0.1,0.0,True
3,1.0,implementation_upper:Asset_083,<=,0.05000000001135661,0.1,0.04999999998864339,0.0,True
3,1.0,implementation_upper:Asset_084,<=,0.0,0.1,0.1,0.0,True
3,1.0,implementation_upper:Asset_085,<=,0.0,0.1,0.1,0.0,True
3,1.0,implementation_upper:Asset_086,<=,0.0,0.1,0.1,0.0,True
3,1.0,implementation_upper:Asset_087,<=,0.0,0.1,0.1,0.0,True
3,1.0,implementation_upper:Asset_088,<=,0.0,0.1,0.1,0.0,True
3,1.0,implementation_upper:Asset_089,<=,0.0,0.1,0.1,0.0,True
3,1.0,implementation_upper:Asset_090,<=,0.0,0.1,0.1,0.0,True
3,1.0,implementation_upper:Asset_091,<=,0.04999999998205471,0.1,0.050000000017945294,0.0,True
3,1.0,implementation_upper:Asset_092,<=,0.00999999999427062,0.1,0.09000000000572939,0.0,True
3,1.0,implementation_upper:Asset_093,<=,0.04999999999716221,0.1,0.050000000002837795,0.0,True
3,1.0,implementation_upper:Asset_094,<=,0.0,0.1,0.1,0.0,True
3,1.0,implementation_upper:Asset_095,<=,0.0,0.1,0.1,0.0,True
3,1.0,implementation_upper:Asset_096,<=,0.009999999994303335,0.1,0.09000000000569668,0.0,True
3,1.0,implementation_upper:Asset_097,<=,0.08245964843896271,0.1,0.017540351561037296,0.0,True
3,1.0,implementation_upper:Asset_098,<=,0.0,0.1,0.1,0.0,True
3,1.0,implementation_upper:Asset_099,<=,0.0,0.1,0.1,0.0,True
4,0.0,budget,=,1.0000000000000608,1.0,-6.084022174945858e-14,6.084022174945858e-14,True
4,0.0,asset_lower:Asset_000,>=,0.0,0.0,0.0,0.0,True
4,0.0,asset_upper:Asset_000,<=,0.0,0.2,0.2,0.0,True
4,0.0,asset_lower:Asset_001,>=,0.0,0.0,0.0,0.0,True
4,0.0,asset_upper:Asset_001,<=,0.0,0.2,0.2,0.0,True
4,0.0,asset_lower:Asset_002,>=,0.0,0.0,0.0,0.0,True
4,0.0,asset_upper:Asset_002,<=,0.0,0.2,0.2,0.0,True
4,0.0,asset_lower:Asset_003,>=,0.0,0.0,0.0,0.0,True
4,0.0,asset_upper:Asset_003,<=,0.0,0.2,0.2,0.0,True
4,0.0,asset_lower:Asset_004,>=,0.0,0.0,0.0,0.0,True
4,0.0,asset_upper:Asset_004,<=,0.0,0.2,0.2,0.0,True
4,0.0,asset_lower:Asset_005,>=,0.0,0.0,0.0,0.0,True
4,0.0,asset_upper:Asset_005,<=,0.0,0.2,0.2,0.0,True
4,0.0,asset_lower:Asset_006,>=,0.01000000046891679,0.0,0.01000000046891679,0.0,True
4,0.0,asset_upper:Asset_006,<=,0.01000000046891679,0.2,0.1899999995310832,0.0,True
4,0.0,asset_lower:Asset_007,>=,0.0,0.0,0.0,0.0,True
4,0.0,asset_upper:Asset_007,<=,0.0,0.2,0.2,0.0,True
4,0.0,asset_lower:Asset_008,>=,0.05000000304966589,0.0,0.05000000304966589,0.0,True
4,0.0,asset_upper:Asset_008,<=,0.05000000304966589,0.2,0.1499999969503341,0.0,True
4,0.0,asset_lower:Asset_009,>=,0.0,0.0,0.0,0.0,True
4,0.0,asset_upper:Asset_009,<=,0.0,0.2,0.2,0.0,True
4,0.0,asset_lower:Asset_010,>=,0.0,0.0,0.0,0.0,True
4,0.0,asset_upper:Asset_010,<=,0.0,0.2,0.2,0.0,True
4,0.0,asset_lower:Asset_011,>=,0.0,0.0,0.0,0.0,True
4,0.0,asset_upper:Asset_011,<=,0.0,0.2,0.2,0.0,True
4,0.0,asset_lower:Asset_012,>=,0.0,0.0,0.0,0.0,True
4,0.0,asset_upper:Asset_012,<=,0.0,0.2,0.2,0.0,True
4,0.0,asset_lower:Asset_013,>=,0.0,0.0,0.0,0.0,True
4,0.0,asset_upper:Asset_013,<=,0.0,0.2,0.2,0.0,True
4,0.0,asset_lower:Asset_014,>=,0.0,0.0,0.0,0.0,True
4,0.0,asset_upper:Asset_014,<=,0.0,0.2,0.2,0.0,True
4,0.0,asset_lower:Asset_015,>=,0.050000003012972936,0.0,0.050000003012972936,0.0,True
4,0.0,asset_upper:Asset_015,<=,0.050000003012972936,0.2,0.14999999698702707,0.0,True
4,0.0,asset_lower:Asset_016,>=,0.0,0.0,0.0,0.0,True
4,0.0,asset_upper:Asset_016,<=,0.0,0.2,0.2,0.0,True
4,0.0,asset_lower:Asset_017,>=,0.09999999732276087,0.0,0.09999999732276087,0.0,True
4,0.0,asset_upper:Asset_017,<=,0.09999999732276087,0.2,0.10000000267723914,0.0,True
4,0.0,asset_lower:Asset_018,>=,0.0,0.0,0.0,0.0,True
4,0.0,asset_upper:Asset_018,<=,0.0,0.2,0.2,0.0,True
4,0.0,asset_lower:Asset_019,>=,0.0,0.0,0.0,0.0,True
4,0.0,asset_upper:Asset_019,<=,0.0,0.2,0.2,0.0,True
4,0.0,asset_lower:Asset_020,>=,0.0,0.0,0.0,0.0,True
4,0.0,asset_upper:Asset_020,<=,0.0,0.2,0.2,0.0,True
4,0.0,asset_lower:Asset_021,>=,0.0,0.0,0.0,0.0,True
4,0.0,asset_upper:Asset_021,<=,0.0,0.2,0.2,0.0,True
4,0.0,asset_lower:Asset_022,>=,0.0,0.0,0.0,0.0,True
4,0.0,asset_upper:Asset_022,<=,0.0,0.2,0.2,0.0,True
4,0.0,asset_lower:Asset_023,>=,0.0,0.0,0.0,0.0,True
4,0.0,asset_upper:Asset_023,<=,0.0,0.2,0.2,0.0,True
4,0.0,asset_lower:Asset_024,>=,0.0,0.0,0.0,0.0,True
4,0.0,asset_upper:Asset_024,<=,0.0,0.2,0.2,0.0,True
4,0.0,asset_lower:Asset_025,>=,0.010000002532037044,0.0,0.010000002532037044,0.0,True
4,0.0,asset_upper:Asset_025,<=,0.010000002532037044,0.2,0.18999999746796298,0.0,True
4,0.0,asset_lower:Asset_026,>=,0.0,0.0,0.0,0.0,True
4,0.0,asset_upper:Asset_026,<=,0.0,0.2,0.2,0.0,True
4,0.0,asset_lower:Asset_027,>=,0.0,0.0,0.0,0.0,True
4,0.0,asset_upper:Asset_027,<=,0.0,0.2,0.2,0.0,True
4,0.0,asset_lower:Asset_028,>=,0.0,0.0,0.0,0.0,True
4,0.0,asset_upper:Asset_028,<=,0.0,0.2,0.2,0.0,True
4,0.0,asset_lower:Asset_029,>=,0.0,0.0,0.0,0.0,True
4,0.0,asset_upper:Asset_029,<=,0.0,0.2,0.2,0.0,True
4,0.0,asset_lower:Asset_030,>=,0.0,0.0,0.0,0.0,True
4,0.0,asset_upper:Asset_030,<=,0.0,0.2,0.2,0.0,True
4,0.0,asset_lower:Asset_031,>=,0.0,0.0,0.0,0.0,True
4,0.0,asset_upper:Asset_031,<=,0.0,0.2,0.2,0.0,True
4,0.0,asset_lower:Asset_032,>=,0.0,0.0,0.0,0.0,True
4,0.0,asset_upper:Asset_032,<=,0.0,0.2,0.2,0.0,True
4,0.0,asset_lower:Asset_033,>=,0.0,0.0,0.0,0.0,True
4,0.0,asset_upper:Asset_033,<=,0.0,0.2,0.2,0.0,True
4,0.0,asset_lower:Asset_034,>=,0.0,0.0,0.0,0.0,True
4,0.0,asset_upper:Asset_034,<=,0.0,0.2,0.2,0.0,True
4,0.0,asset_lower:Asset_035,>=,0.0,0.0,0.0,0.0,True
4,0.0,asset_upper:Asset_035,<=,0.0,0.2,0.2,0.0,True
4,0.0,asset_lower:Asset_036,>=,0.0,0.0,0.0,0.0,True
4,0.0,asset_upper:Asset_036,<=,0.0,0.2,0.2,0.0,True
4,0.0,asset_lower:Asset_037,>=,0.0,0.0,0.0,0.0,True
4,0.0,asset_upper:Asset_037,<=,0.0,0.2,0.2,0.0,True
4,0.0,asset_lower:Asset_038,>=,0.05000000023457887,0.0,0.05000000023457887,0.0,True
4,0.0,asset_upper:Asset_038,<=,0.05000000023457887,0.2,0.14999999976542114,0.0,True
4,0.0,asset_lower:Asset_039,>=,0.0,0.0,0.0,0.0,True
4,0.0,asset_upper:Asset_039,<=,0.0,0.2,0.2,0.0,True
4,0.0,asset_lower:Asset_040,>=,0.0,0.0,0.0,0.0,True
4,0.0,asset_upper:Asset_040,<=,0.0,0.2,0.2,0.0,True
4,0.0,asset_lower:Asset_041,>=,0.0,0.0,0.0,0.0,True
4,0.0,asset_upper:Asset_041,<=,0.0,0.2,0.2,0.0,True
4,0.0,asset_lower:Asset_042,>=,0.0,0.0,0.0,0.0,True
4,0.0,asset_upper:Asset_042,<=,0.0,0.2,0.2,0.0,True
4,0.0,asset_lower:Asset_043,>=,0.0,0.0,0.0,0.0,True
4,0.0,asset_upper:Asset_043,<=,0.0,0.2,0.2,0.0,True
4,0.0,asset_lower:Asset_044,>=,0.0,0.0,0.0,0.0,True
4,0.0,asset_upper:Asset_044,<=,0.0,0.2,0.2,0.0,True
4,0.0,asset_lower:Asset_045,>=,0.0,0.0,0.0,0.0,True
4,0.0,asset_upper:Asset_045,<=,0.0,0.2,0.2,0.0,True
4,0.0,asset_lower:Asset_046,>=,0.0,0.0,0.0,0.0,True
4,0.0,asset_upper:Asset_046,<=,0.0,0.2,0.2,0.0,True
4,0.0,asset_lower:Asset_047,>=,0.0,0.0,0.0,0.0,True
4,0.0,asset_upper:Asset_047,<=,0.0,0.2,0.2,0.0,True
4,0.0,asset_lower:Asset_048,>=,0.0,0.0,0.0,0.0,True
4,0.0,asset_upper:Asset_048,<=,0.0,0.2,0.2,0.0,True
4,0.0,asset_lower:Asset_049,>=,0.04999999630627898,0.0,0.04999999630627898,0.0,True
4,0.0,asset_upper:Asset_049,<=,0.04999999630627898,0.2,0.15000000369372102,0.0,True
4,0.0,asset_lower:Asset_050,>=,0.0,0.0,0.0,0.0,True
4,0.0,asset_upper:Asset_050,<=,0.0,0.2,0.2,0.0,True
4,0.0,asset_lower:Asset_051,>=,0.0,0.0,0.0,0.0,True
4,0.0,asset_upper:Asset_051,<=,0.0,0.2,0.2,0.0,True
4,0.0,asset_lower:Asset_052,>=,0.0,0.0,0.0,0.0,True
4,0.0,asset_upper:Asset_052,<=,0.0,0.2,0.2,0.0,True
4,0.0,asset_lower:Asset_053,>=,0.0,0.0,0.0,0.0,True
4,0.0,asset_upper:Asset_053,<=,0.0,0.2,0.2,0.0,True
4,0.0,asset_lower:Asset_054,>=,0.0999999963536019,0.0,0.0999999963536019,0.0,True
4,0.0,asset_upper:Asset_054,<=,0.0999999963536019,0.2,0.1000000036463981,0.0,True
4,0.0,asset_lower:Asset_055,>=,0.02836802528792749,0.0,0.02836802528792749,0.0,True
4,0.0,asset_upper:Asset_055,<=,0.02836802528792749,0.2,0.17163197471207253,0.0,True
4,0.0,asset_lower:Asset_056,>=,0.0,0.0,0.0,0.0,True
4,0.0,asset_upper:Asset_056,<=,0.0,0.2,0.2,0.0,True
4,0.0,asset_lower:Asset_057,>=,0.0,0.0,0.0,0.0,True
4,0.0,asset_upper:Asset_057,<=,0.0,0.2,0.2,0.0,True
4,0.0,asset_lower:Asset_058,>=,0.0,0.0,0.0,0.0,True
4,0.0,asset_upper:Asset_058,<=,0.0,0.2,0.2,0.0,True
4,0.0,asset_lower:Asset_059,>=,0.0,0.0,0.0,0.0,True
4,0.0,asset_upper:Asset_059,<=,0.0,0.2,0.2,0.0,True
4,0.0,asset_lower:Asset_060,>=,0.0,0.0,0.0,0.0,True
4,0.0,asset_upper:Asset_060,<=,0.0,0.2,0.2,0.0,True
4,0.0,asset_lower:Asset_061,>=,0.0,0.0,0.0,0.0,True
4,0.0,asset_upper:Asset_061,<=,0.0,0.2,0.2,0.0,True
4,0.0,asset_lower:Asset_062,>=,0.09605304377471753,0.0,0.09605304377471753,0.0,True
4,0.0,asset_upper:Asset_062,<=,0.09605304377471753,0.2,0.10394695622528248,0.0,True
4,0.0,asset_lower:Asset_063,>=,0.0,0.0,0.0,0.0,True
4,0.0,asset_upper:Asset_063,<=,0.0,0.2,0.2,0.0,True
4,0.0,asset_lower:Asset_064,>=,0.05394692714544449,0.0,0.05394692714544449,0.0,True
4,0.0,asset_upper:Asset_064,<=,0.05394692714544449,0.2,0.14605307285455552,0.0,True
4,0.0,asset_lower:Asset_065,>=,0.0,0.0,0.0,0.0,True
4,0.0,asset_upper:Asset_065,<=,0.0,0.2,0.2,0.0,True
4,0.0,asset_lower:Asset_066,>=,0.0,0.0,0.0,0.0,True
4,0.0,asset_upper:Asset_066,<=,0.0,0.2,0.2,0.0,True
4,0.0,asset_lower:Asset_067,>=,0.0,0.0,0.0,0.0,True
4,0.0,asset_upper:Asset_067,<=,0.0,0.2,0.2,0.0,True
4,0.0,asset_lower:Asset_068,>=,0.0,0.0,0.0,0.0,True
4,0.0,asset_upper:Asset_068,<=,0.0,0.2,0.2,0.0,True
4,0.0,asset_lower:Asset_069,>=,0.0,0.0,0.0,0.0,True
4,0.0,asset_upper:Asset_069,<=,0.0,0.2,0.2,0.0,True
4,0.0,asset_lower:Asset_070,>=,0.0,0.0,0.0,0.0,True
4,0.0,asset_upper:Asset_070,<=,0.0,0.2,0.2,0.0,True
4,0.0,asset_lower:Asset_071,>=,0.0,0.0,0.0,0.0,True
4,0.0,asset_upper:Asset_071,<=,0.0,0.2,0.2,0.0,True
4,0.0,asset_lower:Asset_072,>=,0.0,0.0,0.0,0.0,True
4,0.0,asset_upper:Asset_072,<=,0.0,0.2,0.2,0.0,True
4,0.0,asset_lower:Asset_073,>=,0.05000000122898774,0.0,0.05000000122898774,0.0,True
4,0.0,asset_upper:Asset_073,<=,0.05000000122898774,0.2,0.14999999877101228,0.0,True
4,0.0,asset_lower:Asset_074,>=,0.0,0.0,0.0,0.0,True
4,0.0,asset_upper:Asset_074,<=,0.0,0.2,0.2,0.0,True
4,0.0,asset_lower:Asset_075,>=,0.04999999863511234,0.0,0.04999999863511234,0.0,True
4,0.0,asset_upper:Asset_075,<=,0.04999999863511234,0.2,0.15000000136488767,0.0,True
4,0.0,asset_lower:Asset_076,>=,0.0,0.0,0.0,0.0,True
4,0.0,asset_upper:Asset_076,<=,0.0,0.2,0.2,0.0,True
4,0.0,asset_lower:Asset_077,>=,0.0,0.0,0.0,0.0,True
4,0.0,asset_upper:Asset_077,<=,0.0,0.2,0.2,0.0,True
4,0.0,asset_lower:Asset_078,>=,0.0,0.0,0.0,0.0,True
4,0.0,asset_upper:Asset_078,<=,0.0,0.2,0.2,0.0,True
4,0.0,asset_lower:Asset_079,>=,0.0,0.0,0.0,0.0,True
4,0.0,asset_upper:Asset_079,<=,0.0,0.2,0.2,0.0,True
4,0.0,asset_lower:Asset_080,>=,0.0,0.0,0.0,0.0,True
4,0.0,asset_upper:Asset_080,<=,0.0,0.2,0.2,0.0,True
4,0.0,asset_lower:Asset_081,>=,0.04999998419282482,0.0,0.04999998419282482,0.0,True
4,0.0,asset_upper:Asset_081,<=,0.04999998419282482,0.2,0.1500000158071752,0.0,True
4,0.0,asset_lower:Asset_082,>=,0.0,0.0,0.0,0.0,True
4,0.0,asset_upper:Asset_082,<=,0.0,0.2,0.2,0.0,True
4,0.0,asset_lower:Asset_083,>=,0.09999999781679096,0.0,0.09999999781679096,0.0,True
4,0.0,asset_upper:Asset_083,<=,0.09999999781679096,0.2,0.10000000218320905,0.0,True
4,0.0,asset_lower:Asset_084,>=,0.0,0.0,0.0,0.0,True
4,0.0,asset_upper:Asset_084,<=,0.0,0.2,0.2,0.0,True
4,0.0,asset_lower:Asset_085,>=,0.0,0.0,0.0,0.0,True
4,0.0,asset_upper:Asset_085,<=,0.0,0.2,0.2,0.0,True
4,0.0,asset_lower:Asset_086,>=,0.0,0.0,0.0,0.0,True
4,0.0,asset_upper:Asset_086,<=,0.0,0.2,0.2,0.0,True
4,0.0,asset_lower:Asset_087,>=,0.0,0.0,0.0,0.0,True
4,0.0,asset_upper:Asset_087,<=,0.0,0.2,0.2,0.0,True
4,0.0,asset_lower:Asset_088,>=,0.0,0.0,0.0,0.0,True
4,0.0,asset_upper:Asset_088,<=,0.0,0.2,0.2,0.0,True
4,0.0,asset_lower:Asset_089,>=,0.0,0.0,0.0,0.0,True
4,0.0,asset_upper:Asset_089,<=,0.0,0.2,0.2,0.0,True
4,0.0,asset_lower:Asset_090,>=,0.0,0.0,0.0,0.0,True
4,0.0,asset_upper:Asset_090,<=,0.0,0.2,0.2,0.0,True
4,0.0,asset_lower:Asset_091,>=,0.03163200871027344,0.0,0.03163200871027344,0.0,True
4,0.0,asset_upper:Asset_091,<=,0.03163200871027344,0.2,0.16836799128972657,0.0,True
4,0.0,asset_lower:Asset_092,>=,0.010000000656566373,0.0,0.010000000656566373,0.0,True
4,0.0,asset_upper:Asset_092,<=,0.010000000656566373,0.2,0.18999999934343365,0.0,True
4,0.0,asset_lower:Asset_093,>=,0.0500000023546216,0.0,0.0500000023546216,0.0,True
4,0.0,asset_upper:Asset_093,<=,0.0500000023546216,0.2,0.1499999976453784,0.0,True
4,0.0,asset_lower:Asset_094,>=,0.0,0.0,0.0,0.0,True
4,0.0,asset_upper:Asset_094,<=,0.0,0.2,0.2,0.0,True
4,0.0,asset_lower:Asset_095,>=,0.0,0.0,0.0,0.0,True
4,0.0,asset_upper:Asset_095,<=,0.0,0.2,0.2,0.0,True
4,0.0,asset_lower:Asset_096,>=,0.010000001331274627,0.0,0.010000001331274627,0.0,True
4,0.0,asset_upper:Asset_096,<=,0.010000001331274627,0.2,0.18999999866872538,0.0,True
4,0.0,asset_lower:Asset_097,>=,0.05000000958470628,0.0,0.05000000958470628,0.0,True
4,0.0,asset_upper:Asset_097,<=,0.05000000958470628,0.2,0.14999999041529372,0.0,True
4,0.0,asset_lower:Asset_098,>=,0.0,0.0,0.0,0.0,True
4,0.0,asset_upper:Asset_098,<=,0.0,0.2,0.2,0.0,True
4,0.0,asset_lower:Asset_099,>=,0.0,0.0,0.0,0.0,True
4,0.0,asset_upper:Asset_099,<=,0.0,0.2,0.2,0.0,True
4,0.0,group_lower:Group_0,>=,0.11000003701117386,0.10000000000000002,0.010000037011173843,0.0,True
4,0.0,group_upper:Group_0,<=,0.11000003701117386,0.25,0.13999996298882614,0.0,True
4,0.0,group_lower:Group_1,>=,0.11605304677567137,0.10000000000000002,0.016053046775671348,0.0,True
4,0.0,group_upper:Group_1,<=,0.11605304677567137,0.25,0.13394695322432865,0.0,True
4,0.0,group_lower:Group_2,>=,0.20000000617288705,0.10000000000000002,0.10000000617288703,0.0,True
4,0.0,group_upper:Group_2,<=,0.20000000617288705,0.25,0.049999993827112954,0.0,True
4,0.0,group_lower:Group_3,>=,0.15394690997338165,0.10000000000000002,0.053946909973381627,0.0,True
4,0.0,group_upper:Group_3,<=,0.15394690997338165,0.25,0.09605309002661835,0.0,True
4,0.0,group_lower:Group_4,>=,0.09999999753526673,0.05,0.049999997535266724,0.0,True
4,0.0,group_upper:Group_4,<=,0.09999999753526673,0.2,0.10000000246473328,0.0,True
4,0.0,group_lower:Group_5,>=,0.15000000086645685,0.05,0.10000000086645684,0.0,True
4,0.0,group_upper:Group_5,<=,0.15000000086645685,0.2,0.049999999133543166,0.0,True
4,0.0,group_lower:Group_6,>=,0.1099999986540355,0.05,0.05999999865403549,0.0,True
4,0.0,group_upper:Group_6,<=,0.1099999986540355,0.2,0.09000000134596452,0.0,True
4,0.0,group_lower:Group_7,>=,0.06000000301118797,0.05,0.010000003011187968,0.0,True
4,0.0,group_upper:Group_7,<=,0.06000000301118797,0.2,0.13999999698881205,0.0,True
4,0.0,max_turnover,<=,0.39999996375763713,0.4,3.624236288857219e-08,0.0,True
4,0.0,exact_cardinality,=,20.0,20.0,-0.0,0.0,True
4,0.0,minimum_active_weight:Asset_006,>=,0.01000000046891679,0.01,4.689167890786772e-10,0.0,True
4,0.0,minimum_active_weight:Asset_008,>=,0.05000000304966589,0.01,0.04000000304966589,0.0,True
4,0.0,minimum_active_weight:Asset_015,>=,0.050000003012972936,0.01,0.040000003012972934,0.0,True
4,0.0,minimum_active_weight:Asset_017,>=,0.09999999732276087,0.01,0.08999999732276087,0.0,True
4,0.0,minimum_active_weight:Asset_025,>=,0.010000002532037044,0.01,2.532037043576074e-09,0.0,True
4,0.0,minimum_active_weight:Asset_038,>=,0.05000000023457887,0.01,0.04000000023457887,0.0,True
4,0.0,minimum_active_weight:Asset_049,>=,0.04999999630627898,0.01,0.03999999630627898,0.0,True
4,0.0,minimum_active_weight:Asset_054,>=,0.0999999963536019,0.01,0.08999999635360191,0.0,True
4,0.0,minimum_active_weight:Asset_055,>=,0.02836802528792749,0.01,0.01836802528792749,0.0,True
4,0.0,minimum_active_weight:Asset_062,>=,0.09605304377471753,0.01,0.08605304377471754,0.0,True
4,0.0,minimum_active_weight:Asset_064,>=,0.05394692714544449,0.01,0.043946927145444487,0.0,True
4,0.0,minimum_active_weight:Asset_073,>=,0.05000000122898774,0.01,0.04000000122898774,0.0,True
4,0.0,minimum_active_weight:Asset_075,>=,0.04999999863511234,0.01,0.03999999863511234,0.0,True
4,0.0,minimum_active_weight:Asset_081,>=,0.04999998419282482,0.01,0.03999998419282482,0.0,True
4,0.0,minimum_active_weight:Asset_083,>=,0.09999999781679096,0.01,0.08999999781679097,0.0,True
4,0.0,minimum_active_weight:Asset_091,>=,0.03163200871027344,0.01,0.02163200871027344,0.0,True
4,0.0,minimum_active_weight:Asset_092,>=,0.010000000656566373,0.01,6.565663724505955e-10,0.0,True
4,0.0,minimum_active_weight:Asset_093,>=,0.0500000023546216,0.01,0.040000002354621596,0.0,True
4,0.0,minimum_active_weight:Asset_096,>=,0.010000001331274627,0.01,1.3312746269950049e-09,0.0,True
4,0.0,minimum_active_weight:Asset_097,>=,0.05000000958470628,0.01,0.04000000958470628,0.0,True
4,0.0,implementation_upper:Asset_000,<=,0.0,0.1,0.1,0.0,True
4,0.0,implementation_upper:Asset_001,<=,0.0,0.1,0.1,0.0,True
4,0.0,implementation_upper:Asset_002,<=,0.0,0.1,0.1,0.0,True
4,0.0,implementation_upper:Asset_003,<=,0.0,0.1,0.1,0.0,True
4,0.0,implementation_upper:Asset_004,<=,0.0,0.1,0.1,0.0,True
4,0.0,implementation_upper:Asset_005,<=,0.0,0.1,0.1,0.0,True
4,0.0,implementation_upper:Asset_006,<=,0.01000000046891679,0.1,0.08999999953108322,0.0,True
4,0.0,implementation_upper:Asset_007,<=,0.0,0.1,0.1,0.0,True
4,0.0,implementation_upper:Asset_008,<=,0.05000000304966589,0.1,0.049999996950334115,0.0,True
4,0.0,implementation_upper:Asset_009,<=,0.0,0.1,0.1,0.0,True
4,0.0,implementation_upper:Asset_010,<=,0.0,0.1,0.1,0.0,True
4,0.0,implementation_upper:Asset_011,<=,0.0,0.1,0.1,0.0,True
4,0.0,implementation_upper:Asset_012,<=,0.0,0.1,0.1,0.0,True
4,0.0,implementation_upper:Asset_013,<=,0.0,0.1,0.1,0.0,True
4,0.0,implementation_upper:Asset_014,<=,0.0,0.1,0.1,0.0,True
4,0.0,implementation_upper:Asset_015,<=,0.050000003012972936,0.1,0.04999999698702707,0.0,True
4,0.0,implementation_upper:Asset_016,<=,0.0,0.1,0.1,0.0,True
4,0.0,implementation_upper:Asset_017,<=,0.09999999732276087,0.1,2.677239138715315e-09,0.0,True
4,0.0,implementation_upper:Asset_018,<=,0.0,0.1,0.1,0.0,True
4,0.0,implementation_upper:Asset_019,<=,0.0,0.1,0.1,0.0,True
4,0.0,implementation_upper:Asset_020,<=,0.0,0.1,0.1,0.0,True
4,0.0,implementation_upper:Asset_021,<=,0.0,0.1,0.1,0.0,True
4,0.0,implementation_upper:Asset_022,<=,0.0,0.1,0.1,0.0,True
4,0.0,implementation_upper:Asset_023,<=,0.0,0.1,0.1,0.0,True
4,0.0,implementation_upper:Asset_024,<=,0.0,0.1,0.1,0.0,True
4,0.0,implementation_upper:Asset_025,<=,0.010000002532037044,0.1,0.08999999746796296,0.0,True
4,0.0,implementation_upper:Asset_026,<=,0.0,0.1,0.1,0.0,True
4,0.0,implementation_upper:Asset_027,<=,0.0,0.1,0.1,0.0,True
4,0.0,implementation_upper:Asset_028,<=,0.0,0.1,0.1,0.0,True
4,0.0,implementation_upper:Asset_029,<=,0.0,0.1,0.1,0.0,True
4,0.0,implementation_upper:Asset_030,<=,0.0,0.1,0.1,0.0,True
4,0.0,implementation_upper:Asset_031,<=,0.0,0.1,0.1,0.0,True
4,0.0,implementation_upper:Asset_032,<=,0.0,0.1,0.1,0.0,True
4,0.0,implementation_upper:Asset_033,<=,0.0,0.1,0.1,0.0,True
4,0.0,implementation_upper:Asset_034,<=,0.0,0.1,0.1,0.0,True
4,0.0,implementation_upper:Asset_035,<=,0.0,0.1,0.1,0.0,True
4,0.0,implementation_upper:Asset_036,<=,0.0,0.1,0.1,0.0,True
4,0.0,implementation_upper:Asset_037,<=,0.0,0.1,0.1,0.0,True
4,0.0,implementation_upper:Asset_038,<=,0.05000000023457887,0.1,0.04999999976542113,0.0,True
4,0.0,implementation_upper:Asset_039,<=,0.0,0.1,0.1,0.0,True
4,0.0,implementation_upper:Asset_040,<=,0.0,0.1,0.1,0.0,True
4,0.0,implementation_upper:Asset_041,<=,0.0,0.1,0.1,0.0,True
4,0.0,implementation_upper:Asset_042,<=,0.0,0.1,0.1,0.0,True
4,0.0,implementation_upper:Asset_043,<=,0.0,0.1,0.1,0.0,True
4,0.0,implementation_upper:Asset_044,<=,0.0,0.1,0.1,0.0,True
4,0.0,implementation_upper:Asset_045,<=,0.0,0.1,0.1,0.0,True
4,0.0,implementation_upper:Asset_046,<=,0.0,0.1,0.1,0.0,True
4,0.0,implementation_upper:Asset_047,<=,0.0,0.1,0.1,0.0,True
4,0.0,implementation_upper:Asset_048,<=,0.0,0.1,0.1,0.0,True
4,0.0,implementation_upper:Asset_049,<=,0.04999999630627898,0.1,0.050000003693721026,0.0,True
4,0.0,implementation_upper:Asset_050,<=,0.0,0.1,0.1,0.0,True
4,0.0,implementation_upper:Asset_051,<=,0.0,0.1,0.1,0.0,True
4,0.0,implementation_upper:Asset_052,<=,0.0,0.1,0.1,0.0,True
4,0.0,implementation_upper:Asset_053,<=,0.0,0.1,0.1,0.0,True
4,0.0,implementation_upper:Asset_054,<=,0.0999999963536019,0.1,3.646398100132231e-09,0.0,True
4,0.0,implementation_upper:Asset_055,<=,0.02836802528792749,0.1,0.07163197471207251,0.0,True
4,0.0,implementation_upper:Asset_056,<=,0.0,0.1,0.1,0.0,True
4,0.0,implementation_upper:Asset_057,<=,0.0,0.1,0.1,0.0,True
4,0.0,implementation_upper:Asset_058,<=,0.0,0.1,0.1,0.0,True
4,0.0,implementation_upper:Asset_059,<=,0.0,0.1,0.1,0.0,True
4,0.0,implementation_upper:Asset_060,<=,0.0,0.1,0.1,0.0,True
4,0.0,implementation_upper:Asset_061,<=,0.0,0.1,0.1,0.0,True
4,0.0,implementation_upper:Asset_062,<=,0.09605304377471753,0.1,0.003946956225282475,0.0,True
4,0.0,implementation_upper:Asset_063,<=,0.0,0.1,0.1,0.0,True
4,0.0,implementation_upper:Asset_064,<=,0.05394692714544449,0.1,0.04605307285455552,0.0,True
4,0.0,implementation_upper:Asset_065,<=,0.0,0.1,0.1,0.0,True
4,0.0,implementation_upper:Asset_066,<=,0.0,0.1,0.1,0.0,True
4,0.0,implementation_upper:Asset_067,<=,0.0,0.1,0.1,0.0,True
4,0.0,implementation_upper:Asset_068,<=,0.0,0.1,0.1,0.0,True
4,0.0,implementation_upper:Asset_069,<=,0.0,0.1,0.1,0.0,True
4,0.0,implementation_upper:Asset_070,<=,0.0,0.1,0.1,0.0,True
4,0.0,implementation_upper:Asset_071,<=,0.0,0.1,0.1,0.0,True
4,0.0,implementation_upper:Asset_072,<=,0.0,0.1,0.1,0.0,True
4,0.0,implementation_upper:Asset_073,<=,0.05000000122898774,0.1,0.049999998771012265,0.0,True
4,0.0,implementation_upper:Asset_074,<=,0.0,0.1,0.1,0.0,True
4,0.0,implementation_upper:Asset_075,<=,0.04999999863511234,0.1,0.050000001364887664,0.0,True
4,0.0,implementation_upper:Asset_076,<=,0.0,0.1,0.1,0.0,True
4,0.0,implementation_upper:Asset_077,<=,0.0,0.1,0.1,0.0,True
4,0.0,implementation_upper:Asset_078,<=,0.0,0.1,0.1,0.0,True
4,0.0,implementation_upper:Asset_079,<=,0.0,0.1,0.1,0.0,True
4,0.0,implementation_upper:Asset_080,<=,0.0,0.1,0.1,0.0,True
4,0.0,implementation_upper:Asset_081,<=,0.04999998419282482,0.1,0.05000001580717518,0.0,True
4,0.0,implementation_upper:Asset_082,<=,0.0,0.1,0.1,0.0,True
4,0.0,implementation_upper:Asset_083,<=,0.09999999781679096,0.1,2.183209044104295e-09,0.0,True
4,0.0,implementation_upper:Asset_084,<=,0.0,0.1,0.1,0.0,True
4,0.0,implementation_upper:Asset_085,<=,0.0,0.1,0.1,0.0,True
4,0.0,implementation_upper:Asset_086,<=,0.0,0.1,0.1,0.0,True
4,0.0,implementation_upper:Asset_087,<=,0.0,0.1,0.1,0.0,True
4,0.0,implementation_upper:Asset_088,<=,0.0,0.1,0.1,0.0,True
4,0.0,implementation_upper:Asset_089,<=,0.0,0.1,0.1,0.0,True
4,0.0,implementation_upper:Asset_090,<=,0.0,0.1,0.1,0.0,True
4,0.0,implementation_upper:Asset_091,<=,0.03163200871027344,0.1,0.06836799128972657,0.0,True
4,0.0,implementation_upper:Asset_092,<=,0.010000000656566373,0.1,0.08999999934343364,0.0,True
4,0.0,implementation_upper:Asset_093,<=,0.0500000023546216,0.1,0.04999999764537841,0.0,True
4,0.0,implementation_upper:Asset_094,<=,0.0,0.1,0.1,0.0,True
4,0.0,implementation_upper:Asset_095,<=,0.0,0.1,0.1,0.0,True
4,0.0,implementation_upper:Asset_096,<=,0.010000001331274627,0.1,0.08999999866872538,0.0,True
4,0.0,implementation_upper:Asset_097,<=,0.05000000958470628,0.1,0.049999990415293724,0.0,True
4,0.0,implementation_upper:Asset_098,<=,0.0,0.1,0.1,0.0,True
4,0.0,implementation_upper:Asset_099,<=,0.0,0.1,0.1,0.0,True
4,0.05,budget,=,1.0,1.0,-0.0,0.0,True
4,0.05,asset_lower:Asset_000,>=,0.0,0.0,0.0,0.0,True
4,0.05,asset_upper:Asset_000,<=,0.0,0.2,0.2,0.0,True
4,0.05,asset_lower:Asset_001,>=,0.0,0.0,0.0,0.0,True
4,0.05,asset_upper:Asset_001,<=,0.0,0.2,0.2,0.0,True
4,0.05,asset_lower:Asset_002,>=,0.0,0.0,0.0,0.0,True
4,0.05,asset_upper:Asset_002,<=,0.0,0.2,0.2,0.0,True
4,0.05,asset_lower:Asset_003,>=,0.0,0.0,0.0,0.0,True
4,0.05,asset_upper:Asset_003,<=,0.0,0.2,0.2,0.0,True
4,0.05,asset_lower:Asset_004,>=,0.0,0.0,0.0,0.0,True
4,0.05,asset_upper:Asset_004,<=,0.0,0.2,0.2,0.0,True
4,0.05,asset_lower:Asset_005,>=,0.0,0.0,0.0,0.0,True
4,0.05,asset_upper:Asset_005,<=,0.0,0.2,0.2,0.0,True
4,0.05,asset_lower:Asset_006,>=,0.009999999999466087,0.0,0.009999999999466087,0.0,True
4,0.05,asset_upper:Asset_006,<=,0.009999999999466087,0.2,0.19000000000053394,0.0,True
4,0.05,asset_lower:Asset_007,>=,0.0,0.0,0.0,0.0,True
4,0.05,asset_upper:Asset_007,<=,0.0,0.2,0.2,0.0,True
4,0.05,asset_lower:Asset_008,>=,0.050000000001089555,0.0,0.050000000001089555,0.0,True
4,0.05,asset_upper:Asset_008,<=,0.050000000001089555,0.2,0.14999999999891045,0.0,True
4,0.05,asset_lower:Asset_009,>=,0.0,0.0,0.0,0.0,True
4,0.05,asset_upper:Asset_009,<=,0.0,0.2,0.2,0.0,True
4,0.05,asset_lower:Asset_010,>=,0.0,0.0,0.0,0.0,True
4,0.05,asset_upper:Asset_010,<=,0.0,0.2,0.2,0.0,True
4,0.05,asset_lower:Asset_011,>=,0.0,0.0,0.0,0.0,True
4,0.05,asset_upper:Asset_011,<=,0.0,0.2,0.2,0.0,True
4,0.05,asset_lower:Asset_012,>=,0.0,0.0,0.0,0.0,True
4,0.05,asset_upper:Asset_012,<=,0.0,0.2,0.2,0.0,True
4,0.05,asset_lower:Asset_013,>=,0.0,0.0,0.0,0.0,True
4,0.05,asset_upper:Asset_013,<=,0.0,0.2,0.2,0.0,True
4,0.05,asset_lower:Asset_014,>=,0.0,0.0,0.0,0.0,True
4,0.05,asset_upper:Asset_014,<=,0.0,0.2,0.2,0.0,True
4,0.05,asset_lower:Asset_015,>=,0.05000000000386636,0.0,0.05000000000386636,0.0,True
4,0.05,asset_upper:Asset_015,<=,0.05000000000386636,0.2,0.14999999999613364,0.0,True
4,0.05,asset_lower:Asset_016,>=,0.0,0.0,0.0,0.0,True
4,0.05,asset_upper:Asset_016,<=,0.0,0.2,0.2,0.0,True
4,0.05,asset_lower:Asset_017,>=,0.09999999999951453,0.0,0.09999999999951453,0.0,True
4,0.05,asset_upper:Asset_017,<=,0.09999999999951453,0.2,0.10000000000048548,0.0,True
4,0.05,asset_lower:Asset_018,>=,0.0,0.0,0.0,0.0,True
4,0.05,asset_upper:Asset_018,<=,0.0,0.2,0.2,0.0,True
4,0.05,asset_lower:Asset_019,>=,0.0,0.0,0.0,0.0,True
4,0.05,asset_upper:Asset_019,<=,0.0,0.2,0.2,0.0,True
4,0.05,asset_lower:Asset_020,>=,0.0,0.0,0.0,0.0,True
4,0.05,asset_upper:Asset_020,<=,0.0,0.2,0.2,0.0,True
4,0.05,asset_lower:Asset_021,>=,0.0,0.0,0.0,0.0,True
4,0.05,asset_upper:Asset_021,<=,0.0,0.2,0.2,0.0,True
4,0.05,asset_lower:Asset_022,>=,0.0,0.0,0.0,0.0,True
4,0.05,asset_upper:Asset_022,<=,0.0,0.2,0.2,0.0,True
4,0.05,asset_lower:Asset_023,>=,0.0,0.0,0.0,0.0,True
4,0.05,asset_upper:Asset_023,<=,0.0,0.2,0.2,0.0,True
4,0.05,asset_lower:Asset_024,>=,0.0,0.0,0.0,0.0,True
4,0.05,asset_upper:Asset_024,<=,0.0,0.2,0.2,0.0,True
4,0.05,asset_lower:Asset_025,>=,0.00999999999975469,0.0,0.00999999999975469,0.0,True
4,0.05,asset_upper:Asset_025,<=,0.00999999999975469,0.2,0.19000000000024533,0.0,True
4,0.05,asset_lower:Asset_026,>=,0.0,0.0,0.0,0.0,True
4,0.05,asset_upper:Asset_026,<=,0.0,0.2,0.2,0.0,True
4,0.05,asset_lower:Asset_027,>=,0.0,0.0,0.0,0.0,True
4,0.05,asset_upper:Asset_027,<=,0.0,0.2,0.2,0.0,True
4,0.05,asset_lower:Asset_028,>=,0.0,0.0,0.0,0.0,True
4,0.05,asset_upper:Asset_028,<=,0.0,0.2,0.2,0.0,True
4,0.05,asset_lower:Asset_029,>=,0.0,0.0,0.0,0.0,True
4,0.05,asset_upper:Asset_029,<=,0.0,0.2,0.2,0.0,True
4,0.05,asset_lower:Asset_030,>=,0.0,0.0,0.0,0.0,True
4,0.05,asset_upper:Asset_030,<=,0.0,0.2,0.2,0.0,True
4,0.05,asset_lower:Asset_031,>=,0.0,0.0,0.0,0.0,True
4,0.05,asset_upper:Asset_031,<=,0.0,0.2,0.2,0.0,True
4,0.05,asset_lower:Asset_032,>=,0.0,0.0,0.0,0.0,True
4,0.05,asset_upper:Asset_032,<=,0.0,0.2,0.2,0.0,True
4,0.05,asset_lower:Asset_033,>=,0.0,0.0,0.0,0.0,True
4,0.05,asset_upper:Asset_033,<=,0.0,0.2,0.2,0.0,True
4,0.05,asset_lower:Asset_034,>=,0.0,0.0,0.0,0.0,True
4,0.05,asset_upper:Asset_034,<=,0.0,0.2,0.2,0.0,True
4,0.05,asset_lower:Asset_035,>=,0.0,0.0,0.0,0.0,True
4,0.05,asset_upper:Asset_035,<=,0.0,0.2,0.2,0.0,True
4,0.05,asset_lower:Asset_036,>=,0.0,0.0,0.0,0.0,True
4,0.05,asset_upper:Asset_036,<=,0.0,0.2,0.2,0.0,True
4,0.05,asset_lower:Asset_037,>=,0.0,0.0,0.0,0.0,True
4,0.05,asset_upper:Asset_037,<=,0.0,0.2,0.2,0.0,True
4,0.05,asset_lower:Asset_038,>=,0.050000000000352936,0.0,0.050000000000352936,0.0,True
4,0.05,asset_upper:Asset_038,<=,0.050000000000352936,0.2,0.14999999999964708,0.0,True
4,0.05,asset_lower:Asset_039,>=,0.0,0.0,0.0,0.0,True
4,0.05,asset_upper:Asset_039,<=,0.0,0.2,0.2,0.0,True
4,0.05,asset_lower:Asset_040,>=,0.0,0.0,0.0,0.0,True
4,0.05,asset_upper:Asset_040,<=,0.0,0.2,0.2,0.0,True
4,0.05,asset_lower:Asset_041,>=,0.0,0.0,0.0,0.0,True
4,0.05,asset_upper:Asset_041,<=,0.0,0.2,0.2,0.0,True
4,0.05,asset_lower:Asset_042,>=,0.0,0.0,0.0,0.0,True
4,0.05,asset_upper:Asset_042,<=,0.0,0.2,0.2,0.0,True
4,0.05,asset_lower:Asset_043,>=,0.0,0.0,0.0,0.0,True
4,0.05,asset_upper:Asset_043,<=,0.0,0.2,0.2,0.0,True
4,0.05,asset_lower:Asset_044,>=,0.0,0.0,0.0,0.0,True
4,0.05,asset_upper:Asset_044,<=,0.0,0.2,0.2,0.0,True
4,0.05,asset_lower:Asset_045,>=,0.0,0.0,0.0,0.0,True
4,0.05,asset_upper:Asset_045,<=,0.0,0.2,0.2,0.0,True
4,0.05,asset_lower:Asset_046,>=,0.0,0.0,0.0,0.0,True
4,0.05,asset_upper:Asset_046,<=,0.0,0.2,0.2,0.0,True
4,0.05,asset_lower:Asset_047,>=,0.0,0.0,0.0,0.0,True
4,0.05,asset_upper:Asset_047,<=,0.0,0.2,0.2,0.0,True
4,0.05,asset_lower:Asset_048,>=,0.0,0.0,0.0,0.0,True
4,0.05,asset_upper:Asset_048,<=,0.0,0.2,0.2,0.0,True
4,0.05,asset_lower:Asset_049,>=,0.04842329333871386,0.0,0.04842329333871386,0.0,True
4,0.05,asset_upper:Asset_049,<=,0.04842329333871386,0.2,0.15157670666128614,0.0,True
4,0.05,asset_lower:Asset_050,>=,0.0,0.0,0.0,0.0,True
4,0.05,asset_upper:Asset_050,<=,0.0,0.2,0.2,0.0,True
4,0.05,asset_lower:Asset_051,>=,0.0,0.0,0.0,0.0,True
4,0.05,asset_upper:Asset_051,<=,0.0,0.2,0.2,0.0,True
4,0.05,asset_lower:Asset_052,>=,0.0,0.0,0.0,0.0,True
4,0.05,asset_upper:Asset_052,<=,0.0,0.2,0.2,0.0,True
4,0.05,asset_lower:Asset_053,>=,0.0,0.0,0.0,0.0,True
4,0.05,asset_upper:Asset_053,<=,0.0,0.2,0.2,0.0,True
4,0.05,asset_lower:Asset_054,>=,0.09999999999944417,0.0,0.09999999999944417,0.0,True
4,0.05,asset_upper:Asset_054,<=,0.09999999999944417,0.2,0.10000000000055584,0.0,True
4,0.05,asset_lower:Asset_055,>=,0.041579532988652766,0.0,0.041579532988652766,0.0,True
4,0.05,asset_upper:Asset_055,<=,0.041579532988652766,0.2,0.15842046701134724,0.0,True
4,0.05,asset_lower:Asset_056,>=,0.0,0.0,0.0,0.0,True
4,0.05,asset_upper:Asset_056,<=,0.0,0.2,0.2,0.0,True
4,0.05,asset_lower:Asset_057,>=,0.0,0.0,0.0,0.0,True
4,0.05,asset_upper:Asset_057,<=,0.0,0.2,0.2,0.0,True
4,0.05,asset_lower:Asset_058,>=,0.0,0.0,0.0,0.0,True
4,0.05,asset_upper:Asset_058,<=,0.0,0.2,0.2,0.0,True
4,0.05,asset_lower:Asset_059,>=,0.0,0.0,0.0,0.0,True
4,0.05,asset_upper:Asset_059,<=,0.0,0.2,0.2,0.0,True
4,0.05,asset_lower:Asset_060,>=,0.0,0.0,0.0,0.0,True
4,0.05,asset_upper:Asset_060,<=,0.0,0.2,0.2,0.0,True
4,0.05,asset_lower:Asset_061,>=,0.0,0.0,0.0,0.0,True
4,0.05,asset_upper:Asset_061,<=,0.0,0.2,0.2,0.0,True
4,0.05,asset_lower:Asset_062,>=,0.0999999999827883,0.0,0.0999999999827883,0.0,True
4,0.05,asset_upper:Asset_062,<=,0.0999999999827883,0.2,0.10000000001721171,0.0,True
4,0.05,asset_lower:Asset_063,>=,0.0,0.0,0.0,0.0,True
4,0.05,asset_upper:Asset_063,<=,0.0,0.2,0.2,0.0,True
4,0.05,asset_lower:Asset_064,>=,0.04999999999970108,0.0,0.04999999999970108,0.0,True
4,0.05,asset_upper:Asset_064,<=,0.04999999999970108,0.2,0.15000000000029892,0.0,True
4,0.05,asset_lower:Asset_065,>=,0.0,0.0,0.0,0.0,True
4,0.05,asset_upper:Asset_065,<=,0.0,0.2,0.2,0.0,True
4,0.05,asset_lower:Asset_066,>=,0.0,0.0,0.0,0.0,True
4,0.05,asset_upper:Asset_066,<=,0.0,0.2,0.2,0.0,True
4,0.05,asset_lower:Asset_067,>=,0.0,0.0,0.0,0.0,True
4,0.05,asset_upper:Asset_067,<=,0.0,0.2,0.2,0.0,True
4,0.05,asset_lower:Asset_068,>=,0.0,0.0,0.0,0.0,True
4,0.05,asset_upper:Asset_068,<=,0.0,0.2,0.2,0.0,True
4,0.05,asset_lower:Asset_069,>=,0.0,0.0,0.0,0.0,True
4,0.05,asset_upper:Asset_069,<=,0.0,0.2,0.2,0.0,True
4,0.05,asset_lower:Asset_070,>=,0.0,0.0,0.0,0.0,True
4,0.05,asset_upper:Asset_070,<=,0.0,0.2,0.2,0.0,True
4,0.05,asset_lower:Asset_071,>=,0.0,0.0,0.0,0.0,True
4,0.05,asset_upper:Asset_071,<=,0.0,0.2,0.2,0.0,True
4,0.05,asset_lower:Asset_072,>=,0.0,0.0,0.0,0.0,True
4,0.05,asset_upper:Asset_072,<=,0.0,0.2,0.2,0.0,True
4,0.05,asset_lower:Asset_073,>=,0.04999999999981448,0.0,0.04999999999981448,0.0,True
4,0.05,asset_upper:Asset_073,<=,0.04999999999981448,0.2,0.15000000000018554,0.0,True
4,0.05,asset_lower:Asset_074,>=,0.0,0.0,0.0,0.0,True
4,0.05,asset_upper:Asset_074,<=,0.0,0.2,0.2,0.0,True
4,0.05,asset_lower:Asset_075,>=,0.04999999999340046,0.0,0.04999999999340046,0.0,True
4,0.05,asset_upper:Asset_075,<=,0.04999999999340046,0.2,0.15000000000659955,0.0,True
4,0.05,asset_lower:Asset_076,>=,0.0,0.0,0.0,0.0,True
4,0.05,asset_upper:Asset_076,<=,0.0,0.2,0.2,0.0,True
4,0.05,asset_lower:Asset_077,>=,0.0,0.0,0.0,0.0,True
4,0.05,asset_upper:Asset_077,<=,0.0,0.2,0.2,0.0,True
4,0.05,asset_lower:Asset_078,>=,0.0,0.0,0.0,0.0,True
4,0.05,asset_upper:Asset_078,<=,0.0,0.2,0.2,0.0,True
4,0.05,asset_lower:Asset_079,>=,0.0,0.0,0.0,0.0,True
4,0.05,asset_upper:Asset_079,<=,0.0,0.2,0.2,0.0,True
4,0.05,asset_lower:Asset_080,>=,0.0,0.0,0.0,0.0,True
4,0.05,asset_upper:Asset_080,<=,0.0,0.2,0.2,0.0,True
4,0.05,asset_lower:Asset_081,>=,0.048347269944913604,0.0,0.048347269944913604,0.0,True
4,0.05,asset_upper:Asset_081,<=,0.048347269944913604,0.2,0.1516527300550864,0.0,True
4,0.05,asset_lower:Asset_082,>=,0.0,0.0,0.0,0.0,True
4,0.05,asset_upper:Asset_082,<=,0.0,0.2,0.2,0.0,True
4,0.05,asset_lower:Asset_083,>=,0.09999999999965875,0.0,0.09999999999965875,0.0,True
4,0.05,asset_upper:Asset_083,<=,0.09999999999965875,0.2,0.10000000000034126,0.0,True
4,0.05,asset_lower:Asset_084,>=,0.0,0.0,0.0,0.0,True
4,0.05,asset_upper:Asset_084,<=,0.0,0.2,0.2,0.0,True
4,0.05,asset_lower:Asset_085,>=,0.0,0.0,0.0,0.0,True
4,0.05,asset_upper:Asset_085,<=,0.0,0.2,0.2,0.0,True
4,0.05,asset_lower:Asset_086,>=,0.0,0.0,0.0,0.0,True
4,0.05,asset_upper:Asset_086,<=,0.0,0.2,0.2,0.0,True
4,0.05,asset_lower:Asset_087,>=,0.0,0.0,0.0,0.0,True
4,0.05,asset_upper:Asset_087,<=,0.0,0.2,0.2,0.0,True
4,0.05,asset_lower:Asset_088,>=,0.0,0.0,0.0,0.0,True
4,0.05,asset_upper:Asset_088,<=,0.0,0.2,0.2,0.0,True
4,0.05,asset_lower:Asset_089,>=,0.0,0.0,0.0,0.0,True
4,0.05,asset_upper:Asset_089,<=,0.0,0.2,0.2,0.0,True
4,0.05,asset_lower:Asset_090,>=,0.0,0.0,0.0,0.0,True
4,0.05,asset_upper:Asset_090,<=,0.0,0.2,0.2,0.0,True
4,0.05,asset_lower:Asset_091,>=,0.02164990374478014,0.0,0.02164990374478014,0.0,True
4,0.05,asset_upper:Asset_091,<=,0.02164990374478014,0.2,0.17835009625521986,0.0,True
4,0.05,asset_lower:Asset_092,>=,0.00999999999964306,0.0,0.00999999999964306,0.0,True
4,0.05,asset_upper:Asset_092,<=,0.00999999999964306,0.2,0.19000000000035694,0.0,True
4,0.05,asset_lower:Asset_093,>=,0.04999999999929858,0.0,0.04999999999929858,0.0,True
4,0.05,asset_upper:Asset_093,<=,0.04999999999929858,0.2,0.15000000000070143,0.0,True
4,0.05,asset_lower:Asset_094,>=,0.0,0.0,0.0,0.0,True
4,0.05,asset_upper:Asset_094,<=,0.0,0.2,0.2,0.0,True
4,0.05,asset_lower:Asset_095,>=,0.0,0.0,0.0,0.0,True
4,0.05,asset_upper:Asset_095,<=,0.0,0.2,0.2,0.0,True
4,0.05,asset_lower:Asset_096,>=,0.00999999999972348,0.0,0.00999999999972348,0.0,True
4,0.05,asset_upper:Asset_096,<=,0.00999999999972348,0.2,0.19000000000027653,0.0,True
4,0.05,asset_lower:Asset_097,>=,0.05000000000542321,0.0,0.05000000000542321,0.0,True
4,0.05,asset_upper:Asset_097,<=,0.05000000000542321,0.2,0.1499999999945768,0.0,True
4,0.05,asset_lower:Asset_098,>=,0.0,0.0,0.0,0.0,True
4,0.05,asset_upper:Asset_098,<=,0.0,0.2,0.2,0.0,True
4,0.05,asset_lower:Asset_099,>=,0.0,0.0,0.0,0.0,True
4,0.05,asset_upper:Asset_099,<=,0.0,0.2,0.2,0.0,True
4,0.05,group_lower:Group_0,>=,0.11322943673729927,0.10000000000000002,0.013229436737299247,0.0,True
4,0.05,group_upper:Group_0,<=,0.11322943673729927,0.25,0.13677056326270073,0.0,True
4,0.05,group_lower:Group_1,>=,0.11999999998200908,0.10000000000000002,0.019999999982009062,0.0,True
4,0.05,group_upper:Group_1,<=,0.11999999998200908,0.25,0.13000000001799092,0.0,True
4,0.05,group_lower:Group_2,>=,0.2000000000052203,0.10000000000000002,0.10000000000522029,0.0,True
4,0.05,group_upper:Group_2,<=,0.2000000000052203,0.25,0.04999999999477969,0.0,True
4,0.05,group_lower:Group_3,>=,0.14834726993801514,0.10000000000000002,0.04834726993801512,0.0,True
4,0.05,group_upper:Group_3,<=,0.14834726993801514,0.25,0.10165273006198486,0.0,True
4,0.05,group_lower:Group_4,>=,0.09842329333852834,0.05,0.048423293338528337,0.0,True
4,0.05,group_upper:Group_4,<=,0.09842329333852834,0.2,0.10157670666147167,0.0,True
4,0.05,group_lower:Group_5,>=,0.1500000000007483,0.05,0.10000000000074831,0.0,True
4,0.05,group_upper:Group_5,<=,0.1500000000007483,0.2,0.0499999999992517,0.0,True
4,0.05,group_lower:Group_6,>=,0.10999999999923801,0.05,0.05999999999923801,0.0,True
4,0.05,group_upper:Group_6,<=,0.10999999999923801,0.2,0.090000000000762,0.0,True
4,0.05,group_lower:Group_7,>=,0.059999999998941636,0.05,0.009999999998941633,0.0,True
4,0.05,group_upper:Group_7,<=,0.059999999998941636,0.2,0.1400000000010584,0.0,True
4,0.05,max_turnover,<=,0.39999999998427554,0.4,1.572447727582471e-11,0.0,True
4,0.05,exact_cardinality,=,20.0,20.0,-0.0,0.0,True
4,0.05,minimum_active_weight:Asset_006,>=,0.009999999999466087,0.01,-5.339131914361417e-13,5.339131914361417e-13,True
4,0.05,minimum_active_weight:Asset_008,>=,0.050000000001089555,0.01,0.04000000000108955,0.0,True
4,0.05,minimum_active_weight:Asset_015,>=,0.05000000000386636,0.01,0.04000000000386636,0.0,True
4,0.05,minimum_active_weight:Asset_017,>=,0.09999999999951453,0.01,0.08999999999951454,0.0,True
4,0.05,minimum_active_weight:Asset_025,>=,0.00999999999975469,0.01,-2.4531071618483224e-13,2.4531071618483224e-13,True
4,0.05,minimum_active_weight:Asset_038,>=,0.050000000000352936,0.01,0.040000000000352934,0.0,True
4,0.05,minimum_active_weight:Asset_049,>=,0.04842329333871386,0.01,0.03842329333871386,0.0,True
4,0.05,minimum_active_weight:Asset_054,>=,0.09999999999944417,0.01,0.08999999999944418,0.0,True
4,0.05,minimum_active_weight:Asset_055,>=,0.041579532988652766,0.01,0.031579532988652764,0.0,True
4,0.05,minimum_active_weight:Asset_062,>=,0.0999999999827883,0.01,0.0899999999827883,0.0,True
4,0.05,minimum_active_weight:Asset_064,>=,0.04999999999970108,0.01,0.03999999999970108,0.0,True
4,0.05,minimum_active_weight:Asset_073,>=,0.04999999999981448,0.01,0.039999999999814476,0.0,True
4,0.05,minimum_active_weight:Asset_075,>=,0.04999999999340046,0.01,0.03999999999340046,0.0,True
4,0.05,minimum_active_weight:Asset_081,>=,0.048347269944913604,0.01,0.0383472699449136,0.0,True
4,0.05,minimum_active_weight:Asset_083,>=,0.09999999999965875,0.01,0.08999999999965876,0.0,True
4,0.05,minimum_active_weight:Asset_091,>=,0.02164990374478014,0.01,0.011649903744780138,0.0,True
4,0.05,minimum_active_weight:Asset_092,>=,0.00999999999964306,0.01,-3.569401718639398e-13,3.569401718639398e-13,True
4,0.05,minimum_active_weight:Asset_093,>=,0.04999999999929858,0.01,0.039999999999298576,0.0,True
4,0.05,minimum_active_weight:Asset_096,>=,0.00999999999972348,0.01,-2.76520126241131e-13,2.76520126241131e-13,True
4,0.05,minimum_active_weight:Asset_097,>=,0.05000000000542321,0.01,0.04000000000542321,0.0,True
4,0.05,implementation_upper:Asset_000,<=,0.0,0.1,0.1,0.0,True
4,0.05,implementation_upper:Asset_001,<=,0.0,0.1,0.1,0.0,True
4,0.05,implementation_upper:Asset_002,<=,0.0,0.1,0.1,0.0,True
4,0.05,implementation_upper:Asset_003,<=,0.0,0.1,0.1,0.0,True
4,0.05,implementation_upper:Asset_004,<=,0.0,0.1,0.1,0.0,True
4,0.05,implementation_upper:Asset_005,<=,0.0,0.1,0.1,0.0,True
4,0.05,implementation_upper:Asset_006,<=,0.009999999999466087,0.1,0.09000000000053392,0.0,True
4,0.05,implementation_upper:Asset_007,<=,0.0,0.1,0.1,0.0,True
4,0.05,implementation_upper:Asset_008,<=,0.050000000001089555,0.1,0.04999999999891045,0.0,True
4,0.05,implementation_upper:Asset_009,<=,0.0,0.1,0.1,0.0,True
4,0.05,implementation_upper:Asset_010,<=,0.0,0.1,0.1,0.0,True
4,0.05,implementation_upper:Asset_011,<=,0.0,0.1,0.1,0.0,True
4,0.05,implementation_upper:Asset_012,<=,0.0,0.1,0.1,0.0,True
4,0.05,implementation_upper:Asset_013,<=,0.0,0.1,0.1,0.0,True
4,0.05,implementation_upper:Asset_014,<=,0.0,0.1,0.1,0.0,True
4,0.05,implementation_upper:Asset_015,<=,0.05000000000386636,0.1,0.049999999996133644,0.0,True
4,0.05,implementation_upper:Asset_016,<=,0.0,0.1,0.1,0.0,True
4,0.05,implementation_upper:Asset_017,<=,0.09999999999951453,0.1,4.854727730929653e-13,0.0,True
4,0.05,implementation_upper:Asset_018,<=,0.0,0.1,0.1,0.0,True
4,0.05,implementation_upper:Asset_019,<=,0.0,0.1,0.1,0.0,True
4,0.05,implementation_upper:Asset_020,<=,0.0,0.1,0.1,0.0,True
4,0.05,implementation_upper:Asset_021,<=,0.0,0.1,0.1,0.0,True
4,0.05,implementation_upper:Asset_022,<=,0.0,0.1,0.1,0.0,True
4,0.05,implementation_upper:Asset_023,<=,0.0,0.1,0.1,0.0,True
4,0.05,implementation_upper:Asset_024,<=,0.0,0.1,0.1,0.0,True
4,0.05,implementation_upper:Asset_025,<=,0.00999999999975469,0.1,0.09000000000024531,0.0,True
4,0.05,implementation_upper:Asset_026,<=,0.0,0.1,0.1,0.0,True
4,0.05,implementation_upper:Asset_027,<=,0.0,0.1,0.1,0.0,True
4,0.05,implementation_upper:Asset_028,<=,0.0,0.1,0.1,0.0,True
4,0.05,implementation_upper:Asset_029,<=,0.0,0.1,0.1,0.0,True
4,0.05,implementation_upper:Asset_030,<=,0.0,0.1,0.1,0.0,True
4,0.05,implementation_upper:Asset_031,<=,0.0,0.1,0.1,0.0,True
4,0.05,implementation_upper:Asset_032,<=,0.0,0.1,0.1,0.0,True
4,0.05,implementation_upper:Asset_033,<=,0.0,0.1,0.1,0.0,True
4,0.05,implementation_upper:Asset_034,<=,0.0,0.1,0.1,0.0,True
4,0.05,implementation_upper:Asset_035,<=,0.0,0.1,0.1,0.0,True
4,0.05,implementation_upper:Asset_036,<=,0.0,0.1,0.1,0.0,True
4,0.05,implementation_upper:Asset_037,<=,0.0,0.1,0.1,0.0,True
4,0.05,implementation_upper:Asset_038,<=,0.050000000000352936,0.1,0.04999999999964707,0.0,True
4,0.05,implementation_upper:Asset_039,<=,0.0,0.1,0.1,0.0,True
4,0.05,implementation_upper:Asset_040,<=,0.0,0.1,0.1,0.0,True
4,0.05,implementation_upper:Asset_041,<=,0.0,0.1,0.1,0.0,True
4,0.05,implementation_upper:Asset_042,<=,0.0,0.1,0.1,0.0,True
4,0.05,implementation_upper:Asset_043,<=,0.0,0.1,0.1,0.0,True
4,0.05,implementation_upper:Asset_044,<=,0.0,0.1,0.1,0.0,True
4,0.05,implementation_upper:Asset_045,<=,0.0,0.1,0.1,0.0,True
4,0.05,implementation_upper:Asset_046,<=,0.0,0.1,0.1,0.0,True
4,0.05,implementation_upper:Asset_047,<=,0.0,0.1,0.1,0.0,True
4,0.05,implementation_upper:Asset_048,<=,0.0,0.1,0.1,0.0,True
4,0.05,implementation_upper:Asset_049,<=,0.04842329333871386,0.1,0.051576706661286144,0.0,True
4,0.05,implementation_upper:Asset_050,<=,0.0,0.1,0.1,0.0,True
4,0.05,implementation_upper:Asset_051,<=,0.0,0.1,0.1,0.0,True
4,0.05,implementation_upper:Asset_052,<=,0.0,0.1,0.1,0.0,True
4,0.05,implementation_upper:Asset_053,<=,0.0,0.1,0.1,0.0,True
4,0.05,implementation_upper:Asset_054,<=,0.09999999999944417,0.1,5.558331572785846e-13,0.0,True
4,0.05,implementation_upper:Asset_055,<=,0.041579532988652766,0.1,0.05842046701134724,0.0,True
4,0.05,implementation_upper:Asset_056,<=,0.0,0.1,0.1,0.0,True
4,0.05,implementation_upper:Asset_057,<=,0.0,0.1,0.1,0.0,True
4,0.05,implementation_upper:Asset_058,<=,0.0,0.1,0.1,0.0,True
4,0.05,implementation_upper:Asset_059,<=,0.0,0.1,0.1,0.0,True
4,0.05,implementation_upper:Asset_060,<=,0.0,0.1,0.1,0.0,True
4,0.05,implementation_upper:Asset_061,<=,0.0,0.1,0.1,0.0,True
4,0.05,implementation_upper:Asset_062,<=,0.0999999999827883,0.1,1.7211704284036955e-11,0.0,True
4,0.05,implementation_upper:Asset_063,<=,0.0,0.1,0.1,0.0,True
4,0.05,implementation_upper:Asset_064,<=,0.04999999999970108,0.1,0.05000000000029892,0.0,True
4,0.05,implementation_upper:Asset_065,<=,0.0,0.1,0.1,0.0,True
4,0.05,implementation_upper:Asset_066,<=,0.0,0.1,0.1,0.0,True
4,0.05,implementation_upper:Asset_067,<=,0.0,0.1,0.1,0.0,True
4,0.05,implementation_upper:Asset_068,<=,0.0,0.1,0.1,0.0,True
4,0.05,implementation_upper:Asset_069,<=,0.0,0.1,0.1,0.0,True
4,0.05,implementation_upper:Asset_070,<=,0.0,0.1,0.1,0.0,True
4,0.05,implementation_upper:Asset_071,<=,0.0,0.1,0.1,0.0,True
4,0.05,implementation_upper:Asset_072,<=,0.0,0.1,0.1,0.0,True
4,0.05,implementation_upper:Asset_073,<=,0.04999999999981448,0.1,0.05000000000018553,0.0,True
4,0.05,implementation_upper:Asset_074,<=,0.0,0.1,0.1,0.0,True
4,0.05,implementation_upper:Asset_075,<=,0.04999999999340046,0.1,0.05000000000659954,0.0,True
4,0.05,implementation_upper:Asset_076,<=,0.0,0.1,0.1,0.0,True
4,0.05,implementation_upper:Asset_077,<=,0.0,0.1,0.1,0.0,True
4,0.05,implementation_upper:Asset_078,<=,0.0,0.1,0.1,0.0,True
4,0.05,implementation_upper:Asset_079,<=,0.0,0.1,0.1,0.0,True
4,0.05,implementation_upper:Asset_080,<=,0.0,0.1,0.1,0.0,True
4,0.05,implementation_upper:Asset_081,<=,0.048347269944913604,0.1,0.0516527300550864,0.0,True
4,0.05,implementation_upper:Asset_082,<=,0.0,0.1,0.1,0.0,True
4,0.05,implementation_upper:Asset_083,<=,0.09999999999965875,0.1,3.412548021941575e-13,0.0,True
4,0.05,implementation_upper:Asset_084,<=,0.0,0.1,0.1,0.0,True
4,0.05,implementation_upper:Asset_085,<=,0.0,0.1,0.1,0.0,True
4,0.05,implementation_upper:Asset_086,<=,0.0,0.1,0.1,0.0,True
4,0.05,implementation_upper:Asset_087,<=,0.0,0.1,0.1,0.0,True
4,0.05,implementation_upper:Asset_088,<=,0.0,0.1,0.1,0.0,True
4,0.05,implementation_upper:Asset_089,<=,0.0,0.1,0.1,0.0,True
4,0.05,implementation_upper:Asset_090,<=,0.0,0.1,0.1,0.0,True
4,0.05,implementation_upper:Asset_091,<=,0.02164990374478014,0.1,0.07835009625521987,0.0,True
4,0.05,implementation_upper:Asset_092,<=,0.00999999999964306,0.1,0.09000000000035695,0.0,True
4,0.05,implementation_upper:Asset_093,<=,0.04999999999929858,0.1,0.05000000000070143,0.0,True
4,0.05,implementation_upper:Asset_094,<=,0.0,0.1,0.1,0.0,True
4,0.05,implementation_upper:Asset_095,<=,0.0,0.1,0.1,0.0,True
4,0.05,implementation_upper:Asset_096,<=,0.00999999999972348,0.1,0.09000000000027653,0.0,True
4,0.05,implementation_upper:Asset_097,<=,0.05000000000542321,0.1,0.04999999999457679,0.0,True
4,0.05,implementation_upper:Asset_098,<=,0.0,0.1,0.1,0.0,True
4,0.05,implementation_upper:Asset_099,<=,0.0,0.1,0.1,0.0,True
4,0.1,budget,=,1.0000000000000024,1.0,-2.4424906541753444e-15,2.4424906541753444e-15,True
4,0.1,asset_lower:Asset_000,>=,0.0,0.0,0.0,0.0,True
4,0.1,asset_upper:Asset_000,<=,0.0,0.2,0.2,0.0,True
4,0.1,asset_lower:Asset_001,>=,0.0,0.0,0.0,0.0,True
4,0.1,asset_upper:Asset_001,<=,0.0,0.2,0.2,0.0,True
4,0.1,asset_lower:Asset_002,>=,0.0,0.0,0.0,0.0,True
4,0.1,asset_upper:Asset_002,<=,0.0,0.2,0.2,0.0,True
4,0.1,asset_lower:Asset_003,>=,0.0,0.0,0.0,0.0,True
4,0.1,asset_upper:Asset_003,<=,0.0,0.2,0.2,0.0,True
4,0.1,asset_lower:Asset_004,>=,0.0,0.0,0.0,0.0,True
4,0.1,asset_upper:Asset_004,<=,0.0,0.2,0.2,0.0,True
4,0.1,asset_lower:Asset_005,>=,0.0,0.0,0.0,0.0,True
4,0.1,asset_upper:Asset_005,<=,0.0,0.2,0.2,0.0,True
4,0.1,asset_lower:Asset_006,>=,0.00999999999213703,0.0,0.00999999999213703,0.0,True
4,0.1,asset_upper:Asset_006,<=,0.00999999999213703,0.2,0.190000000007863,0.0,True
4,0.1,asset_lower:Asset_007,>=,0.0,0.0,0.0,0.0,True
4,0.1,asset_upper:Asset_007,<=,0.0,0.2,0.2,0.0,True
4,0.1,asset_lower:Asset_008,>=,0.05000000000512657,0.0,0.05000000000512657,0.0,True
4,0.1,asset_upper:Asset_008,<=,0.05000000000512657,0.2,0.14999999999487346,0.0,True
4,0.1,asset_lower:Asset_009,>=,0.0,0.0,0.0,0.0,True
4,0.1,asset_upper:Asset_009,<=,0.0,0.2,0.2,0.0,True
4,0.1,asset_lower:Asset_010,>=,0.0,0.0,0.0,0.0,True
4,0.1,asset_upper:Asset_010,<=,0.0,0.2,0.2,0.0,True
4,0.1,asset_lower:Asset_011,>=,0.0,0.0,0.0,0.0,True
4,0.1,asset_upper:Asset_011,<=,0.0,0.2,0.2,0.0,True
4,0.1,asset_lower:Asset_012,>=,0.0,0.0,0.0,0.0,True
4,0.1,asset_upper:Asset_012,<=,0.0,0.2,0.2,0.0,True
4,0.1,asset_lower:Asset_013,>=,0.0,0.0,0.0,0.0,True
4,0.1,asset_upper:Asset_013,<=,0.0,0.2,0.2,0.0,True
4,0.1,asset_lower:Asset_014,>=,0.0,0.0,0.0,0.0,True
4,0.1,asset_upper:Asset_014,<=,0.0,0.2,0.2,0.0,True
4,0.1,asset_lower:Asset_015,>=,0.0500000000462444,0.0,0.0500000000462444,0.0,True
4,0.1,asset_upper:Asset_015,<=,0.0500000000462444,0.2,0.14999999995375563,0.0,True
4,0.1,asset_lower:Asset_016,>=,0.0,0.0,0.0,0.0,True
4,0.1,asset_upper:Asset_016,<=,0.0,0.2,0.2,0.0,True
4,0.1,asset_lower:Asset_017,>=,0.09999999998425,0.0,0.09999999998425,0.0,True
4,0.1,asset_upper:Asset_017,<=,0.09999999998425,0.2,0.10000000001575002,0.0,True
4,0.1,asset_lower:Asset_018,>=,0.0,0.0,0.0,0.0,True
4,0.1,asset_upper:Asset_018,<=,0.0,0.2,0.2,0.0,True
4,0.1,asset_lower:Asset_019,>=,0.0,0.0,0.0,0.0,True
4,0.1,asset_upper:Asset_019,<=,0.0,0.2,0.2,0.0,True
4,0.1,asset_lower:Asset_020,>=,0.0,0.0,0.0,0.0,True
4,0.1,asset_upper:Asset_020,<=,0.0,0.2,0.2,0.0,True
4,0.1,asset_lower:Asset_021,>=,0.0,0.0,0.0,0.0,True
4,0.1,asset_upper:Asset_021,<=,0.0,0.2,0.2,0.0,True
4,0.1,asset_lower:Asset_022,>=,0.0,0.0,0.0,0.0,True
4,0.1,asset_upper:Asset_022,<=,0.0,0.2,0.2,0.0,True
4,0.1,asset_lower:Asset_023,>=,0.0,0.0,0.0,0.0,True
4,0.1,asset_upper:Asset_023,<=,0.0,0.2,0.2,0.0,True
4,0.1,asset_lower:Asset_024,>=,0.0,0.0,0.0,0.0,True
4,0.1,asset_upper:Asset_024,<=,0.0,0.2,0.2,0.0,True
4,0.1,asset_lower:Asset_025,>=,0.009999999995061185,0.0,0.009999999995061185,0.0,True
4,0.1,asset_upper:Asset_025,<=,0.009999999995061185,0.2,0.19000000000493883,0.0,True
4,0.1,asset_lower:Asset_026,>=,0.0,0.0,0.0,0.0,True
4,0.1,asset_upper:Asset_026,<=,0.0,0.2,0.2,0.0,True
4,0.1,asset_lower:Asset_027,>=,0.0,0.0,0.0,0.0,True
4,0.1,asset_upper:Asset_027,<=,0.0,0.2,0.2,0.0,True
4,0.1,asset_lower:Asset_028,>=,0.0,0.0,0.0,0.0,True
4,0.1,asset_upper:Asset_028,<=,0.0,0.2,0.2,0.0,True
4,0.1,asset_lower:Asset_029,>=,0.0,0.0,0.0,0.0,True
4,0.1,asset_upper:Asset_029,<=,0.0,0.2,0.2,0.0,True
4,0.1,asset_lower:Asset_030,>=,0.0,0.0,0.0,0.0,True
4,0.1,asset_upper:Asset_030,<=,0.0,0.2,0.2,0.0,True
4,0.1,asset_lower:Asset_031,>=,0.0,0.0,0.0,0.0,True
4,0.1,asset_upper:Asset_031,<=,0.0,0.2,0.2,0.0,True
4,0.1,asset_lower:Asset_032,>=,0.0,0.0,0.0,0.0,True
4,0.1,asset_upper:Asset_032,<=,0.0,0.2,0.2,0.0,True
4,0.1,asset_lower:Asset_033,>=,0.0,0.0,0.0,0.0,True
4,0.1,asset_upper:Asset_033,<=,0.0,0.2,0.2,0.0,True
4,0.1,asset_lower:Asset_034,>=,0.0,0.0,0.0,0.0,True
4,0.1,asset_upper:Asset_034,<=,0.0,0.2,0.2,0.0,True
4,0.1,asset_lower:Asset_035,>=,0.0,0.0,0.0,0.0,True
4,0.1,asset_upper:Asset_035,<=,0.0,0.2,0.2,0.0,True
4,0.1,asset_lower:Asset_036,>=,0.0,0.0,0.0,0.0,True
4,0.1,asset_upper:Asset_036,<=,0.0,0.2,0.2,0.0,True
4,0.1,asset_lower:Asset_037,>=,0.0,0.0,0.0,0.0,True
4,0.1,asset_upper:Asset_037,<=,0.0,0.2,0.2,0.0,True
4,0.1,asset_lower:Asset_038,>=,0.05000000000910243,0.0,0.05000000000910243,0.0,True
4,0.1,asset_upper:Asset_038,<=,0.05000000000910243,0.2,0.14999999999089758,0.0,True
4,0.1,asset_lower:Asset_039,>=,0.0,0.0,0.0,0.0,True
4,0.1,asset_upper:Asset_039,<=,0.0,0.2,0.2,0.0,True
4,0.1,asset_lower:Asset_040,>=,0.0,0.0,0.0,0.0,True
4,0.1,asset_upper:Asset_040,<=,0.0,0.2,0.2,0.0,True
4,0.1,asset_lower:Asset_041,>=,0.0,0.0,0.0,0.0,True
4,0.1,asset_upper:Asset_041,<=,0.0,0.2,0.2,0.0,True
4,0.1,asset_lower:Asset_042,>=,0.0,0.0,0.0,0.0,True
4,0.1,asset_upper:Asset_042,<=,0.0,0.2,0.2,0.0,True
4,0.1,asset_lower:Asset_043,>=,0.0,0.0,0.0,0.0,True
4,0.1,asset_upper:Asset_043,<=,0.0,0.2,0.2,0.0,True
4,0.1,asset_lower:Asset_044,>=,0.0,0.0,0.0,0.0,True
4,0.1,asset_upper:Asset_044,<=,0.0,0.2,0.2,0.0,True
4,0.1,asset_lower:Asset_045,>=,0.0,0.0,0.0,0.0,True
4,0.1,asset_upper:Asset_045,<=,0.0,0.2,0.2,0.0,True
4,0.1,asset_lower:Asset_046,>=,0.0,0.0,0.0,0.0,True
4,0.1,asset_upper:Asset_046,<=,0.0,0.2,0.2,0.0,True
4,0.1,asset_lower:Asset_047,>=,0.0,0.0,0.0,0.0,True
4,0.1,asset_upper:Asset_047,<=,0.0,0.2,0.2,0.0,True
4,0.1,asset_lower:Asset_048,>=,0.0,0.0,0.0,0.0,True
4,0.1,asset_upper:Asset_048,<=,0.0,0.2,0.2,0.0,True
4,0.1,asset_lower:Asset_049,>=,0.04027622229863891,0.0,0.04027622229863891,0.0,True
4,0.1,asset_upper:Asset_049,<=,0.04027622229863891,0.2,0.1597237777013611,0.0,True
4,0.1,asset_lower:Asset_050,>=,0.0,0.0,0.0,0.0,True
4,0.1,asset_upper:Asset_050,<=,0.0,0.2,0.2,0.0,True
4,0.1,asset_lower:Asset_051,>=,0.0,0.0,0.0,0.0,True
4,0.1,asset_upper:Asset_051,<=,0.0,0.2,0.2,0.0,True
4,0.1,asset_lower:Asset_052,>=,0.0,0.0,0.0,0.0,True
4,0.1,asset_upper:Asset_052,<=,0.0,0.2,0.2,0.0,True
4,0.1,asset_lower:Asset_053,>=,0.0,0.0,0.0,0.0,True
4,0.1,asset_upper:Asset_053,<=,0.0,0.2,0.2,0.0,True
4,0.1,asset_lower:Asset_054,>=,0.09999999998687283,0.0,0.09999999998687283,0.0,True
4,0.1,asset_upper:Asset_054,<=,0.09999999998687283,0.2,0.10000000001312719,0.0,True
4,0.1,asset_lower:Asset_055,>=,0.04999999986696129,0.0,0.04999999986696129,0.0,True
4,0.1,asset_upper:Asset_055,<=,0.04999999986696129,0.2,0.1500000001330387,0.0,True
4,0.1,asset_lower:Asset_056,>=,0.0,0.0,0.0,0.0,True
4,0.1,asset_upper:Asset_056,<=,0.0,0.2,0.2,0.0,True
4,0.1,asset_lower:Asset_057,>=,0.0,0.0,0.0,0.0,True
4,0.1,asset_upper:Asset_057,<=,0.0,0.2,0.2,0.0,True
4,0.1,asset_lower:Asset_058,>=,0.0,0.0,0.0,0.0,True
4,0.1,asset_upper:Asset_058,<=,0.0,0.2,0.2,0.0,True
4,0.1,asset_lower:Asset_059,>=,0.0,0.0,0.0,0.0,True
4,0.1,asset_upper:Asset_059,<=,0.0,0.2,0.2,0.0,True
4,0.1,asset_lower:Asset_060,>=,0.0,0.0,0.0,0.0,True
4,0.1,asset_upper:Asset_060,<=,0.0,0.2,0.2,0.0,True
4,0.1,asset_lower:Asset_061,>=,0.0,0.0,0.0,0.0,True
4,0.1,asset_upper:Asset_061,<=,0.0,0.2,0.2,0.0,True
4,0.1,asset_lower:Asset_062,>=,0.0999999998861156,0.0,0.0999999998861156,0.0,True
4,0.1,asset_upper:Asset_062,<=,0.0999999998861156,0.2,0.10000000011388441,0.0,True
4,0.1,asset_lower:Asset_063,>=,0.0,0.0,0.0,0.0,True
4,0.1,asset_upper:Asset_063,<=,0.0,0.2,0.2,0.0,True
4,0.1,asset_lower:Asset_064,>=,0.04999999995492482,0.0,0.04999999995492482,0.0,True
4,0.1,asset_upper:Asset_064,<=,0.04999999995492482,0.2,0.1500000000450752,0.0,True
4,0.1,asset_lower:Asset_065,>=,0.0,0.0,0.0,0.0,True
4,0.1,asset_upper:Asset_065,<=,0.0,0.2,0.2,0.0,True
4,0.1,asset_lower:Asset_066,>=,0.0,0.0,0.0,0.0,True
4,0.1,asset_upper:Asset_066,<=,0.0,0.2,0.2,0.0,True
4,0.1,asset_lower:Asset_067,>=,0.0,0.0,0.0,0.0,True
4,0.1,asset_upper:Asset_067,<=,0.0,0.2,0.2,0.0,True
4,0.1,asset_lower:Asset_068,>=,0.0,0.0,0.0,0.0,True
4,0.1,asset_upper:Asset_068,<=,0.0,0.2,0.2,0.0,True
4,0.1,asset_lower:Asset_069,>=,0.0,0.0,0.0,0.0,True
4,0.1,asset_upper:Asset_069,<=,0.0,0.2,0.2,0.0,True
4,0.1,asset_lower:Asset_070,>=,0.0,0.0,0.0,0.0,True
4,0.1,asset_upper:Asset_070,<=,0.0,0.2,0.2,0.0,True
4,0.1,asset_lower:Asset_071,>=,0.0,0.0,0.0,0.0,True
4,0.1,asset_upper:Asset_071,<=,0.0,0.2,0.2,0.0,True
4,0.1,asset_lower:Asset_072,>=,0.0,0.0,0.0,0.0,True
4,0.1,asset_upper:Asset_072,<=,0.0,0.2,0.2,0.0,True
4,0.1,asset_lower:Asset_073,>=,0.04999999999577694,0.0,0.04999999999577694,0.0,True
4,0.1,asset_upper:Asset_073,<=,0.04999999999577694,0.2,0.15000000000422306,0.0,True
4,0.1,asset_lower:Asset_074,>=,0.0,0.0,0.0,0.0,True
4,0.1,asset_upper:Asset_074,<=,0.0,0.2,0.2,0.0,True
4,0.1,asset_lower:Asset_075,>=,0.04999999989665759,0.0,0.04999999989665759,0.0,True
4,0.1,asset_upper:Asset_075,<=,0.04999999989665759,0.2,0.1500000001033424,0.0,True
4,0.1,asset_lower:Asset_076,>=,0.0,0.0,0.0,0.0,True
4,0.1,asset_upper:Asset_076,<=,0.0,0.2,0.2,0.0,True
4,0.1,asset_lower:Asset_077,>=,0.0,0.0,0.0,0.0,True
4,0.1,asset_upper:Asset_077,<=,0.0,0.2,0.2,0.0,True
4,0.1,asset_lower:Asset_078,>=,0.0,0.0,0.0,0.0,True
4,0.1,asset_upper:Asset_078,<=,0.0,0.2,0.2,0.0,True
4,0.1,asset_lower:Asset_079,>=,0.0,0.0,0.0,0.0,True
4,0.1,asset_upper:Asset_079,<=,0.0,0.2,0.2,0.0,True
4,0.1,asset_lower:Asset_080,>=,0.0,0.0,0.0,0.0,True
4,0.1,asset_upper:Asset_080,<=,0.0,0.2,0.2,0.0,True
4,0.1,asset_lower:Asset_081,>=,0.04587094274781847,0.0,0.04587094274781847,0.0,True
4,0.1,asset_upper:Asset_081,<=,0.04587094274781847,0.2,0.15412905725218154,0.0,True
4,0.1,asset_lower:Asset_082,>=,0.0,0.0,0.0,0.0,True
4,0.1,asset_upper:Asset_082,<=,0.0,0.2,0.2,0.0,True
4,0.1,asset_lower:Asset_083,>=,0.09999999998870972,0.0,0.09999999998870972,0.0,True
4,0.1,asset_upper:Asset_083,<=,0.09999999998870972,0.2,0.1000000000112903,0.0,True
4,0.1,asset_lower:Asset_084,>=,0.0,0.0,0.0,0.0,True
4,0.1,asset_upper:Asset_084,<=,0.0,0.2,0.2,0.0,True
4,0.1,asset_lower:Asset_085,>=,0.0,0.0,0.0,0.0,True
4,0.1,asset_upper:Asset_085,<=,0.0,0.2,0.2,0.0,True
4,0.1,asset_lower:Asset_086,>=,0.0,0.0,0.0,0.0,True
4,0.1,asset_upper:Asset_086,<=,0.0,0.2,0.2,0.0,True
4,0.1,asset_lower:Asset_087,>=,0.0,0.0,0.0,0.0,True
4,0.1,asset_upper:Asset_087,<=,0.0,0.2,0.2,0.0,True
4,0.1,asset_lower:Asset_088,>=,0.0,0.0,0.0,0.0,True
4,0.1,asset_upper:Asset_088,<=,0.0,0.2,0.2,0.0,True
4,0.1,asset_lower:Asset_089,>=,0.0,0.0,0.0,0.0,True
4,0.1,asset_upper:Asset_089,<=,0.0,0.2,0.2,0.0,True
4,0.1,asset_lower:Asset_090,>=,0.0,0.0,0.0,0.0,True
4,0.1,asset_upper:Asset_090,<=,0.0,0.2,0.2,0.0,True
4,0.1,asset_lower:Asset_091,>=,0.023852835315578014,0.0,0.023852835315578014,0.0,True
4,0.1,asset_upper:Asset_091,<=,0.023852835315578014,0.2,0.176147164684422,0.0,True
4,0.1,asset_lower:Asset_092,>=,0.009999999994417454,0.0,0.009999999994417454,0.0,True
4,0.1,asset_upper:Asset_092,<=,0.009999999994417454,0.2,0.19000000000558256,0.0,True
4,0.1,asset_lower:Asset_093,>=,0.04999999998837046,0.0,0.04999999998837046,0.0,True
4,0.1,asset_upper:Asset_093,<=,0.04999999998837046,0.2,0.15000000001162955,0.0,True
4,0.1,asset_lower:Asset_094,>=,0.0,0.0,0.0,0.0,True
4,0.1,asset_upper:Asset_094,<=,0.0,0.2,0.2,0.0,True
4,0.1,asset_lower:Asset_095,>=,0.0,0.0,0.0,0.0,True
4,0.1,asset_upper:Asset_095,<=,0.0,0.2,0.2,0.0,True
4,0.1,asset_lower:Asset_096,>=,0.009999999994923195,0.0,0.009999999994923195,0.0,True
4,0.1,asset_upper:Asset_096,<=,0.009999999994923195,0.2,0.19000000000507683,0.0,True
4,0.1,asset_lower:Asset_097,>=,0.050000000052315446,0.0,0.050000000052315446,0.0,True
4,0.1,asset_upper:Asset_097,<=,0.050000000052315446,0.2,0.14999999994768456,0.0,True
4,0.1,asset_lower:Asset_098,>=,0.0,0.0,0.0,0.0,True
4,0.1,asset_upper:Asset_098,<=,0.0,0.2,0.2,0.0,True
4,0.1,asset_lower:Asset_099,>=,0.0,0.0,0.0,0.0,True
4,0.1,asset_upper:Asset_099,<=,0.0,0.2,0.2,0.0,True
4,0.1,group_lower:Group_0,>=,0.1238528352287837,0.10000000000000002,0.023852835228783675,0.0,True
4,0.1,group_upper:Group_0,<=,0.1238528352287837,0.25,0.1261471647712163,0.0,True
4,0.1,group_lower:Group_1,>=,0.11999999987331382,0.10000000000000002,0.0199999998733138,0.0,True
4,0.1,group_upper:Group_1,<=,0.11999999987331382,0.25,0.13000000012668617,0.0,True
4,0.1,group_lower:Group_2,>=,0.2000000000482907,0.10000000000000002,0.10000000004829067,0.0,True
4,0.1,group_upper:Group_2,<=,0.2000000000482907,0.25,0.04999999995170931,0.0,True
4,0.1,group_lower:Group_3,>=,0.1458709425994009,0.10000000000000002,0.045870942599400874,0.0,True
4,0.1,group_upper:Group_3,<=,0.1458709425994009,0.25,0.1041290574005991,0.0,True
4,0.1,group_lower:Group_4,>=,0.09027622229441586,0.05,0.04027622229441585,0.0,True
4,0.1,group_upper:Group_4,<=,0.09027622229441586,0.2,0.10972377770558416,0.0,True
4,0.1,group_lower:Group_5,>=,0.14999999999383629,0.05,0.09999999999383628,0.0,True
4,0.1,group_upper:Group_5,<=,0.14999999999383629,0.2,0.050000000006163725,0.0,True
4,0.1,group_lower:Group_6,>=,0.10999999997917319,0.05,0.059999999979173185,0.0,True
4,0.1,group_upper:Group_6,<=,0.10999999997917319,0.2,0.09000000002082682,0.0,True
4,0.1,group_lower:Group_7,>=,0.05999999998278791,0.05,0.009999999982787909,0.0,True
4,0.1,group_upper:Group_7,<=,0.05999999998278791,0.2,0.1400000000172121,0.0,True
4,0.1,max_turnover,<=,0.3999999999174716,0.4,8.252842853551101e-11,0.0,True
4,0.1,exact_cardinality,=,20.0,20.0,-0.0,0.0,True
4,0.1,minimum_active_weight:Asset_006,>=,0.00999999999213703,0.01,-7.862970691219218e-12,7.862970691219218e-12,True
4,0.1,minimum_active_weight:Asset_008,>=,0.05000000000512657,0.01,0.04000000000512657,0.0,True
4,0.1,minimum_active_weight:Asset_015,>=,0.0500000000462444,0.01,0.0400000000462444,0.0,True
4,0.1,minimum_active_weight:Asset_017,>=,0.09999999998425,0.01,0.08999999998425,0.0,True
4,0.1,minimum_active_weight:Asset_025,>=,0.009999999995061185,0.01,-4.938814981980677e-12,4.938814981980677e-12,True
4,0.1,minimum_active_weight:Asset_038,>=,0.05000000000910243,0.01,0.04000000000910243,0.0,True
4,0.1,minimum_active_weight:Asset_049,>=,0.04027622229863891,0.01,0.03027622229863891,0.0,True
4,0.1,minimum_active_weight:Asset_054,>=,0.09999999998687283,0.01,0.08999999998687283,0.0,True
4,0.1,minimum_active_weight:Asset_055,>=,0.04999999986696129,0.01,0.03999999986696129,0.0,True
4,0.1,minimum_active_weight:Asset_062,>=,0.0999999998861156,0.01,0.08999999988611561,0.0,True
4,0.1,minimum_active_weight:Asset_064,>=,0.04999999995492482,0.01,0.03999999995492482,0.0,True
4,0.1,minimum_active_weight:Asset_073,>=,0.04999999999577694,0.01,0.03999999999577694,0.0,True
4,0.1,minimum_active_weight:Asset_075,>=,0.04999999989665759,0.01,0.03999999989665759,0.0,True
4,0.1,minimum_active_weight:Asset_081,>=,0.04587094274781847,0.01,0.03587094274781847,0.0,True
4,0.1,minimum_active_weight:Asset_083,>=,0.09999999998870972,0.01,0.08999999998870972,0.0,True
4,0.1,minimum_active_weight:Asset_091,>=,0.023852835315578014,0.01,0.013852835315578014,0.0,True
4,0.1,minimum_active_weight:Asset_092,>=,0.009999999994417454,0.01,-5.5825465777870065e-12,5.5825465777870065e-12,True
4,0.1,minimum_active_weight:Asset_093,>=,0.04999999998837046,0.01,0.039999999988370456,0.0,True
4,0.1,minimum_active_weight:Asset_096,>=,0.009999999994923195,0.01,-5.076805295600728e-12,5.076805295600728e-12,True
4,0.1,minimum_active_weight:Asset_097,>=,0.050000000052315446,0.01,0.040000000052315444,0.0,True
4,0.1,implementation_upper:Asset_000,<=,0.0,0.1,0.1,0.0,True
4,0.1,implementation_upper:Asset_001,<=,0.0,0.1,0.1,0.0,True
4,0.1,implementation_upper:Asset_002,<=,0.0,0.1,0.1,0.0,True
4,0.1,implementation_upper:Asset_003,<=,0.0,0.1,0.1,0.0,True
4,0.1,implementation_upper:Asset_004,<=,0.0,0.1,0.1,0.0,True
4,0.1,implementation_upper:Asset_005,<=,0.0,0.1,0.1,0.0,True
4,0.1,implementation_upper:Asset_006,<=,0.00999999999213703,0.1,0.09000000000786297,0.0,True
4,0.1,implementation_upper:Asset_007,<=,0.0,0.1,0.1,0.0,True
4,0.1,implementation_upper:Asset_008,<=,0.05000000000512657,0.1,0.04999999999487344,0.0,True
4,0.1,implementation_upper:Asset_009,<=,0.0,0.1,0.1,0.0,True
4,0.1,implementation_upper:Asset_010,<=,0.0,0.1,0.1,0.0,True
4,0.1,implementation_upper:Asset_011,<=,0.0,0.1,0.1,0.0,True
4,0.1,implementation_upper:Asset_012,<=,0.0,0.1,0.1,0.0,True
4,0.1,implementation_upper:Asset_013,<=,0.0,0.1,0.1,0.0,True
4,0.1,implementation_upper:Asset_014,<=,0.0,0.1,0.1,0.0,True
4,0.1,implementation_upper:Asset_015,<=,0.0500000000462444,0.1,0.049999999953755606,0.0,True
4,0.1,implementation_upper:Asset_016,<=,0.0,0.1,0.1,0.0,True
4,0.1,implementation_upper:Asset_017,<=,0.09999999998425,0.1,1.575001240539109e-11,0.0,True
4,0.1,implementation_upper:Asset_018,<=,0.0,0.1,0.1,0.0,True
4,0.1,implementation_upper:Asset_019,<=,0.0,0.1,0.1,0.0,True
4,0.1,implementation_upper:Asset_020,<=,0.0,0.1,0.1,0.0,True
4,0.1,implementation_upper:Asset_021,<=,0.0,0.1,0.1,0.0,True
4,0.1,implementation_upper:Asset_022,<=,0.0,0.1,0.1,0.0,True
4,0.1,implementation_upper:Asset_023,<=,0.0,0.1,0.1,0.0,True
4,0.1,implementation_upper:Asset_024,<=,0.0,0.1,0.1,0.0,True
4,0.1,implementation_upper:Asset_025,<=,0.009999999995061185,0.1,0.09000000000493882,0.0,True
4,0.1,implementation_upper:Asset_026,<=,0.0,0.1,0.1,0.0,True
4,0.1,implementation_upper:Asset_027,<=,0.0,0.1,0.1,0.0,True
4,0.1,implementation_upper:Asset_028,<=,0.0,0.1,0.1,0.0,True
4,0.1,implementation_upper:Asset_029,<=,0.0,0.1,0.1,0.0,True
4,0.1,implementation_upper:Asset_030,<=,0.0,0.1,0.1,0.0,True
4,0.1,implementation_upper:Asset_031,<=,0.0,0.1,0.1,0.0,True
4,0.1,implementation_upper:Asset_032,<=,0.0,0.1,0.1,0.0,True
4,0.1,implementation_upper:Asset_033,<=,0.0,0.1,0.1,0.0,True
4,0.1,implementation_upper:Asset_034,<=,0.0,0.1,0.1,0.0,True
4,0.1,implementation_upper:Asset_035,<=,0.0,0.1,0.1,0.0,True
4,0.1,implementation_upper:Asset_036,<=,0.0,0.1,0.1,0.0,True
4,0.1,implementation_upper:Asset_037,<=,0.0,0.1,0.1,0.0,True
4,0.1,implementation_upper:Asset_038,<=,0.05000000000910243,0.1,0.049999999990897576,0.0,True
4,0.1,implementation_upper:Asset_039,<=,0.0,0.1,0.1,0.0,True
4,0.1,implementation_upper:Asset_040,<=,0.0,0.1,0.1,0.0,True
4,0.1,implementation_upper:Asset_041,<=,0.0,0.1,0.1,0.0,True
4,0.1,implementation_upper:Asset_042,<=,0.0,0.1,0.1,0.0,True
4,0.1,implementation_upper:Asset_043,<=,0.0,0.1,0.1,0.0,True
4,0.1,implementation_upper:Asset_044,<=,0.0,0.1,0.1,0.0,True
4,0.1,implementation_upper:Asset_045,<=,0.0,0.1,0.1,0.0,True
4,0.1,implementation_upper:Asset_046,<=,0.0,0.1,0.1,0.0,True
4,0.1,implementation_upper:Asset_047,<=,0.0,0.1,0.1,0.0,True
4,0.1,implementation_upper:Asset_048,<=,0.0,0.1,0.1,0.0,True
4,0.1,implementation_upper:Asset_049,<=,0.04027622229863891,0.1,0.05972377770136109,0.0,True
4,0.1,implementation_upper:Asset_050,<=,0.0,0.1,0.1,0.0,True
4,0.1,implementation_upper:Asset_051,<=,0.0,0.1,0.1,0.0,True
4,0.1,implementation_upper:Asset_052,<=,0.0,0.1,0.1,0.0,True
4,0.1,implementation_upper:Asset_053,<=,0.0,0.1,0.1,0.0,True
4,0.1,implementation_upper:Asset_054,<=,0.09999999998687283,0.1,1.3127179898653196e-11,0.0,True
4,0.1,implementation_upper:Asset_055,<=,0.04999999986696129,0.1,0.050000000133038715,0.0,True
4,0.1,implementation_upper:Asset_056,<=,0.0,0.1,0.1,0.0,True
4,0.1,implementation_upper:Asset_057,<=,0.0,0.1,0.1,0.0,True
4,0.1,implementation_upper:Asset_058,<=,0.0,0.1,0.1,0.0,True
4,0.1,implementation_upper:Asset_059,<=,0.0,0.1,0.1,0.0,True
4,0.1,implementation_upper:Asset_060,<=,0.0,0.1,0.1,0.0,True
4,0.1,implementation_upper:Asset_061,<=,0.0,0.1,0.1,0.0,True
4,0.1,implementation_upper:Asset_062,<=,0.0999999998861156,0.1,1.1388440190884808e-10,0.0,True
4,0.1,implementation_upper:Asset_063,<=,0.0,0.1,0.1,0.0,True
4,0.1,implementation_upper:Asset_064,<=,0.04999999995492482,0.1,0.05000000004507518,0.0,True
4,0.1,implementation_upper:Asset_065,<=,0.0,0.1,0.1,0.0,True
4,0.1,implementation_upper:Asset_066,<=,0.0,0.1,0.1,0.0,True
4,0.1,implementation_upper:Asset_067,<=,0.0,0.1,0.1,0.0,True
4,0.1,implementation_upper:Asset_068,<=,0.0,0.1,0.1,0.0,True
4,0.1,implementation_upper:Asset_069,<=,0.0,0.1,0.1,0.0,True
4,0.1,implementation_upper:Asset_070,<=,0.0,0.1,0.1,0.0,True
4,0.1,implementation_upper:Asset_071,<=,0.0,0.1,0.1,0.0,True
4,0.1,implementation_upper:Asset_072,<=,0.0,0.1,0.1,0.0,True
4,0.1,implementation_upper:Asset_073,<=,0.04999999999577694,0.1,0.05000000000422306,0.0,True
4,0.1,implementation_upper:Asset_074,<=,0.0,0.1,0.1,0.0,True
4,0.1,implementation_upper:Asset_075,<=,0.04999999989665759,0.1,0.050000000103342414,0.0,True
4,0.1,implementation_upper:Asset_076,<=,0.0,0.1,0.1,0.0,True
4,0.1,implementation_upper:Asset_077,<=,0.0,0.1,0.1,0.0,True
4,0.1,implementation_upper:Asset_078,<=,0.0,0.1,0.1,0.0,True
4,0.1,implementation_upper:Asset_079,<=,0.0,0.1,0.1,0.0,True
4,0.1,implementation_upper:Asset_080,<=,0.0,0.1,0.1,0.0,True
4,0.1,implementation_upper:Asset_081,<=,0.04587094274781847,0.1,0.054129057252181534,0.0,True
4,0.1,implementation_upper:Asset_082,<=,0.0,0.1,0.1,0.0,True
4,0.1,implementation_upper:Asset_083,<=,0.09999999998870972,0.1,1.1290288148835259e-11,0.0,True
4,0.1,implementation_upper:Asset_084,<=,0.0,0.1,0.1,0.0,True
4,0.1,implementation_upper:Asset_085,<=,0.0,0.1,0.1,0.0,True
4,0.1,implementation_upper:Asset_086,<=,0.0,0.1,0.1,0.0,True
4,0.1,implementation_upper:Asset_087,<=,0.0,0.1,0.1,0.0,True
4,0.1,implementation_upper:Asset_088,<=,0.0,0.1,0.1,0.0,True
4,0.1,implementation_upper:Asset_089,<=,0.0,0.1,0.1,0.0,True
4,0.1,implementation_upper:Asset_090,<=,0.0,0.1,0.1,0.0,True
4,0.1,implementation_upper:Asset_091,<=,0.023852835315578014,0.1,0.076147164684422,0.0,True
4,0.1,implementation_upper:Asset_092,<=,0.009999999994417454,0.1,0.09000000000558256,0.0,True
4,0.1,implementation_upper:Asset_093,<=,0.04999999998837046,0.1,0.05000000001162955,0.0,True
4,0.1,implementation_upper:Asset_094,<=,0.0,0.1,0.1,0.0,True
4,0.1,implementation_upper:Asset_095,<=,0.0,0.1,0.1,0.0,True
4,0.1,implementation_upper:Asset_096,<=,0.009999999994923195,0.1,0.09000000000507681,0.0,True
4,0.1,implementation_upper:Asset_097,<=,0.050000000052315446,0.1,0.04999999994768456,0.0,True
4,0.1,implementation_upper:Asset_098,<=,0.0,0.1,0.1,0.0,True
4,0.1,implementation_upper:Asset_099,<=,0.0,0.1,0.1,0.0,True
4,0.25,budget,=,1.0000000000000029,1.0,-2.886579864025407e-15,2.886579864025407e-15,True
4,0.25,asset_lower:Asset_000,>=,0.0,0.0,0.0,0.0,True
4,0.25,asset_upper:Asset_000,<=,0.0,0.2,0.2,0.0,True
4,0.25,asset_lower:Asset_001,>=,0.0,0.0,0.0,0.0,True
4,0.25,asset_upper:Asset_001,<=,0.0,0.2,0.2,0.0,True
4,0.25,asset_lower:Asset_002,>=,0.0,0.0,0.0,0.0,True
4,0.25,asset_upper:Asset_002,<=,0.0,0.2,0.2,0.0,True
4,0.25,asset_lower:Asset_003,>=,0.0,0.0,0.0,0.0,True
4,0.25,asset_upper:Asset_003,<=,0.0,0.2,0.2,0.0,True
4,0.25,asset_lower:Asset_004,>=,0.0,0.0,0.0,0.0,True
4,0.25,asset_upper:Asset_004,<=,0.0,0.2,0.2,0.0,True
4,0.25,asset_lower:Asset_005,>=,0.0,0.0,0.0,0.0,True
4,0.25,asset_upper:Asset_005,<=,0.0,0.2,0.2,0.0,True
4,0.25,asset_lower:Asset_006,>=,0.009999999989636044,0.0,0.009999999989636044,0.0,True
4,0.25,asset_upper:Asset_006,<=,0.009999999989636044,0.2,0.19000000001036396,0.0,True
4,0.25,asset_lower:Asset_007,>=,0.0,0.0,0.0,0.0,True
4,0.25,asset_upper:Asset_007,<=,0.0,0.2,0.2,0.0,True
4,0.25,asset_lower:Asset_008,>=,0.050000000003754104,0.0,0.050000000003754104,0.0,True
4,0.25,asset_upper:Asset_008,<=,0.050000000003754104,0.2,0.14999999999624591,0.0,True
4,0.25,asset_lower:Asset_009,>=,0.0,0.0,0.0,0.0,True
4,0.25,asset_upper:Asset_009,<=,0.0,0.2,0.2,0.0,True
4,0.25,asset_lower:Asset_010,>=,0.0,0.0,0.0,0.0,True
4,0.25,asset_upper:Asset_010,<=,0.0,0.2,0.2,0.0,True
4,0.25,asset_lower:Asset_011,>=,0.0,0.0,0.0,0.0,True
4,0.25,asset_upper:Asset_011,<=,0.0,0.2,0.2,0.0,True
4,0.25,asset_lower:Asset_012,>=,0.0,0.0,0.0,0.0,True
4,0.25,asset_upper:Asset_012,<=,0.0,0.2,0.2,0.0,True
4,0.25,asset_lower:Asset_013,>=,0.0,0.0,0.0,0.0,True
4,0.25,asset_upper:Asset_013,<=,0.0,0.2,0.2,0.0,True
4,0.25,asset_lower:Asset_014,>=,0.0,0.0,0.0,0.0,True
4,0.25,asset_upper:Asset_014,<=,0.0,0.2,0.2,0.0,True
4,0.25,asset_lower:Asset_015,>=,0.050000000137981546,0.0,0.050000000137981546,0.0,True
4,0.25,asset_upper:Asset_015,<=,0.050000000137981546,0.2,0.14999999986201845,0.0,True
4,0.25,asset_lower:Asset_016,>=,0.0,0.0,0.0,0.0,True
4,0.25,asset_upper:Asset_016,<=,0.0,0.2,0.2,0.0,True
4,0.25,asset_lower:Asset_017,>=,0.0999999999543318,0.0,0.0999999999543318,0.0,True
4,0.25,asset_upper:Asset_017,<=,0.0999999999543318,0.2,0.10000000004566821,0.0,True
4,0.25,asset_lower:Asset_018,>=,0.0,0.0,0.0,0.0,True
4,0.25,asset_upper:Asset_018,<=,0.0,0.2,0.2,0.0,True
4,0.25,asset_lower:Asset_019,>=,0.0,0.0,0.0,0.0,True
4,0.25,asset_upper:Asset_019,<=,0.0,0.2,0.2,0.0,True
4,0.25,asset_lower:Asset_020,>=,0.0,0.0,0.0,0.0,True
4,0.25,asset_upper:Asset_020,<=,0.0,0.2,0.2,0.0,True
4,0.25,asset_lower:Asset_021,>=,0.0,0.0,0.0,0.0,True
4,0.25,asset_upper:Asset_021,<=,0.0,0.2,0.2,0.0,True
4,0.25,asset_lower:Asset_022,>=,0.0,0.0,0.0,0.0,True
4,0.25,asset_upper:Asset_022,<=,0.0,0.2,0.2,0.0,True
4,0.25,asset_lower:Asset_023,>=,0.0,0.0,0.0,0.0,True
4,0.25,asset_upper:Asset_023,<=,0.0,0.2,0.2,0.0,True
4,0.25,asset_lower:Asset_024,>=,0.0,0.0,0.0,0.0,True
4,0.25,asset_upper:Asset_024,<=,0.0,0.2,0.2,0.0,True
4,0.25,asset_lower:Asset_025,>=,0.009999999990077686,0.0,0.009999999990077686,0.0,True
4,0.25,asset_upper:Asset_025,<=,0.009999999990077686,0.2,0.19000000000992232,0.0,True
4,0.25,asset_lower:Asset_026,>=,0.0,0.0,0.0,0.0,True
4,0.25,asset_upper:Asset_026,<=,0.0,0.2,0.2,0.0,True
4,0.25,asset_lower:Asset_027,>=,0.0,0.0,0.0,0.0,True
4,0.25,asset_upper:Asset_027,<=,0.0,0.2,0.2,0.0,True
4,0.25,asset_lower:Asset_028,>=,0.0,0.0,0.0,0.0,True
4,0.25,asset_upper:Asset_028,<=,0.0,0.2,0.2,0.0,True
4,0.25,asset_lower:Asset_029,>=,0.0,0.0,0.0,0.0,True
4,0.25,asset_upper:Asset_029,<=,0.0,0.2,0.2,0.0,True
4,0.25,asset_lower:Asset_030,>=,0.0,0.0,0.0,0.0,True
4,0.25,asset_upper:Asset_030,<=,0.0,0.2,0.2,0.0,True
4,0.25,asset_lower:Asset_031,>=,0.0,0.0,0.0,0.0,True
4,0.25,asset_upper:Asset_031,<=,0.0,0.2,0.2,0.0,True
4,0.25,asset_lower:Asset_032,>=,0.0,0.0,0.0,0.0,True
4,0.25,asset_upper:Asset_032,<=,0.0,0.2,0.2,0.0,True
4,0.25,asset_lower:Asset_033,>=,0.0,0.0,0.0,0.0,True
4,0.25,asset_upper:Asset_033,<=,0.0,0.2,0.2,0.0,True
4,0.25,asset_lower:Asset_034,>=,0.0,0.0,0.0,0.0,True
4,0.25,asset_upper:Asset_034,<=,0.0,0.2,0.2,0.0,True
4,0.25,asset_lower:Asset_035,>=,0.0,0.0,0.0,0.0,True
4,0.25,asset_upper:Asset_035,<=,0.0,0.2,0.2,0.0,True
4,0.25,asset_lower:Asset_036,>=,0.0,0.0,0.0,0.0,True
4,0.25,asset_upper:Asset_036,<=,0.0,0.2,0.2,0.0,True
4,0.25,asset_lower:Asset_037,>=,0.0,0.0,0.0,0.0,True
4,0.25,asset_upper:Asset_037,<=,0.0,0.2,0.2,0.0,True
4,0.25,asset_lower:Asset_038,>=,0.050000000028466336,0.0,0.050000000028466336,0.0,True
4,0.25,asset_upper:Asset_038,<=,0.050000000028466336,0.2,0.14999999997153368,0.0,True
4,0.25,asset_lower:Asset_039,>=,0.0,0.0,0.0,0.0,True
4,0.25,asset_upper:Asset_039,<=,0.0,0.2,0.2,0.0,True
4,0.25,asset_lower:Asset_040,>=,0.0,0.0,0.0,0.0,True
4,0.25,asset_upper:Asset_040,<=,0.0,0.2,0.2,0.0,True
4,0.25,asset_lower:Asset_041,>=,0.0,0.0,0.0,0.0,True
4,0.25,asset_upper:Asset_041,<=,0.0,0.2,0.2,0.0,True
4,0.25,asset_lower:Asset_042,>=,0.0,0.0,0.0,0.0,True
4,0.25,asset_upper:Asset_042,<=,0.0,0.2,0.2,0.0,True
4,0.25,asset_lower:Asset_043,>=,0.0,0.0,0.0,0.0,True
4,0.25,asset_upper:Asset_043,<=,0.0,0.2,0.2,0.0,True
4,0.25,asset_lower:Asset_044,>=,0.0,0.0,0.0,0.0,True
4,0.25,asset_upper:Asset_044,<=,0.0,0.2,0.2,0.0,True
4,0.25,asset_lower:Asset_045,>=,0.0,0.0,0.0,0.0,True
4,0.25,asset_upper:Asset_045,<=,0.0,0.2,0.2,0.0,True
4,0.25,asset_lower:Asset_046,>=,0.0,0.0,0.0,0.0,True
4,0.25,asset_upper:Asset_046,<=,0.0,0.2,0.2,0.0,True
4,0.25,asset_lower:Asset_047,>=,0.0,0.0,0.0,0.0,True
4,0.25,asset_upper:Asset_047,<=,0.0,0.2,0.2,0.0,True
4,0.25,asset_lower:Asset_048,>=,0.0,0.0,0.0,0.0,True
4,0.25,asset_upper:Asset_048,<=,0.0,0.2,0.2,0.0,True
4,0.25,asset_lower:Asset_049,>=,0.02722795533607868,0.0,0.02722795533607868,0.0,True
4,0.25,asset_upper:Asset_049,<=,0.02722795533607868,0.2,0.17277204466392132,0.0,True
4,0.25,asset_lower:Asset_050,>=,0.0,0.0,0.0,0.0,True
4,0.25,asset_upper:Asset_050,<=,0.0,0.2,0.2,0.0,True
4,0.25,asset_lower:Asset_051,>=,0.0,0.0,0.0,0.0,True
4,0.25,asset_upper:Asset_051,<=,0.0,0.2,0.2,0.0,True
4,0.25,asset_lower:Asset_052,>=,0.0,0.0,0.0,0.0,True
4,0.25,asset_upper:Asset_052,<=,0.0,0.2,0.2,0.0,True
4,0.25,asset_lower:Asset_053,>=,0.0,0.0,0.0,0.0,True
4,0.25,asset_upper:Asset_053,<=,0.0,0.2,0.2,0.0,True
4,0.25,asset_lower:Asset_054,>=,0.09999999997861084,0.0,0.09999999997861084,0.0,True
4,0.25,asset_upper:Asset_054,<=,0.09999999997861084,0.2,0.10000000002138917,0.0,True
4,0.25,asset_lower:Asset_055,>=,0.04999999997864595,0.0,0.04999999997864595,0.0,True
4,0.25,asset_upper:Asset_055,<=,0.04999999997864595,0.2,0.15000000002135405,0.0,True
4,0.25,asset_lower:Asset_056,>=,0.0,0.0,0.0,0.0,True
4,0.25,asset_upper:Asset_056,<=,0.0,0.2,0.2,0.0,True
4,0.25,asset_lower:Asset_057,>=,0.0,0.0,0.0,0.0,True
4,0.25,asset_upper:Asset_057,<=,0.0,0.2,0.2,0.0,True
4,0.25,asset_lower:Asset_058,>=,0.0,0.0,0.0,0.0,True
4,0.25,asset_upper:Asset_058,<=,0.0,0.2,0.2,0.0,True
4,0.25,asset_lower:Asset_059,>=,0.0,0.0,0.0,0.0,True
4,0.25,asset_upper:Asset_059,<=,0.0,0.2,0.2,0.0,True
4,0.25,asset_lower:Asset_060,>=,0.0,0.0,0.0,0.0,True
4,0.25,asset_upper:Asset_060,<=,0.0,0.2,0.2,0.0,True
4,0.25,asset_lower:Asset_061,>=,0.0,0.0,0.0,0.0,True
4,0.25,asset_upper:Asset_061,<=,0.0,0.2,0.2,0.0,True
4,0.25,asset_lower:Asset_062,>=,0.09999999996880965,0.0,0.09999999996880965,0.0,True
4,0.25,asset_upper:Asset_062,<=,0.09999999996880965,0.2,0.10000000003119036,0.0,True
4,0.25,asset_lower:Asset_063,>=,0.0,0.0,0.0,0.0,True
4,0.25,asset_upper:Asset_063,<=,0.0,0.2,0.2,0.0,True
4,0.25,asset_lower:Asset_064,>=,0.03883513191652969,0.0,0.03883513191652969,0.0,True
4,0.25,asset_upper:Asset_064,<=,0.03883513191652969,0.2,0.16116486808347033,0.0,True
4,0.25,asset_lower:Asset_065,>=,0.0,0.0,0.0,0.0,True
4,0.25,asset_upper:Asset_065,<=,0.0,0.2,0.2,0.0,True
4,0.25,asset_lower:Asset_066,>=,0.0,0.0,0.0,0.0,True
4,0.25,asset_upper:Asset_066,<=,0.0,0.2,0.2,0.0,True
4,0.25,asset_lower:Asset_067,>=,0.0,0.0,0.0,0.0,True
4,0.25,asset_upper:Asset_067,<=,0.0,0.2,0.2,0.0,True
4,0.25,asset_lower:Asset_068,>=,0.0,0.0,0.0,0.0,True
4,0.25,asset_upper:Asset_068,<=,0.0,0.2,0.2,0.0,True
4,0.25,asset_lower:Asset_069,>=,0.0,0.0,0.0,0.0,True
4,0.25,asset_upper:Asset_069,<=,0.0,0.2,0.2,0.0,True
4,0.25,asset_lower:Asset_070,>=,0.0,0.0,0.0,0.0,True
4,0.25,asset_upper:Asset_070,<=,0.0,0.2,0.2,0.0,True
4,0.25,asset_lower:Asset_071,>=,0.0,0.0,0.0,0.0,True
4,0.25,asset_upper:Asset_071,<=,0.0,0.2,0.2,0.0,True
4,0.25,asset_lower:Asset_072,>=,0.0,0.0,0.0,0.0,True
4,0.25,asset_upper:Asset_072,<=,0.0,0.2,0.2,0.0,True
4,0.25,asset_lower:Asset_073,>=,0.04999999999510162,0.0,0.04999999999510162,0.0,True
4,0.25,asset_upper:Asset_073,<=,0.04999999999510162,0.2,0.15000000000489838,0.0,True
4,0.25,asset_lower:Asset_074,>=,0.0,0.0,0.0,0.0,True
4,0.25,asset_upper:Asset_074,<=,0.0,0.2,0.2,0.0,True
4,0.25,asset_lower:Asset_075,>=,0.049999999879723755,0.0,0.049999999879723755,0.0,True
4,0.25,asset_upper:Asset_075,<=,0.049999999879723755,0.2,0.15000000012027626,0.0,True
4,0.25,asset_lower:Asset_076,>=,0.0,0.0,0.0,0.0,True
4,0.25,asset_upper:Asset_076,<=,0.0,0.2,0.2,0.0,True
4,0.25,asset_lower:Asset_077,>=,0.0,0.0,0.0,0.0,True
4,0.25,asset_upper:Asset_077,<=,0.0,0.2,0.2,0.0,True
4,0.25,asset_lower:Asset_078,>=,0.0,0.0,0.0,0.0,True
4,0.25,asset_upper:Asset_078,<=,0.0,0.2,0.2,0.0,True
4,0.25,asset_lower:Asset_079,>=,0.0,0.0,0.0,0.0,True
4,0.25,asset_upper:Asset_079,<=,0.0,0.2,0.2,0.0,True
4,0.25,asset_lower:Asset_080,>=,0.0,0.0,0.0,0.0,True
4,0.25,asset_upper:Asset_080,<=,0.0,0.2,0.2,0.0,True
4,0.25,asset_lower:Asset_081,>=,0.04999999957863062,0.0,0.04999999957863062,0.0,True
4,0.25,asset_upper:Asset_081,<=,0.04999999957863062,0.2,0.1500000004213694,0.0,True
4,0.25,asset_lower:Asset_082,>=,0.0,0.0,0.0,0.0,True
4,0.25,asset_upper:Asset_082,<=,0.0,0.2,0.2,0.0,True
4,0.25,asset_lower:Asset_083,>=,0.09999999984521404,0.0,0.09999999984521404,0.0,True
4,0.25,asset_upper:Asset_083,<=,0.09999999984521404,0.2,0.10000000015478597,0.0,True
4,0.25,asset_lower:Asset_084,>=,0.0,0.0,0.0,0.0,True
4,0.25,asset_upper:Asset_084,<=,0.0,0.2,0.2,0.0,True
4,0.25,asset_lower:Asset_085,>=,0.0,0.0,0.0,0.0,True
4,0.25,asset_upper:Asset_085,<=,0.0,0.2,0.2,0.0,True
4,0.25,asset_lower:Asset_086,>=,0.0,0.0,0.0,0.0,True
4,0.25,asset_upper:Asset_086,<=,0.0,0.2,0.2,0.0,True
4,0.25,asset_lower:Asset_087,>=,0.0,0.0,0.0,0.0,True
4,0.25,asset_upper:Asset_087,<=,0.0,0.2,0.2,0.0,True
4,0.25,asset_lower:Asset_088,>=,0.0,0.0,0.0,0.0,True
4,0.25,asset_upper:Asset_088,<=,0.0,0.2,0.2,0.0,True
4,0.25,asset_lower:Asset_089,>=,0.0,0.0,0.0,0.0,True
4,0.25,asset_upper:Asset_089,<=,0.0,0.2,0.2,0.0,True
4,0.25,asset_lower:Asset_090,>=,0.0,0.0,0.0,0.0,True
4,0.25,asset_upper:Asset_090,<=,0.0,0.2,0.2,0.0,True
4,0.25,asset_lower:Asset_091,>=,0.04393691332240148,0.0,0.04393691332240148,0.0,True
4,0.25,asset_upper:Asset_091,<=,0.04393691332240148,0.2,0.15606308667759852,0.0,True
4,0.25,asset_lower:Asset_092,>=,0.009999999990553152,0.0,0.009999999990553152,0.0,True
4,0.25,asset_upper:Asset_092,<=,0.009999999990553152,0.2,0.19000000000944686,0.0,True
4,0.25,asset_lower:Asset_093,>=,0.04999999999238886,0.0,0.04999999999238886,0.0,True
4,0.25,asset_upper:Asset_093,<=,0.04999999999238886,0.2,0.15000000000761116,0.0,True
4,0.25,asset_lower:Asset_094,>=,0.0,0.0,0.0,0.0,True
4,0.25,asset_upper:Asset_094,<=,0.0,0.2,0.2,0.0,True
4,0.25,asset_lower:Asset_095,>=,0.0,0.0,0.0,0.0,True
4,0.25,asset_upper:Asset_095,<=,0.0,0.2,0.2,0.0,True
4,0.25,asset_lower:Asset_096,>=,0.009999999992383908,0.0,0.009999999992383908,0.0,True
4,0.25,asset_upper:Asset_096,<=,0.009999999992383908,0.2,0.1900000000076161,0.0,True
4,0.25,asset_lower:Asset_097,>=,0.050000000120682994,0.0,0.050000000120682994,0.0,True
4,0.25,asset_upper:Asset_097,<=,0.050000000120682994,0.2,0.149999999879317,0.0,True
4,0.25,asset_lower:Asset_098,>=,0.0,0.0,0.0,0.0,True
4,0.25,asset_upper:Asset_098,<=,0.0,0.2,0.2,0.0,True
4,0.25,asset_lower:Asset_099,>=,0.0,0.0,0.0,0.0,True
4,0.25,asset_upper:Asset_099,<=,0.0,0.2,0.2,0.0,True
4,0.25,group_lower:Group_0,>=,0.14393691343902898,0.10000000000000002,0.04393691343902896,0.0,True
4,0.25,group_upper:Group_0,<=,0.14393691343902898,0.25,0.10606308656097102,0.0,True
4,0.25,group_lower:Group_1,>=,0.11999999994852338,0.10000000000000002,0.01999999994852336,0.0,True
4,0.25,group_upper:Group_1,<=,0.11999999994852338,0.25,0.1300000000514766,0.0,True
4,0.25,group_lower:Group_2,>=,0.20000000012776015,0.10000000000000002,0.10000000012776013,0.0,True
4,0.25,group_upper:Group_2,<=,0.20000000012776015,0.25,0.04999999987223985,0.0,True
4,0.25,group_lower:Group_3,>=,0.13883513137488407,0.10000000000000002,0.03883513137488405,0.0,True
4,0.25,group_upper:Group_3,<=,0.13883513137488407,0.25,0.11116486862511593,0.0,True
4,0.25,group_lower:Group_4,>=,0.0772279553311803,0.05,0.027227955331180304,0.0,True
4,0.25,group_upper:Group_4,<=,0.0772279553311803,0.2,0.1227720446688197,0.0,True
4,0.25,group_lower:Group_5,>=,0.14999999984896814,0.05,0.09999999984896814,0.0,True
4,0.25,group_upper:Group_5,<=,0.14999999984896814,0.2,0.05000000015103187,0.0,True
4,0.25,group_lower:Group_6,>=,0.1099999999467157,0.05,0.059999999946715704,0.0,True
4,0.25,group_upper:Group_6,<=,0.1099999999467157,0.2,0.0900000000532843,0.0,True
4,0.25,group_lower:Group_7,>=,0.05999999998294202,0.05,0.009999999982942015,0.0,True
4,0.25,group_upper:Group_7,<=,0.05999999998294202,0.2,0.14000000001705798,0.0,True
4,0.25,max_turnover,<=,0.4000000000756999,0.4,-7.569989080025152e-11,7.569989080025152e-11,True
4,0.25,exact_cardinality,=,20.0,20.0,-0.0,0.0,True
4,0.25,minimum_active_weight:Asset_006,>=,0.009999999989636044,0.01,-1.03639562210045e-11,1.03639562210045e-11,True
4,0.25,minimum_active_weight:Asset_008,>=,0.050000000003754104,0.01,0.0400000000037541,0.0,True
4,0.25,minimum_active_weight:Asset_015,>=,0.050000000137981546,0.01,0.040000000137981544,0.0,True
4,0.25,minimum_active_weight:Asset_017,>=,0.0999999999543318,0.01,0.0899999999543318,0.0,True
4,0.25,minimum_active_weight:Asset_025,>=,0.009999999990077686,0.01,-9.92231470597904e-12,9.92231470597904e-12,True
4,0.25,minimum_active_weight:Asset_038,>=,0.050000000028466336,0.01,0.040000000028466334,0.0,True
4,0.25,minimum_active_weight:Asset_049,>=,0.02722795533607868,0.01,0.017227955336078682,0.0,True
4,0.25,minimum_active_weight:Asset_054,>=,0.09999999997861084,0.01,0.08999999997861084,0.0,True
4,0.25,minimum_active_weight:Asset_055,>=,0.04999999997864595,0.01,0.03999999997864595,0.0,True
4,0.25,minimum_active_weight:Asset_062,>=,0.09999999996880965,0.01,0.08999999996880965,0.0,True
4,0.25,minimum_active_weight:Asset_064,>=,0.03883513191652969,0.01,0.028835131916529685,0.0,True
4,0.25,minimum_active_weight:Asset_073,>=,0.04999999999510162,0.01,0.03999999999510162,0.0,True
4,0.25,minimum_active_weight:Asset_075,>=,0.049999999879723755,0.01,0.039999999879723754,0.0,True
4,0.25,minimum_active_weight:Asset_081,>=,0.04999999957863062,0.01,0.03999999957863062,0.0,True
4,0.25,minimum_active_weight:Asset_083,>=,0.09999999984521404,0.01,0.08999999984521405,0.0,True
4,0.25,minimum_active_weight:Asset_091,>=,0.04393691332240148,0.01,0.03393691332240148,0.0,True
4,0.25,minimum_active_weight:Asset_092,>=,0.009999999990553152,0.01,-9.44684781789551e-12,9.44684781789551e-12,True
4,0.25,minimum_active_weight:Asset_093,>=,0.04999999999238886,0.01,0.03999999999238886,0.0,True
4,0.25,minimum_active_weight:Asset_096,>=,0.009999999992383908,0.01,-7.616091785012102e-12,7.616091785012102e-12,True
4,0.25,minimum_active_weight:Asset_097,>=,0.050000000120682994,0.01,0.04000000012068299,0.0,True
4,0.25,implementation_upper:Asset_000,<=,0.0,0.1,0.1,0.0,True
4,0.25,implementation_upper:Asset_001,<=,0.0,0.1,0.1,0.0,True
4,0.25,implementation_upper:Asset_002,<=,0.0,0.1,0.1,0.0,True
4,0.25,implementation_upper:Asset_003,<=,0.0,0.1,0.1,0.0,True
4,0.25,implementation_upper:Asset_004,<=,0.0,0.1,0.1,0.0,True
4,0.25,implementation_upper:Asset_005,<=,0.0,0.1,0.1,0.0,True
4,0.25,implementation_upper:Asset_006,<=,0.009999999989636044,0.1,0.09000000001036396,0.0,True
4,0.25,implementation_upper:Asset_007,<=,0.0,0.1,0.1,0.0,True
4,0.25,implementation_upper:Asset_008,<=,0.050000000003754104,0.1,0.0499999999962459,0.0,True
4,0.25,implementation_upper:Asset_009,<=,0.0,0.1,0.1,0.0,True
4,0.25,implementation_upper:Asset_010,<=,0.0,0.1,0.1,0.0,True
4,0.25,implementation_upper:Asset_011,<=,0.0,0.1,0.1,0.0,True
4,0.25,implementation_upper:Asset_012,<=,0.0,0.1,0.1,0.0,True
4,0.25,implementation_upper:Asset_013,<=,0.0,0.1,0.1,0.0,True
4,0.25,implementation_upper:Asset_014,<=,0.0,0.1,0.1,0.0,True
4,0.25,implementation_upper:Asset_015,<=,0.050000000137981546,0.1,0.04999999986201846,0.0,True
4,0.25,implementation_upper:Asset_016,<=,0.0,0.1,0.1,0.0,True
4,0.25,implementation_upper:Asset_017,<=,0.0999999999543318,0.1,4.5668205328475153e-11,0.0,True
4,0.25,implementation_upper:Asset_018,<=,0.0,0.1,0.1,0.0,True
4,0.25,implementation_upper:Asset_019,<=,0.0,0.1,0.1,0.0,True
4,0.25,implementation_upper:Asset_020,<=,0.0,0.1,0.1,0.0,True
4,0.25,implementation_upper:Asset_021,<=,0.0,0.1,0.1,0.0,True
4,0.25,implementation_upper:Asset_022,<=,0.0,0.1,0.1,0.0,True
4,0.25,implementation_upper:Asset_023,<=,0.0,0.1,0.1,0.0,True
4,0.25,implementation_upper:Asset_024,<=,0.0,0.1,0.1,0.0,True
4,0.25,implementation_upper:Asset_025,<=,0.009999999990077686,0.1,0.09000000000992232,0.0,True
4,0.25,implementation_upper:Asset_026,<=,0.0,0.1,0.1,0.0,True
4,0.25,implementation_upper:Asset_027,<=,0.0,0.1,0.1,0.0,True
4,0.25,implementation_upper:Asset_028,<=,0.0,0.1,0.1,0.0,True
4,0.25,implementation_upper:Asset_029,<=,0.0,0.1,0.1,0.0,True
4,0.25,implementation_upper:Asset_030,<=,0.0,0.1,0.1,0.0,True
4,0.25,implementation_upper:Asset_031,<=,0.0,0.1,0.1,0.0,True
4,0.25,implementation_upper:Asset_032,<=,0.0,0.1,0.1,0.0,True
4,0.25,implementation_upper:Asset_033,<=,0.0,0.1,0.1,0.0,True
4,0.25,implementation_upper:Asset_034,<=,0.0,0.1,0.1,0.0,True
4,0.25,implementation_upper:Asset_035,<=,0.0,0.1,0.1,0.0,True
4,0.25,implementation_upper:Asset_036,<=,0.0,0.1,0.1,0.0,True
4,0.25,implementation_upper:Asset_037,<=,0.0,0.1,0.1,0.0,True
4,0.25,implementation_upper:Asset_038,<=,0.050000000028466336,0.1,0.04999999997153367,0.0,True
4,0.25,implementation_upper:Asset_039,<=,0.0,0.1,0.1,0.0,True
4,0.25,implementation_upper:Asset_040,<=,0.0,0.1,0.1,0.0,True
4,0.25,implementation_upper:Asset_041,<=,0.0,0.1,0.1,0.0,True
4,0.25,implementation_upper:Asset_042,<=,0.0,0.1,0.1,0.0,True
4,0.25,implementation_upper:Asset_043,<=,0.0,0.1,0.1,0.0,True
4,0.25,implementation_upper:Asset_044,<=,0.0,0.1,0.1,0.0,True
4,0.25,implementation_upper:Asset_045,<=,0.0,0.1,0.1,0.0,True
4,0.25,implementation_upper:Asset_046,<=,0.0,0.1,0.1,0.0,True
4,0.25,implementation_upper:Asset_047,<=,0.0,0.1,0.1,0.0,True
4,0.25,implementation_upper:Asset_048,<=,0.0,0.1,0.1,0.0,True
4,0.25,implementation_upper:Asset_049,<=,0.02722795533607868,0.1,0.07277204466392133,0.0,True
4,0.25,implementation_upper:Asset_050,<=,0.0,0.1,0.1,0.0,True
4,0.25,implementation_upper:Asset_051,<=,0.0,0.1,0.1,0.0,True
4,0.25,implementation_upper:Asset_052,<=,0.0,0.1,0.1,0.0,True
4,0.25,implementation_upper:Asset_053,<=,0.0,0.1,0.1,0.0,True
4,0.25,implementation_upper:Asset_054,<=,0.09999999997861084,0.1,2.1389168214369647e-11,0.0,True
4,0.25,implementation_upper:Asset_055,<=,0.04999999997864595,0.1,0.05000000002135405,0.0,True
4,0.25,implementation_upper:Asset_056,<=,0.0,0.1,0.1,0.0,True
4,0.25,implementation_upper:Asset_057,<=,0.0,0.1,0.1,0.0,True
4,0.25,implementation_upper:Asset_058,<=,0.0,0.1,0.1,0.0,True
4,0.25,implementation_upper:Asset_059,<=,0.0,0.1,0.1,0.0,True
4,0.25,implementation_upper:Asset_060,<=,0.0,0.1,0.1,0.0,True
4,0.25,implementation_upper:Asset_061,<=,0.0,0.1,0.1,0.0,True
4,0.25,implementation_upper:Asset_062,<=,0.09999999996880965,0.1,3.119035585363861e-11,0.0,True
4,0.25,implementation_upper:Asset_063,<=,0.0,0.1,0.1,0.0,True
4,0.25,implementation_upper:Asset_064,<=,0.03883513191652969,0.1,0.06116486808347032,0.0,True
4,0.25,implementation_upper:Asset_065,<=,0.0,0.1,0.1,0.0,True
4,0.25,implementation_upper:Asset_066,<=,0.0,0.1,0.1,0.0,True
4,0.25,implementation_upper:Asset_067,<=,0.0,0.1,0.1,0.0,True
4,0.25,implementation_upper:Asset_068,<=,0.0,0.1,0.1,0.0,True
4,0.25,implementation_upper:Asset_069,<=,0.0,0.1,0.1,0.0,True
4,0.25,implementation_upper:Asset_070,<=,0.0,0.1,0.1,0.0,True
4,0.25,implementation_upper:Asset_071,<=,0.0,0.1,0.1,0.0,True
4,0.25,implementation_upper:Asset_072,<=,0.0,0.1,0.1,0.0,True
4,0.25,implementation_upper:Asset_073,<=,0.04999999999510162,0.1,0.05000000000489838,0.0,True
4,0.25,implementation_upper:Asset_074,<=,0.0,0.1,0.1,0.0,True
4,0.25,implementation_upper:Asset_075,<=,0.049999999879723755,0.1,0.05000000012027625,0.0,True
4,0.25,implementation_upper:Asset_076,<=,0.0,0.1,0.1,0.0,True
4,0.25,implementation_upper:Asset_077,<=,0.0,0.1,0.1,0.0,True
4,0.25,implementation_upper:Asset_078,<=,0.0,0.1,0.1,0.0,True
4,0.25,implementation_upper:Asset_079,<=,0.0,0.1,0.1,0.0,True
4,0.25,implementation_upper:Asset_080,<=,0.0,0.1,0.1,0.0,True
4,0.25,implementation_upper:Asset_081,<=,0.04999999957863062,0.1,0.05000000042136939,0.0,True
4,0.25,implementation_upper:Asset_082,<=,0.0,0.1,0.1,0.0,True
4,0.25,implementation_upper:Asset_083,<=,0.09999999984521404,0.1,1.5478596182560977e-10,0.0,True
4,0.25,implementation_upper:Asset_084,<=,0.0,0.1,0.1,0.0,True
4,0.25,implementation_upper:Asset_085,<=,0.0,0.1,0.1,0.0,True
4,0.25,implementation_upper:Asset_086,<=,0.0,0.1,0.1,0.0,True
4,0.25,implementation_upper:Asset_087,<=,0.0,0.1,0.1,0.0,True
4,0.25,implementation_upper:Asset_088,<=,0.0,0.1,0.1,0.0,True
4,0.25,implementation_upper:Asset_089,<=,0.0,0.1,0.1,0.0,True
4,0.25,implementation_upper:Asset_090,<=,0.0,0.1,0.1,0.0,True
4,0.25,implementation_upper:Asset_091,<=,0.04393691332240148,0.1,0.056063086677598524,0.0,True
4,0.25,implementation_upper:Asset_092,<=,0.009999999990553152,0.1,0.09000000000944686,0.0,True
4,0.25,implementation_upper:Asset_093,<=,0.04999999999238886,0.1,0.050000000007611144,0.0,True
4,0.25,implementation_upper:Asset_094,<=,0.0,0.1,0.1,0.0,True
4,0.25,implementation_upper:Asset_095,<=,0.0,0.1,0.1,0.0,True
4,0.25,implementation_upper:Asset_096,<=,0.009999999992383908,0.1,0.0900000000076161,0.0,True
4,0.25,implementation_upper:Asset_097,<=,0.050000000120682994,0.1,0.04999999987931701,0.0,True
4,0.25,implementation_upper:Asset_098,<=,0.0,0.1,0.1,0.0,True
4,0.25,implementation_upper:Asset_099,<=,0.0,0.1,0.1,0.0,True
4,0.5,budget,=,0.9999999999999991,1.0,-8.881784197001252e-16,8.881784197001252e-16,True
4,0.5,asset_lower:Asset_000,>=,0.0,0.0,0.0,0.0,True
4,0.5,asset_upper:Asset_000,<=,0.0,0.2,0.2,0.0,True
4,0.5,asset_lower:Asset_001,>=,0.0,0.0,0.0,0.0,True
4,0.5,asset_upper:Asset_001,<=,0.0,0.2,0.2,0.0,True
4,0.5,asset_lower:Asset_002,>=,0.0,0.0,0.0,0.0,True
4,0.5,asset_upper:Asset_002,<=,0.0,0.2,0.2,0.0,True
4,0.5,asset_lower:Asset_003,>=,0.0,0.0,0.0,0.0,True
4,0.5,asset_upper:Asset_003,<=,0.0,0.2,0.2,0.0,True
4,0.5,asset_lower:Asset_004,>=,0.0,0.0,0.0,0.0,True
4,0.5,asset_upper:Asset_004,<=,0.0,0.2,0.2,0.0,True
4,0.5,asset_lower:Asset_005,>=,0.0,0.0,0.0,0.0,True
4,0.5,asset_upper:Asset_005,<=,0.0,0.2,0.2,0.0,True
4,0.5,asset_lower:Asset_006,>=,0.009999999998766215,0.0,0.009999999998766215,0.0,True
4,0.5,asset_upper:Asset_006,<=,0.009999999998766215,0.2,0.1900000000012338,0.0,True
4,0.5,asset_lower:Asset_007,>=,0.0,0.0,0.0,0.0,True
4,0.5,asset_upper:Asset_007,<=,0.0,0.2,0.2,0.0,True
4,0.5,asset_lower:Asset_008,>=,0.050000000000740945,0.0,0.050000000000740945,0.0,True
4,0.5,asset_upper:Asset_008,<=,0.050000000000740945,0.2,0.14999999999925906,0.0,True
4,0.5,asset_lower:Asset_009,>=,0.0,0.0,0.0,0.0,True
4,0.5,asset_upper:Asset_009,<=,0.0,0.2,0.2,0.0,True
4,0.5,asset_lower:Asset_010,>=,0.0,0.0,0.0,0.0,True
4,0.5,asset_upper:Asset_010,<=,0.0,0.2,0.2,0.0,True
4,0.5,asset_lower:Asset_011,>=,0.0,0.0,0.0,0.0,True
4,0.5,asset_upper:Asset_011,<=,0.0,0.2,0.2,0.0,True
4,0.5,asset_lower:Asset_012,>=,0.0,0.0,0.0,0.0,True
4,0.5,asset_upper:Asset_012,<=,0.0,0.2,0.2,0.0,True
4,0.5,asset_lower:Asset_013,>=,0.0,0.0,0.0,0.0,True
4,0.5,asset_upper:Asset_013,<=,0.0,0.2,0.2,0.0,True
4,0.5,asset_lower:Asset_014,>=,0.0,0.0,0.0,0.0,True
4,0.5,asset_upper:Asset_014,<=,0.0,0.2,0.2,0.0,True
4,0.5,asset_lower:Asset_015,>=,0.07136353066305995,0.0,0.07136353066305995,0.0,True
4,0.5,asset_upper:Asset_015,<=,0.07136353066305995,0.2,0.12863646933694006,0.0,True
4,0.5,asset_lower:Asset_016,>=,0.0,0.0,0.0,0.0,True
4,0.5,asset_upper:Asset_016,<=,0.0,0.2,0.2,0.0,True
4,0.5,asset_lower:Asset_017,>=,0.09999999997328493,0.0,0.09999999997328493,0.0,True
4,0.5,asset_upper:Asset_017,<=,0.09999999997328493,0.2,0.10000000002671508,0.0,True
4,0.5,asset_lower:Asset_018,>=,0.0,0.0,0.0,0.0,True
4,0.5,asset_upper:Asset_018,<=,0.0,0.2,0.2,0.0,True
4,0.5,asset_lower:Asset_019,>=,0.0,0.0,0.0,0.0,True
4,0.5,asset_upper:Asset_019,<=,0.0,0.2,0.2,0.0,True
4,0.5,asset_lower:Asset_020,>=,0.0,0.0,0.0,0.0,True
4,0.5,asset_upper:Asset_020,<=,0.0,0.2,0.2,0.0,True
4,0.5,asset_lower:Asset_021,>=,0.0,0.0,0.0,0.0,True
4,0.5,asset_upper:Asset_021,<=,0.0,0.2,0.2,0.0,True
4,0.5,asset_lower:Asset_022,>=,0.0,0.0,0.0,0.0,True
4,0.5,asset_upper:Asset_022,<=,0.0,0.2,0.2,0.0,True
4,0.5,asset_lower:Asset_023,>=,0.0,0.0,0.0,0.0,True
4,0.5,asset_upper:Asset_023,<=,0.0,0.2,0.2,0.0,True
4,0.5,asset_lower:Asset_024,>=,0.0,0.0,0.0,0.0,True
4,0.5,asset_upper:Asset_024,<=,0.0,0.2,0.2,0.0,True
4,0.5,asset_lower:Asset_025,>=,0.009999999999091711,0.0,0.009999999999091711,0.0,True
4,0.5,asset_upper:Asset_025,<=,0.009999999999091711,0.2,0.1900000000009083,0.0,True
4,0.5,asset_lower:Asset_026,>=,0.0,0.0,0.0,0.0,True
4,0.5,asset_upper:Asset_026,<=,0.0,0.2,0.2,0.0,True
4,0.5,asset_lower:Asset_027,>=,0.0,0.0,0.0,0.0,True
4,0.5,asset_upper:Asset_027,<=,0.0,0.2,0.2,0.0,True
4,0.5,asset_lower:Asset_028,>=,0.0,0.0,0.0,0.0,True
4,0.5,asset_upper:Asset_028,<=,0.0,0.2,0.2,0.0,True
4,0.5,asset_lower:Asset_029,>=,0.0,0.0,0.0,0.0,True
4,0.5,asset_upper:Asset_029,<=,0.0,0.2,0.2,0.0,True
4,0.5,asset_lower:Asset_030,>=,0.0,0.0,0.0,0.0,True
4,0.5,asset_upper:Asset_030,<=,0.0,0.2,0.2,0.0,True
4,0.5,asset_lower:Asset_031,>=,0.0,0.0,0.0,0.0,True
4,0.5,asset_upper:Asset_031,<=,0.0,0.2,0.2,0.0,True
4,0.5,asset_lower:Asset_032,>=,0.0,0.0,0.0,0.0,True
4,0.5,asset_upper:Asset_032,<=,0.0,0.2,0.2,0.0,True
4,0.5,asset_lower:Asset_033,>=,0.0,0.0,0.0,0.0,True
4,0.5,asset_upper:Asset_033,<=,0.0,0.2,0.2,0.0,True
4,0.5,asset_lower:Asset_034,>=,0.0,0.0,0.0,0.0,True
4,0.5,asset_upper:Asset_034,<=,0.0,0.2,0.2,0.0,True
4,0.5,asset_lower:Asset_035,>=,0.0,0.0,0.0,0.0,True
4,0.5,asset_upper:Asset_035,<=,0.0,0.2,0.2,0.0,True
4,0.5,asset_lower:Asset_036,>=,0.0,0.0,0.0,0.0,True
4,0.5,asset_upper:Asset_036,<=,0.0,0.2,0.2,0.0,True
4,0.5,asset_lower:Asset_037,>=,0.0,0.0,0.0,0.0,True
4,0.5,asset_upper:Asset_037,<=,0.0,0.2,0.2,0.0,True
4,0.5,asset_lower:Asset_038,>=,0.05000000000435994,0.0,0.05000000000435994,0.0,True
4,0.5,asset_upper:Asset_038,<=,0.05000000000435994,0.2,0.14999999999564007,0.0,True
4,0.5,asset_lower:Asset_039,>=,0.0,0.0,0.0,0.0,True
4,0.5,asset_upper:Asset_039,<=,0.0,0.2,0.2,0.0,True
4,0.5,asset_lower:Asset_040,>=,0.0,0.0,0.0,0.0,True
4,0.5,asset_upper:Asset_040,<=,0.0,0.2,0.2,0.0,True
4,0.5,asset_lower:Asset_041,>=,0.0,0.0,0.0,0.0,True
4,0.5,asset_upper:Asset_041,<=,0.0,0.2,0.2,0.0,True
4,0.5,asset_lower:Asset_042,>=,0.0,0.0,0.0,0.0,True
4,0.5,asset_upper:Asset_042,<=,0.0,0.2,0.2,0.0,True
4,0.5,asset_lower:Asset_043,>=,0.0,0.0,0.0,0.0,True
4,0.5,asset_upper:Asset_043,<=,0.0,0.2,0.2,0.0,True
4,0.5,asset_lower:Asset_044,>=,0.0,0.0,0.0,0.0,True
4,0.5,asset_upper:Asset_044,<=,0.0,0.2,0.2,0.0,True
4,0.5,asset_lower:Asset_045,>=,0.0,0.0,0.0,0.0,True
4,0.5,asset_upper:Asset_045,<=,0.0,0.2,0.2,0.0,True
4,0.5,asset_lower:Asset_046,>=,0.0,0.0,0.0,0.0,True
4,0.5,asset_upper:Asset_046,<=,0.0,0.2,0.2,0.0,True
4,0.5,asset_lower:Asset_047,>=,0.0,0.0,0.0,0.0,True
4,0.5,asset_upper:Asset_047,<=,0.0,0.2,0.2,0.0,True
4,0.5,asset_lower:Asset_048,>=,0.0,0.0,0.0,0.0,True
4,0.5,asset_upper:Asset_048,<=,0.0,0.2,0.2,0.0,True
4,0.5,asset_lower:Asset_049,>=,0.03186613407123116,0.0,0.03186613407123116,0.0,True
4,0.5,asset_upper:Asset_049,<=,0.03186613407123116,0.2,0.16813386592876886,0.0,True
4,0.5,asset_lower:Asset_050,>=,0.0,0.0,0.0,0.0,True
4,0.5,asset_upper:Asset_050,<=,0.0,0.2,0.2,0.0,True
4,0.5,asset_lower:Asset_051,>=,0.0,0.0,0.0,0.0,True
4,0.5,asset_upper:Asset_051,<=,0.0,0.2,0.2,0.0,True
4,0.5,asset_lower:Asset_052,>=,0.0,0.0,0.0,0.0,True
4,0.5,asset_upper:Asset_052,<=,0.0,0.2,0.2,0.0,True
4,0.5,asset_lower:Asset_053,>=,0.0,0.0,0.0,0.0,True
4,0.5,asset_upper:Asset_053,<=,0.0,0.2,0.2,0.0,True
4,0.5,asset_lower:Asset_054,>=,0.09999999999666992,0.0,0.09999999999666992,0.0,True
4,0.5,asset_upper:Asset_054,<=,0.09999999999666992,0.2,0.10000000000333009,0.0,True
4,0.5,asset_lower:Asset_055,>=,0.04999999999975037,0.0,0.04999999999975037,0.0,True
4,0.5,asset_upper:Asset_055,<=,0.04999999999975037,0.2,0.15000000000024966,0.0,True
4,0.5,asset_lower:Asset_056,>=,0.0,0.0,0.0,0.0,True
4,0.5,asset_upper:Asset_056,<=,0.0,0.2,0.2,0.0,True
4,0.5,asset_lower:Asset_057,>=,0.0,0.0,0.0,0.0,True
4,0.5,asset_upper:Asset_057,<=,0.0,0.2,0.2,0.0,True
4,0.5,asset_lower:Asset_058,>=,0.0,0.0,0.0,0.0,True
4,0.5,asset_upper:Asset_058,<=,0.0,0.2,0.2,0.0,True
4,0.5,asset_lower:Asset_059,>=,0.0,0.0,0.0,0.0,True
4,0.5,asset_upper:Asset_059,<=,0.0,0.2,0.2,0.0,True
4,0.5,asset_lower:Asset_060,>=,0.0,0.0,0.0,0.0,True
4,0.5,asset_upper:Asset_060,<=,0.0,0.2,0.2,0.0,True
4,0.5,asset_lower:Asset_061,>=,0.0,0.0,0.0,0.0,True
4,0.5,asset_upper:Asset_061,<=,0.0,0.2,0.2,0.0,True
4,0.5,asset_lower:Asset_062,>=,0.09999999999952762,0.0,0.09999999999952762,0.0,True
4,0.5,asset_upper:Asset_062,<=,0.09999999999952762,0.2,0.10000000000047239,0.0,True
4,0.5,asset_lower:Asset_063,>=,0.0,0.0,0.0,0.0,True
4,0.5,asset_upper:Asset_063,<=,0.0,0.2,0.2,0.0,True
4,0.5,asset_lower:Asset_064,>=,0.02813386593941715,0.0,0.02813386593941715,0.0,True
4,0.5,asset_upper:Asset_064,<=,0.02813386593941715,0.2,0.17186613406058288,0.0,True
4,0.5,asset_lower:Asset_065,>=,0.0,0.0,0.0,0.0,True
4,0.5,asset_upper:Asset_065,<=,0.0,0.2,0.2,0.0,True
4,0.5,asset_lower:Asset_066,>=,0.0,0.0,0.0,0.0,True
4,0.5,asset_upper:Asset_066,<=,0.0,0.2,0.2,0.0,True
4,0.5,asset_lower:Asset_067,>=,0.0,0.0,0.0,0.0,True
4,0.5,asset_upper:Asset_067,<=,0.0,0.2,0.2,0.0,True
4,0.5,asset_lower:Asset_068,>=,0.0,0.0,0.0,0.0,True
4,0.5,asset_upper:Asset_068,<=,0.0,0.2,0.2,0.0,True
4,0.5,asset_lower:Asset_069,>=,0.0,0.0,0.0,0.0,True
4,0.5,asset_upper:Asset_069,<=,0.0,0.2,0.2,0.0,True
4,0.5,asset_lower:Asset_070,>=,0.0,0.0,0.0,0.0,True
4,0.5,asset_upper:Asset_070,<=,0.0,0.2,0.2,0.0,True
4,0.5,asset_lower:Asset_071,>=,0.0,0.0,0.0,0.0,True
4,0.5,asset_upper:Asset_071,<=,0.0,0.2,0.2,0.0,True
4,0.5,asset_lower:Asset_072,>=,0.0,0.0,0.0,0.0,True
4,0.5,asset_upper:Asset_072,<=,0.0,0.2,0.2,0.0,True
4,0.5,asset_lower:Asset_073,>=,0.05000000000028024,0.0,0.05000000000028024,0.0,True
4,0.5,asset_upper:Asset_073,<=,0.05000000000028024,0.2,0.14999999999971977,0.0,True
4,0.5,asset_lower:Asset_074,>=,0.0,0.0,0.0,0.0,True
4,0.5,asset_upper:Asset_074,<=,0.0,0.2,0.2,0.0,True
4,0.5,asset_lower:Asset_075,>=,0.049999999994029334,0.0,0.049999999994029334,0.0,True
4,0.5,asset_upper:Asset_075,<=,0.049999999994029334,0.2,0.1500000000059707,0.0,True
4,0.5,asset_lower:Asset_076,>=,0.0,0.0,0.0,0.0,True
4,0.5,asset_upper:Asset_076,<=,0.0,0.2,0.2,0.0,True
4,0.5,asset_lower:Asset_077,>=,0.0,0.0,0.0,0.0,True
4,0.5,asset_upper:Asset_077,<=,0.0,0.2,0.2,0.0,True
4,0.5,asset_lower:Asset_078,>=,0.0,0.0,0.0,0.0,True
4,0.5,asset_upper:Asset_078,<=,0.0,0.2,0.2,0.0,True
4,0.5,asset_lower:Asset_079,>=,0.0,0.0,0.0,0.0,True
4,0.5,asset_upper:Asset_079,<=,0.0,0.2,0.2,0.0,True
4,0.5,asset_lower:Asset_080,>=,0.0,0.0,0.0,0.0,True
4,0.5,asset_upper:Asset_080,<=,0.0,0.2,0.2,0.0,True
4,0.5,asset_lower:Asset_081,>=,0.049999999993900764,0.0,0.049999999993900764,0.0,True
4,0.5,asset_upper:Asset_081,<=,0.049999999993900764,0.2,0.15000000000609925,0.0,True
4,0.5,asset_lower:Asset_082,>=,0.0,0.0,0.0,0.0,True
4,0.5,asset_upper:Asset_082,<=,0.0,0.2,0.2,0.0,True
4,0.5,asset_lower:Asset_083,>=,0.07863646928749855,0.0,0.07863646928749855,0.0,True
4,0.5,asset_upper:Asset_083,<=,0.07863646928749855,0.2,0.12136353071250146,0.0,True
4,0.5,asset_lower:Asset_084,>=,0.0,0.0,0.0,0.0,True
4,0.5,asset_upper:Asset_084,<=,0.0,0.2,0.2,0.0,True
4,0.5,asset_lower:Asset_085,>=,0.0,0.0,0.0,0.0,True
4,0.5,asset_upper:Asset_085,<=,0.0,0.2,0.2,0.0,True
4,0.5,asset_lower:Asset_086,>=,0.0,0.0,0.0,0.0,True
4,0.5,asset_upper:Asset_086,<=,0.0,0.2,0.2,0.0,True
4,0.5,asset_lower:Asset_087,>=,0.0,0.0,0.0,0.0,True
4,0.5,asset_upper:Asset_087,<=,0.0,0.2,0.2,0.0,True
4,0.5,asset_lower:Asset_088,>=,0.0,0.0,0.0,0.0,True
4,0.5,asset_upper:Asset_088,<=,0.0,0.2,0.2,0.0,True
4,0.5,asset_lower:Asset_089,>=,0.0,0.0,0.0,0.0,True
4,0.5,asset_upper:Asset_089,<=,0.0,0.2,0.2,0.0,True
4,0.5,asset_lower:Asset_090,>=,0.0,0.0,0.0,0.0,True
4,0.5,asset_upper:Asset_090,<=,0.0,0.2,0.2,0.0,True
4,0.5,asset_lower:Asset_091,>=,0.049999999995498846,0.0,0.049999999995498846,0.0,True
4,0.5,asset_upper:Asset_091,<=,0.049999999995498846,0.2,0.15000000000450117,0.0,True
4,0.5,asset_lower:Asset_092,>=,0.009999999998753641,0.0,0.009999999998753641,0.0,True
4,0.5,asset_upper:Asset_092,<=,0.009999999998753641,0.2,0.19000000000124637,0.0,True
4,0.5,asset_lower:Asset_093,>=,0.04999999999919266,0.0,0.04999999999919266,0.0,True
4,0.5,asset_upper:Asset_093,<=,0.04999999999919266,0.2,0.15000000000080735,0.0,True
4,0.5,asset_lower:Asset_094,>=,0.0,0.0,0.0,0.0,True
4,0.5,asset_upper:Asset_094,<=,0.0,0.2,0.2,0.0,True
4,0.5,asset_lower:Asset_095,>=,0.0,0.0,0.0,0.0,True
4,0.5,asset_upper:Asset_095,<=,0.0,0.2,0.2,0.0,True
4,0.5,asset_lower:Asset_096,>=,0.009999999998880675,0.0,0.009999999998880675,0.0,True
4,0.5,asset_upper:Asset_096,<=,0.009999999998880675,0.2,0.19000000000111933,0.0,True
4,0.5,asset_lower:Asset_097,>=,0.050000000086064485,0.0,0.050000000086064485,0.0,True
4,0.5,asset_upper:Asset_097,<=,0.050000000086064485,0.2,0.14999999991393553,0.0,True
4,0.5,asset_lower:Asset_098,>=,0.0,0.0,0.0,0.0,True
4,0.5,asset_upper:Asset_098,<=,0.0,0.2,0.2,0.0,True
4,0.5,asset_lower:Asset_099,>=,0.0,0.0,0.0,0.0,True
4,0.5,asset_upper:Asset_099,<=,0.0,0.2,0.2,0.0,True
4,0.5,group_lower:Group_0,>=,0.17136353065830917,0.10000000000000002,0.07136353065830915,0.0,True
4,0.5,group_upper:Group_0,<=,0.17136353065830917,0.25,0.07863646934169083,0.0,True
4,0.5,group_lower:Group_1,>=,0.11999999999738555,0.10000000000000002,0.019999999997385526,0.0,True
4,0.5,group_upper:Group_1,<=,0.11999999999738555,0.25,0.13000000000261447,0.0,True
4,0.5,group_lower:Group_2,>=,0.20000000008709434,0.10000000000000002,0.10000000008709432,0.0,True
4,0.5,group_upper:Group_2,<=,0.20000000008709434,0.25,0.04999999991290566,0.0,True
4,0.5,group_lower:Group_3,>=,0.12813386592734727,0.10000000000000002,0.02813386592734725,0.0,True
4,0.5,group_upper:Group_3,<=,0.12813386592734727,0.25,0.12186613407265273,0.0,True
4,0.5,group_lower:Group_4,>=,0.08186613407151139,0.05,0.031866134071511384,0.0,True
4,0.5,group_upper:Group_4,<=,0.08186613407151139,0.2,0.11813386592848862,0.0,True
4,0.5,group_lower:Group_5,>=,0.1286364692882395,0.05,0.07863646928823949,0.0,True
4,0.5,group_upper:Group_5,<=,0.1286364692882395,0.2,0.07136353071176052,0.0,True
4,0.5,group_lower:Group_6,>=,0.10999999997216561,0.05,0.05999999997216561,0.0,True
4,0.5,group_upper:Group_6,<=,0.10999999997216561,0.2,0.0900000000278344,0.0,True
4,0.5,group_lower:Group_7,>=,0.05999999999794631,0.05,0.009999999997946304,0.0,True
4,0.5,group_upper:Group_7,<=,0.05999999999794631,0.2,0.1400000000020537,0.0,True
4,0.5,max_turnover,<=,0.40000000002297403,0.4,-2.2974011582022058e-11,2.2974011582022058e-11,True
4,0.5,exact_cardinality,=,20.0,20.0,-0.0,0.0,True
4,0.5,minimum_active_weight:Asset_006,>=,0.009999999998766215,0.01,-1.2337856430955085e-12,1.2337856430955085e-12,True
4,0.5,minimum_active_weight:Asset_008,>=,0.050000000000740945,0.01,0.04000000000074094,0.0,True
4,0.5,minimum_active_weight:Asset_015,>=,0.07136353066305995,0.01,0.06136353066305995,0.0,True
4,0.5,minimum_active_weight:Asset_017,>=,0.09999999997328493,0.01,0.08999999997328494,0.0,True
4,0.5,minimum_active_weight:Asset_025,>=,0.009999999999091711,0.01,-9.082890689571244e-13,9.082890689571244e-13,True
4,0.5,minimum_active_weight:Asset_038,>=,0.05000000000435994,0.01,0.04000000000435994,0.0,True
4,0.5,minimum_active_weight:Asset_049,>=,0.03186613407123116,0.01,0.021866134071231155,0.0,True
4,0.5,minimum_active_weight:Asset_054,>=,0.09999999999666992,0.01,0.08999999999666992,0.0,True
4,0.5,minimum_active_weight:Asset_055,>=,0.04999999999975037,0.01,0.03999999999975037,0.0,True
4,0.5,minimum_active_weight:Asset_062,>=,0.09999999999952762,0.01,0.08999999999952762,0.0,True
4,0.5,minimum_active_weight:Asset_064,>=,0.02813386593941715,0.01,0.018133865939417147,0.0,True
4,0.5,minimum_active_weight:Asset_073,>=,0.05000000000028024,0.01,0.040000000000280235,0.0,True
4,0.5,minimum_active_weight:Asset_075,>=,0.049999999994029334,0.01,0.03999999999402933,0.0,True
4,0.5,minimum_active_weight:Asset_081,>=,0.049999999993900764,0.01,0.03999999999390076,0.0,True
4,0.5,minimum_active_weight:Asset_083,>=,0.07863646928749855,0.01,0.06863646928749856,0.0,True
4,0.5,minimum_active_weight:Asset_091,>=,0.049999999995498846,0.01,0.039999999995498844,0.0,True
4,0.5,minimum_active_weight:Asset_092,>=,0.009999999998753641,0.01,-1.2463589188493884e-12,1.2463589188493884e-12,True
4,0.5,minimum_active_weight:Asset_093,>=,0.04999999999919266,0.01,0.03999999999919266,0.0,True
4,0.5,minimum_active_weight:Asset_096,>=,0.009999999998880675,0.01,-1.1193251187036068e-12,1.1193251187036068e-12,True
4,0.5,minimum_active_weight:Asset_097,>=,0.050000000086064485,0.01,0.04000000008606448,0.0,True
4,0.5,implementation_upper:Asset_000,<=,0.0,0.1,0.1,0.0,True
4,0.5,implementation_upper:Asset_001,<=,0.0,0.1,0.1,0.0,True
4,0.5,implementation_upper:Asset_002,<=,0.0,0.1,0.1,0.0,True
4,0.5,implementation_upper:Asset_003,<=,0.0,0.1,0.1,0.0,True
4,0.5,implementation_upper:Asset_004,<=,0.0,0.1,0.1,0.0,True
4,0.5,implementation_upper:Asset_005,<=,0.0,0.1,0.1,0.0,True
4,0.5,implementation_upper:Asset_006,<=,0.009999999998766215,0.1,0.09000000000123379,0.0,True
4,0.5,implementation_upper:Asset_007,<=,0.0,0.1,0.1,0.0,True
4,0.5,implementation_upper:Asset_008,<=,0.050000000000740945,0.1,0.04999999999925906,0.0,True
4,0.5,implementation_upper:Asset_009,<=,0.0,0.1,0.1,0.0,True
4,0.5,implementation_upper:Asset_010,<=,0.0,0.1,0.1,0.0,True
4,0.5,implementation_upper:Asset_011,<=,0.0,0.1,0.1,0.0,True
4,0.5,implementation_upper:Asset_012,<=,0.0,0.1,0.1,0.0,True
4,0.5,implementation_upper:Asset_013,<=,0.0,0.1,0.1,0.0,True
4,0.5,implementation_upper:Asset_014,<=,0.0,0.1,0.1,0.0,True
4,0.5,implementation_upper:Asset_015,<=,0.07136353066305995,0.1,0.028636469336940057,0.0,True
4,0.5,implementation_upper:Asset_016,<=,0.0,0.1,0.1,0.0,True
4,0.5,implementation_upper:Asset_017,<=,0.09999999997328493,0.1,2.6715074596950217e-11,0.0,True
4,0.5,implementation_upper:Asset_018,<=,0.0,0.1,0.1,0.0,True
4,0.5,implementation_upper:Asset_019,<=,0.0,0.1,0.1,0.0,True
4,0.5,implementation_upper:Asset_020,<=,0.0,0.1,0.1,0.0,True
4,0.5,implementation_upper:Asset_021,<=,0.0,0.1,0.1,0.0,True
4,0.5,implementation_upper:Asset_022,<=,0.0,0.1,0.1,0.0,True
4,0.5,implementation_upper:Asset_023,<=,0.0,0.1,0.1,0.0,True
4,0.5,implementation_upper:Asset_024,<=,0.0,0.1,0.1,0.0,True
4,0.5,implementation_upper:Asset_025,<=,0.009999999999091711,0.1,0.0900000000009083,0.0,True
4,0.5,implementation_upper:Asset_026,<=,0.0,0.1,0.1,0.0,True
4,0.5,implementation_upper:Asset_027,<=,0.0,0.1,0.1,0.0,True
4,0.5,implementation_upper:Asset_028,<=,0.0,0.1,0.1,0.0,True
4,0.5,implementation_upper:Asset_029,<=,0.0,0.1,0.1,0.0,True
4,0.5,implementation_upper:Asset_030,<=,0.0,0.1,0.1,0.0,True
4,0.5,implementation_upper:Asset_031,<=,0.0,0.1,0.1,0.0,True
4,0.5,implementation_upper:Asset_032,<=,0.0,0.1,0.1,0.0,True
4,0.5,implementation_upper:Asset_033,<=,0.0,0.1,0.1,0.0,True
4,0.5,implementation_upper:Asset_034,<=,0.0,0.1,0.1,0.0,True
4,0.5,implementation_upper:Asset_035,<=,0.0,0.1,0.1,0.0,True
4,0.5,implementation_upper:Asset_036,<=,0.0,0.1,0.1,0.0,True
4,0.5,implementation_upper:Asset_037,<=,0.0,0.1,0.1,0.0,True
4,0.5,implementation_upper:Asset_038,<=,0.05000000000435994,0.1,0.04999999999564007,0.0,True
4,0.5,implementation_upper:Asset_039,<=,0.0,0.1,0.1,0.0,True
4,0.5,implementation_upper:Asset_040,<=,0.0,0.1,0.1,0.0,True
4,0.5,implementation_upper:Asset_041,<=,0.0,0.1,0.1,0.0,True
4,0.5,implementation_upper:Asset_042,<=,0.0,0.1,0.1,0.0,True
4,0.5,implementation_upper:Asset_043,<=,0.0,0.1,0.1,0.0,True
4,0.5,implementation_upper:Asset_044,<=,0.0,0.1,0.1,0.0,True
4,0.5,implementation_upper:Asset_045,<=,0.0,0.1,0.1,0.0,True
4,0.5,implementation_upper:Asset_046,<=,0.0,0.1,0.1,0.0,True
4,0.5,implementation_upper:Asset_047,<=,0.0,0.1,0.1,0.0,True
4,0.5,implementation_upper:Asset_048,<=,0.0,0.1,0.1,0.0,True
4,0.5,implementation_upper:Asset_049,<=,0.03186613407123116,0.1,0.06813386592876886,0.0,True
4,0.5,implementation_upper:Asset_050,<=,0.0,0.1,0.1,0.0,True
4,0.5,implementation_upper:Asset_051,<=,0.0,0.1,0.1,0.0,True
4,0.5,implementation_upper:Asset_052,<=,0.0,0.1,0.1,0.0,True
4,0.5,implementation_upper:Asset_053,<=,0.0,0.1,0.1,0.0,True
4,0.5,implementation_upper:Asset_054,<=,0.09999999999666992,0.1,3.3300862067875414e-12,0.0,True
4,0.5,implementation_upper:Asset_055,<=,0.04999999999975037,0.1,0.050000000000249636,0.0,True
4,0.5,implementation_upper:Asset_056,<=,0.0,0.1,0.1,0.0,True
4,0.5,implementation_upper:Asset_057,<=,0.0,0.1,0.1,0.0,True
4,0.5,implementation_upper:Asset_058,<=,0.0,0.1,0.1,0.0,True
4,0.5,implementation_upper:Asset_059,<=,0.0,0.1,0.1,0.0,True
4,0.5,implementation_upper:Asset_060,<=,0.0,0.1,0.1,0.0,True
4,0.5,implementation_upper:Asset_061,<=,0.0,0.1,0.1,0.0,True
4,0.5,implementation_upper:Asset_062,<=,0.09999999999952762,0.1,4.723860191901963e-13,0.0,True
4,0.5,implementation_upper:Asset_063,<=,0.0,0.1,0.1,0.0,True
4,0.5,implementation_upper:Asset_064,<=,0.02813386593941715,0.1,0.07186613406058286,0.0,True
4,0.5,implementation_upper:Asset_065,<=,0.0,0.1,0.1,0.0,True
4,0.5,implementation_upper:Asset_066,<=,0.0,0.1,0.1,0.0,True
4,0.5,implementation_upper:Asset_067,<=,0.0,0.1,0.1,0.0,True
4,0.5,implementation_upper:Asset_068,<=,0.0,0.1,0.1,0.0,True
4,0.5,implementation_upper:Asset_069,<=,0.0,0.1,0.1,0.0,True
4,0.5,implementation_upper:Asset_070,<=,0.0,0.1,0.1,0.0,True
4,0.5,implementation_upper:Asset_071,<=,0.0,0.1,0.1,0.0,True
4,0.5,implementation_upper:Asset_072,<=,0.0,0.1,0.1,0.0,True
4,0.5,implementation_upper:Asset_073,<=,0.05000000000028024,0.1,0.04999999999971977,0.0,True
4,0.5,implementation_upper:Asset_074,<=,0.0,0.1,0.1,0.0,True
4,0.5,implementation_upper:Asset_075,<=,0.049999999994029334,0.1,0.05000000000597067,0.0,True
4,0.5,implementation_upper:Asset_076,<=,0.0,0.1,0.1,0.0,True
4,0.5,implementation_upper:Asset_077,<=,0.0,0.1,0.1,0.0,True
4,0.5,implementation_upper:Asset_078,<=,0.0,0.1,0.1,0.0,True
4,0.5,implementation_upper:Asset_079,<=,0.0,0.1,0.1,0.0,True
4,0.5,implementation_upper:Asset_080,<=,0.0,0.1,0.1,0.0,True
4,0.5,implementation_upper:Asset_081,<=,0.049999999993900764,0.1,0.05000000000609924,0.0,True
4,0.5,implementation_upper:Asset_082,<=,0.0,0.1,0.1,0.0,True
4,0.5,implementation_upper:Asset_083,<=,0.07863646928749855,0.1,0.021363530712501452,0.0,True
4,0.5,implementation_upper:Asset_084,<=,0.0,0.1,0.1,0.0,True
4,0.5,implementation_upper:Asset_085,<=,0.0,0.1,0.1,0.0,True
4,0.5,implementation_upper:Asset_086,<=,0.0,0.1,0.1,0.0,True
4,0.5,implementation_upper:Asset_087,<=,0.0,0.1,0.1,0.0,True
4,0.5,implementation_upper:Asset_088,<=,0.0,0.1,0.1,0.0,True
4,0.5,implementation_upper:Asset_089,<=,0.0,0.1,0.1,0.0,True
4,0.5,implementation_upper:Asset_090,<=,0.0,0.1,0.1,0.0,True
4,0.5,implementation_upper:Asset_091,<=,0.049999999995498846,0.1,0.05000000000450116,0.0,True
4,0.5,implementation_upper:Asset_092,<=,0.009999999998753641,0.1,0.09000000000124636,0.0,True
4,0.5,implementation_upper:Asset_093,<=,0.04999999999919266,0.1,0.05000000000080734,0.0,True
4,0.5,implementation_upper:Asset_094,<=,0.0,0.1,0.1,0.0,True
4,0.5,implementation_upper:Asset_095,<=,0.0,0.1,0.1,0.0,True
4,0.5,implementation_upper:Asset_096,<=,0.009999999998880675,0.1,0.09000000000111932,0.0,True
4,0.5,implementation_upper:Asset_097,<=,0.050000000086064485,0.1,0.04999999991393552,0.0,True
4,0.5,implementation_upper:Asset_098,<=,0.0,0.1,0.1,0.0,True
4,0.5,implementation_upper:Asset_099,<=,0.0,0.1,0.1,0.0,True
4,1.0,budget,=,0.999999999999983,1.0,-1.6986412276764895e-14,1.6986412276764895e-14,True
4,1.0,asset_lower:Asset_000,>=,0.0,0.0,0.0,0.0,True
4,1.0,asset_upper:Asset_000,<=,0.0,0.2,0.2,0.0,True
4,1.0,asset_lower:Asset_001,>=,0.0,0.0,0.0,0.0,True
4,1.0,asset_upper:Asset_001,<=,0.0,0.2,0.2,0.0,True
4,1.0,asset_lower:Asset_002,>=,0.0,0.0,0.0,0.0,True
4,1.0,asset_upper:Asset_002,<=,0.0,0.2,0.2,0.0,True
4,1.0,asset_lower:Asset_003,>=,0.0,0.0,0.0,0.0,True
4,1.0,asset_upper:Asset_003,<=,0.0,0.2,0.2,0.0,True
4,1.0,asset_lower:Asset_004,>=,0.0,0.0,0.0,0.0,True
4,1.0,asset_upper:Asset_004,<=,0.0,0.2,0.2,0.0,True
4,1.0,asset_lower:Asset_005,>=,0.0,0.0,0.0,0.0,True
4,1.0,asset_upper:Asset_005,<=,0.0,0.2,0.2,0.0,True
4,1.0,asset_lower:Asset_006,>=,0.009999999993943272,0.0,0.009999999993943272,0.0,True
4,1.0,asset_upper:Asset_006,<=,0.009999999993943272,0.2,0.19000000000605674,0.0,True
4,1.0,asset_lower:Asset_007,>=,0.0,0.0,0.0,0.0,True
4,1.0,asset_upper:Asset_007,<=,0.0,0.2,0.2,0.0,True
4,1.0,asset_lower:Asset_008,>=,0.05000000000271331,0.0,0.05000000000271331,0.0,True
4,1.0,asset_upper:Asset_008,<=,0.05000000000271331,0.2,0.1499999999972867,0.0,True
4,1.0,asset_lower:Asset_009,>=,0.0,0.0,0.0,0.0,True
4,1.0,asset_upper:Asset_009,<=,0.0,0.2,0.2,0.0,True
4,1.0,asset_lower:Asset_010,>=,0.0,0.0,0.0,0.0,True
4,1.0,asset_upper:Asset_010,<=,0.0,0.2,0.2,0.0,True
4,1.0,asset_lower:Asset_011,>=,0.0,0.0,0.0,0.0,True
4,1.0,asset_upper:Asset_011,<=,0.0,0.2,0.2,0.0,True
4,1.0,asset_lower:Asset_012,>=,0.0,0.0,0.0,0.0,True
4,1.0,asset_upper:Asset_012,<=,0.0,0.2,0.2,0.0,True
4,1.0,asset_lower:Asset_013,>=,0.0,0.0,0.0,0.0,True
4,1.0,asset_upper:Asset_013,<=,0.0,0.2,0.2,0.0,True
4,1.0,asset_lower:Asset_014,>=,0.0,0.0,0.0,0.0,True
4,1.0,asset_upper:Asset_014,<=,0.0,0.2,0.2,0.0,True
4,1.0,asset_lower:Asset_015,>=,0.09999999998622297,0.0,0.09999999998622297,0.0,True
4,1.0,asset_upper:Asset_015,<=,0.09999999998622297,0.2,0.10000000001377704,0.0,True
4,1.0,asset_lower:Asset_016,>=,0.0,0.0,0.0,0.0,True
4,1.0,asset_upper:Asset_016,<=,0.0,0.2,0.2,0.0,True
4,1.0,asset_lower:Asset_017,>=,0.07640783292802553,0.0,0.07640783292802553,0.0,True
4,1.0,asset_upper:Asset_017,<=,0.07640783292802553,0.2,0.12359216707197448,0.0,True
4,1.0,asset_lower:Asset_018,>=,0.0,0.0,0.0,0.0,True
4,1.0,asset_upper:Asset_018,<=,0.0,0.2,0.2,0.0,True
4,1.0,asset_lower:Asset_019,>=,0.0,0.0,0.0,0.0,True
4,1.0,asset_upper:Asset_019,<=,0.0,0.2,0.2,0.0,True
4,1.0,asset_lower:Asset_020,>=,0.0,0.0,0.0,0.0,True
4,1.0,asset_upper:Asset_020,<=,0.0,0.2,0.2,0.0,True
4,1.0,asset_lower:Asset_021,>=,0.0,0.0,0.0,0.0,True
4,1.0,asset_upper:Asset_021,<=,0.0,0.2,0.2,0.0,True
4,1.0,asset_lower:Asset_022,>=,0.0,0.0,0.0,0.0,True
4,1.0,asset_upper:Asset_022,<=,0.0,0.2,0.2,0.0,True
4,1.0,asset_lower:Asset_023,>=,0.0,0.0,0.0,0.0,True
4,1.0,asset_upper:Asset_023,<=,0.0,0.2,0.2,0.0,True
4,1.0,asset_lower:Asset_024,>=,0.0,0.0,0.0,0.0,True
4,1.0,asset_upper:Asset_024,<=,0.0,0.2,0.2,0.0,True
4,1.0,asset_lower:Asset_025,>=,0.009999999999665993,0.0,0.009999999999665993,0.0,True
4,1.0,asset_upper:Asset_025,<=,0.009999999999665993,0.2,0.190000000000334,0.0,True
4,1.0,asset_lower:Asset_026,>=,0.0,0.0,0.0,0.0,True
4,1.0,asset_upper:Asset_026,<=,0.0,0.2,0.2,0.0,True
4,1.0,asset_lower:Asset_027,>=,0.0,0.0,0.0,0.0,True
4,1.0,asset_upper:Asset_027,<=,0.0,0.2,0.2,0.0,True
4,1.0,asset_lower:Asset_028,>=,0.0,0.0,0.0,0.0,True
4,1.0,asset_upper:Asset_028,<=,0.0,0.2,0.2,0.0,True
4,1.0,asset_lower:Asset_029,>=,0.0,0.0,0.0,0.0,True
4,1.0,asset_upper:Asset_029,<=,0.0,0.2,0.2,0.0,True
4,1.0,asset_lower:Asset_030,>=,0.0,0.0,0.0,0.0,True
4,1.0,asset_upper:Asset_030,<=,0.0,0.2,0.2,0.0,True
4,1.0,asset_lower:Asset_031,>=,0.0,0.0,0.0,0.0,True
4,1.0,asset_upper:Asset_031,<=,0.0,0.2,0.2,0.0,True
4,1.0,asset_lower:Asset_032,>=,0.0,0.0,0.0,0.0,True
4,1.0,asset_upper:Asset_032,<=,0.0,0.2,0.2,0.0,True
4,1.0,asset_lower:Asset_033,>=,0.0,0.0,0.0,0.0,True
4,1.0,asset_upper:Asset_033,<=,0.0,0.2,0.2,0.0,True
4,1.0,asset_lower:Asset_034,>=,0.0,0.0,0.0,0.0,True
4,1.0,asset_upper:Asset_034,<=,0.0,0.2,0.2,0.0,True
4,1.0,asset_lower:Asset_035,>=,0.0,0.0,0.0,0.0,True
4,1.0,asset_upper:Asset_035,<=,0.0,0.2,0.2,0.0,True
4,1.0,asset_lower:Asset_036,>=,0.0,0.0,0.0,0.0,True
4,1.0,asset_upper:Asset_036,<=,0.0,0.2,0.2,0.0,True
4,1.0,asset_lower:Asset_037,>=,0.0,0.0,0.0,0.0,True
4,1.0,asset_upper:Asset_037,<=,0.0,0.2,0.2,0.0,True
4,1.0,asset_lower:Asset_038,>=,0.050000000012854436,0.0,0.050000000012854436,0.0,True
4,1.0,asset_upper:Asset_038,<=,0.050000000012854436,0.2,0.14999999998714558,0.0,True
4,1.0,asset_lower:Asset_039,>=,0.0,0.0,0.0,0.0,True
4,1.0,asset_upper:Asset_039,<=,0.0,0.2,0.2,0.0,True
4,1.0,asset_lower:Asset_040,>=,0.0,0.0,0.0,0.0,True
4,1.0,asset_upper:Asset_040,<=,0.0,0.2,0.2,0.0,True
4,1.0,asset_lower:Asset_041,>=,0.0,0.0,0.0,0.0,True
4,1.0,asset_upper:Asset_041,<=,0.0,0.2,0.2,0.0,True
4,1.0,asset_lower:Asset_042,>=,0.0,0.0,0.0,0.0,True
4,1.0,asset_upper:Asset_042,<=,0.0,0.2,0.2,0.0,True
4,1.0,asset_lower:Asset_043,>=,0.0,0.0,0.0,0.0,True
4,1.0,asset_upper:Asset_043,<=,0.0,0.2,0.2,0.0,True
4,1.0,asset_lower:Asset_044,>=,0.0,0.0,0.0,0.0,True
4,1.0,asset_upper:Asset_044,<=,0.0,0.2,0.2,0.0,True
4,1.0,asset_lower:Asset_045,>=,0.0,0.0,0.0,0.0,True
4,1.0,asset_upper:Asset_045,<=,0.0,0.2,0.2,0.0,True
4,1.0,asset_lower:Asset_046,>=,0.0,0.0,0.0,0.0,True
4,1.0,asset_upper:Asset_046,<=,0.0,0.2,0.2,0.0,True
4,1.0,asset_lower:Asset_047,>=,0.0,0.0,0.0,0.0,True
4,1.0,asset_upper:Asset_047,<=,0.0,0.2,0.2,0.0,True
4,1.0,asset_lower:Asset_048,>=,0.0,0.0,0.0,0.0,True
4,1.0,asset_upper:Asset_048,<=,0.0,0.2,0.2,0.0,True
4,1.0,asset_lower:Asset_049,>=,0.0330534249962498,0.0,0.0330534249962498,0.0,True
4,1.0,asset_upper:Asset_049,<=,0.0330534249962498,0.2,0.1669465750037502,0.0,True
4,1.0,asset_lower:Asset_050,>=,0.0,0.0,0.0,0.0,True
4,1.0,asset_upper:Asset_050,<=,0.0,0.2,0.2,0.0,True
4,1.0,asset_lower:Asset_051,>=,0.0,0.0,0.0,0.0,True
4,1.0,asset_upper:Asset_051,<=,0.0,0.2,0.2,0.0,True
4,1.0,asset_lower:Asset_052,>=,0.0,0.0,0.0,0.0,True
4,1.0,asset_upper:Asset_052,<=,0.0,0.2,0.2,0.0,True
4,1.0,asset_lower:Asset_053,>=,0.0,0.0,0.0,0.0,True
4,1.0,asset_upper:Asset_053,<=,0.0,0.2,0.2,0.0,True
4,1.0,asset_lower:Asset_054,>=,0.0999999999885947,0.0,0.0999999999885947,0.0,True
4,1.0,asset_upper:Asset_054,<=,0.0999999999885947,0.2,0.10000000001140531,0.0,True
4,1.0,asset_lower:Asset_055,>=,0.050000000001392174,0.0,0.050000000001392174,0.0,True
4,1.0,asset_upper:Asset_055,<=,0.050000000001392174,0.2,0.14999999999860783,0.0,True
4,1.0,asset_lower:Asset_056,>=,0.0,0.0,0.0,0.0,True
4,1.0,asset_upper:Asset_056,<=,0.0,0.2,0.2,0.0,True
4,1.0,asset_lower:Asset_057,>=,0.0,0.0,0.0,0.0,True
4,1.0,asset_upper:Asset_057,<=,0.0,0.2,0.2,0.0,True
4,1.0,asset_lower:Asset_058,>=,0.0,0.0,0.0,0.0,True
4,1.0,asset_upper:Asset_058,<=,0.0,0.2,0.2,0.0,True
4,1.0,asset_lower:Asset_059,>=,0.0,0.0,0.0,0.0,True
4,1.0,asset_upper:Asset_059,<=,0.0,0.2,0.2,0.0,True
4,1.0,asset_lower:Asset_060,>=,0.0,0.0,0.0,0.0,True
4,1.0,asset_upper:Asset_060,<=,0.0,0.2,0.2,0.0,True
4,1.0,asset_lower:Asset_061,>=,0.0,0.0,0.0,0.0,True
4,1.0,asset_upper:Asset_061,<=,0.0,0.2,0.2,0.0,True
4,1.0,asset_lower:Asset_062,>=,0.10000000000262513,0.0,0.10000000000262513,0.0,True
4,1.0,asset_upper:Asset_062,<=,0.10000000000262513,0.2,0.09999999999737488,0.0,True
4,1.0,asset_lower:Asset_063,>=,0.0,0.0,0.0,0.0,True
4,1.0,asset_upper:Asset_063,<=,0.0,0.2,0.2,0.0,True
4,1.0,asset_lower:Asset_064,>=,0.02694657497853509,0.0,0.02694657497853509,0.0,True
4,1.0,asset_upper:Asset_064,<=,0.02694657497853509,0.2,0.17305342502146492,0.0,True
4,1.0,asset_lower:Asset_065,>=,0.0,0.0,0.0,0.0,True
4,1.0,asset_upper:Asset_065,<=,0.0,0.2,0.2,0.0,True
4,1.0,asset_lower:Asset_066,>=,0.0,0.0,0.0,0.0,True
4,1.0,asset_upper:Asset_066,<=,0.0,0.2,0.2,0.0,True
4,1.0,asset_lower:Asset_067,>=,0.0,0.0,0.0,0.0,True
4,1.0,asset_upper:Asset_067,<=,0.0,0.2,0.2,0.0,True
4,1.0,asset_lower:Asset_068,>=,0.0,0.0,0.0,0.0,True
4,1.0,asset_upper:Asset_068,<=,0.0,0.2,0.2,0.0,True
4,1.0,asset_lower:Asset_069,>=,0.0,0.0,0.0,0.0,True
4,1.0,asset_upper:Asset_069,<=,0.0,0.2,0.2,0.0,True
4,1.0,asset_lower:Asset_070,>=,0.0,0.0,0.0,0.0,True
4,1.0,asset_upper:Asset_070,<=,0.0,0.2,0.2,0.0,True
4,1.0,asset_lower:Asset_071,>=,0.0,0.0,0.0,0.0,True
4,1.0,asset_upper:Asset_071,<=,0.0,0.2,0.2,0.0,True
4,1.0,asset_lower:Asset_072,>=,0.0,0.0,0.0,0.0,True
4,1.0,asset_upper:Asset_072,<=,0.0,0.2,0.2,0.0,True
4,1.0,asset_lower:Asset_073,>=,0.050000000000842953,0.0,0.050000000000842953,0.0,True
4,1.0,asset_upper:Asset_073,<=,0.050000000000842953,0.2,0.14999999999915706,0.0,True
4,1.0,asset_lower:Asset_074,>=,0.0,0.0,0.0,0.0,True
4,1.0,asset_upper:Asset_074,<=,0.0,0.2,0.2,0.0,True
4,1.0,asset_lower:Asset_075,>=,0.049999999994274874,0.0,0.049999999994274874,0.0,True
4,1.0,asset_upper:Asset_075,<=,0.049999999994274874,0.2,0.15000000000572514,0.0,True
4,1.0,asset_lower:Asset_076,>=,0.0,0.0,0.0,0.0,True
4,1.0,asset_upper:Asset_076,<=,0.0,0.2,0.2,0.0,True
4,1.0,asset_lower:Asset_077,>=,0.0,0.0,0.0,0.0,True
4,1.0,asset_upper:Asset_077,<=,0.0,0.2,0.2,0.0,True
4,1.0,asset_lower:Asset_078,>=,0.0,0.0,0.0,0.0,True
4,1.0,asset_upper:Asset_078,<=,0.0,0.2,0.2,0.0,True
4,1.0,asset_lower:Asset_079,>=,0.0,0.0,0.0,0.0,True
4,1.0,asset_upper:Asset_079,<=,0.0,0.2,0.2,0.0,True
4,1.0,asset_lower:Asset_080,>=,0.0,0.0,0.0,0.0,True
4,1.0,asset_upper:Asset_080,<=,0.0,0.2,0.2,0.0,True
4,1.0,asset_lower:Asset_081,>=,0.049999999994065576,0.0,0.049999999994065576,0.0,True
4,1.0,asset_upper:Asset_081,<=,0.049999999994065576,0.2,0.15000000000593444,0.0,True
4,1.0,asset_lower:Asset_082,>=,0.0,0.0,0.0,0.0,True
4,1.0,asset_upper:Asset_082,<=,0.0,0.2,0.2,0.0,True
4,1.0,asset_lower:Asset_083,>=,0.05000000005536486,0.0,0.05000000005536486,0.0,True
4,1.0,asset_upper:Asset_083,<=,0.05000000005536486,0.2,0.14999999994463514,0.0,True
4,1.0,asset_lower:Asset_084,>=,0.0,0.0,0.0,0.0,True
4,1.0,asset_upper:Asset_084,<=,0.0,0.2,0.2,0.0,True
4,1.0,asset_lower:Asset_085,>=,0.0,0.0,0.0,0.0,True
4,1.0,asset_upper:Asset_085,<=,0.0,0.2,0.2,0.0,True
4,1.0,asset_lower:Asset_086,>=,0.0,0.0,0.0,0.0,True
4,1.0,asset_upper:Asset_086,<=,0.0,0.2,0.2,0.0,True
4,1.0,asset_lower:Asset_087,>=,0.0,0.0,0.0,0.0,True
4,1.0,asset_upper:Asset_087,<=,0.0,0.2,0.2,0.0,True
4,1.0,asset_lower:Asset_088,>=,0.0,0.0,0.0,0.0,True
4,1.0,asset_upper:Asset_088,<=,0.0,0.2,0.2,0.0,True
4,1.0,asset_lower:Asset_089,>=,0.0,0.0,0.0,0.0,True
4,1.0,asset_upper:Asset_089,<=,0.0,0.2,0.2,0.0,True
4,1.0,asset_lower:Asset_090,>=,0.0,0.0,0.0,0.0,True
4,1.0,asset_upper:Asset_090,<=,0.0,0.2,0.2,0.0,True
4,1.0,asset_lower:Asset_091,>=,0.04999999999530573,0.0,0.04999999999530573,0.0,True
4,1.0,asset_upper:Asset_091,<=,0.04999999999530573,0.2,0.15000000000469427,0.0,True
4,1.0,asset_lower:Asset_092,>=,0.00999999999482399,0.0,0.00999999999482399,0.0,True
4,1.0,asset_upper:Asset_092,<=,0.00999999999482399,0.2,0.19000000000517603,0.0,True
4,1.0,asset_lower:Asset_093,>=,0.049999999999023194,0.0,0.049999999999023194,0.0,True
4,1.0,asset_upper:Asset_093,<=,0.049999999999023194,0.2,0.15000000000097682,0.0,True
4,1.0,asset_lower:Asset_094,>=,0.0,0.0,0.0,0.0,True
4,1.0,asset_upper:Asset_094,<=,0.0,0.2,0.2,0.0,True
4,1.0,asset_lower:Asset_095,>=,0.0,0.0,0.0,0.0,True
4,1.0,asset_upper:Asset_095,<=,0.0,0.2,0.2,0.0,True
4,1.0,asset_lower:Asset_096,>=,0.009999999994183717,0.0,0.009999999994183717,0.0,True
4,1.0,asset_upper:Asset_096,<=,0.009999999994183717,0.2,0.1900000000058163,0.0,True
4,1.0,asset_lower:Asset_097,>=,0.07359216708127574,0.0,0.07359216708127574,0.0,True
4,1.0,asset_upper:Asset_097,<=,0.07359216708127574,0.2,0.12640783291872426,0.0,True
4,1.0,asset_lower:Asset_098,>=,0.0,0.0,0.0,0.0,True
4,1.0,asset_upper:Asset_098,<=,0.0,0.2,0.2,0.0,True
4,1.0,asset_lower:Asset_099,>=,0.0,0.0,0.0,0.0,True
4,1.0,asset_upper:Asset_099,<=,0.0,0.2,0.2,0.0,True
4,1.0,group_lower:Group_0,>=,0.1999999999829209,0.10000000000000002,0.09999999998292088,0.0,True
4,1.0,group_upper:Group_0,<=,0.1999999999829209,0.25,0.050000000017079105,0.0,True
4,1.0,group_lower:Group_1,>=,0.1199999999962344,0.10000000000000002,0.019999999996234377,0.0,True
4,1.0,group_upper:Group_1,<=,0.1199999999962344,0.25,0.1300000000037656,0.0,True
4,1.0,group_lower:Group_2,>=,0.2235921670827249,0.10000000000000002,0.12359216708272487,0.0,True
4,1.0,group_upper:Group_2,<=,0.2235921670827249,0.25,0.02640783291727511,0.0,True
4,1.0,group_lower:Group_3,>=,0.12694657496687553,0.10000000000000002,0.02694657496687551,0.0,True
4,1.0,group_upper:Group_3,<=,0.12694657496687553,0.25,0.12305342503312447,0.0,True
4,1.0,group_lower:Group_4,>=,0.08305342499709276,0.05,0.033053424997092754,0.0,True
4,1.0,group_upper:Group_4,<=,0.08305342499709276,0.2,0.11694657500290725,0.0,True
4,1.0,group_lower:Group_5,>=,0.10000000005807817,0.05,0.05000000005807817,0.0,True
4,1.0,group_upper:Group_5,<=,0.10000000005807817,0.2,0.09999999994192184,0.0,True
4,1.0,group_lower:Group_6,>=,0.08640783292220924,0.05,0.03640783292220924,0.0,True
4,1.0,group_upper:Group_6,<=,0.08640783292220924,0.2,0.11359216707779077,0.0,True
4,1.0,group_lower:Group_7,>=,0.05999999999384718,0.05,0.00999999999384718,0.0,True
4,1.0,group_upper:Group_7,<=,0.05999999999384718,0.2,0.1400000000061528,0.0,True
4,1.0,max_turnover,<=,0.4000000001198405,0.4,-1.1984047088020588e-10,1.1984047088020588e-10,True
4,1.0,exact_cardinality,=,20.0,20.0,-0.0,0.0,True
4,1.0,minimum_active_weight:Asset_006,>=,0.009999999993943272,0.01,-6.056728035774839e-12,6.056728035774839e-12,True
4,1.0,minimum_active_weight:Asset_008,>=,0.05000000000271331,0.01,0.04000000000271331,0.0,True
4,1.0,minimum_active_weight:Asset_015,>=,0.09999999998622297,0.01,0.08999999998622298,0.0,True
4,1.0,minimum_active_weight:Asset_017,>=,0.07640783292802553,0.01,0.06640783292802553,0.0,True
4,1.0,minimum_active_weight:Asset_025,>=,0.009999999999665993,0.01,-3.340071275115264e-13,3.340071275115264e-13,True
4,1.0,minimum_active_weight:Asset_038,>=,0.050000000012854436,0.01,0.040000000012854434,0.0,True
4,1.0,minimum_active_weight:Asset_049,>=,0.0330534249962498,0.01,0.0230534249962498,0.0,True
4,1.0,minimum_active_weight:Asset_054,>=,0.0999999999885947,0.01,0.0899999999885947,0.0,True
4,1.0,minimum_active_weight:Asset_055,>=,0.050000000001392174,0.01,0.04000000000139217,0.0,True
4,1.0,minimum_active_weight:Asset_062,>=,0.10000000000262513,0.01,0.09000000000262513,0.0,True
4,1.0,minimum_active_weight:Asset_064,>=,0.02694657497853509,0.01,0.016946574978535092,0.0,True
4,1.0,minimum_active_weight:Asset_073,>=,0.050000000000842953,0.01,0.04000000000084295,0.0,True
4,1.0,minimum_active_weight:Asset_075,>=,0.049999999994274874,0.01,0.03999999999427487,0.0,True
4,1.0,minimum_active_weight:Asset_081,>=,0.049999999994065576,0.01,0.039999999994065574,0.0,True
4,1.0,minimum_active_weight:Asset_083,>=,0.05000000005536486,0.01,0.04000000005536486,0.0,True
4,1.0,minimum_active_weight:Asset_091,>=,0.04999999999530573,0.01,0.03999999999530573,0.0,True
4,1.0,minimum_active_weight:Asset_092,>=,0.00999999999482399,0.01,-5.17601066174489e-12,5.17601066174489e-12,True
4,1.0,minimum_active_weight:Asset_093,>=,0.049999999999023194,0.01,0.03999999999902319,0.0,True
4,1.0,minimum_active_weight:Asset_096,>=,0.009999999994183717,0.01,-5.8162832189401215e-12,5.8162832189401215e-12,True
4,1.0,minimum_active_weight:Asset_097,>=,0.07359216708127574,0.01,0.06359216708127574,0.0,True
4,1.0,implementation_upper:Asset_000,<=,0.0,0.1,0.1,0.0,True
4,1.0,implementation_upper:Asset_001,<=,0.0,0.1,0.1,0.0,True
4,1.0,implementation_upper:Asset_002,<=,0.0,0.1,0.1,0.0,True
4,1.0,implementation_upper:Asset_003,<=,0.0,0.1,0.1,0.0,True
4,1.0,implementation_upper:Asset_004,<=,0.0,0.1,0.1,0.0,True
4,1.0,implementation_upper:Asset_005,<=,0.0,0.1,0.1,0.0,True
4,1.0,implementation_upper:Asset_006,<=,0.009999999993943272,0.1,0.09000000000605674,0.0,True
4,1.0,implementation_upper:Asset_007,<=,0.0,0.1,0.1,0.0,True
4,1.0,implementation_upper:Asset_008,<=,0.05000000000271331,0.1,0.049999999997286694,0.0,True
4,1.0,implementation_upper:Asset_009,<=,0.0,0.1,0.1,0.0,True
4,1.0,implementation_upper:Asset_010,<=,0.0,0.1,0.1,0.0,True
4,1.0,implementation_upper:Asset_011,<=,0.0,0.1,0.1,0.0,True
4,1.0,implementation_upper:Asset_012,<=,0.0,0.1,0.1,0.0,True
4,1.0,implementation_upper:Asset_013,<=,0.0,0.1,0.1,0.0,True
4,1.0,implementation_upper:Asset_014,<=,0.0,0.1,0.1,0.0,True
4,1.0,implementation_upper:Asset_015,<=,0.09999999998622297,0.1,1.3777035068329724e-11,0.0,True
4,1.0,implementation_upper:Asset_016,<=,0.0,0.1,0.1,0.0,True
4,1.0,implementation_upper:Asset_017,<=,0.07640783292802553,0.1,0.02359216707197448,0.0,True
4,1.0,implementation_upper:Asset_018,<=,0.0,0.1,0.1,0.0,True
4,1.0,implementation_upper:Asset_019,<=,0.0,0.1,0.1,0.0,True
4,1.0,implementation_upper:Asset_020,<=,0.0,0.1,0.1,0.0,True
4,1.0,implementation_upper:Asset_021,<=,0.0,0.1,0.1,0.0,True
4,1.0,implementation_upper:Asset_022,<=,0.0,0.1,0.1,0.0,True
4,1.0,implementation_upper:Asset_023,<=,0.0,0.1,0.1,0.0,True
4,1.0,implementation_upper:Asset_024,<=,0.0,0.1,0.1,0.0,True
4,1.0,implementation_upper:Asset_025,<=,0.009999999999665993,0.1,0.09000000000033401,0.0,True
4,1.0,implementation_upper:Asset_026,<=,0.0,0.1,0.1,0.0,True
4,1.0,implementation_upper:Asset_027,<=,0.0,0.1,0.1,0.0,True
4,1.0,implementation_upper:Asset_028,<=,0.0,0.1,0.1,0.0,True
4,1.0,implementation_upper:Asset_029,<=,0.0,0.1,0.1,0.0,True
4,1.0,implementation_upper:Asset_030,<=,0.0,0.1,0.1,0.0,True
4,1.0,implementation_upper:Asset_031,<=,0.0,0.1,0.1,0.0,True
4,1.0,implementation_upper:Asset_032,<=,0.0,0.1,0.1,0.0,True
4,1.0,implementation_upper:Asset_033,<=,0.0,0.1,0.1,0.0,True
4,1.0,implementation_upper:Asset_034,<=,0.0,0.1,0.1,0.0,True
4,1.0,implementation_upper:Asset_035,<=,0.0,0.1,0.1,0.0,True
4,1.0,implementation_upper:Asset_036,<=,0.0,0.1,0.1,0.0,True
4,1.0,implementation_upper:Asset_037,<=,0.0,0.1,0.1,0.0,True
4,1.0,implementation_upper:Asset_038,<=,0.050000000012854436,0.1,0.04999999998714557,0.0,True
4,1.0,implementation_upper:Asset_039,<=,0.0,0.1,0.1,0.0,True
4,1.0,implementation_upper:Asset_040,<=,0.0,0.1,0.1,0.0,True
4,1.0,implementation_upper:Asset_041,<=,0.0,0.1,0.1,0.0,True
4,1.0,implementation_upper:Asset_042,<=,0.0,0.1,0.1,0.0,True
4,1.0,implementation_upper:Asset_043,<=,0.0,0.1,0.1,0.0,True
4,1.0,implementation_upper:Asset_044,<=,0.0,0.1,0.1,0.0,True
4,1.0,implementation_upper:Asset_045,<=,0.0,0.1,0.1,0.0,True
4,1.0,implementation_upper:Asset_046,<=,0.0,0.1,0.1,0.0,True
4,1.0,implementation_upper:Asset_047,<=,0.0,0.1,0.1,0.0,True
4,1.0,implementation_upper:Asset_048,<=,0.0,0.1,0.1,0.0,True
4,1.0,implementation_upper:Asset_049,<=,0.0330534249962498,0.1,0.0669465750037502,0.0,True
4,1.0,implementation_upper:Asset_050,<=,0.0,0.1,0.1,0.0,True
4,1.0,implementation_upper:Asset_051,<=,0.0,0.1,0.1,0.0,True
4,1.0,implementation_upper:Asset_052,<=,0.0,0.1,0.1,0.0,True
4,1.0,implementation_upper:Asset_053,<=,0.0,0.1,0.1,0.0,True
4,1.0,implementation_upper:Asset_054,<=,0.0999999999885947,0.1,1.1405307254186425e-11,0.0,True
4,1.0,implementation_upper:Asset_055,<=,0.050000000001392174,0.1,0.04999999999860783,0.0,True
4,1.0,implementation_upper:Asset_056,<=,0.0,0.1,0.1,0.0,True
4,1.0,implementation_upper:Asset_057,<=,0.0,0.1,0.1,0.0,True
4,1.0,implementation_upper:Asset_058,<=,0.0,0.1,0.1,0.0,True
4,1.0,implementation_upper:Asset_059,<=,0.0,0.1,0.1,0.0,True
4,1.0,implementation_upper:Asset_060,<=,0.0,0.1,0.1,0.0,True
4,1.0,implementation_upper:Asset_061,<=,0.0,0.1,0.1,0.0,True
4,1.0,implementation_upper:Asset_062,<=,0.10000000000262513,0.1,-2.6251223417261826e-12,2.6251223417261826e-12,True
4,1.0,implementation_upper:Asset_063,<=,0.0,0.1,0.1,0.0,True
4,1.0,implementation_upper:Asset_064,<=,0.02694657497853509,0.1,0.07305342502146492,0.0,True
4,1.0,implementation_upper:Asset_065,<=,0.0,0.1,0.1,0.0,True
4,1.0,implementation_upper:Asset_066,<=,0.0,0.1,0.1,0.0,True
4,1.0,implementation_upper:Asset_067,<=,0.0,0.1,0.1,0.0,True
4,1.0,implementation_upper:Asset_068,<=,0.0,0.1,0.1,0.0,True
4,1.0,implementation_upper:Asset_069,<=,0.0,0.1,0.1,0.0,True
4,1.0,implementation_upper:Asset_070,<=,0.0,0.1,0.1,0.0,True
4,1.0,implementation_upper:Asset_071,<=,0.0,0.1,0.1,0.0,True
4,1.0,implementation_upper:Asset_072,<=,0.0,0.1,0.1,0.0,True
4,1.0,implementation_upper:Asset_073,<=,0.050000000000842953,0.1,0.04999999999915705,0.0,True
4,1.0,implementation_upper:Asset_074,<=,0.0,0.1,0.1,0.0,True
4,1.0,implementation_upper:Asset_075,<=,0.049999999994274874,0.1,0.05000000000572513,0.0,True
4,1.0,implementation_upper:Asset_076,<=,0.0,0.1,0.1,0.0,True
4,1.0,implementation_upper:Asset_077,<=,0.0,0.1,0.1,0.0,True
4,1.0,implementation_upper:Asset_078,<=,0.0,0.1,0.1,0.0,True
4,1.0,implementation_upper:Asset_079,<=,0.0,0.1,0.1,0.0,True
4,1.0,implementation_upper:Asset_080,<=,0.0,0.1,0.1,0.0,True
4,1.0,implementation_upper:Asset_081,<=,0.049999999994065576,0.1,0.05000000000593443,0.0,True
4,1.0,implementation_upper:Asset_082,<=,0.0,0.1,0.1,0.0,True
4,1.0,implementation_upper:Asset_083,<=,0.05000000005536486,0.1,0.049999999944635144,0.0,True
4,1.0,implementation_upper:Asset_084,<=,0.0,0.1,0.1,0.0,True
4,1.0,implementation_upper:Asset_085,<=,0.0,0.1,0.1,0.0,True
4,1.0,implementation_upper:Asset_086,<=,0.0,0.1,0.1,0.0,True
4,1.0,implementation_upper:Asset_087,<=,0.0,0.1,0.1,0.0,True
4,1.0,implementation_upper:Asset_088,<=,0.0,0.1,0.1,0.0,True
4,1.0,implementation_upper:Asset_089,<=,0.0,0.1,0.1,0.0,True
4,1.0,implementation_upper:Asset_090,<=,0.0,0.1,0.1,0.0,True
4,1.0,implementation_upper:Asset_091,<=,0.04999999999530573,0.1,0.050000000004694276,0.0,True
4,1.0,implementation_upper:Asset_092,<=,0.00999999999482399,0.1,0.09000000000517602,0.0,True
4,1.0,implementation_upper:Asset_093,<=,0.049999999999023194,0.1,0.05000000000097681,0.0,True
4,1.0,implementation_upper:Asset_094,<=,0.0,0.1,0.1,0.0,True
4,1.0,implementation_upper:Asset_095,<=,0.0,0.1,0.1,0.0,True
4,1.0,implementation_upper:Asset_096,<=,0.009999999994183717,0.1,0.09000000000581629,0.0,True
4,1.0,implementation_upper:Asset_097,<=,0.07359216708127574,0.1,0.02640783291872427,0.0,True
4,1.0,implementation_upper:Asset_098,<=,0.0,0.1,0.1,0.0,True
4,1.0,implementation_upper:Asset_099,<=,0.0,0.1,0.1,0.0,True
